etapa,etapa_nombre,id,institucion,estado,nivel_cobertura,registros_subestructura,nodos_inmediatos,adscripciones_por_precisar,fuente_nombre,fuente_url,fecha_edicion_fuente,fecha_consulta,cargado,pendiente
1,Ejecutivo federal central,sec-0,Secretaría de Gobernación,Parcial,Desglose documental parcial,29,7,0,Reglamento Interior de la Secretaría de Gobernación,https://dof.gob.mx/abrirPDF.php?anio=2025&archivo=21032025-VES.pdf&repo=repositorio%2F,2025-03-21,2026-09-25,Estructura básica y órganos administrativos desconcentrados cargados con base en el artículo 3 del RI 2025,"Completar manuales específicos, niveles inferiores y red territorial; cotejar reformas posteriores."
1,Ejecutivo federal central,sec-1,Secretaría de Relaciones Exteriores,Parcial,Desglose documental parcial,44,14,0,Ley Orgánica de la Administración Pública Federal,https://www.diputados.gob.mx/LeyesBiblio/pdf/LOAPF.pdf,,2026-09-28,Estructura básica y adscripción principal cargadas con RI SRE 2025 y Acuerdo de adscripción 20-02-2026,"Completar manuales específicos, niveles inferiores y red territorial; cotejar reformas posteriores."
1,Ejecutivo federal central,sec-2,Secretaría de la Defensa Nacional,Parcial,Desglose documental parcial,51,8,0,Ley Orgánica de la Administración Pública Federal,https://www.diputados.gob.mx/LeyesBiblio/pdf/LOAPF.pdf,,2026-09-28,Estructura orgánica vigente cargada hasta el nivel máximo publicado en el MOG Defensa 2026 (Dirección General y algunas unidades inferiores expresas).,"Completar manuales específicos, niveles inferiores y red territorial; cotejar reformas posteriores."
1,Ejecutivo federal central,sec-3,Secretaría de Marina,Parcial,Desglose documental parcial,26,9,0,Ley Orgánica de la Administración Pública Federal,https://www.diputados.gob.mx/LeyesBiblio/pdf/LOAPF.pdf,,2026-09-28,"Estructura vigente cargada con RI Marina 2025: niveles superiores, áreas marítimo-portuarias, administración y órganos operativos superiores.","Completar manuales específicos, niveles inferiores y red territorial; cotejar reformas posteriores."
1,Ejecutivo federal central,sec-4,Secretaría de Seguridad y Protección Ciudadana,Parcial,Desglose documental parcial,22,22,0,Ley Orgánica de la Administración Pública Federal,https://www.diputados.gob.mx/LeyesBiblio/pdf/LOAPF.pdf,,2026-09-28,"Subsecretarías, unidades y cinco órganos administrativos desconcentrados cargados con RI SSPC 2025; direcciones generales pendientes","Completar manuales específicos, niveles inferiores y red territorial; cotejar reformas posteriores."
1,Ejecutivo federal central,sec-5,Secretaría de Hacienda y Crédito Público,Parcial,Desglose documental parcial,41,8,0,Decreto de reforma al Reglamento Interior de la Secretaría de Hacienda y Crédito Público,https://www.dof.gob.mx/nota_detalle.php?codigo=5750009&fecha=24/02/2025,2025-02-24,2026-09-25,Estructura superior avanzada reconstruida con el RI reformado en 2025; OAD y varias direcciones especializadas aún pendientes,"Completar manuales específicos, niveles inferiores y red territorial; cotejar reformas posteriores."
1,Ejecutivo federal central,sec-6,Secretaría de Bienestar,Parcial,Desglose documental parcial,32,12,0,Ley Orgánica de la Administración Pública Federal,https://www.diputados.gob.mx/LeyesBiblio/pdf/LOAPF.pdf,,2026-09-28,Estructura orgánica básica cargada con MOG Bienestar 19-06-2024 (organigrama con vigencia 16-02-2024),"Completar manuales específicos, niveles inferiores y red territorial; cotejar reformas posteriores."
1,Ejecutivo federal central,sec-7,Secretaría de Medio Ambiente y Recursos Naturales,Parcial,Desglose documental parcial,35,15,0,Reglamento Interior de la Secretaría de Medio Ambiente y Recursos Naturales,https://www.dof.gob.mx/abrirPDF.php?anio=2025&archivo=14032025-MAT.pdf&repo=repositorio%2F,2025-03-14,2026-09-25,"Estructura básica del artículo 3 cargada, incluidos cuatro órganos administrativos desconcentrados","Completar manuales específicos, niveles inferiores y red territorial; cotejar reformas posteriores."
1,Ejecutivo federal central,sec-8,Secretaría de Energía,Parcial,Desglose documental parcial,88,15,0,"Manual de Organización General de la Secretaría de Energía, publicado 27 de abril de 2026",https://sidof.segob.gob.mx/notas/docFuente/5785999,2026-04-27,2026-09-29,"Estructura básica cotejada con el manual publicado en abril de 2026. El manual general llega a direcciones generales; áreas, subdirecciones y departamentos requieren manuales específicos.","Completar manuales específicos, niveles inferiores y red territorial; cotejar reformas posteriores."
1,Ejecutivo federal central,sec-9,Secretaría de Economía,Parcial,Desglose documental parcial,54,10,0,Ley Orgánica de la Administración Pública Federal,https://www.diputados.gob.mx/LeyesBiblio/pdf/LOAPF.pdf,,2026-09-28,"Estructura avanzada cargada con MOG 2022, adscripción 2024 y actualización parcial por reforma 2025; conciliación exhaustiva pendiente","Completar manuales específicos, niveles inferiores y red territorial; cotejar reformas posteriores."
1,Ejecutivo federal central,sec-10,Secretaría de Agricultura y Desarrollo Rural,Parcial,Desglose documental parcial,35,14,0,Ley Orgánica de la Administración Pública Federal,https://www.diputados.gob.mx/LeyesBiblio/pdf/LOAPF.pdf,,2026-09-28,"RI publicado 31-12-2025, art. 2: estructura básica, DG centrales y OAD cargados; estructuras internas de OAD pendientes.","Completar manuales específicos, niveles inferiores y red territorial; cotejar reformas posteriores."
1,Ejecutivo federal central,sec-11,"Secretaría de Infraestructura, Comunicaciones y Transportes",Parcial,Desglose documental parcial,57,14,0,"Reglamento Interior de la Secretaría de Infraestructura, Comunicaciones y Transportes",https://www.dof.gob.mx/abrirPDF.php?anio=2026&archivo=09062026-VES.pdf&repo=repositorio%2F,2026-06-09,2026-09-28,"RI 09-06-2026, art. 3: estructura básica y direcciones ejecutivas cargadas; ARTF se conserva como registro histórico. Centros territoriales individuales pendientes.","Completar manuales específicos, niveles inferiores y red territorial; cotejar reformas posteriores."
1,Ejecutivo federal central,sec-12,Secretaría Anticorrupción y Buen Gobierno,Parcial,Desglose documental parcial,75,9,0,Reforma al Reglamento Interior de la Secretaría Anticorrupción y Buen Gobierno,https://dof.gob.mx/nota_detalle.php?codigo=5752650&fecha=21/03/2025,2025-03-21,2026-09-28,"RI 2024 y reforma 21-03-2025: unidades, direcciones generales y OIC propios cargados; estructuras territoriales de OIC ajenos pendientes.","Completar manuales específicos, niveles inferiores y red territorial; cotejar reformas posteriores."
1,Ejecutivo federal central,sec-13,Secretaría de Educación Pública,Parcial,Desglose documental parcial,49,13,0,Reforma al Reglamento Interior de la Secretaría de Educación Pública,https://www.dof.gob.mx/nota_detalle.php?codigo=5769097&fecha=03/10/2025,2025-10-03,2026-09-28,Estructura básica y adscripción de direcciones y OAD conforme al acuerdo 26/10/25; subestructuras internas aún pendientes.,"Completar manuales específicos, niveles inferiores y red territorial; cotejar reformas posteriores."
1,Ejecutivo federal central,sec-14,"Secretaría de Ciencia, Humanidades, Tecnología e Innovación",Parcial,Desglose documental parcial,20,6,0,Ley Orgánica de la Administración Pública Federal,https://www.diputados.gob.mx/LeyesBiblio/pdf/LOAPF.pdf,,2026-09-28,Estructura básica cargada con el artículo 3 del RI SECIHTI 24-01-2025,"Completar manuales específicos, niveles inferiores y red territorial; cotejar reformas posteriores."
1,Ejecutivo federal central,sec-15,Secretaría de Salud,Parcial,Desglose documental parcial,47,15,0,Ley Orgánica de la Administración Pública Federal,https://www.diputados.gob.mx/LeyesBiblio/pdf/LOAPF.pdf,,2026-09-28,"Estructura básica y adscripción de unidades y OAD cargadas (RI 2025, art. 2; acuerdo 27-03-2025). Estructuras internas de OAD pendientes.","Completar manuales específicos, niveles inferiores y red territorial; cotejar reformas posteriores."
1,Ejecutivo federal central,sec-16,Secretaría del Trabajo y Previsión Social,Parcial,Desglose documental parcial,22,11,0,Ley Orgánica de la Administración Pública Federal,https://www.diputados.gob.mx/LeyesBiblio/pdf/LOAPF.pdf,,2026-09-28,"Estructura orgánica básica cargada con MOG STPS 2023, incluyendo unidades, direcciones, PROFEDET, oficinas y órganos de transición.","Completar manuales específicos, niveles inferiores y red territorial; cotejar reformas posteriores."
1,Ejecutivo federal central,sec-17,"Secretaría de Desarrollo Agrario, Territorial y Urbano",Parcial,Desglose documental parcial,29,22,0,Ley Orgánica de la Administración Pública Federal,https://www.diputados.gob.mx/LeyesBiblio/pdf/LOAPF.pdf,,2026-09-28,"RI 2025, art. 2: direcciones generales, coordinaciones jurídicas y red territorial cargadas; adscripción de nuevas DG pendiente de verificar.","Completar manuales específicos, niveles inferiores y red territorial; cotejar reformas posteriores."
1,Ejecutivo federal central,sec-18,Secretaría de Cultura,Parcial,Desglose documental parcial,20,8,0,Ley Orgánica de la Administración Pública Federal,https://www.diputados.gob.mx/LeyesBiblio/pdf/LOAPF.pdf,,2026-09-28,"Estructura vigente cargada con RI Cultura 2025, reconciliada con la sectorización paraestatal oficial 2026.","Completar manuales específicos, niveles inferiores y red territorial; cotejar reformas posteriores."
1,Ejecutivo federal central,sec-19,Secretaría de Turismo,Parcial,Desglose documental parcial,23,5,0,Ley Orgánica de la Administración Pública Federal,https://www.diputados.gob.mx/LeyesBiblio/pdf/LOAPF.pdf,,2026-09-28,Estructura orgánica básica del MOG publicado 30-12-2025 cargada. Niveles subalternos no incluidos en ese manual pendientes.,"Completar manuales específicos, niveles inferiores y red territorial; cotejar reformas posteriores."
1,Ejecutivo federal central,sec-20,Secretaría de las Mujeres,Parcial,Desglose documental parcial,221,10,0,Manual de Organización General de la Secretaría de las Mujeres (2026),https://dof.gob.mx/2026/MUJERES/ManualdeOrganizacionGeneral.pdf,,2026-09-29,Manual 2026: estructura interna hasta jefaturas de departamento; adscripción mediante códigos del manual.,"Completar manuales específicos, niveles inferiores y red territorial; cotejar reformas posteriores."
1,Ejecutivo federal central,sec-21,Agencia de Transformación Digital y Telecomunicaciones,Parcial,Desglose documental parcial,18,6,0,Ley Orgánica de la Administración Pública Federal,https://www.diputados.gob.mx/LeyesBiblio/pdf/LOAPF.pdf,,2026-09-25,Estructura administrativa base + actualización normativa posterior de órgano regulador; requiere seguimiento evolutivo,"Completar manuales específicos, niveles inferiores y red territorial; cotejar reformas posteriores."
1,Ejecutivo federal central,presidencia,Oficina de la Presidencia de la República,Parcial,Desglose documental parcial,11,11,0,Ley Orgánica de la Administración Pública Federal,https://www.diputados.gob.mx/LeyesBiblio/pdf/LOAPF.pdf,,2026-09-28,Unidades responsables de la Oficina de la Presidencia individualizadas con fuente presupuestaria oficial.,"Completar manuales específicos, niveles inferiores y red territorial; cotejar reformas posteriores."
1,Ejecutivo federal central,cjer,Consejería Jurídica del Ejecutivo Federal,Parcial,Desglose documental parcial,6,4,0,Ley Orgánica de la Administración Pública Federal,https://www.diputados.gob.mx/LeyesBiblio/pdf/LOAPF.pdf,,2026-09-28,Estructura reglamentaria vigente cargada hasta Consejerías Adjuntas/UAF y dos Direcciones Generales expresas.,"Completar manuales específicos, niveles inferiores y red territorial; cotejar reformas posteriores."
2,Paraestatales y empresas públicas federales,para-active-001,Consejo Nacional para Prevenir la Discriminación,Parcial,Ficha institucional,0,0,0,Relación de las Entidades Paraestatales de la Administración Pública Federal,https://dof.gob.mx/nota_detalle.php?codigo=5796062&fecha=12/08/2026,2026-08-12,2026-09-28,Entidad incluida en la relación anual oficial 2026.,"Localizar y cargar estatuto, reglamento o manual vigente; órganos de gobierno, estructura interna y sedes."
2,Paraestatales y empresas públicas federales,para-active-002,Talleres Gráficos de México,Parcial,Ficha institucional,0,0,0,Relación de las Entidades Paraestatales de la Administración Pública Federal,https://dof.gob.mx/nota_detalle.php?codigo=5796062&fecha=12/08/2026,2026-08-12,2026-09-28,Entidad incluida en la relación anual oficial 2026.,"Localizar y cargar estatuto, reglamento o manual vigente; órganos de gobierno, estructura interna y sedes."
2,Paraestatales y empresas públicas federales,para-active-003,Instituto de Seguridad Social para las Fuerzas Armadas Mexicanas,Parcial,Ficha institucional,0,0,0,Relación de las Entidades Paraestatales de la Administración Pública Federal,https://dof.gob.mx/nota_detalle.php?codigo=5796062&fecha=12/08/2026,2026-08-12,2026-09-28,Entidad incluida en la relación anual oficial 2026.,"Localizar y cargar estatuto, reglamento o manual vigente; órganos de gobierno, estructura interna y sedes."
2,Paraestatales y empresas públicas federales,para-active-004,Corredor Interoceánico del Istmo de Tehuantepec,Parcial,Ficha institucional,0,0,0,Relación de las Entidades Paraestatales de la Administración Pública Federal,https://dof.gob.mx/nota_detalle.php?codigo=5796062&fecha=12/08/2026,2026-08-12,2026-09-28,Entidad incluida en la relación anual oficial 2026.,"Localizar y cargar estatuto, reglamento o manual vigente; órganos de gobierno, estructura interna y sedes."
2,Paraestatales y empresas públicas federales,para-active-005,Casa de Moneda de México,Parcial,Ficha institucional,0,0,0,Relación de las Entidades Paraestatales de la Administración Pública Federal,https://dof.gob.mx/nota_detalle.php?codigo=5796062&fecha=12/08/2026,2026-08-12,2026-09-28,Entidad incluida en la relación anual oficial 2026.,"Localizar y cargar estatuto, reglamento o manual vigente; órganos de gobierno, estructura interna y sedes."
2,Paraestatales y empresas públicas federales,para-active-006,Comisión Nacional para la Protección y Defensa de los Usuarios de Servicios Financieros,Parcial,Desglose documental parcial,42,2,0,Estatuto Orgánico de la CONDUSEF,https://sidof.segob.gob.mx/notas/docFuente/5760069,2025-06-13,2026-09-29,"Presidencia, vicepresidencias, direcciones y unidades del estatuto 2025. Los conjuntos de oficinas sin enumeración individual no se multiplican.","Completar manuales específicos, niveles inferiores y red territorial; cotejar reformas posteriores."
2,Paraestatales y empresas públicas federales,para-active-007,Financiera para el Bienestar,Parcial,Desglose documental parcial,6,6,0,Estatuto Orgánico de Financiera para el Bienestar,https://sidof.segob.gob.mx/notas/docFuente/5759188,2025-06-04,2026-09-29,"Órgano de gobierno y unidades de la edición citada. Direcciones de área, departamentos y oficinas no enumerados quedan pendientes.","Completar manuales específicos, niveles inferiores y red territorial; cotejar reformas posteriores."
2,Paraestatales y empresas públicas federales,para-active-008,Instituto para Devolver al Pueblo lo Robado,Parcial,Desglose documental parcial,64,8,0,Estatuto Orgánico del Instituto para Devolver al Pueblo lo Robado (2024),https://sidof.segob.gob.mx/notas/docFuente/5739692,2024-09-26,2026-09-29,"Órgano de gobierno y unidades de la edición citada. Direcciones de área, departamentos y oficinas no enumerados quedan pendientes.","Completar manuales específicos, niveles inferiores y red territorial; cotejar reformas posteriores."
2,Paraestatales y empresas públicas federales,para-active-009,Instituto para el Desarrollo Técnico de las Haciendas Públicas,Parcial,Ficha institucional,0,0,0,Relación de las Entidades Paraestatales de la Administración Pública Federal,https://dof.gob.mx/nota_detalle.php?codigo=5796062&fecha=12/08/2026,2026-08-12,2026-09-28,Entidad incluida en la relación anual oficial 2026.,"Localizar y cargar estatuto, reglamento o manual vigente; órganos de gobierno, estructura interna y sedes."
2,Paraestatales y empresas públicas federales,para-active-010,Instituto para la Protección al Ahorro Bancario,Parcial,Ficha institucional,0,0,0,Relación de las Entidades Paraestatales de la Administración Pública Federal,https://dof.gob.mx/nota_detalle.php?codigo=5796062&fecha=12/08/2026,2026-08-12,2026-09-28,Entidad incluida en la relación anual oficial 2026.,"Localizar y cargar estatuto, reglamento o manual vigente; órganos de gobierno, estructura interna y sedes."
2,Paraestatales y empresas públicas federales,para-active-011,Lotería Nacional,Parcial,Ficha institucional,0,0,0,Relación de las Entidades Paraestatales de la Administración Pública Federal,https://dof.gob.mx/nota_detalle.php?codigo=5796062&fecha=12/08/2026,2026-08-12,2026-09-28,Entidad incluida en la relación anual oficial 2026.,"Localizar y cargar estatuto, reglamento o manual vigente; órganos de gobierno, estructura interna y sedes."
2,Paraestatales y empresas públicas federales,para-active-012,Consejo Nacional para el Desarrollo y la Inclusión de las Personas con Discapacidad,Parcial,Ficha institucional,0,0,0,Relación de las Entidades Paraestatales de la Administración Pública Federal,https://dof.gob.mx/nota_detalle.php?codigo=5796062&fecha=12/08/2026,2026-08-12,2026-09-28,Entidad incluida en la relación anual oficial 2026.,"Localizar y cargar estatuto, reglamento o manual vigente; órganos de gobierno, estructura interna y sedes."
2,Paraestatales y empresas públicas federales,para-active-013,Instituto Nacional de las Personas Adultas Mayores,Parcial,Desglose documental parcial,3,3,0,Estatuto Orgánico del Instituto Nacional de las Personas Adultas Mayores,https://sidof.segob.gob.mx/notas/docFuente/5568227,2019-08-16,2026-09-29,"Órgano de gobierno y unidades de la edición citada. Direcciones de área, departamentos y oficinas no enumerados quedan pendientes.","Completar manuales específicos, niveles inferiores y red territorial; cotejar reformas posteriores."
2,Paraestatales y empresas públicas federales,para-active-014,Comisión Nacional Forestal,Parcial,Desglose documental parcial,46,13,0,"Estatuto Orgánico de la Comisión Nacional Forestal, modificación 2025",https://sidof.segob.gob.mx/notas/docFuente/5754614,2025-04-10,2026-09-29,"Órgano de gobierno y unidades de la edición citada. Direcciones de área, departamentos y oficinas no enumerados quedan pendientes.","Completar manuales específicos, niveles inferiores y red territorial; cotejar reformas posteriores."
2,Paraestatales y empresas públicas federales,para-active-015,Instituto Nacional de Ecología y Cambio Climático,Parcial,Ficha institucional,0,0,0,Relación de las Entidades Paraestatales de la Administración Pública Federal,https://dof.gob.mx/nota_detalle.php?codigo=5796062&fecha=12/08/2026,2026-08-12,2026-09-28,Entidad incluida en la relación anual oficial 2026.,"Localizar y cargar estatuto, reglamento o manual vigente; órganos de gobierno, estructura interna y sedes."
2,Paraestatales y empresas públicas federales,para-active-016,Centro Nacional de Control de Energía,Parcial,Desglose documental parcial,70,8,1,Estatuto Orgánico del Centro Nacional de Control de Energía,https://sidof.segob.gob.mx/notas/docFuente/5520275,2018-04-20,2026-09-29,"Órgano de gobierno y unidades de la edición citada. Direcciones de área, departamentos y oficinas no enumerados quedan pendientes.","Completar manuales específicos, niveles inferiores y red territorial; cotejar reformas posteriores. Resolver discordancias de códigos que se indican en las fichas y notas."
2,Paraestatales y empresas públicas federales,para-active-017,Centro Nacional de Control del Gas Natural,Parcial,Desglose documental parcial,26,8,0,Estatuto Orgánico del Centro Nacional de Control del Gas Natural,https://sidof.segob.gob.mx/notas/docFuente/5689456,2023-05-22,2026-09-29,"Órgano de gobierno y unidades de la edición citada. Direcciones de área, departamentos y oficinas no enumerados quedan pendientes.","Completar manuales específicos, niveles inferiores y red territorial; cotejar reformas posteriores."
2,Paraestatales y empresas públicas federales,para-active-018,Instituto Nacional de Investigaciones Nucleares,Parcial,Ficha institucional,0,0,0,Relación de las Entidades Paraestatales de la Administración Pública Federal,https://dof.gob.mx/nota_detalle.php?codigo=5796062&fecha=12/08/2026,2026-08-12,2026-09-28,Entidad incluida en la relación anual oficial 2026.,"Localizar y cargar estatuto, reglamento o manual vigente; órganos de gobierno, estructura interna y sedes."
2,Paraestatales y empresas públicas federales,para-active-019,Litio para México,Parcial,Ficha institucional,0,0,0,Relación de las Entidades Paraestatales de la Administración Pública Federal,https://dof.gob.mx/nota_detalle.php?codigo=5796062&fecha=12/08/2026,2026-08-12,2026-09-28,Entidad incluida en la relación anual oficial 2026.,"Localizar y cargar estatuto, reglamento o manual vigente; órganos de gobierno, estructura interna y sedes."
2,Paraestatales y empresas públicas federales,para-active-020,Centro Nacional de Metrología,Parcial,Ficha institucional,0,0,0,Relación de las Entidades Paraestatales de la Administración Pública Federal,https://dof.gob.mx/nota_detalle.php?codigo=5796062&fecha=12/08/2026,2026-08-12,2026-09-28,Entidad incluida en la relación anual oficial 2026.,"Localizar y cargar estatuto, reglamento o manual vigente; órganos de gobierno, estructura interna y sedes."
2,Paraestatales y empresas públicas federales,para-active-021,Comisión Nacional Antimonopolio,Parcial,Ficha institucional,0,0,0,Relación de las Entidades Paraestatales de la Administración Pública Federal,https://dof.gob.mx/nota_detalle.php?codigo=5796062&fecha=12/08/2026,2026-08-12,2026-09-28,Entidad incluida en la relación anual oficial 2026.,"Localizar y cargar estatuto, reglamento o manual vigente; órganos de gobierno, estructura interna y sedes."
2,Paraestatales y empresas públicas federales,para-active-022,Instituto Mexicano de la Propiedad Industrial,Parcial,Ficha institucional,0,0,0,Relación de las Entidades Paraestatales de la Administración Pública Federal,https://dof.gob.mx/nota_detalle.php?codigo=5796062&fecha=12/08/2026,2026-08-12,2026-09-28,Entidad incluida en la relación anual oficial 2026.,"Localizar y cargar estatuto, reglamento o manual vigente; órganos de gobierno, estructura interna y sedes."
2,Paraestatales y empresas públicas federales,para-active-023,Procuraduría Federal del Consumidor,Parcial,Desglose documental parcial,82,7,0,Estatuto Orgánico de la Procuraduría Federal del Consumidor,https://sidof.segob.gob.mx/notas/docFuente/5585178,2020-01-30,2026-09-29,Direcciones de área del estatuto 2020. Falta conciliar las reformas posteriores y completar la red territorial.,"Completar manuales específicos, niveles inferiores y red territorial; cotejar reformas posteriores."
2,Paraestatales y empresas públicas federales,para-active-024,Servicio Geológico Mexicano,Parcial,Ficha institucional,0,0,0,Relación de las Entidades Paraestatales de la Administración Pública Federal,https://dof.gob.mx/nota_detalle.php?codigo=5796062&fecha=12/08/2026,2026-08-12,2026-09-28,Entidad incluida en la relación anual oficial 2026.,"Localizar y cargar estatuto, reglamento o manual vigente; órganos de gobierno, estructura interna y sedes."
2,Paraestatales y empresas públicas federales,para-active-025,Comité Nacional para el Desarrollo Sustentable de la Caña de Azúcar,Parcial,Ficha institucional,0,0,0,Relación de las Entidades Paraestatales de la Administración Pública Federal,https://dof.gob.mx/nota_detalle.php?codigo=5796062&fecha=12/08/2026,2026-08-12,2026-09-28,Entidad incluida en la relación anual oficial 2026.,"Localizar y cargar estatuto, reglamento o manual vigente; órganos de gobierno, estructura interna y sedes."
2,Paraestatales y empresas públicas federales,para-active-026,Instituto Mexicano de Investigación en Pesca y Acuacultura Sustentables,Parcial,Ficha institucional,0,0,0,Relación de las Entidades Paraestatales de la Administración Pública Federal,https://dof.gob.mx/nota_detalle.php?codigo=5796062&fecha=12/08/2026,2026-08-12,2026-09-28,Entidad incluida en la relación anual oficial 2026.,"Localizar y cargar estatuto, reglamento o manual vigente; órganos de gobierno, estructura interna y sedes."
2,Paraestatales y empresas públicas federales,para-active-027,"Productora de Semillas para el Bienestar ""PROSEBIEN""",Parcial,Ficha institucional,0,0,0,Relación de las Entidades Paraestatales de la Administración Pública Federal,https://dof.gob.mx/nota_detalle.php?codigo=5796062&fecha=12/08/2026,2026-08-12,2026-09-28,Entidad incluida en la relación anual oficial 2026.,"Localizar y cargar estatuto, reglamento o manual vigente; órganos de gobierno, estructura interna y sedes."
2,Paraestatales y empresas públicas federales,para-active-028,Productora Nacional de Biológicos Veterinarios,Parcial,Ficha institucional,0,0,0,Relación de las Entidades Paraestatales de la Administración Pública Federal,https://dof.gob.mx/nota_detalle.php?codigo=5796062&fecha=12/08/2026,2026-08-12,2026-09-28,Entidad incluida en la relación anual oficial 2026.,"Localizar y cargar estatuto, reglamento o manual vigente; órganos de gobierno, estructura interna y sedes."
2,Paraestatales y empresas públicas federales,para-active-029,Aeropuertos y Servicios Auxiliares,Parcial,Desglose documental parcial,48,2,0,Estatuto Orgánico de Aeropuertos y Servicios Auxiliares,https://sidof.segob.gob.mx/notas/docFuente/5678365,2023-01-31,2026-09-29,"Órgano de gobierno y unidades de la edición citada. Direcciones de área, departamentos y oficinas no enumerados quedan pendientes.","Completar manuales específicos, niveles inferiores y red territorial; cotejar reformas posteriores."
2,Paraestatales y empresas públicas federales,para-active-030,Agencia de Trenes y Transporte Público Integrado,Parcial,Desglose documental parcial,12,12,0,Relación de las Entidades Paraestatales de la Administración Pública Federal,https://dof.gob.mx/nota_detalle.php?codigo=5796062&fecha=12/08/2026,2026-08-12,2026-09-28,"Estatuto 2026, art. 8: diez unidades administrativas y Junta de Gobierno cargadas; subestructura pendiente.","Completar manuales específicos, niveles inferiores y red territorial; cotejar reformas posteriores."
2,Paraestatales y empresas públicas federales,para-active-031,Caminos y Puentes Federales de Ingresos y Servicios Conexos,Parcial,Desglose documental parcial,166,2,0,Manual de Organización General de CAPUFE (2024),https://dof.gob.mx/2024/CAPUFE/manual_general_organizacion_CAPUFE.pdf,,2026-09-29,Estructura documentada hasta subgerencias. Dos códigos repetidos del manual requieren cotejo y no se han resuelto inventando una adscripción.,"Completar manuales específicos, niveles inferiores y red territorial; cotejar reformas posteriores. Resolver discordancias de códigos que se indican en las fichas y notas."
2,Paraestatales y empresas públicas federales,para-active-032,Organismo Promotor de Inversiones en Telecomunicaciones,Parcial,Ficha institucional,0,0,0,Relación de las Entidades Paraestatales de la Administración Pública Federal,https://dof.gob.mx/nota_detalle.php?codigo=5796062&fecha=12/08/2026,2026-08-12,2026-09-28,Entidad incluida en la relación anual oficial 2026.,"Localizar y cargar estatuto, reglamento o manual vigente; órganos de gobierno, estructura interna y sedes."
2,Paraestatales y empresas públicas federales,para-active-033,Centro de Enseñanza Técnica Industrial,Parcial,Ficha institucional,0,0,0,Relación de las Entidades Paraestatales de la Administración Pública Federal,https://dof.gob.mx/nota_detalle.php?codigo=5796062&fecha=12/08/2026,2026-08-12,2026-09-28,Entidad incluida en la relación anual oficial 2026.,"Localizar y cargar estatuto, reglamento o manual vigente; órganos de gobierno, estructura interna y sedes."
2,Paraestatales y empresas públicas federales,para-active-034,Centro de Investigación y de Estudios Avanzados del Instituto Politécnico Nacional,Parcial,Ficha institucional,0,0,0,Relación de las Entidades Paraestatales de la Administración Pública Federal,https://dof.gob.mx/nota_detalle.php?codigo=5796062&fecha=12/08/2026,2026-08-12,2026-09-28,Entidad incluida en la relación anual oficial 2026.,"Localizar y cargar estatuto, reglamento o manual vigente; órganos de gobierno, estructura interna y sedes."
2,Paraestatales y empresas públicas federales,para-active-035,Colegio de Bachilleres,Parcial,Ficha institucional,0,0,0,Relación de las Entidades Paraestatales de la Administración Pública Federal,https://dof.gob.mx/nota_detalle.php?codigo=5796062&fecha=12/08/2026,2026-08-12,2026-09-28,Entidad incluida en la relación anual oficial 2026.,"Localizar y cargar estatuto, reglamento o manual vigente; órganos de gobierno, estructura interna y sedes."
2,Paraestatales y empresas públicas federales,para-active-036,Colegio Nacional de Educación Profesional Técnica,Parcial,Desglose documental parcial,32,7,14,Estatuto Orgánico del Colegio Nacional de Educación Profesional Técnica,https://www.conalep.edu.mx/sites/default/files/2021-10/02-10102018-ESTATUTOORGANICONALEP-.pdf,2018-10-10,2026-09-29,"Órgano de gobierno y unidades de la edición citada. Direcciones de área, departamentos y oficinas no enumerados quedan pendientes.","Completar manuales específicos, niveles inferiores y red territorial; cotejar reformas posteriores."
2,Paraestatales y empresas públicas federales,para-active-037,Comisión de Operación y Fomento de Actividades Académicas del Instituto Politécnico Nacional,Parcial,Ficha institucional,0,0,0,Relación de las Entidades Paraestatales de la Administración Pública Federal,https://dof.gob.mx/nota_detalle.php?codigo=5796062&fecha=12/08/2026,2026-08-12,2026-09-28,Entidad incluida en la relación anual oficial 2026.,"Localizar y cargar estatuto, reglamento o manual vigente; órganos de gobierno, estructura interna y sedes."
2,Paraestatales y empresas públicas federales,para-active-038,Comisión Nacional de Cultura Física y Deporte,Parcial,Ficha institucional,0,0,0,Relación de las Entidades Paraestatales de la Administración Pública Federal,https://dof.gob.mx/nota_detalle.php?codigo=5796062&fecha=12/08/2026,2026-08-12,2026-09-28,Entidad incluida en la relación anual oficial 2026.,"Localizar y cargar estatuto, reglamento o manual vigente; órganos de gobierno, estructura interna y sedes."
2,Paraestatales y empresas públicas federales,para-active-039,Comisión Nacional de Libros de Texto Gratuitos,Parcial,Ficha institucional,0,0,0,Relación de las Entidades Paraestatales de la Administración Pública Federal,https://dof.gob.mx/nota_detalle.php?codigo=5796062&fecha=12/08/2026,2026-08-12,2026-09-28,Entidad incluida en la relación anual oficial 2026.,"Localizar y cargar estatuto, reglamento o manual vigente; órganos de gobierno, estructura interna y sedes."
2,Paraestatales y empresas públicas federales,para-active-040,Consejo Nacional de Fomento Educativo,Parcial,Desglose documental parcial,8,8,0,Estatuto Orgánico del Consejo Nacional de Fomento Educativo (2024),https://dof.gob.mx/2024/CONAFE/Estatuto-Organico-CONAFE_2024.pdf,,2026-09-29,"Órgano de gobierno y unidades de la edición citada. Direcciones de área, departamentos y oficinas no enumerados quedan pendientes.","Completar manuales específicos, niveles inferiores y red territorial; cotejar reformas posteriores."
2,Paraestatales y empresas públicas federales,para-active-041,Fondo de Cultura Económica,Parcial,Ficha institucional,0,0,0,Relación de las Entidades Paraestatales de la Administración Pública Federal,https://dof.gob.mx/nota_detalle.php?codigo=5796062&fecha=12/08/2026,2026-08-12,2026-09-28,Entidad incluida en la relación anual oficial 2026.,"Localizar y cargar estatuto, reglamento o manual vigente; órganos de gobierno, estructura interna y sedes."
2,Paraestatales y empresas públicas federales,para-active-042,Instituto Nacional para la Educación de los Adultos,Parcial,Desglose documental parcial,82,1,0,Manual General de Organización del Instituto Nacional para la Educación de los Adultos 2025,https://sidof.segob.gob.mx/notas/docFuente/5777844,2026-01-05,2026-09-29,"Direcciones, subdirecciones y departamentos del manual 2025. Los puestos tipo territoriales no se multiplican sin catálogo de oficinas.","Completar manuales específicos, niveles inferiores y red territorial; cotejar reformas posteriores."
2,Paraestatales y empresas públicas federales,para-active-043,Organismo Coordinador de las Universidades para el Bienestar Benito Juárez García,Parcial,Ficha institucional,0,0,0,Relación de las Entidades Paraestatales de la Administración Pública Federal,https://dof.gob.mx/nota_detalle.php?codigo=5796062&fecha=12/08/2026,2026-08-12,2026-09-28,Entidad incluida en la relación anual oficial 2026.,"Localizar y cargar estatuto, reglamento o manual vigente; órganos de gobierno, estructura interna y sedes."
2,Paraestatales y empresas públicas federales,para-active-044,Patronato de Obras e Instalaciones del Instituto Politécnico Nacional,Parcial,Ficha institucional,0,0,0,Relación de las Entidades Paraestatales de la Administración Pública Federal,https://dof.gob.mx/nota_detalle.php?codigo=5796062&fecha=12/08/2026,2026-08-12,2026-09-28,Entidad incluida en la relación anual oficial 2026.,"Localizar y cargar estatuto, reglamento o manual vigente; órganos de gobierno, estructura interna y sedes."
2,Paraestatales y empresas públicas federales,para-active-045,"Universidad de las Lenguas Indígenas de México ""ULIM""",Parcial,Ficha institucional,0,0,0,Relación de las Entidades Paraestatales de la Administración Pública Federal,https://dof.gob.mx/nota_detalle.php?codigo=5796062&fecha=12/08/2026,2026-08-12,2026-09-28,Entidad incluida en la relación anual oficial 2026.,"Localizar y cargar estatuto, reglamento o manual vigente; órganos de gobierno, estructura interna y sedes."
2,Paraestatales y empresas públicas federales,para-active-046,Instituto Nacional de Estudios Históricos de las Revoluciones de México,Parcial,Ficha institucional,0,0,0,Relación de las Entidades Paraestatales de la Administración Pública Federal,https://dof.gob.mx/nota_detalle.php?codigo=5796062&fecha=12/08/2026,2026-08-12,2026-09-28,Entidad incluida en la relación anual oficial 2026.,"Localizar y cargar estatuto, reglamento o manual vigente; órganos de gobierno, estructura interna y sedes."
2,Paraestatales y empresas públicas federales,para-active-047,Universidad Nacional Rosario Castellanos,Parcial,Ficha institucional,0,0,0,Relación de las Entidades Paraestatales de la Administración Pública Federal,https://dof.gob.mx/nota_detalle.php?codigo=5796062&fecha=12/08/2026,2026-08-12,2026-09-28,Entidad incluida en la relación anual oficial 2026.,"Localizar y cargar estatuto, reglamento o manual vigente; órganos de gobierno, estructura interna y sedes."
2,Paraestatales y empresas públicas federales,para-active-048,"Hospital General de México ""Dr. Eduardo Liceaga""",Parcial,Ficha institucional,0,0,0,Relación de las Entidades Paraestatales de la Administración Pública Federal,https://dof.gob.mx/nota_detalle.php?codigo=5796062&fecha=12/08/2026,2026-08-12,2026-09-28,Entidad incluida en la relación anual oficial 2026.,"Localizar y cargar estatuto, reglamento o manual vigente; órganos de gobierno, estructura interna y sedes."
2,Paraestatales y empresas públicas federales,para-active-049,"Hospital General ""Dr. Manuel Gea González""",Parcial,Ficha institucional,0,0,0,Relación de las Entidades Paraestatales de la Administración Pública Federal,https://dof.gob.mx/nota_detalle.php?codigo=5796062&fecha=12/08/2026,2026-08-12,2026-09-28,Entidad incluida en la relación anual oficial 2026.,"Localizar y cargar estatuto, reglamento o manual vigente; órganos de gobierno, estructura interna y sedes."
2,Paraestatales y empresas públicas federales,para-active-050,Hospital Juárez de México,Parcial,Ficha institucional,0,0,0,Relación de las Entidades Paraestatales de la Administración Pública Federal,https://dof.gob.mx/nota_detalle.php?codigo=5796062&fecha=12/08/2026,2026-08-12,2026-09-28,Entidad incluida en la relación anual oficial 2026.,"Localizar y cargar estatuto, reglamento o manual vigente; órganos de gobierno, estructura interna y sedes."
2,Paraestatales y empresas públicas federales,para-active-051,Sistema Nacional para el Desarrollo Integral de la Familia,Parcial,Desglose documental parcial,20,2,0,Estatuto Orgánico del Sistema Nacional para el Desarrollo Integral de la Familia (2023),https://dof.gob.mx/2023/DIF/EstatutoSNDIF.pdf,,2026-09-29,"Organización del estatuto 2023 hasta direcciones generales. Manuales específicos, centros de atención y reformas posteriores pendientes.","Completar manuales específicos, niveles inferiores y red territorial; cotejar reformas posteriores."
2,Paraestatales y empresas públicas federales,para-active-052,Centro Federal de Conciliación y Registro Laboral,Parcial,Gobierno institucional,2,2,0,Ley Orgánica del Centro Federal de Conciliación y Registro Laboral,https://sidof.segob.gob.mx/notas/docFuente/5583502,2020-01-06,2026-09-29,Gobierno institucional previsto en ley. Manual vigente y oficinas territoriales pendientes de incorporar.,"Cargar la estructura médica, técnica y administrativa y las oficinas; sólo se registró gobierno institucional."
2,Paraestatales y empresas públicas federales,para-active-053,Comisión Nacional de los Salarios Mínimos,Parcial,Ficha institucional,0,0,0,Relación de las Entidades Paraestatales de la Administración Pública Federal,https://dof.gob.mx/nota_detalle.php?codigo=5796062&fecha=12/08/2026,2026-08-12,2026-09-28,Entidad incluida en la relación anual oficial 2026.,"Localizar y cargar estatuto, reglamento o manual vigente; órganos de gobierno, estructura interna y sedes."
2,Paraestatales y empresas públicas federales,para-active-054,Instituto del Fondo Nacional para el Consumo de los Trabajadores,Parcial,Ficha institucional,0,0,0,Relación de las Entidades Paraestatales de la Administración Pública Federal,https://dof.gob.mx/nota_detalle.php?codigo=5796062&fecha=12/08/2026,2026-08-12,2026-09-28,Entidad incluida en la relación anual oficial 2026.,"Localizar y cargar estatuto, reglamento o manual vigente; órganos de gobierno, estructura interna y sedes."
2,Paraestatales y empresas públicas federales,para-active-055,Instituto Mexicano de la Juventud,Parcial,Ficha institucional,0,0,0,Relación de las Entidades Paraestatales de la Administración Pública Federal,https://dof.gob.mx/nota_detalle.php?codigo=5796062&fecha=12/08/2026,2026-08-12,2026-09-28,Entidad incluida en la relación anual oficial 2026.,"Localizar y cargar estatuto, reglamento o manual vigente; órganos de gobierno, estructura interna y sedes."
2,Paraestatales y empresas públicas federales,para-active-056,Comisión Nacional de Vivienda,Parcial,Desglose documental parcial,7,7,0,Estatuto Orgánico de la Comisión Nacional de Vivienda,https://sidof.segob.gob.mx/notas/docFuente/5776558,2025-12-18,2026-09-29,"Órgano de gobierno y unidades de la edición citada. Direcciones de área, departamentos y oficinas no enumerados quedan pendientes.","Completar manuales específicos, niveles inferiores y red territorial; cotejar reformas posteriores."
2,Paraestatales y empresas públicas federales,para-active-057,Instituto Nacional del Suelo Sustentable,Parcial,Desglose documental parcial,48,8,0,Estatuto Orgánico del Instituto Nacional del Suelo Sustentable,https://sidof.segob.gob.mx/notas/docFuente/5585350,2020-01-31,2026-09-29,Estructura central del estatuto 2020 hasta departamentos. Representaciones regionales y cotejo de reformas posteriores pendientes.,"Completar manuales específicos, niveles inferiores y red territorial; cotejar reformas posteriores."
2,Paraestatales y empresas públicas federales,para-active-058,Procuraduría Agraria,Parcial,Ficha institucional,0,0,0,Relación de las Entidades Paraestatales de la Administración Pública Federal,https://dof.gob.mx/nota_detalle.php?codigo=5796062&fecha=12/08/2026,2026-08-12,2026-09-28,Entidad incluida en la relación anual oficial 2026.,"Localizar y cargar estatuto, reglamento o manual vigente; órganos de gobierno, estructura interna y sedes."
2,Paraestatales y empresas públicas federales,para-active-059,Instituto Mexicano de Cinematografía,Parcial,Ficha institucional,0,0,0,Relación de las Entidades Paraestatales de la Administración Pública Federal,https://dof.gob.mx/nota_detalle.php?codigo=5796062&fecha=12/08/2026,2026-08-12,2026-09-28,Entidad incluida en la relación anual oficial 2026.,"Localizar y cargar estatuto, reglamento o manual vigente; órganos de gobierno, estructura interna y sedes."
2,Paraestatales y empresas públicas federales,para-active-060,Instituto Nacional de Lenguas Indígenas,Parcial,Ficha institucional,0,0,0,Relación de las Entidades Paraestatales de la Administración Pública Federal,https://dof.gob.mx/nota_detalle.php?codigo=5796062&fecha=12/08/2026,2026-08-12,2026-09-28,Entidad incluida en la relación anual oficial 2026.,"Localizar y cargar estatuto, reglamento o manual vigente; órganos de gobierno, estructura interna y sedes."
2,Paraestatales y empresas públicas federales,para-active-061,Agencia Espacial Mexicana,Parcial,Ficha institucional,0,0,0,Relación de las Entidades Paraestatales de la Administración Pública Federal,https://dof.gob.mx/nota_detalle.php?codigo=5796062&fecha=12/08/2026,2026-08-12,2026-09-28,Entidad incluida en la relación anual oficial 2026.,"Localizar y cargar estatuto, reglamento o manual vigente; órganos de gobierno, estructura interna y sedes."
2,Paraestatales y empresas públicas federales,para-active-062,Servicio Postal Mexicano,Parcial,Desglose documental parcial,8,8,0,Estatuto Orgánico del Servicio Postal Mexicano,https://sidof.segob.gob.mx/notas/docFuente/5347061,2014-06-03,2026-09-29,"Órgano de gobierno y unidades de la edición citada. Direcciones de área, departamentos y oficinas no enumerados quedan pendientes.","Completar manuales específicos, niveles inferiores y red territorial; cotejar reformas posteriores."
2,Paraestatales y empresas públicas federales,para-active-063,Archivo General de la Nación,Parcial,Ficha institucional,0,0,0,Relación de las Entidades Paraestatales de la Administración Pública Federal,https://dof.gob.mx/nota_detalle.php?codigo=5796062&fecha=12/08/2026,2026-08-12,2026-09-28,Entidad incluida en la relación anual oficial 2026.,"Localizar y cargar estatuto, reglamento o manual vigente; órganos de gobierno, estructura interna y sedes."
2,Paraestatales y empresas públicas federales,para-active-064,Comisión Ejecutiva de Atención a Víctimas,Parcial,Desglose documental parcial,13,13,0,Estatuto Orgánico de la Comisión Ejecutiva de Atención a Víctimas,https://sidof.segob.gob.mx/notas/docFuente/5653570,2022-05-30,2026-09-29,"Órgano de gobierno y unidades de la edición citada. Direcciones de área, departamentos y oficinas no enumerados quedan pendientes.","Completar manuales específicos, niveles inferiores y red territorial; cotejar reformas posteriores."
2,Paraestatales y empresas públicas federales,para-active-065,Comisión Nacional para la Mejora Continua de la Educación,Parcial,Ficha institucional,0,0,0,Relación de las Entidades Paraestatales de la Administración Pública Federal,https://dof.gob.mx/nota_detalle.php?codigo=5796062&fecha=12/08/2026,2026-08-12,2026-09-28,Entidad incluida en la relación anual oficial 2026.,"Localizar y cargar estatuto, reglamento o manual vigente; órganos de gobierno, estructura interna y sedes."
2,Paraestatales y empresas públicas federales,para-active-066,Instituto del Fondo Nacional de la Vivienda para los Trabajadores,Parcial,Ficha institucional,0,0,0,Relación de las Entidades Paraestatales de la Administración Pública Federal,https://dof.gob.mx/nota_detalle.php?codigo=5796062&fecha=12/08/2026,2026-08-12,2026-09-28,Entidad incluida en la relación anual oficial 2026.,"Localizar y cargar estatuto, reglamento o manual vigente; órganos de gobierno, estructura interna y sedes."
2,Paraestatales y empresas públicas federales,para-active-067,Instituto de Seguridad y Servicios Sociales de los Trabajadores del Estado,Parcial,Desglose documental parcial,14,14,0,Relación de las Entidades Paraestatales de la Administración Pública Federal,https://dof.gob.mx/nota_detalle.php?codigo=5796062&fecha=12/08/2026,2026-08-12,2026-09-28,"Estatuto 06-01-2023: órganos de gobierno, siete direcciones, SUPERISSSTE, FOVISSSTE y PENSIONISSSTE cargados. Estructura interior pendiente.","Completar manuales específicos, niveles inferiores y red territorial; cotejar reformas posteriores."
2,Paraestatales y empresas públicas federales,para-active-068,Instituto Mexicano de la Radio,Parcial,Ficha institucional,0,0,0,Relación de las Entidades Paraestatales de la Administración Pública Federal,https://dof.gob.mx/nota_detalle.php?codigo=5796062&fecha=12/08/2026,2026-08-12,2026-09-28,Entidad incluida en la relación anual oficial 2026.,"Localizar y cargar estatuto, reglamento o manual vigente; órganos de gobierno, estructura interna y sedes."
2,Paraestatales y empresas públicas federales,para-active-069,Instituto Mexicano del Seguro Social,Parcial,Desglose documental parcial,17,17,0,Relación de las Entidades Paraestatales de la Administración Pública Federal,https://dof.gob.mx/nota_detalle.php?codigo=5796062&fecha=12/08/2026,2026-08-12,2026-09-28,"Estructura superior institucional y nueve direcciones normativas documentadas; 35 ÓOADS y 25 UMAE sólo como agrupaciones, sin fichas individuales.","Completar manuales específicos, niveles inferiores y red territorial; cotejar reformas posteriores."
2,Paraestatales y empresas públicas federales,para-active-070,Instituto Nacional de los Pueblos Indígenas,Parcial,Ficha institucional,0,0,0,Relación de las Entidades Paraestatales de la Administración Pública Federal,https://dof.gob.mx/nota_detalle.php?codigo=5796062&fecha=12/08/2026,2026-08-12,2026-09-28,Entidad incluida en la relación anual oficial 2026.,"Localizar y cargar estatuto, reglamento o manual vigente; órganos de gobierno, estructura interna y sedes."
2,Paraestatales y empresas públicas federales,para-active-071,Procuraduría de la Defensa del Contribuyente,Parcial,Desglose documental parcial,21,7,0,Estatuto Orgánico de la Procuraduría de la Defensa del Contribuyente,https://sidof.segob.gob.mx/notas/docFuente/5597269,2020-07-24,2026-09-29,"Órgano de gobierno y unidades de la edición citada. Direcciones de área, departamentos y oficinas no enumerados quedan pendientes.","Completar manuales específicos, niveles inferiores y red territorial; cotejar reformas posteriores."
2,Paraestatales y empresas públicas federales,para-active-072,Secretaría Ejecutiva del Sistema Nacional Anticorrupción,Parcial,Desglose documental parcial,67,12,55,Manual de Organización General de la Secretaría Ejecutiva del Sistema Nacional Anticorrupción (2025),https://sidof.segob.gob.mx/notas/docFuente/5773842,,2026-09-29,"Manual 2025 con direcciones, subdirecciones y departamentos nombrados. Adscripciones intermedias y vigencia de manuales específicos pendientes.","Completar manuales específicos, niveles inferiores y red territorial; cotejar reformas posteriores."
2,Paraestatales y empresas públicas federales,para-active-073,Servicios de Salud del Instituto Mexicano del Seguro Social para el Bienestar (IMSS-BIENESTAR),Parcial,Desglose documental parcial,52,11,0,Relación de las Entidades Paraestatales de la Administración Pública Federal,https://dof.gob.mx/nota_detalle.php?codigo=5796062&fecha=12/08/2026,2026-08-12,2026-09-28,"Estatuto integrado 02-04-2025, art. 21, y modificación 25-09-2025: unidades, coordinaciones, divisiones y modelo estatal genérico cargados.","Completar manuales específicos, niveles inferiores y red territorial; cotejar reformas posteriores."
2,Paraestatales y empresas públicas federales,para-active-074,Sistema Público de Radiodifusión del Estado Mexicano,Parcial,Ficha institucional,0,0,0,Relación de las Entidades Paraestatales de la Administración Pública Federal,https://dof.gob.mx/nota_detalle.php?codigo=5796062&fecha=12/08/2026,2026-08-12,2026-09-28,Entidad incluida en la relación anual oficial 2026.,"Localizar y cargar estatuto, reglamento o manual vigente; órganos de gobierno, estructura interna y sedes."
2,Paraestatales y empresas públicas federales,para-active-075,"Hospital Infantil de México ""Federico Gómez""",Parcial,Gobierno institucional,2,2,0,"Ley de los Institutos Nacionales de Salud, texto vigente",https://www.diputados.gob.mx/LeyesBiblio/pdf/LINS.pdf,2022-05-11,2026-09-29,"Gobierno institucional previsto en ley. Estructura médica, técnica, administrativa y territorial aún pendiente.","Cargar la estructura médica, técnica y administrativa y las oficinas; sólo se registró gobierno institucional."
2,Paraestatales y empresas públicas federales,para-active-076,Instituto Nacional de Cancerología,Parcial,Gobierno institucional,2,2,0,"Ley de los Institutos Nacionales de Salud, texto vigente",https://www.diputados.gob.mx/LeyesBiblio/pdf/LINS.pdf,2022-05-11,2026-09-29,"Gobierno institucional previsto en ley. Estructura médica, técnica, administrativa y territorial aún pendiente.","Cargar la estructura médica, técnica y administrativa y las oficinas; sólo se registró gobierno institucional."
2,Paraestatales y empresas públicas federales,para-active-077,"Instituto Nacional de Cardiología ""Ignacio Chávez""",Parcial,Gobierno institucional,2,2,0,"Ley de los Institutos Nacionales de Salud, texto vigente",https://www.diputados.gob.mx/LeyesBiblio/pdf/LINS.pdf,2022-05-11,2026-09-29,"Gobierno institucional previsto en ley. Estructura médica, técnica, administrativa y territorial aún pendiente.","Cargar la estructura médica, técnica y administrativa y las oficinas; sólo se registró gobierno institucional."
2,Paraestatales y empresas públicas federales,para-active-078,"Instituto Nacional de Ciencias Médicas y Nutrición ""Salvador Zubirán""",Parcial,Gobierno institucional,2,2,0,"Ley de los Institutos Nacionales de Salud, texto vigente",https://www.diputados.gob.mx/LeyesBiblio/pdf/LINS.pdf,2022-05-11,2026-09-29,"Gobierno institucional previsto en ley. Estructura médica, técnica, administrativa y territorial aún pendiente.","Cargar la estructura médica, técnica y administrativa y las oficinas; sólo se registró gobierno institucional."
2,Paraestatales y empresas públicas federales,para-active-079,"Instituto Nacional de Enfermedades Respiratorias ""Ismael Cosío Villegas""",Parcial,Gobierno institucional,2,2,0,"Ley de los Institutos Nacionales de Salud, texto vigente",https://www.diputados.gob.mx/LeyesBiblio/pdf/LINS.pdf,2022-05-11,2026-09-29,"Gobierno institucional previsto en ley. Estructura médica, técnica, administrativa y territorial aún pendiente.","Cargar la estructura médica, técnica y administrativa y las oficinas; sólo se registró gobierno institucional."
2,Paraestatales y empresas públicas federales,para-active-080,Instituto Nacional de Geriatría,Parcial,Gobierno institucional,2,2,0,"Ley de los Institutos Nacionales de Salud, texto vigente",https://www.diputados.gob.mx/LeyesBiblio/pdf/LINS.pdf,2022-05-11,2026-09-29,"Gobierno institucional previsto en ley. Estructura médica, técnica, administrativa y territorial aún pendiente.","Cargar la estructura médica, técnica y administrativa y las oficinas; sólo se registró gobierno institucional."
2,Paraestatales y empresas públicas federales,para-active-081,Instituto Nacional de Medicina Genómica,Parcial,Gobierno institucional,2,2,0,"Ley de los Institutos Nacionales de Salud, texto vigente",https://www.diputados.gob.mx/LeyesBiblio/pdf/LINS.pdf,2022-05-11,2026-09-29,"Gobierno institucional previsto en ley. Estructura médica, técnica, administrativa y territorial aún pendiente.","Cargar la estructura médica, técnica y administrativa y las oficinas; sólo se registró gobierno institucional."
2,Paraestatales y empresas públicas federales,para-active-082,"Instituto Nacional de Neurología y Neurocirugía ""Manuel Velasco Suárez""",Parcial,Gobierno institucional,2,2,0,"Ley de los Institutos Nacionales de Salud, texto vigente",https://www.diputados.gob.mx/LeyesBiblio/pdf/LINS.pdf,2022-05-11,2026-09-29,"Gobierno institucional previsto en ley. Estructura médica, técnica, administrativa y territorial aún pendiente.","Cargar la estructura médica, técnica y administrativa y las oficinas; sólo se registró gobierno institucional."
2,Paraestatales y empresas públicas federales,para-active-083,Instituto Nacional de Pediatría,Parcial,Gobierno institucional,2,2,0,"Ley de los Institutos Nacionales de Salud, texto vigente",https://www.diputados.gob.mx/LeyesBiblio/pdf/LINS.pdf,2022-05-11,2026-09-29,"Gobierno institucional previsto en ley. Estructura médica, técnica, administrativa y territorial aún pendiente.","Cargar la estructura médica, técnica y administrativa y las oficinas; sólo se registró gobierno institucional."
2,Paraestatales y empresas públicas federales,para-active-084,"Instituto Nacional de Perinatología ""Isidro Espinosa de los Reyes""",Parcial,Gobierno institucional,2,2,0,"Ley de los Institutos Nacionales de Salud, texto vigente",https://www.diputados.gob.mx/LeyesBiblio/pdf/LINS.pdf,2022-05-11,2026-09-29,"Gobierno institucional previsto en ley. Estructura médica, técnica, administrativa y territorial aún pendiente.","Cargar la estructura médica, técnica y administrativa y las oficinas; sólo se registró gobierno institucional."
2,Paraestatales y empresas públicas federales,para-active-085,"Instituto Nacional de Psiquiatría ""Ramón de la Fuente Muñiz""",Parcial,Gobierno institucional,2,2,0,"Ley de los Institutos Nacionales de Salud, texto vigente",https://www.diputados.gob.mx/LeyesBiblio/pdf/LINS.pdf,2022-05-11,2026-09-29,"Gobierno institucional previsto en ley. Estructura médica, técnica, administrativa y territorial aún pendiente.","Cargar la estructura médica, técnica y administrativa y las oficinas; sólo se registró gobierno institucional."
2,Paraestatales y empresas públicas federales,para-active-086,"Instituto Nacional de Rehabilitación ""Luis Guillermo Ibarra Ibarra""",Parcial,Gobierno institucional,2,2,0,"Ley de los Institutos Nacionales de Salud, texto vigente",https://www.diputados.gob.mx/LeyesBiblio/pdf/LINS.pdf,2022-05-11,2026-09-29,"Gobierno institucional previsto en ley. Estructura médica, técnica, administrativa y territorial aún pendiente.","Cargar la estructura médica, técnica y administrativa y las oficinas; sólo se registró gobierno institucional."
2,Paraestatales y empresas públicas federales,para-active-087,Instituto Nacional de Salud Pública,Parcial,Gobierno institucional,2,2,0,"Ley de los Institutos Nacionales de Salud, texto vigente",https://www.diputados.gob.mx/LeyesBiblio/pdf/LINS.pdf,2022-05-11,2026-09-29,"Gobierno institucional previsto en ley. Estructura médica, técnica, administrativa y territorial aún pendiente.","Cargar la estructura médica, técnica y administrativa y las oficinas; sólo se registró gobierno institucional."
2,Paraestatales y empresas públicas federales,para-active-088,Instituto Mexicano de Tecnología del Agua,Parcial,Ficha institucional,0,0,0,Relación de las Entidades Paraestatales de la Administración Pública Federal,https://dof.gob.mx/nota_detalle.php?codigo=5796062&fecha=12/08/2026,2026-08-12,2026-09-28,Entidad incluida en la relación anual oficial 2026.,"Localizar y cargar estatuto, reglamento o manual vigente; órganos de gobierno, estructura interna y sedes."
2,Paraestatales y empresas públicas federales,para-active-089,Instituto Mexicano del Petróleo,Parcial,Ficha institucional,0,0,0,Relación de las Entidades Paraestatales de la Administración Pública Federal,https://dof.gob.mx/nota_detalle.php?codigo=5796062&fecha=12/08/2026,2026-08-12,2026-09-28,Entidad incluida en la relación anual oficial 2026.,"Localizar y cargar estatuto, reglamento o manual vigente; órganos de gobierno, estructura interna y sedes."
2,Paraestatales y empresas públicas federales,para-active-090,Instituto Nacional de Electricidad y Energías Limpias,Parcial,Ficha institucional,0,0,0,Relación de las Entidades Paraestatales de la Administración Pública Federal,https://dof.gob.mx/nota_detalle.php?codigo=5796062&fecha=12/08/2026,2026-08-12,2026-09-28,Entidad incluida en la relación anual oficial 2026.,"Localizar y cargar estatuto, reglamento o manual vigente; órganos de gobierno, estructura interna y sedes."
2,Paraestatales y empresas públicas federales,para-active-091,Colegio de Postgraduados,Parcial,Ficha institucional,0,0,0,Relación de las Entidades Paraestatales de la Administración Pública Federal,https://dof.gob.mx/nota_detalle.php?codigo=5796062&fecha=12/08/2026,2026-08-12,2026-09-28,Entidad incluida en la relación anual oficial 2026.,"Localizar y cargar estatuto, reglamento o manual vigente; órganos de gobierno, estructura interna y sedes."
2,Paraestatales y empresas públicas federales,para-active-092,"Instituto Nacional de Investigaciones Forestales, Agrícolas y Pecuarias",Parcial,Ficha institucional,0,0,0,Relación de las Entidades Paraestatales de la Administración Pública Federal,https://dof.gob.mx/nota_detalle.php?codigo=5796062&fecha=12/08/2026,2026-08-12,2026-09-28,Entidad incluida en la relación anual oficial 2026.,"Localizar y cargar estatuto, reglamento o manual vigente; órganos de gobierno, estructura interna y sedes."
2,Paraestatales y empresas públicas federales,para-active-093,Centro de Ingeniería y Desarrollo Industrial,Parcial,Ficha institucional,0,0,0,Relación de las Entidades Paraestatales de la Administración Pública Federal,https://dof.gob.mx/nota_detalle.php?codigo=5796062&fecha=12/08/2026,2026-08-12,2026-09-28,Entidad incluida en la relación anual oficial 2026.,"Localizar y cargar estatuto, reglamento o manual vigente; órganos de gobierno, estructura interna y sedes."
2,Paraestatales y empresas públicas federales,para-active-094,"Centro de Investigación Científica y de Educación Superior de Ensenada, Baja California",Parcial,Ficha institucional,0,0,0,Relación de las Entidades Paraestatales de la Administración Pública Federal,https://dof.gob.mx/nota_detalle.php?codigo=5796062&fecha=12/08/2026,2026-08-12,2026-09-28,Entidad incluida en la relación anual oficial 2026.,"Localizar y cargar estatuto, reglamento o manual vigente; órganos de gobierno, estructura interna y sedes."
2,Paraestatales y empresas públicas federales,para-active-095,Centro de Investigación en Química Aplicada,Parcial,Ficha institucional,0,0,0,Relación de las Entidades Paraestatales de la Administración Pública Federal,https://dof.gob.mx/nota_detalle.php?codigo=5796062&fecha=12/08/2026,2026-08-12,2026-09-28,Entidad incluida en la relación anual oficial 2026.,"Localizar y cargar estatuto, reglamento o manual vigente; órganos de gobierno, estructura interna y sedes."
2,Paraestatales y empresas públicas federales,para-active-096,Centro de Investigaciones y Estudios Superiores en Antropología Social,Parcial,Ficha institucional,0,0,0,Relación de las Entidades Paraestatales de la Administración Pública Federal,https://dof.gob.mx/nota_detalle.php?codigo=5796062&fecha=12/08/2026,2026-08-12,2026-09-28,Entidad incluida en la relación anual oficial 2026.,"Localizar y cargar estatuto, reglamento o manual vigente; órganos de gobierno, estructura interna y sedes."
2,Paraestatales y empresas públicas federales,para-active-097,El Colegio de la Frontera Sur,Parcial,Ficha institucional,0,0,0,Relación de las Entidades Paraestatales de la Administración Pública Federal,https://dof.gob.mx/nota_detalle.php?codigo=5796062&fecha=12/08/2026,2026-08-12,2026-09-28,Entidad incluida en la relación anual oficial 2026.,"Localizar y cargar estatuto, reglamento o manual vigente; órganos de gobierno, estructura interna y sedes."
2,Paraestatales y empresas públicas federales,para-active-098,"Instituto de Investigaciones ""Dr. José María Luis Mora""",Parcial,Ficha institucional,0,0,0,Relación de las Entidades Paraestatales de la Administración Pública Federal,https://dof.gob.mx/nota_detalle.php?codigo=5796062&fecha=12/08/2026,2026-08-12,2026-09-28,Entidad incluida en la relación anual oficial 2026.,"Localizar y cargar estatuto, reglamento o manual vigente; órganos de gobierno, estructura interna y sedes."
2,Paraestatales y empresas públicas federales,para-active-099,"Instituto Nacional de Astrofísica, Óptica y Electrónica",Parcial,Ficha institucional,0,0,0,Relación de las Entidades Paraestatales de la Administración Pública Federal,https://dof.gob.mx/nota_detalle.php?codigo=5796062&fecha=12/08/2026,2026-08-12,2026-09-28,Entidad incluida en la relación anual oficial 2026.,"Localizar y cargar estatuto, reglamento o manual vigente; órganos de gobierno, estructura interna y sedes."
2,Paraestatales y empresas públicas federales,para-active-100,"Aeropuerto Internacional Felipe Ángeles, S.A. de C.V.",Parcial,Ficha institucional,0,0,0,Relación de las Entidades Paraestatales de la Administración Pública Federal,https://dof.gob.mx/nota_detalle.php?codigo=5796062&fecha=12/08/2026,2026-08-12,2026-09-28,Entidad incluida en la relación anual oficial 2026.,"Localizar y cargar estatuto, reglamento o manual vigente; órganos de gobierno, estructura interna y sedes."
2,Paraestatales y empresas públicas federales,para-active-101,"Grupo Aeroportuario, Ferroviario, de Servicios Auxiliares y Conexos, Olmeca-Maya-Mexica, S.A. de C.V.",Parcial,Ficha institucional,0,0,0,Relación de las Entidades Paraestatales de la Administración Pública Federal,https://dof.gob.mx/nota_detalle.php?codigo=5796062&fecha=12/08/2026,2026-08-12,2026-09-28,Entidad incluida en la relación anual oficial 2026.,"Localizar y cargar estatuto, reglamento o manual vigente; órganos de gobierno, estructura interna y sedes."
2,Paraestatales y empresas públicas federales,para-active-102,"Tren Maya, S.A. de C.V.",Parcial,Ficha institucional,0,0,0,Relación de las Entidades Paraestatales de la Administración Pública Federal,https://dof.gob.mx/nota_detalle.php?codigo=5796062&fecha=12/08/2026,2026-08-12,2026-09-28,Entidad incluida en la relación anual oficial 2026.,"Localizar y cargar estatuto, reglamento o manual vigente; órganos de gobierno, estructura interna y sedes."
2,Paraestatales y empresas públicas federales,para-active-103,"Administración del Sistema Portuario Nacional Acapulco, S.A. de C.V.",Parcial,Ficha institucional,0,0,0,Relación de las Entidades Paraestatales de la Administración Pública Federal,https://dof.gob.mx/nota_detalle.php?codigo=5796062&fecha=12/08/2026,2026-08-12,2026-09-28,Entidad incluida en la relación anual oficial 2026.,"Localizar y cargar estatuto, reglamento o manual vigente; órganos de gobierno, estructura interna y sedes."
2,Paraestatales y empresas públicas federales,para-active-104,"Administración del Sistema Portuario Nacional Altamira, S.A. de C.V.",Parcial,Ficha institucional,0,0,0,Relación de las Entidades Paraestatales de la Administración Pública Federal,https://dof.gob.mx/nota_detalle.php?codigo=5796062&fecha=12/08/2026,2026-08-12,2026-09-28,Entidad incluida en la relación anual oficial 2026.,"Localizar y cargar estatuto, reglamento o manual vigente; órganos de gobierno, estructura interna y sedes."
2,Paraestatales y empresas públicas federales,para-active-105,"Administración del Sistema Portuario Nacional Cabo San Lucas, S.A. de C.V.",Parcial,Ficha institucional,0,0,0,Relación de las Entidades Paraestatales de la Administración Pública Federal,https://dof.gob.mx/nota_detalle.php?codigo=5796062&fecha=12/08/2026,2026-08-12,2026-09-28,Entidad incluida en la relación anual oficial 2026.,"Localizar y cargar estatuto, reglamento o manual vigente; órganos de gobierno, estructura interna y sedes."
2,Paraestatales y empresas públicas federales,para-active-106,"Administración del Sistema Portuario Nacional Coatzacoalcos, S.A. de C.V.",Parcial,Ficha institucional,0,0,0,Relación de las Entidades Paraestatales de la Administración Pública Federal,https://dof.gob.mx/nota_detalle.php?codigo=5796062&fecha=12/08/2026,2026-08-12,2026-09-28,Entidad incluida en la relación anual oficial 2026.,"Localizar y cargar estatuto, reglamento o manual vigente; órganos de gobierno, estructura interna y sedes."
2,Paraestatales y empresas públicas federales,para-active-107,"Administración del Sistema Portuario Nacional Dos Bocas, S.A. de C.V.",Parcial,Ficha institucional,0,0,0,Relación de las Entidades Paraestatales de la Administración Pública Federal,https://dof.gob.mx/nota_detalle.php?codigo=5796062&fecha=12/08/2026,2026-08-12,2026-09-28,Entidad incluida en la relación anual oficial 2026.,"Localizar y cargar estatuto, reglamento o manual vigente; órganos de gobierno, estructura interna y sedes."
2,Paraestatales y empresas públicas federales,para-active-108,"Administración del Sistema Portuario Nacional Ensenada, S.A. de C.V.",Parcial,Ficha institucional,0,0,0,Relación de las Entidades Paraestatales de la Administración Pública Federal,https://dof.gob.mx/nota_detalle.php?codigo=5796062&fecha=12/08/2026,2026-08-12,2026-09-28,Entidad incluida en la relación anual oficial 2026.,"Localizar y cargar estatuto, reglamento o manual vigente; órganos de gobierno, estructura interna y sedes."
2,Paraestatales y empresas públicas federales,para-active-109,"Administración del Sistema Portuario Nacional Guaymas, S.A. de C.V.",Parcial,Ficha institucional,0,0,0,Relación de las Entidades Paraestatales de la Administración Pública Federal,https://dof.gob.mx/nota_detalle.php?codigo=5796062&fecha=12/08/2026,2026-08-12,2026-09-28,Entidad incluida en la relación anual oficial 2026.,"Localizar y cargar estatuto, reglamento o manual vigente; órganos de gobierno, estructura interna y sedes."
2,Paraestatales y empresas públicas federales,para-active-110,"Administración del Sistema Portuario Nacional Lázaro Cárdenas, S.A. de C.V.",Parcial,Ficha institucional,0,0,0,Relación de las Entidades Paraestatales de la Administración Pública Federal,https://dof.gob.mx/nota_detalle.php?codigo=5796062&fecha=12/08/2026,2026-08-12,2026-09-28,Entidad incluida en la relación anual oficial 2026.,"Localizar y cargar estatuto, reglamento o manual vigente; órganos de gobierno, estructura interna y sedes."
2,Paraestatales y empresas públicas federales,para-active-111,"Administración del Sistema Portuario Nacional Manzanillo, S.A. de C.V.",Parcial,Ficha institucional,0,0,0,Relación de las Entidades Paraestatales de la Administración Pública Federal,https://dof.gob.mx/nota_detalle.php?codigo=5796062&fecha=12/08/2026,2026-08-12,2026-09-28,Entidad incluida en la relación anual oficial 2026.,"Localizar y cargar estatuto, reglamento o manual vigente; órganos de gobierno, estructura interna y sedes."
2,Paraestatales y empresas públicas federales,para-active-112,"Administración del Sistema Portuario Nacional Mazatlán, S.A. de C.V.",Parcial,Ficha institucional,0,0,0,Relación de las Entidades Paraestatales de la Administración Pública Federal,https://dof.gob.mx/nota_detalle.php?codigo=5796062&fecha=12/08/2026,2026-08-12,2026-09-28,Entidad incluida en la relación anual oficial 2026.,"Localizar y cargar estatuto, reglamento o manual vigente; órganos de gobierno, estructura interna y sedes."
2,Paraestatales y empresas públicas federales,para-active-113,"Administración del Sistema Portuario Nacional Progreso, S.A. de C.V.",Parcial,Ficha institucional,0,0,0,Relación de las Entidades Paraestatales de la Administración Pública Federal,https://dof.gob.mx/nota_detalle.php?codigo=5796062&fecha=12/08/2026,2026-08-12,2026-09-28,Entidad incluida en la relación anual oficial 2026.,"Localizar y cargar estatuto, reglamento o manual vigente; órganos de gobierno, estructura interna y sedes."
2,Paraestatales y empresas públicas federales,para-active-114,"Administración del Sistema Portuario Nacional Puerto Chiapas, S.A. de C.V.",Parcial,Ficha institucional,0,0,0,Relación de las Entidades Paraestatales de la Administración Pública Federal,https://dof.gob.mx/nota_detalle.php?codigo=5796062&fecha=12/08/2026,2026-08-12,2026-09-28,Entidad incluida en la relación anual oficial 2026.,"Localizar y cargar estatuto, reglamento o manual vigente; órganos de gobierno, estructura interna y sedes."
2,Paraestatales y empresas públicas federales,para-active-115,"Administración del Sistema Portuario Nacional Puerto Vallarta, S.A. de C.V.",Parcial,Ficha institucional,0,0,0,Relación de las Entidades Paraestatales de la Administración Pública Federal,https://dof.gob.mx/nota_detalle.php?codigo=5796062&fecha=12/08/2026,2026-08-12,2026-09-28,Entidad incluida en la relación anual oficial 2026.,"Localizar y cargar estatuto, reglamento o manual vigente; órganos de gobierno, estructura interna y sedes."
2,Paraestatales y empresas públicas federales,para-active-116,"Administración del Sistema Portuario Nacional Salina Cruz, S.A. de C.V.",Parcial,Ficha institucional,0,0,0,Relación de las Entidades Paraestatales de la Administración Pública Federal,https://dof.gob.mx/nota_detalle.php?codigo=5796062&fecha=12/08/2026,2026-08-12,2026-09-28,Entidad incluida en la relación anual oficial 2026.,"Localizar y cargar estatuto, reglamento o manual vigente; órganos de gobierno, estructura interna y sedes."
2,Paraestatales y empresas públicas federales,para-active-117,"Administración del Sistema Portuario Nacional Tampico, S.A. de C.V.",Parcial,Ficha institucional,0,0,0,Relación de las Entidades Paraestatales de la Administración Pública Federal,https://dof.gob.mx/nota_detalle.php?codigo=5796062&fecha=12/08/2026,2026-08-12,2026-09-28,Entidad incluida en la relación anual oficial 2026.,"Localizar y cargar estatuto, reglamento o manual vigente; órganos de gobierno, estructura interna y sedes."
2,Paraestatales y empresas públicas federales,para-active-118,"Administración del Sistema Portuario Nacional Topolobampo, S.A. de C.V.",Parcial,Ficha institucional,0,0,0,Relación de las Entidades Paraestatales de la Administración Pública Federal,https://dof.gob.mx/nota_detalle.php?codigo=5796062&fecha=12/08/2026,2026-08-12,2026-09-28,Entidad incluida en la relación anual oficial 2026.,"Localizar y cargar estatuto, reglamento o manual vigente; órganos de gobierno, estructura interna y sedes."
2,Paraestatales y empresas públicas federales,para-active-119,"Administración del Sistema Portuario Nacional Tuxpan, S.A. de C.V.",Parcial,Ficha institucional,0,0,0,Relación de las Entidades Paraestatales de la Administración Pública Federal,https://dof.gob.mx/nota_detalle.php?codigo=5796062&fecha=12/08/2026,2026-08-12,2026-09-28,Entidad incluida en la relación anual oficial 2026.,"Localizar y cargar estatuto, reglamento o manual vigente; órganos de gobierno, estructura interna y sedes."
2,Paraestatales y empresas públicas federales,para-active-120,"Administración del Sistema Portuario Nacional Veracruz, S.A. de C.V.",Parcial,Ficha institucional,0,0,0,Relación de las Entidades Paraestatales de la Administración Pública Federal,https://dof.gob.mx/nota_detalle.php?codigo=5796062&fecha=12/08/2026,2026-08-12,2026-09-28,Entidad incluida en la relación anual oficial 2026.,"Localizar y cargar estatuto, reglamento o manual vigente; órganos de gobierno, estructura interna y sedes."
2,Paraestatales y empresas públicas federales,para-active-121,"Aeropuerto Internacional de la Ciudad de México, S.A. de C.V.",Parcial,Ficha institucional,0,0,0,Relación de las Entidades Paraestatales de la Administración Pública Federal,https://dof.gob.mx/nota_detalle.php?codigo=5796062&fecha=12/08/2026,2026-08-12,2026-09-28,Entidad incluida en la relación anual oficial 2026.,"Localizar y cargar estatuto, reglamento o manual vigente; órganos de gobierno, estructura interna y sedes."
2,Paraestatales y empresas públicas federales,para-active-122,"Ferrocarril del Istmo de Tehuantepec, S.A. de C.V.",Parcial,Ficha institucional,0,0,0,Relación de las Entidades Paraestatales de la Administración Pública Federal,https://dof.gob.mx/nota_detalle.php?codigo=5796062&fecha=12/08/2026,2026-08-12,2026-09-28,Entidad incluida en la relación anual oficial 2026.,"Localizar y cargar estatuto, reglamento o manual vigente; órganos de gobierno, estructura interna y sedes."
2,Paraestatales y empresas públicas federales,para-active-123,"Turística Integral Islas Marías, S.A. de C.V.",Parcial,Ficha institucional,0,0,0,Relación de las Entidades Paraestatales de la Administración Pública Federal,https://dof.gob.mx/nota_detalle.php?codigo=5796062&fecha=12/08/2026,2026-08-12,2026-09-28,Entidad incluida en la relación anual oficial 2026.,"Localizar y cargar estatuto, reglamento o manual vigente; órganos de gobierno, estructura interna y sedes."
2,Paraestatales y empresas públicas federales,para-active-124,"Exportadora de Sal, S.A. de C.V.",Parcial,Ficha institucional,0,0,0,Relación de las Entidades Paraestatales de la Administración Pública Federal,https://dof.gob.mx/nota_detalle.php?codigo=5796062&fecha=12/08/2026,2026-08-12,2026-09-28,Entidad incluida en la relación anual oficial 2026.,"Localizar y cargar estatuto, reglamento o manual vigente; órganos de gobierno, estructura interna y sedes."
2,Paraestatales y empresas públicas federales,para-active-125,"Alimentación para el Bienestar, S.A. de C.V.",Parcial,Ficha institucional,0,0,0,Relación de las Entidades Paraestatales de la Administración Pública Federal,https://dof.gob.mx/nota_detalle.php?codigo=5796062&fecha=12/08/2026,2026-08-12,2026-09-28,Entidad incluida en la relación anual oficial 2026.,"Localizar y cargar estatuto, reglamento o manual vigente; órganos de gobierno, estructura interna y sedes."
2,Paraestatales y empresas públicas federales,para-active-126,"Leche para el Bienestar, S.A. de C.V.",Parcial,Ficha institucional,0,0,0,Relación de las Entidades Paraestatales de la Administración Pública Federal,https://dof.gob.mx/nota_detalle.php?codigo=5796062&fecha=12/08/2026,2026-08-12,2026-09-28,Entidad incluida en la relación anual oficial 2026.,"Localizar y cargar estatuto, reglamento o manual vigente; órganos de gobierno, estructura interna y sedes."
2,Paraestatales y empresas públicas federales,para-active-127,"Grupo Aeroportuario Turístico Mexicano, S.A. de C.V.",Parcial,Ficha institucional,0,0,0,Relación de las Entidades Paraestatales de la Administración Pública Federal,https://dof.gob.mx/nota_detalle.php?codigo=5796062&fecha=12/08/2026,2026-08-12,2026-09-28,Entidad incluida en la relación anual oficial 2026.,"Localizar y cargar estatuto, reglamento o manual vigente; órganos de gobierno, estructura interna y sedes."
2,Paraestatales y empresas públicas federales,para-active-128,"Educal, S.A. de C.V.",Parcial,Ficha institucional,0,0,0,Relación de las Entidades Paraestatales de la Administración Pública Federal,https://dof.gob.mx/nota_detalle.php?codigo=5796062&fecha=12/08/2026,2026-08-12,2026-09-28,Entidad incluida en la relación anual oficial 2026.,"Localizar y cargar estatuto, reglamento o manual vigente; órganos de gobierno, estructura interna y sedes."
2,Paraestatales y empresas públicas federales,para-active-129,"Impresora y Encuadernadora Progreso, S.A. de C.V.",Parcial,Ficha institucional,0,0,0,Relación de las Entidades Paraestatales de la Administración Pública Federal,https://dof.gob.mx/nota_detalle.php?codigo=5796062&fecha=12/08/2026,2026-08-12,2026-09-28,Entidad incluida en la relación anual oficial 2026.,"Localizar y cargar estatuto, reglamento o manual vigente; órganos de gobierno, estructura interna y sedes."
2,Paraestatales y empresas públicas federales,para-active-130,"Centros de Integración Juvenil, A.C.",Parcial,Ficha institucional,0,0,0,Relación de las Entidades Paraestatales de la Administración Pública Federal,https://dof.gob.mx/nota_detalle.php?codigo=5796062&fecha=12/08/2026,2026-08-12,2026-09-28,Entidad incluida en la relación anual oficial 2026.,"Localizar y cargar estatuto, reglamento o manual vigente; órganos de gobierno, estructura interna y sedes."
2,Paraestatales y empresas públicas federales,para-active-131,"Laboratorios de Biológicos y Reactivos de México, S.A. de C.V.",Parcial,Ficha institucional,0,0,0,Relación de las Entidades Paraestatales de la Administración Pública Federal,https://dof.gob.mx/nota_detalle.php?codigo=5796062&fecha=12/08/2026,2026-08-12,2026-09-28,Entidad incluida en la relación anual oficial 2026.,"Localizar y cargar estatuto, reglamento o manual vigente; órganos de gobierno, estructura interna y sedes."
2,Paraestatales y empresas públicas federales,para-active-132,"Centro de Capacitación Cinematográfica, A.C.",Parcial,Ficha institucional,0,0,0,Relación de las Entidades Paraestatales de la Administración Pública Federal,https://dof.gob.mx/nota_detalle.php?codigo=5796062&fecha=12/08/2026,2026-08-12,2026-09-28,Entidad incluida en la relación anual oficial 2026.,"Localizar y cargar estatuto, reglamento o manual vigente; órganos de gobierno, estructura interna y sedes."
2,Paraestatales y empresas públicas federales,para-active-133,"Compañía Operadora del Centro Cultural y Turístico de Tijuana, S.A. de C.V.",Parcial,Ficha institucional,0,0,0,Relación de las Entidades Paraestatales de la Administración Pública Federal,https://dof.gob.mx/nota_detalle.php?codigo=5796062&fecha=12/08/2026,2026-08-12,2026-09-28,Entidad incluida en la relación anual oficial 2026.,"Localizar y cargar estatuto, reglamento o manual vigente; órganos de gobierno, estructura interna y sedes."
2,Paraestatales y empresas públicas federales,para-active-134,"Estudios Churubusco Azteca, S.A.",Parcial,Ficha institucional,0,0,0,Relación de las Entidades Paraestatales de la Administración Pública Federal,https://dof.gob.mx/nota_detalle.php?codigo=5796062&fecha=12/08/2026,2026-08-12,2026-09-28,Entidad incluida en la relación anual oficial 2026.,"Localizar y cargar estatuto, reglamento o manual vigente; órganos de gobierno, estructura interna y sedes."
2,Paraestatales y empresas públicas federales,para-active-135,"Televisión Metropolitana, S.A. de C.V.",Parcial,Ficha institucional,0,0,0,Relación de las Entidades Paraestatales de la Administración Pública Federal,https://dof.gob.mx/nota_detalle.php?codigo=5796062&fecha=12/08/2026,2026-08-12,2026-09-28,Entidad incluida en la relación anual oficial 2026.,"Localizar y cargar estatuto, reglamento o manual vigente; órganos de gobierno, estructura interna y sedes."
2,Paraestatales y empresas públicas federales,para-active-136,"FONATUR Constructora, S.A. de C.V.",Parcial,Ficha institucional,0,0,0,Relación de las Entidades Paraestatales de la Administración Pública Federal,https://dof.gob.mx/nota_detalle.php?codigo=5796062&fecha=12/08/2026,2026-08-12,2026-09-28,Entidad incluida en la relación anual oficial 2026.,"Localizar y cargar estatuto, reglamento o manual vigente; órganos de gobierno, estructura interna y sedes."
2,Paraestatales y empresas públicas federales,para-active-137,"FONATUR Infraestructura, S.A. de C.V.",Parcial,Ficha institucional,0,0,0,Relación de las Entidades Paraestatales de la Administración Pública Federal,https://dof.gob.mx/nota_detalle.php?codigo=5796062&fecha=12/08/2026,2026-08-12,2026-09-28,Entidad incluida en la relación anual oficial 2026.,"Localizar y cargar estatuto, reglamento o manual vigente; órganos de gobierno, estructura interna y sedes."
2,Paraestatales y empresas públicas federales,para-active-138,"Banco del Bienestar, S.N.C.",Parcial,Ficha institucional,0,0,0,Relación de las Entidades Paraestatales de la Administración Pública Federal,https://dof.gob.mx/nota_detalle.php?codigo=5796062&fecha=12/08/2026,2026-08-12,2026-09-28,Entidad incluida en la relación anual oficial 2026.,"Localizar y cargar estatuto, reglamento o manual vigente; órganos de gobierno, estructura interna y sedes."
2,Paraestatales y empresas públicas federales,para-active-139,"Banco Nacional de Comercio Exterior, S.N.C.",Parcial,Ficha institucional,0,0,0,Relación de las Entidades Paraestatales de la Administración Pública Federal,https://dof.gob.mx/nota_detalle.php?codigo=5796062&fecha=12/08/2026,2026-08-12,2026-09-28,Entidad incluida en la relación anual oficial 2026.,"Localizar y cargar estatuto, reglamento o manual vigente; órganos de gobierno, estructura interna y sedes."
2,Paraestatales y empresas públicas federales,para-active-140,"Banco Nacional de Obras y Servicios Públicos, S.N.C.",Parcial,Ficha institucional,0,0,0,Relación de las Entidades Paraestatales de la Administración Pública Federal,https://dof.gob.mx/nota_detalle.php?codigo=5796062&fecha=12/08/2026,2026-08-12,2026-09-28,Entidad incluida en la relación anual oficial 2026.,"Localizar y cargar estatuto, reglamento o manual vigente; órganos de gobierno, estructura interna y sedes."
2,Paraestatales y empresas públicas federales,para-active-141,"Banco Nacional del Ejército, Fuerza Aérea y Armada, S.N.C.",Parcial,Ficha institucional,0,0,0,Relación de las Entidades Paraestatales de la Administración Pública Federal,https://dof.gob.mx/nota_detalle.php?codigo=5796062&fecha=12/08/2026,2026-08-12,2026-09-28,Entidad incluida en la relación anual oficial 2026.,"Localizar y cargar estatuto, reglamento o manual vigente; órganos de gobierno, estructura interna y sedes."
2,Paraestatales y empresas públicas federales,para-active-142,"Nacional Financiera, S.N.C.",Parcial,Ficha institucional,0,0,0,Relación de las Entidades Paraestatales de la Administración Pública Federal,https://dof.gob.mx/nota_detalle.php?codigo=5796062&fecha=12/08/2026,2026-08-12,2026-09-28,Entidad incluida en la relación anual oficial 2026.,"Localizar y cargar estatuto, reglamento o manual vigente; órganos de gobierno, estructura interna y sedes."
2,Paraestatales y empresas públicas federales,para-active-143,"Sociedad Hipotecaria Federal, S.N.C.",Parcial,Ficha institucional,0,0,0,Relación de las Entidades Paraestatales de la Administración Pública Federal,https://dof.gob.mx/nota_detalle.php?codigo=5796062&fecha=12/08/2026,2026-08-12,2026-09-28,Entidad incluida en la relación anual oficial 2026.,"Localizar y cargar estatuto, reglamento o manual vigente; órganos de gobierno, estructura interna y sedes."
2,Paraestatales y empresas públicas federales,para-active-144,"AGROASEMEX, S.A.",Parcial,Ficha institucional,0,0,0,Relación de las Entidades Paraestatales de la Administración Pública Federal,https://dof.gob.mx/nota_detalle.php?codigo=5796062&fecha=12/08/2026,2026-08-12,2026-09-28,Entidad incluida en la relación anual oficial 2026.,"Localizar y cargar estatuto, reglamento o manual vigente; órganos de gobierno, estructura interna y sedes."
2,Paraestatales y empresas públicas federales,para-active-145,"Seguros de Crédito a la Vivienda SHF, S.A. de C.V.",Parcial,Ficha institucional,0,0,0,Relación de las Entidades Paraestatales de la Administración Pública Federal,https://dof.gob.mx/nota_detalle.php?codigo=5796062&fecha=12/08/2026,2026-08-12,2026-09-28,Entidad incluida en la relación anual oficial 2026.,"Localizar y cargar estatuto, reglamento o manual vigente; órganos de gobierno, estructura interna y sedes."
2,Paraestatales y empresas públicas federales,para-active-146,"Centro de Investigación Científica de Yucatán, A.C.",Parcial,Ficha institucional,0,0,0,Relación de las Entidades Paraestatales de la Administración Pública Federal,https://dof.gob.mx/nota_detalle.php?codigo=5796062&fecha=12/08/2026,2026-08-12,2026-09-28,Entidad incluida en la relación anual oficial 2026.,"Localizar y cargar estatuto, reglamento o manual vigente; órganos de gobierno, estructura interna y sedes."
2,Paraestatales y empresas públicas federales,para-active-147,"Centro de Investigación en Alimentación y Desarrollo, A.C.",Parcial,Ficha institucional,0,0,0,Relación de las Entidades Paraestatales de la Administración Pública Federal,https://dof.gob.mx/nota_detalle.php?codigo=5796062&fecha=12/08/2026,2026-08-12,2026-09-28,Entidad incluida en la relación anual oficial 2026.,"Localizar y cargar estatuto, reglamento o manual vigente; órganos de gobierno, estructura interna y sedes."
2,Paraestatales y empresas públicas federales,para-active-148,"Centro de Investigación en Ciencias de Información Geoespacial, A.C.",Parcial,Ficha institucional,0,0,0,Relación de las Entidades Paraestatales de la Administración Pública Federal,https://dof.gob.mx/nota_detalle.php?codigo=5796062&fecha=12/08/2026,2026-08-12,2026-09-28,Entidad incluida en la relación anual oficial 2026.,"Localizar y cargar estatuto, reglamento o manual vigente; órganos de gobierno, estructura interna y sedes."
2,Paraestatales y empresas públicas federales,para-active-149,"Centro de Investigación en Matemáticas, A.C.",Parcial,Ficha institucional,0,0,0,Relación de las Entidades Paraestatales de la Administración Pública Federal,https://dof.gob.mx/nota_detalle.php?codigo=5796062&fecha=12/08/2026,2026-08-12,2026-09-28,Entidad incluida en la relación anual oficial 2026.,"Localizar y cargar estatuto, reglamento o manual vigente; órganos de gobierno, estructura interna y sedes."
2,Paraestatales y empresas públicas federales,para-active-150,"Centro de Investigación en Materiales Avanzados, S.C.",Parcial,Ficha institucional,0,0,0,Relación de las Entidades Paraestatales de la Administración Pública Federal,https://dof.gob.mx/nota_detalle.php?codigo=5796062&fecha=12/08/2026,2026-08-12,2026-09-28,Entidad incluida en la relación anual oficial 2026.,"Localizar y cargar estatuto, reglamento o manual vigente; órganos de gobierno, estructura interna y sedes."
2,Paraestatales y empresas públicas federales,para-active-151,"Centro de Investigación y Asistencia en Tecnología y Diseño del Estado de Jalisco, A.C.",Parcial,Ficha institucional,0,0,0,Relación de las Entidades Paraestatales de la Administración Pública Federal,https://dof.gob.mx/nota_detalle.php?codigo=5796062&fecha=12/08/2026,2026-08-12,2026-09-28,Entidad incluida en la relación anual oficial 2026.,"Localizar y cargar estatuto, reglamento o manual vigente; órganos de gobierno, estructura interna y sedes."
2,Paraestatales y empresas públicas federales,para-active-152,"Centro de Investigación y Desarrollo Tecnológico en Electroquímica, S.C.",Parcial,Ficha institucional,0,0,0,Relación de las Entidades Paraestatales de la Administración Pública Federal,https://dof.gob.mx/nota_detalle.php?codigo=5796062&fecha=12/08/2026,2026-08-12,2026-09-28,Entidad incluida en la relación anual oficial 2026.,"Localizar y cargar estatuto, reglamento o manual vigente; órganos de gobierno, estructura interna y sedes."
2,Paraestatales y empresas públicas federales,para-active-153,"Centro de Investigación y Docencia Económicas, A.C.",Parcial,Ficha institucional,0,0,0,Relación de las Entidades Paraestatales de la Administración Pública Federal,https://dof.gob.mx/nota_detalle.php?codigo=5796062&fecha=12/08/2026,2026-08-12,2026-09-28,Entidad incluida en la relación anual oficial 2026.,"Localizar y cargar estatuto, reglamento o manual vigente; órganos de gobierno, estructura interna y sedes."
2,Paraestatales y empresas públicas federales,para-active-154,"Centro de Investigaciones Biológicas del Noroeste, S.C.",Parcial,Ficha institucional,0,0,0,Relación de las Entidades Paraestatales de la Administración Pública Federal,https://dof.gob.mx/nota_detalle.php?codigo=5796062&fecha=12/08/2026,2026-08-12,2026-09-28,Entidad incluida en la relación anual oficial 2026.,"Localizar y cargar estatuto, reglamento o manual vigente; órganos de gobierno, estructura interna y sedes."
2,Paraestatales y empresas públicas federales,para-active-155,"Centro de Investigaciones en Óptica, A.C.",Parcial,Ficha institucional,0,0,0,Relación de las Entidades Paraestatales de la Administración Pública Federal,https://dof.gob.mx/nota_detalle.php?codigo=5796062&fecha=12/08/2026,2026-08-12,2026-09-28,Entidad incluida en la relación anual oficial 2026.,"Localizar y cargar estatuto, reglamento o manual vigente; órganos de gobierno, estructura interna y sedes."
2,Paraestatales y empresas públicas federales,para-active-156,"CIATEC, A.C. ""Centro de Innovación Aplicada en Tecnologías Competitivas""",Parcial,Ficha institucional,0,0,0,Relación de las Entidades Paraestatales de la Administración Pública Federal,https://dof.gob.mx/nota_detalle.php?codigo=5796062&fecha=12/08/2026,2026-08-12,2026-09-28,Entidad incluida en la relación anual oficial 2026.,"Localizar y cargar estatuto, reglamento o manual vigente; órganos de gobierno, estructura interna y sedes."
2,Paraestatales y empresas públicas federales,para-active-157,"CIATEQ, A.C. ""Centro de Tecnología Avanzada""",Parcial,Ficha institucional,0,0,0,Relación de las Entidades Paraestatales de la Administración Pública Federal,https://dof.gob.mx/nota_detalle.php?codigo=5796062&fecha=12/08/2026,2026-08-12,2026-09-28,Entidad incluida en la relación anual oficial 2026.,"Localizar y cargar estatuto, reglamento o manual vigente; órganos de gobierno, estructura interna y sedes."
2,Paraestatales y empresas públicas federales,para-active-158,"El Colegio de la Frontera Norte, A.C.",Parcial,Ficha institucional,0,0,0,Relación de las Entidades Paraestatales de la Administración Pública Federal,https://dof.gob.mx/nota_detalle.php?codigo=5796062&fecha=12/08/2026,2026-08-12,2026-09-28,Entidad incluida en la relación anual oficial 2026.,"Localizar y cargar estatuto, reglamento o manual vigente; órganos de gobierno, estructura interna y sedes."
2,Paraestatales y empresas públicas federales,para-active-159,"El Colegio de Michoacán, A.C.",Parcial,Ficha institucional,0,0,0,Relación de las Entidades Paraestatales de la Administración Pública Federal,https://dof.gob.mx/nota_detalle.php?codigo=5796062&fecha=12/08/2026,2026-08-12,2026-09-28,Entidad incluida en la relación anual oficial 2026.,"Localizar y cargar estatuto, reglamento o manual vigente; órganos de gobierno, estructura interna y sedes."
2,Paraestatales y empresas públicas federales,para-active-160,"El Colegio de San Luis, A.C.",Parcial,Ficha institucional,0,0,0,Relación de las Entidades Paraestatales de la Administración Pública Federal,https://dof.gob.mx/nota_detalle.php?codigo=5796062&fecha=12/08/2026,2026-08-12,2026-09-28,Entidad incluida en la relación anual oficial 2026.,"Localizar y cargar estatuto, reglamento o manual vigente; órganos de gobierno, estructura interna y sedes."
2,Paraestatales y empresas públicas federales,para-active-161,"InnovaBienestar de México, S.A.P.I. de C.V.",Parcial,Ficha institucional,0,0,0,Relación de las Entidades Paraestatales de la Administración Pública Federal,https://dof.gob.mx/nota_detalle.php?codigo=5796062&fecha=12/08/2026,2026-08-12,2026-09-28,Entidad incluida en la relación anual oficial 2026.,"Localizar y cargar estatuto, reglamento o manual vigente; órganos de gobierno, estructura interna y sedes."
2,Paraestatales y empresas públicas federales,para-active-162,"Instituto de Ecología, A.C.",Parcial,Ficha institucional,0,0,0,Relación de las Entidades Paraestatales de la Administración Pública Federal,https://dof.gob.mx/nota_detalle.php?codigo=5796062&fecha=12/08/2026,2026-08-12,2026-09-28,Entidad incluida en la relación anual oficial 2026.,"Localizar y cargar estatuto, reglamento o manual vigente; órganos de gobierno, estructura interna y sedes."
2,Paraestatales y empresas públicas federales,para-active-163,"Instituto Potosino de Investigación Científica y Tecnológica, A.C.",Parcial,Ficha institucional,0,0,0,Relación de las Entidades Paraestatales de la Administración Pública Federal,https://dof.gob.mx/nota_detalle.php?codigo=5796062&fecha=12/08/2026,2026-08-12,2026-09-28,Entidad incluida en la relación anual oficial 2026.,"Localizar y cargar estatuto, reglamento o manual vigente; órganos de gobierno, estructura interna y sedes."
2,Paraestatales y empresas públicas federales,para-active-164,Fideicomiso Universidad Marítima y Portuaria de México,Parcial,Ficha institucional,0,0,0,Relación de las Entidades Paraestatales de la Administración Pública Federal,https://dof.gob.mx/nota_detalle.php?codigo=5796062&fecha=12/08/2026,2026-08-12,2026-09-28,Entidad incluida en la relación anual oficial 2026.,"Localizar y cargar estatuto, reglamento o manual vigente; órganos de gobierno, estructura interna y sedes."
2,Paraestatales y empresas públicas federales,para-active-165,Fondo de Capitalización e Inversión del Sector Rural,Parcial,Ficha institucional,0,0,0,Relación de las Entidades Paraestatales de la Administración Pública Federal,https://dof.gob.mx/nota_detalle.php?codigo=5796062&fecha=12/08/2026,2026-08-12,2026-09-28,Entidad incluida en la relación anual oficial 2026.,"Localizar y cargar estatuto, reglamento o manual vigente; órganos de gobierno, estructura interna y sedes."
2,Paraestatales y empresas públicas federales,para-active-166,Fideicomiso de Riesgo Compartido,Parcial,Ficha institucional,0,0,0,Relación de las Entidades Paraestatales de la Administración Pública Federal,https://dof.gob.mx/nota_detalle.php?codigo=5796062&fecha=12/08/2026,2026-08-12,2026-09-28,Entidad incluida en la relación anual oficial 2026.,"Localizar y cargar estatuto, reglamento o manual vigente; órganos de gobierno, estructura interna y sedes."
2,Paraestatales y empresas públicas federales,para-active-167,Fideicomiso de los Sistemas Normalizado de Competencia Laboral y de Certificación de Competencia Laboral,Parcial,Ficha institucional,0,0,0,Relación de las Entidades Paraestatales de la Administración Pública Federal,https://dof.gob.mx/nota_detalle.php?codigo=5796062&fecha=12/08/2026,2026-08-12,2026-09-28,Entidad incluida en la relación anual oficial 2026.,"Localizar y cargar estatuto, reglamento o manual vigente; órganos de gobierno, estructura interna y sedes."
2,Paraestatales y empresas públicas federales,para-active-168,Fideicomiso Fondo Nacional de Fomento Ejidal,Parcial,Ficha institucional,0,0,0,Relación de las Entidades Paraestatales de la Administración Pública Federal,https://dof.gob.mx/nota_detalle.php?codigo=5796062&fecha=12/08/2026,2026-08-12,2026-09-28,Entidad incluida en la relación anual oficial 2026.,"Localizar y cargar estatuto, reglamento o manual vigente; órganos de gobierno, estructura interna y sedes."
2,Paraestatales y empresas públicas federales,para-active-169,Fideicomiso para la Cineteca Nacional,Parcial,Ficha institucional,0,0,0,Relación de las Entidades Paraestatales de la Administración Pública Federal,https://dof.gob.mx/nota_detalle.php?codigo=5796062&fecha=12/08/2026,2026-08-12,2026-09-28,Entidad incluida en la relación anual oficial 2026.,"Localizar y cargar estatuto, reglamento o manual vigente; órganos de gobierno, estructura interna y sedes."
2,Paraestatales y empresas públicas federales,para-active-170,Fondo Nacional para el Fomento de las Artesanías,Parcial,Ficha institucional,0,0,0,Relación de las Entidades Paraestatales de la Administración Pública Federal,https://dof.gob.mx/nota_detalle.php?codigo=5796062&fecha=12/08/2026,2026-08-12,2026-09-28,Entidad incluida en la relación anual oficial 2026.,"Localizar y cargar estatuto, reglamento o manual vigente; órganos de gobierno, estructura interna y sedes."
2,Paraestatales y empresas públicas federales,para-active-171,Fondo Nacional de Fomento al Turismo,Parcial,Ficha institucional,0,0,0,Relación de las Entidades Paraestatales de la Administración Pública Federal,https://dof.gob.mx/nota_detalle.php?codigo=5796062&fecha=12/08/2026,2026-08-12,2026-09-28,Entidad incluida en la relación anual oficial 2026.,"Localizar y cargar estatuto, reglamento o manual vigente; órganos de gobierno, estructura interna y sedes."
2,Paraestatales y empresas públicas federales,para-active-172,Fondo para el Desarrollo de Recursos Humanos,Parcial,Ficha institucional,0,0,0,Relación de las Entidades Paraestatales de la Administración Pública Federal,https://dof.gob.mx/nota_detalle.php?codigo=5796062&fecha=12/08/2026,2026-08-12,2026-09-28,Entidad incluida en la relación anual oficial 2026.,"Localizar y cargar estatuto, reglamento o manual vigente; órganos de gobierno, estructura interna y sedes."
2,Paraestatales y empresas públicas federales,para-active-173,INFOTEC Centro de Investigación e Innovación en Tecnologías de la Información y Comunicación,Parcial,Ficha institucional,0,0,0,Relación de las Entidades Paraestatales de la Administración Pública Federal,https://dof.gob.mx/nota_detalle.php?codigo=5796062&fecha=12/08/2026,2026-08-12,2026-09-28,Entidad incluida en la relación anual oficial 2026.,"Localizar y cargar estatuto, reglamento o manual vigente; órganos de gobierno, estructura interna y sedes."
2,Paraestatales y empresas públicas federales,para-active-174,"Fondo de Garantía y Fomento para la Agricultura, Ganadería y Avicultura",Parcial,Ficha institucional,0,0,0,Relación de las Entidades Paraestatales de la Administración Pública Federal,https://dof.gob.mx/nota_detalle.php?codigo=5796062&fecha=12/08/2026,2026-08-12,2026-09-28,Entidad incluida en la relación anual oficial 2026.,"Localizar y cargar estatuto, reglamento o manual vigente; órganos de gobierno, estructura interna y sedes."
2,Paraestatales y empresas públicas federales,para-active-175,Fondo de Garantía y Fomento para las Actividades Pesqueras,Parcial,Ficha institucional,0,0,0,Relación de las Entidades Paraestatales de la Administración Pública Federal,https://dof.gob.mx/nota_detalle.php?codigo=5796062&fecha=12/08/2026,2026-08-12,2026-09-28,Entidad incluida en la relación anual oficial 2026.,"Localizar y cargar estatuto, reglamento o manual vigente; órganos de gobierno, estructura interna y sedes."
2,Paraestatales y empresas públicas federales,para-active-176,Fondo de Operación y Financiamiento Bancario a la Vivienda,Parcial,Ficha institucional,0,0,0,Relación de las Entidades Paraestatales de la Administración Pública Federal,https://dof.gob.mx/nota_detalle.php?codigo=5796062&fecha=12/08/2026,2026-08-12,2026-09-28,Entidad incluida en la relación anual oficial 2026.,"Localizar y cargar estatuto, reglamento o manual vigente; órganos de gobierno, estructura interna y sedes."
2,Paraestatales y empresas públicas federales,para-active-177,Fondo Especial de Asistencia Técnica y Garantía para Créditos Agropecuarios,Parcial,Ficha institucional,0,0,0,Relación de las Entidades Paraestatales de la Administración Pública Federal,https://dof.gob.mx/nota_detalle.php?codigo=5796062&fecha=12/08/2026,2026-08-12,2026-09-28,Entidad incluida en la relación anual oficial 2026.,"Localizar y cargar estatuto, reglamento o manual vigente; órganos de gobierno, estructura interna y sedes."
2,Paraestatales y empresas públicas federales,para-active-178,Fondo Especial para Financiamientos Agropecuarios,Parcial,Ficha institucional,0,0,0,Relación de las Entidades Paraestatales de la Administración Pública Federal,https://dof.gob.mx/nota_detalle.php?codigo=5796062&fecha=12/08/2026,2026-08-12,2026-09-28,Entidad incluida en la relación anual oficial 2026.,"Localizar y cargar estatuto, reglamento o manual vigente; órganos de gobierno, estructura interna y sedes."
2,Paraestatales y empresas públicas federales,para-active-179,Fideicomiso de Fomento Minero,Parcial,Ficha institucional,0,0,0,Relación de las Entidades Paraestatales de la Administración Pública Federal,https://dof.gob.mx/nota_detalle.php?codigo=5796062&fecha=12/08/2026,2026-08-12,2026-09-28,Entidad incluida en la relación anual oficial 2026.,"Localizar y cargar estatuto, reglamento o manual vigente; órganos de gobierno, estructura interna y sedes."
2,Paraestatales y empresas públicas federales,para-active-180,Comisión Federal de Electricidad,Parcial,Desglose documental parcial,68,15,0,Relación de las Entidades Paraestatales de la Administración Pública Federal,https://dof.gob.mx/nota_detalle.php?codigo=5796062&fecha=12/08/2026,2026-08-12,2026-09-28,"Estatuto 02-06-2025: estructura básica y áreas adscritas hasta coordinación, más cinco filiales. Unidades inferiores pendientes.","Completar manuales específicos, niveles inferiores y red territorial; cotejar reformas posteriores."
2,Paraestatales y empresas públicas federales,para-active-181,Petróleos Mexicanos,Parcial,Desglose documental parcial,328,13,0,Relación de las Entidades Paraestatales de la Administración Pública Federal,https://dof.gob.mx/nota_detalle.php?codigo=5796062&fecha=12/08/2026,2026-08-12,2026-09-28,"Estatuto 25-09-2026, art. 27: estructura orgánica básica cargada hasta gerencias y activos; unidades inferiores no enumeradas pendientes.","Completar manuales específicos, niveles inferiores y red territorial; cotejar reformas posteriores."
3,Poder Legislativo federal,dip,Cámara de Diputados,Parcial,Desglose documental parcial,404,6,320,"Manual General de Organización de la Cámara de Diputados, actualización 18 de julio de 2023",https://www.diputados.gob.mx/LeyesBiblio/marjur/marco/MGOCD.pdf,2023-07-18,2026-09-29,"Manual 2023 hasta departamentos, órganos de gobierno y comisiones previstas en ley. Adscripciones intermedias y acuerdos actuales de comisiones pendientes.",Resolver adscripciones intermedias de unidades sin código; cotejar reformas al manual y comisiones vigentes de la LXVI Legislatura.
3,Poder Legislativo federal,sen,Cámara de Senadores,Parcial,Desglose documental parcial,33,6,0,"Ley Orgánica del Congreso General de los Estados Unidos Mexicanos, texto vigente",https://www.diputados.gob.mx/LeyesBiblio/pdf/LOCGEUM.pdf,2025-07-07,2026-09-29,"Órganos de gobierno, dos secretarías generales, Contraloría y comisiones previstas en ley. Manual administrativo 2024 y acuerdos actuales de comisiones pendientes de incorporación.",Incorporar el Manual General 2024 y su organigrama; cotejar comisiones vigentes e integración de la LXVI Legislatura.
3,Poder Legislativo federal,leg-asf,Auditoría Superior de la Federación,Parcial,Desglose documental parcial,56,17,41,Reglamento Interior de la Auditoría Superior de la Federación,https://sidof.segob.gob.mx/notas/docFuente/5783864,2026-04-01,2026-09-29,Unidades y direcciones del reglamento de abril de 2026. Adscripciones intermedias y manuales específicos de niveles inferiores pendientes.,"Completar manuales específicos hasta áreas, subdirecciones y departamentos; cotejar las adscripciones agrupadas por artículo 3."
4,Poder Judicial federal,jud-0,Suprema Corte de Justicia de la Nación,Parcial,Desglose documental parcial,20,8,18,"SCJN: órganos y áreas, información actualizada a junio de 2026",https://www.scjn.gob.mx/transparencia/consulta-informacion/organos-y-areas,2026-06-30,2026-09-29,"Pleno, Presidencia, áreas y direcciones del catálogo 2026. Las unidades transferidas se ubican en OAJ o TDJ. Manuales específicos adicionales pendientes.","Completar manuales específicos, niveles inferiores y red territorial; cotejar reformas posteriores."
4,Poder Judicial federal,jud-1,Tribunal Electoral,Parcial,Desglose documental parcial,13,2,5,"Ley Orgánica del Poder Judicial de la Federación, texto vigente",https://www.diputados.gob.mx/LeyesBiblio/pdf/LOPJF.pdf,2025-11-28,2026-09-29,"Sala Superior, cinco sedes regionales y apoyo jurisdiccional. Administración, salas adicionales y cambios derivados de la reforma pendientes de cotejo.","Completar manuales específicos, niveles inferiores y red territorial; cotejar reformas posteriores."
4,Poder Judicial federal,jud-oaj,Órgano de Administración Judicial,Parcial,Desglose documental parcial,28,9,6,"Ley Orgánica del Poder Judicial de la Federación, texto vigente",https://www.diputados.gob.mx/LeyesBiblio/pdf/LOPJF.pdf,2025-11-28,2026-09-29,"Órganos superiores y auxiliares, Unidad de Administración de la SCJN y direcciones; manual específico de Planeación de septiembre de 2026. Estructura administrativa restante pendiente.","Completar manuales específicos, niveles inferiores y red territorial; cotejar reformas posteriores."
4,Poder Judicial federal,jud-tdj,Tribunal de Disciplina Judicial,Parcial,Desglose documental parcial,29,5,0,Reglamento Interior del Tribunal de Disciplina Judicial,https://sidof.segob.gob.mx/notas/docFuente/5793283,2026-07-10,2026-09-29,"Organización del reglamento de julio de 2026: presidencia, secretarías, comisiones, órganos de evaluación e investigación y sus direcciones. Áreas inferiores pendientes.","Completar manuales específicos, niveles inferiores y red territorial; cotejar reformas posteriores."
4,Poder Judicial federal,jud-2,Plenos Regionales,Parcial,Directorio; operación individual por cotejar,0,0,0,"Directorio oficial de órganos jurisdiccionales del OAJ, consulta de los 32 circuitos",https://www.oaj.gob.mx/DIrectorios/OrgJurisdiccionales.aspx,,2026-09-29,"Registros individualizados del directorio por tipo, con sede y fecha de actualización cuando está disponible. Operación de cada órgano por cotejar.","Verificar operación vigente, cierres, fusiones y especialización de cada registro; incorporar acuerdos territoriales y jurisdiccionales."
4,Poder Judicial federal,jud-3,Tribunales Colegiados de Circuito,Parcial,Directorio; operación individual por cotejar,270,270,0,"Directorio oficial de órganos jurisdiccionales del OAJ, consulta de los 32 circuitos",https://www.oaj.gob.mx/DIrectorios/OrgJurisdiccionales.aspx,,2026-09-29,"Registros individualizados del directorio por tipo, con sede y fecha de actualización cuando está disponible. Operación de cada órgano por cotejar.","Verificar operación vigente, cierres, fusiones y especialización de cada registro; incorporar acuerdos territoriales y jurisdiccionales."
4,Poder Judicial federal,jud-4,Tribunales Colegiados de Apelación,Parcial,Directorio; operación individual por cotejar,39,39,0,"Directorio oficial de órganos jurisdiccionales del OAJ, consulta de los 32 circuitos",https://www.oaj.gob.mx/DIrectorios/OrgJurisdiccionales.aspx,,2026-09-29,"Registros individualizados del directorio por tipo, con sede y fecha de actualización cuando está disponible. Operación de cada órgano por cotejar.","Verificar operación vigente, cierres, fusiones y especialización de cada registro; incorporar acuerdos territoriales y jurisdiccionales."
4,Poder Judicial federal,jud-5,Juzgados de Distrito,Parcial,Directorio; operación individual por cotejar,446,446,0,"Directorio oficial de órganos jurisdiccionales del OAJ, consulta de los 32 circuitos",https://www.oaj.gob.mx/DIrectorios/OrgJurisdiccionales.aspx,,2026-09-29,"Registros individualizados del directorio por tipo, con sede y fecha de actualización cuando está disponible. Operación de cada órgano por cotejar.","Verificar operación vigente, cierres, fusiones y especialización de cada registro; incorporar acuerdos territoriales y jurisdiccionales."
4,Poder Judicial federal,jud-laboral,Tribunales laborales federales,Parcial,Directorio; operación individual por cotejar,133,133,0,"Directorio oficial de órganos jurisdiccionales del OAJ, consulta de los 32 circuitos",https://www.oaj.gob.mx/DIrectorios/OrgJurisdiccionales.aspx,,2026-09-29,"Registros individualizados del directorio por tipo, con sede y fecha de actualización cuando está disponible. Operación de cada órgano por cotejar.","Verificar operación vigente, cierres, fusiones y especialización de cada registro; incorporar acuerdos territoriales y jurisdiccionales."
4,Poder Judicial federal,jud-cjpf,Centros de Justicia Penal Federal,Parcial,Directorio; operación individual por cotejar,42,42,0,"Directorio oficial de órganos jurisdiccionales del OAJ, consulta de los 32 circuitos",https://www.oaj.gob.mx/DIrectorios/OrgJurisdiccionales.aspx,,2026-09-29,"Registros individualizados del directorio por tipo, con sede y fecha de actualización cuando está disponible. Operación de cada órgano por cotejar.","Verificar operación vigente, cierres, fusiones y especialización de cada registro; incorporar acuerdos territoriales y jurisdiccionales."
4,Poder Judicial federal,jud-directorio-otros,Otros órganos del directorio judicial,Parcial,Directorio; operación individual por cotejar,0,0,0,"Directorio oficial de órganos jurisdiccionales del OAJ, consulta de los 32 circuitos",https://www.oaj.gob.mx/DIrectorios/OrgJurisdiccionales.aspx,,2026-09-29,"Registros individualizados del directorio por tipo, con sede y fecha de actualización cuando está disponible. Operación de cada órgano por cotejar.","Verificar operación vigente, cierres, fusiones y especialización de cada registro; incorporar acuerdos territoriales y jurisdiccionales."
5,Autónomos y regímenes especiales federales,aut-ine,Instituto Nacional Electoral,Parcial,Desglose documental parcial,50,18,13,"Reglamento Interior del Instituto Nacional Electoral, texto vigente septiembre de 2026",https://sidj.ine.mx/restWSsidj-nc/app/doc/663/20/1,2026-09,2026-09-29,"Órganos centrales y 32 juntas locales previstas en la ley. Comisiones, vocalías, juntas distritales y áreas inferiores pendientes.","Completar manuales específicos, niveles inferiores y red territorial; cotejar reformas posteriores."
5,Autónomos y regímenes especiales federales,aut-snieg,Instituto Nacional de Estadística y Geografía (INEGI),Parcial,Desglose documental parcial,61,17,17,"Manual de Organización General del INEGI, actualización mayo de 2026",https://sc.inegi.org.mx/repositorioNormateca/MOG2026.pdf,2026-05,2026-09-29,"Estructura de mayo de 2026, incluida evaluación y medición de pobreza. Manuales específicos y coordinaciones estatales pendientes.","Completar manuales específicos, niveles inferiores y red territorial; cotejar reformas posteriores."
5,Autónomos y regímenes especiales federales,aut-banxico,Banco de México,Parcial,Desglose documental parcial,734,2,0,"Banco de México: organigrama institucional vigente, consulta 29-09-2026",https://www.banxico.org.mx/organigrama/organigrama.jsp,,2026-09-29,Jerarquía del organigrama público hasta oficinas. No equivale a una plantilla de plazas ni a número de personas empleadas.,"Completar manuales específicos, niveles inferiores y red territorial; cotejar reformas posteriores."
5,Autónomos y regímenes especiales federales,aut-cndh,Comisión Nacional de los Derechos Humanos,Parcial,Desglose documental parcial,20,9,0,"Reglamento Interno de la CNDH, compilación hasta 10 de agosto de 2023",https://hist.cndh.org.mx/sites/default/files/documentos/2019-04/Reglamento_CNDH.pdf,2023-08-10,2026-09-29,Órganos superiores y unidades del reglamento compilado a agosto de 2023. Cotejo de reformas posteriores y subestructura pendiente.,"Completar manuales específicos, niveles inferiores y red territorial; cotejar reformas posteriores."
5,Autónomos y regímenes especiales federales,aut-fgr,Fiscalía General de la República,Parcial,Desglose documental parcial,203,14,0,"Reforma al Estatuto Orgánico de la FGR, 14 de abril de 2026",https://sidof.segob.gob.mx/notas/docFuente/5784767,2026-04-14,2026-09-29,"Estructura enumerada en el Estatuto, incluidas fiscalías federales y jefaturas policiales en las 32 entidades. Manuales específicos, sedes físicas y plazas pendientes.","Completar manuales específicos, niveles inferiores y red territorial; cotejar reformas posteriores."
5,Autónomos y regímenes especiales federales,special-tfja,Tribunal Federal de Justicia Administrativa,Parcial,Desglose documental parcial,16,16,13,"Ley Orgánica del Tribunal Federal de Justicia Administrativa, texto vigente",https://www.diputados.gob.mx/LeyesBiblio/pdf/LOTFJA.pdf,,2026-09-29,Nivel documentado. La subestructura pendiente se informa en Cobertura federal.,"Completar reglamento, manual y catálogo de salas, unidades, sedes o facultades según su régimen; no se considera agotado este universo."
5,Autónomos y regímenes especiales federales,special-agrarios,Tribunales Agrarios,Parcial,Desglose documental parcial,3,2,0,Reglamento Interior de los Tribunales Agrarios,https://dof.gob.mx/2024/TSA/Reglamento-Tribunalesagrarios4-06-2024.pdf,2024-06-28,2026-09-29,Nivel documentado. La subestructura pendiente se informa en Cobertura federal.,"Completar reglamento, manual y catálogo de salas, unidades, sedes o facultades según su régimen; no se considera agotado este universo."
5,Autónomos y regímenes especiales federales,special-tfca,Tribunal Federal de Conciliación y Arbitraje,Parcial,Desglose documental parcial,5,5,0,"Ley Federal de los Trabajadores al Servicio del Estado, texto vigente",https://www.diputados.gob.mx/LeyesBiblio/pdf/LFTSE.pdf,2026-01-15,2026-09-29,Nivel documentado. La subestructura pendiente se informa en Cobertura federal.,"Completar reglamento, manual y catálogo de salas, unidades, sedes o facultades según su régimen; no se considera agotado este universo."
5,Autónomos y regímenes especiales federales,special-unam,Universidad Nacional Autónoma de México,Parcial,Desglose documental parcial,5,5,0,Ley Orgánica de la Universidad Nacional Autónoma de México,https://www.diputados.gob.mx/LeyesBiblio/pdf/158.pdf,1945-01-06,2026-09-29,Nivel documentado. La subestructura pendiente se informa en Cobertura federal.,"Completar reglamento, manual y catálogo de salas, unidades, sedes o facultades según su régimen; no se considera agotado este universo."
5,Autónomos y regímenes especiales federales,special-chapingo,Universidad Autónoma Chapingo,Parcial,Desglose documental parcial,2,2,0,Ley que crea la Universidad Autónoma Chapingo,https://www.diputados.gob.mx/LeyesBiblio/pdf/195.pdf,2007-12-30,2026-09-29,Nivel documentado. La subestructura pendiente se informa en Cobertura federal.,"Completar reglamento, manual y catálogo de salas, unidades, sedes o facultades según su régimen; no se considera agotado este universo."
