id,nombre,nombre_corto,bloque,tipo,id_padre,padre,nivel,fundamento,fuente_codigo,fuente_nombre,fuente_url,fuente_fecha,verificado,cobertura,titular,titular_fuente_url,titular_fecha_verificacion,fecha_verificacion,notas,fecha_inicio,fecha_fin,tipo_cambio,id_predecesora
exec-root,Poder Ejecutivo de la Unión,Poder Ejecutivo,Poder Ejecutivo,Poder,,Estado mexicano,1,CPEUM arts. 49,CPEUM,Constitución Política de los Estados Unidos Mexicanos,https://www.diputados.gob.mx/LeyesBiblio/pdf/CPEUM.pdf,2026-03-03,Sí,Registro base verificado,,,,2026-09-25,,,,,
apf-central,Administración Pública Federal Centralizada,APF Centralizada,Poder Ejecutivo,Rama administrativa,exec-root,Poder Ejecutivo de la Unión,2,LOAPF arts. 1 y 2,LOAPF,Ley Orgánica de la Administración Pública Federal,https://www.diputados.gob.mx/LeyesBiblio/pdf/LOAPF.pdf,,Sí,Registro base verificado,,,,2026-09-25,,,,,
presidencia,Oficina de la Presidencia de la República,Presidencia,Poder Ejecutivo,Órgano superior,apf-central,Administración Pública Federal Centralizada,3,LOAPF arts. 1 y 8,LOAPF,Ley Orgánica de la Administración Pública Federal,https://www.diputados.gob.mx/LeyesBiblio/pdf/LOAPF.pdf,,Sí,Registro base verificado,,,,2026-09-25,,,,,
cjer,Consejería Jurídica del Ejecutivo Federal,CJEF,Poder Ejecutivo,Dependencia centralizada,apf-central,Administración Pública Federal Centralizada,3,"LOAPF arts. 1, 2 y 4",LOAPF,Ley Orgánica de la Administración Pública Federal,https://www.diputados.gob.mx/LeyesBiblio/pdf/LOAPF.pdf,,Sí,Registro base verificado,,,,2026-09-25,,,,,
sec-0,Secretaría de Gobernación,SEGOB,Poder Ejecutivo,Secretaría de Estado,apf-central,Administración Pública Federal Centralizada,3,LOAPF art. 26,RI_SEGOB_2025,Reglamento Interior de la Secretaría de Gobernación,https://dof.gob.mx/abrirPDF.php?anio=2025&archivo=21032025-VES.pdf&repo=repositorio%2F,2025-03-21,Sí,Estructura básica y órganos administrativos desconcentrados cargados con base en el artículo 3 del RI 2025,,,,2026-09-25,"V0.3 incorpora unidades superiores, unidades adscritas inmediatas y los ocho OAD enumerados en el artículo 3; niveles inferiores no se consideran exhaustivos.",,,,
sec-1,Secretaría de Relaciones Exteriores,SRE,Poder Ejecutivo,Secretaría de Estado,apf-central,Administración Pública Federal Centralizada,3,LOAPF art. 26,LOAPF,Ley Orgánica de la Administración Pública Federal,https://www.diputados.gob.mx/LeyesBiblio/pdf/LOAPF.pdf,,Sí,Raíz/base legal; desagregación pendiente,,,,2026-09-25,,,,,
sec-2,Secretaría de la Defensa Nacional,Defensa,Poder Ejecutivo,Secretaría de Estado,apf-central,Administración Pública Federal Centralizada,3,LOAPF art. 26,LOAPF,Ley Orgánica de la Administración Pública Federal,https://www.diputados.gob.mx/LeyesBiblio/pdf/LOAPF.pdf,,Sí,Raíz/base legal; desagregación pendiente,,,,2026-09-25,,,,,
sec-3,Secretaría de Marina,Marina,Poder Ejecutivo,Secretaría de Estado,apf-central,Administración Pública Federal Centralizada,3,LOAPF art. 26,LOAPF,Ley Orgánica de la Administración Pública Federal,https://www.diputados.gob.mx/LeyesBiblio/pdf/LOAPF.pdf,,Sí,Raíz/base legal; desagregación pendiente,,,,2026-09-25,,,,,
sec-4,Secretaría de Seguridad y Protección Ciudadana,SSPC,Poder Ejecutivo,Secretaría de Estado,apf-central,Administración Pública Federal Centralizada,3,LOAPF art. 26,LOAPF,Ley Orgánica de la Administración Pública Federal,https://www.diputados.gob.mx/LeyesBiblio/pdf/LOAPF.pdf,,Sí,Raíz/base legal; desagregación pendiente,,,,2026-09-25,,,,,
sec-5,Secretaría de Hacienda y Crédito Público,SHCP,Poder Ejecutivo,Secretaría de Estado,apf-central,Administración Pública Federal Centralizada,3,LOAPF art. 26,RI_SHCP_2025,Decreto de reforma al Reglamento Interior de la Secretaría de Hacienda y Crédito Público,https://www.dof.gob.mx/nota_detalle.php?codigo=5750009&fecha=24/02/2025,2025-02-24,Sí,Estructura superior avanzada reconstruida con el RI reformado en 2025; OAD y varias direcciones especializadas aún pendientes,,,,2026-09-25,"La v0.3 incorpora niveles superiores y unidades adscritas explícitamente identificables en el artículo 50 (régimen de suplencias), que se usa como evidencia auxiliar de adscripción; queda pendiente contraste integral con el artículo 4 y manuales.",,,,
sec-6,Secretaría de Bienestar,Bienestar,Poder Ejecutivo,Secretaría de Estado,apf-central,Administración Pública Federal Centralizada,3,LOAPF art. 26,LOAPF,Ley Orgánica de la Administración Pública Federal,https://www.diputados.gob.mx/LeyesBiblio/pdf/LOAPF.pdf,,Sí,Raíz/base legal; desagregación pendiente,,,,2026-09-25,,,,,
sec-7,Secretaría de Medio Ambiente y Recursos Naturales,SEMARNAT,Poder Ejecutivo,Secretaría de Estado,apf-central,Administración Pública Federal Centralizada,3,LOAPF art. 26,RI_SEMARNAT_2025,Reglamento Interior de la Secretaría de Medio Ambiente y Recursos Naturales,https://www.dof.gob.mx/abrirPDF.php?anio=2025&archivo=14032025-MAT.pdf&repo=repositorio%2F,2025-03-14,Sí,"Estructura básica del artículo 3 cargada, incluidos cuatro órganos administrativos desconcentrados",,,,2026-09-25,V0.3 reconstruye la estructura básica expresamente enumerada por el artículo 3 del Reglamento Interior de 2025.,,,,
sec-8,Secretaría de Energía,SENER,Poder Ejecutivo,Secretaría de Estado,apf-central,Administración Pública Federal Centralizada,3,LOAPF art. 26,LOAPF,Ley Orgánica de la Administración Pública Federal,https://www.diputados.gob.mx/LeyesBiblio/pdf/LOAPF.pdf,,Sí,Cobertura parcial avanzada: nivel superior y ramas de Planeación/Transición y Electricidad,Luz Elena González Escobar,https://www.gob.mx/sener/es/articulos/gobierno-de-mexico-avanza-en-soberania-energetica-con-el-fortalecimiento-de-pemex-y-cfe,2026-09-25,2026-09-25,,,,,
sec-9,Secretaría de Economía,Economía,Poder Ejecutivo,Secretaría de Estado,apf-central,Administración Pública Federal Centralizada,3,LOAPF art. 26,LOAPF,Ley Orgánica de la Administración Pública Federal,https://www.diputados.gob.mx/LeyesBiblio/pdf/LOAPF.pdf,,Sí,Raíz/base legal; desagregación pendiente,,,,2026-09-25,,,,,
sec-10,Secretaría de Agricultura y Desarrollo Rural,Agricultura,Poder Ejecutivo,Secretaría de Estado,apf-central,Administración Pública Federal Centralizada,3,LOAPF art. 26,LOAPF,Ley Orgánica de la Administración Pública Federal,https://www.diputados.gob.mx/LeyesBiblio/pdf/LOAPF.pdf,,Sí,Raíz/base legal; desagregación pendiente,,,,2026-09-25,,,,,
sec-11,"Secretaría de Infraestructura, Comunicaciones y Transportes",SICT,Poder Ejecutivo,Secretaría de Estado,apf-central,Administración Pública Federal Centralizada,3,LOAPF art. 26,RI_SICT_2026,"Reglamento Interior de la Secretaría de Infraestructura, Comunicaciones y Transportes",https://www.dof.gob.mx/abrirPDF.php?anio=2026&archivo=09062026-VES.pdf&repo=repositorio%2F,2026-06-09,Sí,Nivel superior y ramas principales parcialmente cargados con el Reglamento Interior nuevo de 09/06/2026,,,,2026-09-25,La v0.3 incorpora las dos subsecretarías y unidades verificadas con evidencia oficial; la transcripción completa del artículo 3 continúa en la siguiente iteración.,,,,
sec-12,Secretaría Anticorrupción y Buen Gobierno,Buen Gobierno,Poder Ejecutivo,Secretaría de Estado,apf-central,Administración Pública Federal Centralizada,3,LOAPF art. 26,RI_SABG_2024_2025,Reforma al Reglamento Interior de la Secretaría Anticorrupción y Buen Gobierno,https://dof.gob.mx/nota_detalle.php?codigo=5752650&fecha=21/03/2025,2025-03-21,Sí,Estructura básica central y órgano desconcentrado Transparencia para el Pueblo cargados; direcciones subordinadas no exhaustivas,,,,2026-09-25,"Base reglamentaria de 31/12/2024 leída junto con reforma de 21/03/2025, que añadió funciones/unidades y el OAD Transparencia para el Pueblo.",,,,
sec-13,Secretaría de Educación Pública,SEP,Poder Ejecutivo,Secretaría de Estado,apf-central,Administración Pública Federal Centralizada,3,LOAPF art. 26,RI_SEP_2025,Reforma al Reglamento Interior de la Secretaría de Educación Pública,https://www.dof.gob.mx/nota_detalle.php?codigo=5769097&fecha=03/10/2025,2025-10-03,Sí,Nivel superior actualizado con la reforma del Reglamento Interior de 03/10/2025; direcciones generales y OAD pendientes de carga sistemática,,,,2026-09-25,La v0.3 prioriza las unidades superiores expresamente confirmadas por los artículos reformados; no se presenta como estructura completa de SEP.,,,,
sec-14,"Secretaría de Ciencia, Humanidades, Tecnología e Innovación",SECIHTI,Poder Ejecutivo,Secretaría de Estado,apf-central,Administración Pública Federal Centralizada,3,LOAPF art. 26,LOAPF,Ley Orgánica de la Administración Pública Federal,https://www.diputados.gob.mx/LeyesBiblio/pdf/LOAPF.pdf,,Sí,Raíz/base legal; desagregación pendiente,,,,2026-09-25,,,,,
sec-15,Secretaría de Salud,Salud,Poder Ejecutivo,Secretaría de Estado,apf-central,Administración Pública Federal Centralizada,3,LOAPF art. 26,LOAPF,Ley Orgánica de la Administración Pública Federal,https://www.diputados.gob.mx/LeyesBiblio/pdf/LOAPF.pdf,,Sí,"Estructura superior (artículo 2, apartado A) cargada; apartados B y C pendientes",David Kershenobich,https://www.gob.mx/salud/prensa/256-mexico-y-brasil-estrechan-su-cooperacion-en-salud,2026-09-25,2026-09-25,,,,,
sec-16,Secretaría del Trabajo y Previsión Social,STPS,Poder Ejecutivo,Secretaría de Estado,apf-central,Administración Pública Federal Centralizada,3,LOAPF art. 26,LOAPF,Ley Orgánica de la Administración Pública Federal,https://www.diputados.gob.mx/LeyesBiblio/pdf/LOAPF.pdf,,Sí,Raíz/base legal; desagregación pendiente,,,,2026-09-25,,,,,
sec-17,"Secretaría de Desarrollo Agrario, Territorial y Urbano",SEDATU,Poder Ejecutivo,Secretaría de Estado,apf-central,Administración Pública Federal Centralizada,3,LOAPF art. 26,LOAPF,Ley Orgánica de la Administración Pública Federal,https://www.diputados.gob.mx/LeyesBiblio/pdf/LOAPF.pdf,,Sí,Raíz/base legal; desagregación pendiente,,,,2026-09-25,,,,,
sec-18,Secretaría de Cultura,Cultura,Poder Ejecutivo,Secretaría de Estado,apf-central,Administración Pública Federal Centralizada,3,LOAPF art. 26,LOAPF,Ley Orgánica de la Administración Pública Federal,https://www.diputados.gob.mx/LeyesBiblio/pdf/LOAPF.pdf,,Sí,Raíz/base legal; desagregación pendiente,,,,2026-09-25,,,,,
sec-19,Secretaría de Turismo,Turismo,Poder Ejecutivo,Secretaría de Estado,apf-central,Administración Pública Federal Centralizada,3,LOAPF art. 26,LOAPF,Ley Orgánica de la Administración Pública Federal,https://www.diputados.gob.mx/LeyesBiblio/pdf/LOAPF.pdf,,Sí,Raíz/base legal; desagregación pendiente,,,,2026-09-25,,,,,
sec-20,Secretaría de las Mujeres,Mujeres,Poder Ejecutivo,Secretaría de Estado,apf-central,Administración Pública Federal Centralizada,3,LOAPF art. 26,LOAPF,Ley Orgánica de la Administración Pública Federal,https://www.diputados.gob.mx/LeyesBiblio/pdf/LOAPF.pdf,,Sí,Estructura jerárquica básica cargada con Reglamento Interior 2025 y Manual de Organización General 2026,Laura Itzel Castillo Juárez,https://www.gob.mx/mujeres/prensa/la-presidenta-claudia-sheinbaum-nombra-a-laura-itzel-castillo-como-nueva-titular-de-la-secretaria-de-las-mujeres-428572,2026-09-25,2026-09-25,,,,,
sec-21,Agencia de Transformación Digital y Telecomunicaciones,ATDT,Poder Ejecutivo,Agencia / dependencia del Ejecutivo Federal,apf-central,Administración Pública Federal Centralizada,3,LOAPF art. 26,LOAPF,Ley Orgánica de la Administración Pública Federal,https://www.diputados.gob.mx/LeyesBiblio/pdf/LOAPF.pdf,,Sí,Estructura administrativa base + actualización normativa posterior de órgano regulador; requiere seguimiento evolutivo,José Antonio Peña Merino,https://www.gob.mx/atdt/sobre-la-agencia,2026-09-25,2026-09-25,,,,,
apf-para,Administración Pública Federal Paraestatal,APF Paraestatal,Poder Ejecutivo,Rama administrativa,exec-root,Poder Ejecutivo de la Unión,2,LOAPF arts. 1 y 3,LOAPF,Ley Orgánica de la Administración Pública Federal,https://www.diputados.gob.mx/LeyesBiblio/pdf/LOAPF.pdf,,Sí,Registro base verificado,,,,2026-09-25,,,,,
leg-root,Congreso General de los Estados Unidos Mexicanos,Congreso de la Unión,Poder Legislativo,Poder,,Estado mexicano,1,CPEUM arts. 49 y 50,CPEUM,Constitución Política de los Estados Unidos Mexicanos,https://www.diputados.gob.mx/LeyesBiblio/pdf/CPEUM.pdf,2026-03-03,Sí,Registro base verificado,,,,2026-09-25,,,,,
dip,Cámara de Diputados,Diputados,Poder Legislativo,Cámara legislativa,leg-root,Congreso General de los Estados Unidos Mexicanos,2,CPEUM art. 50,CPEUM,Constitución Política de los Estados Unidos Mexicanos,https://www.diputados.gob.mx/LeyesBiblio/pdf/CPEUM.pdf,2026-03-03,Sí,Registro base verificado,,,,2026-09-25,,,,,
sen,Cámara de Senadores,Senado,Poder Legislativo,Cámara legislativa,leg-root,Congreso General de los Estados Unidos Mexicanos,2,CPEUM art. 50,CPEUM,Constitución Política de los Estados Unidos Mexicanos,https://www.diputados.gob.mx/LeyesBiblio/pdf/CPEUM.pdf,2026-03-03,Sí,Registro base verificado,,,,2026-09-25,,,,,
jud-root,Poder Judicial de la Federación,PJF,Poder Judicial,Poder,,Estado mexicano,1,CPEUM arts. 49 y 94,CPEUM,Constitución Política de los Estados Unidos Mexicanos,https://www.diputados.gob.mx/LeyesBiblio/pdf/CPEUM.pdf,2026-03-03,Sí,Registro base verificado,,,,2026-09-25,,,,,
jud-0,Suprema Corte de Justicia de la Nación,SCJN,Poder Judicial,Órgano jurisdiccional,jud-root,Poder Judicial de la Federación,2,CPEUM art. 94,CPEUM,Constitución Política de los Estados Unidos Mexicanos,https://www.diputados.gob.mx/LeyesBiblio/pdf/CPEUM.pdf,2026-03-03,Sí,Registro base verificado,,,,2026-09-25,,,,,
jud-1,Tribunal Electoral,TEPJF,Poder Judicial,Órgano jurisdiccional,jud-root,Poder Judicial de la Federación,2,CPEUM art. 94,CPEUM,Constitución Política de los Estados Unidos Mexicanos,https://www.diputados.gob.mx/LeyesBiblio/pdf/CPEUM.pdf,2026-03-03,Sí,Registro base verificado,,,,2026-09-25,,,,,
jud-2,Plenos Regionales,Plenos Regionales,Poder Judicial,Órgano jurisdiccional,jud-root,Poder Judicial de la Federación,2,CPEUM art. 94,CPEUM,Constitución Política de los Estados Unidos Mexicanos,https://www.diputados.gob.mx/LeyesBiblio/pdf/CPEUM.pdf,2026-03-03,Sí,Registro base verificado,,,,2026-09-25,,,,,
jud-3,Tribunales Colegiados de Circuito,Tribunales Colegiados de Ci…,Poder Judicial,Órgano jurisdiccional,jud-root,Poder Judicial de la Federación,2,CPEUM art. 94,CPEUM,Constitución Política de los Estados Unidos Mexicanos,https://www.diputados.gob.mx/LeyesBiblio/pdf/CPEUM.pdf,2026-03-03,Sí,Registro base verificado,,,,2026-09-25,,,,,
jud-4,Tribunales Colegiados de Apelación,Tribunales Colegiados de Ap…,Poder Judicial,Órgano jurisdiccional,jud-root,Poder Judicial de la Federación,2,CPEUM art. 94,CPEUM,Constitución Política de los Estados Unidos Mexicanos,https://www.diputados.gob.mx/LeyesBiblio/pdf/CPEUM.pdf,2026-03-03,Sí,Registro base verificado,,,,2026-09-25,,,,,
jud-5,Juzgados de Distrito,Juzgados de Distrito,Poder Judicial,Órgano jurisdiccional,jud-root,Poder Judicial de la Federación,2,CPEUM art. 94,CPEUM,Constitución Política de los Estados Unidos Mexicanos,https://www.diputados.gob.mx/LeyesBiblio/pdf/CPEUM.pdf,2026-03-03,Sí,Registro base verificado,,,,2026-09-25,,,,,
aut-ine,Instituto Nacional Electoral,INE,Autonomía constitucional,Órgano público autónomo,,Estado mexicano,2,CPEUM art. 41 Base V Apartado A,CPEUM,Constitución Política de los Estados Unidos Mexicanos,https://www.diputados.gob.mx/LeyesBiblio/pdf/CPEUM.pdf,2026-03-03,Sí,Registro base verificado,,,,2026-09-25,,,,,
aut-banxico,Banco de México,Banxico,Autonomía constitucional,Banco central autónomo,,Estado mexicano,2,CPEUM art. 28,CPEUM,Constitución Política de los Estados Unidos Mexicanos,https://www.diputados.gob.mx/LeyesBiblio/pdf/CPEUM.pdf,2026-03-03,Sí,Registro base verificado,,,,2026-09-25,,,,,
aut-cndh,Comisión Nacional de los Derechos Humanos,CNDH,Autonomía constitucional,Organismo constitucional autónomo,,Estado mexicano,2,CPEUM art. 102 apartado B,CPEUM,Constitución Política de los Estados Unidos Mexicanos,https://www.diputados.gob.mx/LeyesBiblio/pdf/CPEUM.pdf,2026-03-03,Sí,Registro base verificado,,,,2026-09-25,,,,,
aut-fgr,Fiscalía General de la República,FGR,Autonomía constitucional,Órgano público autónomo,,Estado mexicano,2,CPEUM art. 102 apartado A,CPEUM,Constitución Política de los Estados Unidos Mexicanos,https://www.diputados.gob.mx/LeyesBiblio/pdf/CPEUM.pdf,2026-03-03,Sí,Registro base verificado,,,,2026-09-25,,,,,
aut-snieg,Instituto Nacional de Estadística y Geografía (INEGI),INEGI,Autonomía constitucional,Organismo con autonomía técnica y de gestión,,Estado mexicano,2,CPEUM art. 26 apartado B,CPEUM,Constitución Política de los Estados Unidos Mexicanos,https://www.diputados.gob.mx/LeyesBiblio/pdf/CPEUM.pdf,2026-03-03,Sí,Registro base verificado,,,,2026-09-25,,,,,
state-0,Aguascalientes,Aguascalientes,Entidades federativas,Entidad federativa,fed-root,Entidades federativas,2,CPEUM art. 43,CPEUM,Constitución Política de los Estados Unidos Mexicanos,https://www.diputados.gob.mx/LeyesBiblio/pdf/CPEUM.pdf,2026-03-03,Sí,Entidad federativa identificada; estructura estatal interna pendiente,,,,2026-09-25,En v0.3 se visualiza en la vista territorial específica y no como etiqueta individual del panorama.,,,,
state-1,Baja California,Baja California,Entidades federativas,Entidad federativa,fed-root,Entidades federativas,2,CPEUM art. 43,CPEUM,Constitución Política de los Estados Unidos Mexicanos,https://www.diputados.gob.mx/LeyesBiblio/pdf/CPEUM.pdf,2026-03-03,Sí,Entidad federativa identificada; estructura estatal interna pendiente,,,,2026-09-25,En v0.3 se visualiza en la vista territorial específica y no como etiqueta individual del panorama.,,,,
state-2,Baja California Sur,Baja California Sur,Entidades federativas,Entidad federativa,fed-root,Entidades federativas,2,CPEUM art. 43,CPEUM,Constitución Política de los Estados Unidos Mexicanos,https://www.diputados.gob.mx/LeyesBiblio/pdf/CPEUM.pdf,2026-03-03,Sí,Entidad federativa identificada; estructura estatal interna pendiente,,,,2026-09-25,En v0.3 se visualiza en la vista territorial específica y no como etiqueta individual del panorama.,,,,
state-3,Campeche,Campeche,Entidades federativas,Entidad federativa,fed-root,Entidades federativas,2,CPEUM art. 43,CPEUM,Constitución Política de los Estados Unidos Mexicanos,https://www.diputados.gob.mx/LeyesBiblio/pdf/CPEUM.pdf,2026-03-03,Sí,Entidad federativa identificada; estructura estatal interna pendiente,,,,2026-09-25,En v0.3 se visualiza en la vista territorial específica y no como etiqueta individual del panorama.,,,,
state-4,Coahuila de Zaragoza,Coahuila de Zaragoza,Entidades federativas,Entidad federativa,fed-root,Entidades federativas,2,CPEUM art. 43,CPEUM,Constitución Política de los Estados Unidos Mexicanos,https://www.diputados.gob.mx/LeyesBiblio/pdf/CPEUM.pdf,2026-03-03,Sí,Entidad federativa identificada; estructura estatal interna pendiente,,,,2026-09-25,En v0.3 se visualiza en la vista territorial específica y no como etiqueta individual del panorama.,,,,
state-5,Colima,Colima,Entidades federativas,Entidad federativa,fed-root,Entidades federativas,2,CPEUM art. 43,CPEUM,Constitución Política de los Estados Unidos Mexicanos,https://www.diputados.gob.mx/LeyesBiblio/pdf/CPEUM.pdf,2026-03-03,Sí,Entidad federativa identificada; estructura estatal interna pendiente,,,,2026-09-25,En v0.3 se visualiza en la vista territorial específica y no como etiqueta individual del panorama.,,,,
state-6,Chiapas,Chiapas,Entidades federativas,Entidad federativa,fed-root,Entidades federativas,2,CPEUM art. 43,CPEUM,Constitución Política de los Estados Unidos Mexicanos,https://www.diputados.gob.mx/LeyesBiblio/pdf/CPEUM.pdf,2026-03-03,Sí,Entidad federativa identificada; estructura estatal interna pendiente,,,,2026-09-25,En v0.3 se visualiza en la vista territorial específica y no como etiqueta individual del panorama.,,,,
state-7,Chihuahua,Chihuahua,Entidades federativas,Entidad federativa,fed-root,Entidades federativas,2,CPEUM art. 43,CPEUM,Constitución Política de los Estados Unidos Mexicanos,https://www.diputados.gob.mx/LeyesBiblio/pdf/CPEUM.pdf,2026-03-03,Sí,Entidad federativa identificada; estructura estatal interna pendiente,,,,2026-09-25,En v0.3 se visualiza en la vista territorial específica y no como etiqueta individual del panorama.,,,,
state-8,Durango,Durango,Entidades federativas,Entidad federativa,fed-root,Entidades federativas,2,CPEUM art. 43,CPEUM,Constitución Política de los Estados Unidos Mexicanos,https://www.diputados.gob.mx/LeyesBiblio/pdf/CPEUM.pdf,2026-03-03,Sí,Entidad federativa identificada; estructura estatal interna pendiente,,,,2026-09-25,En v0.3 se visualiza en la vista territorial específica y no como etiqueta individual del panorama.,,,,
state-9,Guanajuato,Guanajuato,Entidades federativas,Entidad federativa,fed-root,Entidades federativas,2,CPEUM art. 43,CPEUM,Constitución Política de los Estados Unidos Mexicanos,https://www.diputados.gob.mx/LeyesBiblio/pdf/CPEUM.pdf,2026-03-03,Sí,Entidad federativa identificada; estructura estatal interna pendiente,,,,2026-09-25,En v0.3 se visualiza en la vista territorial específica y no como etiqueta individual del panorama.,,,,
state-10,Guerrero,Guerrero,Entidades federativas,Entidad federativa,fed-root,Entidades federativas,2,CPEUM art. 43,CPEUM,Constitución Política de los Estados Unidos Mexicanos,https://www.diputados.gob.mx/LeyesBiblio/pdf/CPEUM.pdf,2026-03-03,Sí,Entidad federativa identificada; estructura estatal interna pendiente,,,,2026-09-25,En v0.3 se visualiza en la vista territorial específica y no como etiqueta individual del panorama.,,,,
state-11,Hidalgo,Hidalgo,Entidades federativas,Entidad federativa,fed-root,Entidades federativas,2,CPEUM art. 43,CPEUM,Constitución Política de los Estados Unidos Mexicanos,https://www.diputados.gob.mx/LeyesBiblio/pdf/CPEUM.pdf,2026-03-03,Sí,Entidad federativa identificada; estructura estatal interna pendiente,,,,2026-09-25,En v0.3 se visualiza en la vista territorial específica y no como etiqueta individual del panorama.,,,,
state-12,Jalisco,Jalisco,Entidades federativas,Entidad federativa,fed-root,Entidades federativas,2,CPEUM art. 43,CPEUM,Constitución Política de los Estados Unidos Mexicanos,https://www.diputados.gob.mx/LeyesBiblio/pdf/CPEUM.pdf,2026-03-03,Sí,Entidad federativa identificada; estructura estatal interna pendiente,,,,2026-09-25,En v0.3 se visualiza en la vista territorial específica y no como etiqueta individual del panorama.,,,,
state-13,México,México,Entidades federativas,Entidad federativa,fed-root,Entidades federativas,2,CPEUM art. 43,CPEUM,Constitución Política de los Estados Unidos Mexicanos,https://www.diputados.gob.mx/LeyesBiblio/pdf/CPEUM.pdf,2026-03-03,Sí,Entidad federativa identificada; estructura estatal interna pendiente,,,,2026-09-25,En v0.3 se visualiza en la vista territorial específica y no como etiqueta individual del panorama.,,,,
state-14,Michoacán de Ocampo,Michoacán de Ocampo,Entidades federativas,Entidad federativa,fed-root,Entidades federativas,2,CPEUM art. 43,CPEUM,Constitución Política de los Estados Unidos Mexicanos,https://www.diputados.gob.mx/LeyesBiblio/pdf/CPEUM.pdf,2026-03-03,Sí,Entidad federativa identificada; estructura estatal interna pendiente,,,,2026-09-25,En v0.3 se visualiza en la vista territorial específica y no como etiqueta individual del panorama.,,,,
state-15,Morelos,Morelos,Entidades federativas,Entidad federativa,fed-root,Entidades federativas,2,CPEUM art. 43,CPEUM,Constitución Política de los Estados Unidos Mexicanos,https://www.diputados.gob.mx/LeyesBiblio/pdf/CPEUM.pdf,2026-03-03,Sí,Entidad federativa identificada; estructura estatal interna pendiente,,,,2026-09-25,En v0.3 se visualiza en la vista territorial específica y no como etiqueta individual del panorama.,,,,
state-16,Nayarit,Nayarit,Entidades federativas,Entidad federativa,fed-root,Entidades federativas,2,CPEUM art. 43,CPEUM,Constitución Política de los Estados Unidos Mexicanos,https://www.diputados.gob.mx/LeyesBiblio/pdf/CPEUM.pdf,2026-03-03,Sí,Entidad federativa identificada; estructura estatal interna pendiente,,,,2026-09-25,En v0.3 se visualiza en la vista territorial específica y no como etiqueta individual del panorama.,,,,
state-17,Nuevo León,Nuevo León,Entidades federativas,Entidad federativa,fed-root,Entidades federativas,2,CPEUM art. 43,CPEUM,Constitución Política de los Estados Unidos Mexicanos,https://www.diputados.gob.mx/LeyesBiblio/pdf/CPEUM.pdf,2026-03-03,Sí,Entidad federativa identificada; estructura estatal interna pendiente,,,,2026-09-25,En v0.3 se visualiza en la vista territorial específica y no como etiqueta individual del panorama.,,,,
state-18,Oaxaca,Oaxaca,Entidades federativas,Entidad federativa,fed-root,Entidades federativas,2,CPEUM art. 43,CPEUM,Constitución Política de los Estados Unidos Mexicanos,https://www.diputados.gob.mx/LeyesBiblio/pdf/CPEUM.pdf,2026-03-03,Sí,Entidad federativa identificada; estructura estatal interna pendiente,,,,2026-09-25,En v0.3 se visualiza en la vista territorial específica y no como etiqueta individual del panorama.,,,,
state-19,Puebla,Puebla,Entidades federativas,Entidad federativa,fed-root,Entidades federativas,2,CPEUM art. 43,CPEUM,Constitución Política de los Estados Unidos Mexicanos,https://www.diputados.gob.mx/LeyesBiblio/pdf/CPEUM.pdf,2026-03-03,Sí,Entidad federativa identificada; estructura estatal interna pendiente,,,,2026-09-25,En v0.3 se visualiza en la vista territorial específica y no como etiqueta individual del panorama.,,,,
state-20,Querétaro,Querétaro,Entidades federativas,Entidad federativa,fed-root,Entidades federativas,2,CPEUM art. 43,CPEUM,Constitución Política de los Estados Unidos Mexicanos,https://www.diputados.gob.mx/LeyesBiblio/pdf/CPEUM.pdf,2026-03-03,Sí,Entidad federativa identificada; estructura estatal interna pendiente,,,,2026-09-25,En v0.3 se visualiza en la vista territorial específica y no como etiqueta individual del panorama.,,,,
state-21,Quintana Roo,Quintana Roo,Entidades federativas,Entidad federativa,fed-root,Entidades federativas,2,CPEUM art. 43,CPEUM,Constitución Política de los Estados Unidos Mexicanos,https://www.diputados.gob.mx/LeyesBiblio/pdf/CPEUM.pdf,2026-03-03,Sí,Entidad federativa identificada; estructura estatal interna pendiente,,,,2026-09-25,En v0.3 se visualiza en la vista territorial específica y no como etiqueta individual del panorama.,,,,
state-22,San Luis Potosí,San Luis Potosí,Entidades federativas,Entidad federativa,fed-root,Entidades federativas,2,CPEUM art. 43,CPEUM,Constitución Política de los Estados Unidos Mexicanos,https://www.diputados.gob.mx/LeyesBiblio/pdf/CPEUM.pdf,2026-03-03,Sí,Entidad federativa identificada; estructura estatal interna pendiente,,,,2026-09-25,En v0.3 se visualiza en la vista territorial específica y no como etiqueta individual del panorama.,,,,
state-23,Sinaloa,Sinaloa,Entidades federativas,Entidad federativa,fed-root,Entidades federativas,2,CPEUM art. 43,CPEUM,Constitución Política de los Estados Unidos Mexicanos,https://www.diputados.gob.mx/LeyesBiblio/pdf/CPEUM.pdf,2026-03-03,Sí,Entidad federativa identificada; estructura estatal interna pendiente,,,,2026-09-25,En v0.3 se visualiza en la vista territorial específica y no como etiqueta individual del panorama.,,,,
state-24,Sonora,Sonora,Entidades federativas,Entidad federativa,fed-root,Entidades federativas,2,CPEUM art. 43,CPEUM,Constitución Política de los Estados Unidos Mexicanos,https://www.diputados.gob.mx/LeyesBiblio/pdf/CPEUM.pdf,2026-03-03,Sí,Entidad federativa identificada; estructura estatal interna pendiente,,,,2026-09-25,En v0.3 se visualiza en la vista territorial específica y no como etiqueta individual del panorama.,,,,
state-25,Tabasco,Tabasco,Entidades federativas,Entidad federativa,fed-root,Entidades federativas,2,CPEUM art. 43,CPEUM,Constitución Política de los Estados Unidos Mexicanos,https://www.diputados.gob.mx/LeyesBiblio/pdf/CPEUM.pdf,2026-03-03,Sí,Entidad federativa identificada; estructura estatal interna pendiente,,,,2026-09-25,En v0.3 se visualiza en la vista territorial específica y no como etiqueta individual del panorama.,,,,
state-26,Tamaulipas,Tamaulipas,Entidades federativas,Entidad federativa,fed-root,Entidades federativas,2,CPEUM art. 43,CPEUM,Constitución Política de los Estados Unidos Mexicanos,https://www.diputados.gob.mx/LeyesBiblio/pdf/CPEUM.pdf,2026-03-03,Sí,Entidad federativa identificada; estructura estatal interna pendiente,,,,2026-09-25,En v0.3 se visualiza en la vista territorial específica y no como etiqueta individual del panorama.,,,,
state-27,Tlaxcala,Tlaxcala,Entidades federativas,Entidad federativa,fed-root,Entidades federativas,2,CPEUM art. 43,CPEUM,Constitución Política de los Estados Unidos Mexicanos,https://www.diputados.gob.mx/LeyesBiblio/pdf/CPEUM.pdf,2026-03-03,Sí,Entidad federativa identificada; estructura estatal interna pendiente,,,,2026-09-25,En v0.3 se visualiza en la vista territorial específica y no como etiqueta individual del panorama.,,,,
state-28,Veracruz de Ignacio de la Llave,Veracruz de Ignacio de la L…,Entidades federativas,Entidad federativa,fed-root,Entidades federativas,2,CPEUM art. 43,CPEUM,Constitución Política de los Estados Unidos Mexicanos,https://www.diputados.gob.mx/LeyesBiblio/pdf/CPEUM.pdf,2026-03-03,Sí,Entidad federativa identificada; estructura estatal interna pendiente,,,,2026-09-25,En v0.3 se visualiza en la vista territorial específica y no como etiqueta individual del panorama.,,,,
state-29,Yucatán,Yucatán,Entidades federativas,Entidad federativa,fed-root,Entidades federativas,2,CPEUM art. 43,CPEUM,Constitución Política de los Estados Unidos Mexicanos,https://www.diputados.gob.mx/LeyesBiblio/pdf/CPEUM.pdf,2026-03-03,Sí,Entidad federativa identificada; estructura estatal interna pendiente,,,,2026-09-25,En v0.3 se visualiza en la vista territorial específica y no como etiqueta individual del panorama.,,,,
state-30,Zacatecas,Zacatecas,Entidades federativas,Entidad federativa,fed-root,Entidades federativas,2,CPEUM art. 43,CPEUM,Constitución Política de los Estados Unidos Mexicanos,https://www.diputados.gob.mx/LeyesBiblio/pdf/CPEUM.pdf,2026-03-03,Sí,Entidad federativa identificada; estructura estatal interna pendiente,,,,2026-09-25,En v0.3 se visualiza en la vista territorial específica y no como etiqueta individual del panorama.,,,,
state-31,Ciudad de México,Ciudad de México,Entidades federativas,Entidad federativa,fed-root,Entidades federativas,2,CPEUM art. 43,CPEUM,Constitución Política de los Estados Unidos Mexicanos,https://www.diputados.gob.mx/LeyesBiblio/pdf/CPEUM.pdf,2026-03-03,Sí,Entidad federativa identificada; estructura estatal interna pendiente,,,,2026-09-25,En v0.3 se visualiza en la vista territorial específica y no como etiqueta individual del panorama.,,,,
jud-tdj,Tribunal de Disciplina Judicial,TDJ,Poder Judicial,Órgano disciplinario del PJF,jud-root,Poder Judicial de la Federación,2,CPEUM arts. 94 y 100,CPEUM,Constitución Política de los Estados Unidos Mexicanos,https://www.diputados.gob.mx/LeyesBiblio/pdf/CPEUM.pdf,2026-03-03,Sí,Órgano de disciplina del Poder Judicial de la Federación,,,,2026-09-25,,,,,
jud-oaj,Órgano de Administración Judicial,OAJ,Poder Judicial,Órgano de administración del PJF,jud-root,Poder Judicial de la Federación,2,CPEUM arts. 94 y 100,CPEUM,Constitución Política de los Estados Unidos Mexicanos,https://www.diputados.gob.mx/LeyesBiblio/pdf/CPEUM.pdf,2026-03-03,Sí,Órgano responsable de administración y carrera judicial,,,,2026-09-25,,,,,
muj-uaj,Unidad de Asuntos Jurídicos,UAJ,Poder Ejecutivo,Unidad,sec-20,Secretaría de las Mujeres,4,RI art. 2; MOG 2026,MOG_MUJERES_2026,Manual de Organización General de la Secretaría de las Mujeres,https://www.dof.gob.mx/nota_detalle.php?codigo=5785056&fecha=16/04/2026,2026-04-16,Sí,Estructura jerárquica básica verificada con Reglamento Interior 2025 y Manual de Organización General 2026,,,,2026-09-25,,,,,
muj-dgcs,Dirección General de Comunicación Social,DG Comunicación Social,Poder Ejecutivo,Dirección General,sec-20,Secretaría de las Mujeres,4,RI art. 2; MOG 2026,MOG_MUJERES_2026,Manual de Organización General de la Secretaría de las Mujeres,https://www.dof.gob.mx/nota_detalle.php?codigo=5785056&fecha=16/04/2026,2026-04-16,Sí,Estructura jerárquica básica verificada con Reglamento Interior 2025 y Manual de Organización General 2026,,,,2026-09-25,,,,,
muj-cgvs,Coordinación General de Vinculación y Seguimiento,CG Vinculación,Poder Ejecutivo,Coordinación General,sec-20,Secretaría de las Mujeres,4,RI art. 2; MOG 2026,MOG_MUJERES_2026,Manual de Organización General de la Secretaría de las Mujeres,https://www.dof.gob.mx/nota_detalle.php?codigo=5785056&fecha=16/04/2026,2026-04-16,Sí,Estructura jerárquica básica verificada con Reglamento Interior 2025 y Manual de Organización General 2026,,,,2026-09-25,,,,,
muj-dgct,Dirección General de Cooperación Técnica,DG Cooperación Técnica,Poder Ejecutivo,Dirección General,muj-cgvs,Coordinación General de Vinculación y Seguimiento,5,MOG 2026,MOG_MUJERES_2026,Manual de Organización General de la Secretaría de las Mujeres,https://www.dof.gob.mx/nota_detalle.php?codigo=5785056&fecha=16/04/2026,2026-04-16,Sí,Estructura jerárquica básica verificada con Reglamento Interior 2025 y Manual de Organización General 2026,,,,2026-09-25,,,,,
muj-dgipeef,Dirección General de Implementación de Proyectos Estratégicos en las Entidades Federativas,DG Proyectos Entidades,Poder Ejecutivo,Dirección General,muj-cgvs,Coordinación General de Vinculación y Seguimiento,5,MOG 2026,MOG_MUJERES_2026,Manual de Organización General de la Secretaría de las Mujeres,https://www.dof.gob.mx/nota_detalle.php?codigo=5785056&fecha=16/04/2026,2026-04-16,Sí,Estructura jerárquica básica verificada con Reglamento Interior 2025 y Manual de Organización General 2026,,,,2026-09-25,,,,,
muj-dgrivps,"Dirección General de Relaciones Interinstitucionales, Vinculación Política y Social",DG Relaciones Interinstitucionales,Poder Ejecutivo,Dirección General,muj-cgvs,Coordinación General de Vinculación y Seguimiento,5,MOG 2026,MOG_MUJERES_2026,Manual de Organización General de la Secretaría de las Mujeres,https://www.dof.gob.mx/nota_detalle.php?codigo=5785056&fecha=16/04/2026,2026-04-16,Sí,Estructura jerárquica básica verificada con Reglamento Interior 2025 y Manual de Organización General 2026,,,,2026-09-25,,,,,
muj-dgiipe,"Dirección General de Inteligencia, Innovación y Planeación Estratégica para la Mejora Continua de los Programas",DG Inteligencia y Planeación,Poder Ejecutivo,Dirección General,sec-20,Secretaría de las Mujeres,4,RI art. 2; MOG 2026,MOG_MUJERES_2026,Manual de Organización General de la Secretaría de las Mujeres,https://www.dof.gob.mx/nota_detalle.php?codigo=5785056&fecha=16/04/2026,2026-04-16,Sí,Estructura jerárquica básica verificada con Reglamento Interior 2025 y Manual de Organización General 2026,,,,2026-09-25,,,,,
muj-sis,Subsecretaría de Igualdad Sustantiva,Subsec. Igualdad,Poder Ejecutivo,Subsecretaría,sec-20,Secretaría de las Mujeres,4,RI art. 2; MOG 2026,MOG_MUJERES_2026,Manual de Organización General de la Secretaría de las Mujeres,https://www.dof.gob.mx/nota_detalle.php?codigo=5785056&fecha=16/04/2026,2026-04-16,Sí,Estructura jerárquica básica verificada con Reglamento Interior 2025 y Manual de Organización General 2026,,,,2026-09-25,,,,,
muj-dgipni,Dirección General de los Instrumentos de la Política Nacional de Igualdad,DG Instrumentos Igualdad,Poder Ejecutivo,Dirección General,muj-sis,Subsecretaría de Igualdad Sustantiva,5,MOG 2026,MOG_MUJERES_2026,Manual de Organización General de la Secretaría de las Mujeres,https://www.dof.gob.mx/nota_detalle.php?codigo=5785056&fecha=16/04/2026,2026-04-16,Sí,Estructura jerárquica básica verificada con Reglamento Interior 2025 y Manual de Organización General 2026,,,,2026-09-25,,,,,
muj-dgddm,Dirección General de los Derechos y la Dignificación de las Mujeres,DG Derechos y Dignificación,Poder Ejecutivo,Dirección General,muj-sis,Subsecretaría de Igualdad Sustantiva,5,MOG 2026,MOG_MUJERES_2026,Manual de Organización General de la Secretaría de las Mujeres,https://www.dof.gob.mx/nota_detalle.php?codigo=5785056&fecha=16/04/2026,2026-04-16,Sí,Estructura jerárquica básica verificada con Reglamento Interior 2025 y Manual de Organización General 2026,,,,2026-09-25,,,,,
muj-svlv,Subsecretaría del Derecho a una Vida Libre de Violencias,Subsec. Vida Libre Violencias,Poder Ejecutivo,Subsecretaría,sec-20,Secretaría de las Mujeres,4,RI art. 2; MOG 2026,MOG_MUJERES_2026,Manual de Organización General de la Secretaría de las Mujeres,https://www.dof.gob.mx/nota_detalle.php?codigo=5785056&fecha=16/04/2026,2026-04-16,Sí,Estructura jerárquica básica verificada con Reglamento Interior 2025 y Manual de Organización General 2026,,,,2026-09-25,,,,,
muj-dgpp,Dirección General de Políticas de Prevención,DG Prevención,Poder Ejecutivo,Dirección General,muj-svlv,Subsecretaría del Derecho a una Vida Libre de Violencias,5,MOG 2026,MOG_MUJERES_2026,Manual de Organización General de la Secretaría de las Mujeres,https://www.dof.gob.mx/nota_detalle.php?codigo=5785056&fecha=16/04/2026,2026-04-16,Sí,Estructura jerárquica básica verificada con Reglamento Interior 2025 y Manual de Organización General 2026,,,,2026-09-25,,,,,
muj-dgpavlv,Dirección General de Políticas de Acceso a una Vida Libre de Violencias,DG Acceso Vida Libre,Poder Ejecutivo,Dirección General,muj-svlv,Subsecretaría del Derecho a una Vida Libre de Violencias,5,MOG 2026,MOG_MUJERES_2026,Manual de Organización General de la Secretaría de las Mujeres,https://www.dof.gob.mx/nota_detalle.php?codigo=5785056&fecha=16/04/2026,2026-04-16,Sí,Estructura jerárquica básica verificada con Reglamento Interior 2025 y Manual de Organización General 2026,,,,2026-09-25,,,,,
muj-dgaaj,Dirección General de Atención y Acceso a la Justicia,DG Atención y Justicia,Poder Ejecutivo,Dirección General,muj-svlv,Subsecretaría del Derecho a una Vida Libre de Violencias,5,MOG 2026,MOG_MUJERES_2026,Manual de Organización General de la Secretaría de las Mujeres,https://www.dof.gob.mx/nota_detalle.php?codigo=5785056&fecha=16/04/2026,2026-04-16,Sí,Estructura jerárquica básica verificada con Reglamento Interior 2025 y Manual de Organización General 2026,,,,2026-09-25,,,,,
muj-uaf,Unidad de Administración y Finanzas,UAF,Poder Ejecutivo,Unidad,sec-20,Secretaría de las Mujeres,4,RI art. 2; MOG 2026,MOG_MUJERES_2026,Manual de Organización General de la Secretaría de las Mujeres,https://www.dof.gob.mx/nota_detalle.php?codigo=5785056&fecha=16/04/2026,2026-04-16,Sí,Estructura jerárquica básica verificada con Reglamento Interior 2025 y Manual de Organización General 2026,,,,2026-09-25,,,,,
sener-spte,Subsecretaría de Planeación y Transición Energética,Subsec. Planeación y Transición,Poder Ejecutivo,Subsecretaría,sec-8,Secretaría de Energía,4,RI 2025 art. 2; MOG 2026,MOG_SENER_2026,Manual de Organización General de la Secretaría de Energía,https://www.dof.gob.mx/abrirPDF.php?anio=2026&archivo=27042026-MAT.pdf&repo=,2026-04-27,Sí,Cobertura verificada; la rama de Hidrocarburos y órganos desconcentrados aún no están desagregados,,,,2026-09-25,,,,,
sener-snie,Unidad del Sistema Nacional de Información Energética,Unidad SNIE,Poder Ejecutivo,Unidad,sener-spte,Subsecretaría de Planeación y Transición Energética,5,RI 2025 art. 2,RI_SENER_2025,Reglamento Interior de la Secretaría de Energía,https://www.dof.gob.mx/nota_detalle.php?codigo=5755222&fecha=17/04/2025,2025-04-17,Sí,Cobertura verificada; la rama de Hidrocarburos y órganos desconcentrados aún no están desagregados,,,,2026-09-25,,,,,
sener-dgrig,Dirección General de Registros e Información Geoespacial del Sistema Nacional de Información Energética,DG Registros SNIE,Poder Ejecutivo,Dirección General,sener-snie,Unidad del Sistema Nacional de Información Energética,6,RI 2025 art. 2,RI_SENER_2025,Reglamento Interior de la Secretaría de Energía,https://www.dof.gob.mx/nota_detalle.php?codigo=5755222&fecha=17/04/2025,2025-04-17,Sí,Cobertura verificada; la rama de Hidrocarburos y órganos desconcentrados aún no están desagregados,,,,2026-09-25,,,,,
sener-dgmes,Dirección General de Metodologías y Estadísticas del Sistema Nacional de Información Energética,DG Metodologías SNIE,Poder Ejecutivo,Dirección General,sener-snie,Unidad del Sistema Nacional de Información Energética,6,RI 2025 art. 2,RI_SENER_2025,Reglamento Interior de la Secretaría de Energía,https://www.dof.gob.mx/nota_detalle.php?codigo=5755222&fecha=17/04/2025,2025-04-17,Sí,Cobertura verificada; la rama de Hidrocarburos y órganos desconcentrados aún no están desagregados,,,,2026-09-25,,,,,
sener-dgpie,Dirección General de Planeación e Integración Energética,DG Planeación Energética,Poder Ejecutivo,Dirección General,sener-spte,Subsecretaría de Planeación y Transición Energética,5,RI 2025 art. 2,RI_SENER_2025,Reglamento Interior de la Secretaría de Energía,https://www.dof.gob.mx/nota_detalle.php?codigo=5755222&fecha=17/04/2025,2025-04-17,Sí,Cobertura verificada; la rama de Hidrocarburos y órganos desconcentrados aún no están desagregados,,,,2026-09-25,,,,,
sener-dger,Dirección General de Energías Renovables,DG Energías Renovables,Poder Ejecutivo,Dirección General,sener-spte,Subsecretaría de Planeación y Transición Energética,5,RI 2025 art. 2,RI_SENER_2025,Reglamento Interior de la Secretaría de Energía,https://www.dof.gob.mx/nota_detalle.php?codigo=5755222&fecha=17/04/2025,2025-04-17,Sí,Cobertura verificada; la rama de Hidrocarburos y órganos desconcentrados aún no están desagregados,,,,2026-09-25,,,,,
sener-dgese,Dirección General de Eficiencia y Sustentabilidad Energética,DG Eficiencia,Poder Ejecutivo,Dirección General,sener-spte,Subsecretaría de Planeación y Transición Energética,5,RI 2025 art. 2,RI_SENER_2025,Reglamento Interior de la Secretaría de Energía,https://www.dof.gob.mx/nota_detalle.php?codigo=5755222&fecha=17/04/2025,2025-04-17,Sí,Cobertura verificada; la rama de Hidrocarburos y órganos desconcentrados aún no están desagregados,,,,2026-09-25,,,,,
sener-dgte,Dirección General de Transición Energética,DG Transición Energética,Poder Ejecutivo,Dirección General,sener-spte,Subsecretaría de Planeación y Transición Energética,5,RI 2025 art. 2,RI_SENER_2025,Reglamento Interior de la Secretaría de Energía,https://www.dof.gob.mx/nota_detalle.php?codigo=5755222&fecha=17/04/2025,2025-04-17,Sí,Cobertura verificada; la rama de Hidrocarburos y órganos desconcentrados aún no están desagregados,,,,2026-09-25,,,,,
sener-dgdtae,Dirección General de Desarrollo Tecnológico y Acceso a la Energía,DG Desarrollo y Acceso,Poder Ejecutivo,Dirección General,sener-spte,Subsecretaría de Planeación y Transición Energética,5,RI 2025 art. 2,RI_SENER_2025,Reglamento Interior de la Secretaría de Energía,https://www.dof.gob.mx/nota_detalle.php?codigo=5755222&fecha=17/04/2025,2025-04-17,Sí,Cobertura verificada; la rama de Hidrocarburos y órganos desconcentrados aún no están desagregados,,,,2026-09-25,,,,,
sener-se,Subsecretaría de Electricidad,Subsec. Electricidad,Poder Ejecutivo,Subsecretaría,sec-8,Secretaría de Energía,4,RI 2025 art. 2; MOG 2026,MOG_SENER_2026,Manual de Organización General de la Secretaría de Energía,https://www.dof.gob.mx/abrirPDF.php?anio=2026&archivo=27042026-MAT.pdf&repo=,2026-04-27,Sí,Cobertura verificada; la rama de Hidrocarburos y órganos desconcentrados aún no están desagregados,,,,2026-09-25,,,,,
sener-usen,Unidad del Sistema Eléctrico Nacional y Política Nuclear,Unidad SEN y Nuclear,Poder Ejecutivo,Unidad,sener-se,Subsecretaría de Electricidad,5,RI 2025 art. 2,RI_SENER_2025,Reglamento Interior de la Secretaría de Energía,https://www.dof.gob.mx/nota_detalle.php?codigo=5755222&fecha=17/04/2025,2025-04-17,Sí,Cobertura verificada; la rama de Hidrocarburos y órganos desconcentrados aún no están desagregados,,,,2026-09-25,,,,,
sener-dgefsen,Dirección General de Evaluación Financiera de la Unidad del Sistema Eléctrico Nacional y Política Nuclear,DG Evaluación Financiera SEN,Poder Ejecutivo,Dirección General,sener-usen,Unidad del Sistema Eléctrico Nacional y Política Nuclear,6,RI 2025 art. 2,RI_SENER_2025,Reglamento Interior de la Secretaría de Energía,https://www.dof.gob.mx/nota_detalle.php?codigo=5755222&fecha=17/04/2025,2025-04-17,Sí,Cobertura verificada; la rama de Hidrocarburos y órganos desconcentrados aún no están desagregados,,,,2026-09-25,,,,,
sener-dgcsse,Dirección General de Confiabilidad y Seguridad del Sector Eléctrico,DG Confiabilidad Eléctrica,Poder Ejecutivo,Dirección General,sener-se,Subsecretaría de Electricidad,5,RI 2025 art. 2,RI_SENER_2025,Reglamento Interior de la Secretaría de Energía,https://www.dof.gob.mx/nota_detalle.php?codigo=5755222&fecha=17/04/2025,2025-04-17,Sí,Cobertura verificada; la rama de Hidrocarburos y órganos desconcentrados aún no están desagregados,,,,2026-09-25,,,,,
sener-dgduf,"Dirección General de Distribución, Usos Finales de Energía Eléctrica y Vinculación Social",DG Distribución y Usos Finales,Poder Ejecutivo,Dirección General,sener-se,Subsecretaría de Electricidad,5,RI 2025 art. 2,RI_SENER_2025,Reglamento Interior de la Secretaría de Energía,https://www.dof.gob.mx/nota_detalle.php?codigo=5755222&fecha=17/04/2025,2025-04-17,Sí,Cobertura verificada; la rama de Hidrocarburos y órganos desconcentrados aún no están desagregados,,,,2026-09-25,,,,,
sener-dggt,Dirección General de Generación y Transmisión de Energía Eléctrica,DG Generación y Transmisión,Poder Ejecutivo,Dirección General,sener-se,Subsecretaría de Electricidad,5,RI 2025 art. 2,RI_SENER_2025,Reglamento Interior de la Secretaría de Energía,https://www.dof.gob.mx/nota_detalle.php?codigo=5755222&fecha=17/04/2025,2025-04-17,Sí,Cobertura verificada; la rama de Hidrocarburos y órganos desconcentrados aún no están desagregados,,,,2026-09-25,,,,,
sener-dgaemem,Dirección General de Análisis y Evaluación del Mercado Eléctrico Mayorista,DG Mercado Eléctrico,Poder Ejecutivo,Dirección General,sener-se,Subsecretaría de Electricidad,5,RI 2025 art. 2,RI_SENER_2025,Reglamento Interior de la Secretaría de Energía,https://www.dof.gob.mx/nota_detalle.php?codigo=5755222&fecha=17/04/2025,2025-04-17,Sí,Cobertura verificada; la rama de Hidrocarburos y órganos desconcentrados aún no están desagregados,,,,2026-09-25,,,,,
sener-uaf,Unidad de Administración y Finanzas,UAF,Poder Ejecutivo,Unidad,sec-8,Secretaría de Energía,4,MOG 2026,MOG_SENER_2026,Manual de Organización General de la Secretaría de Energía,https://www.dof.gob.mx/abrirPDF.php?anio=2026&archivo=27042026-MAT.pdf&repo=,2026-04-27,Sí,Cobertura verificada; la rama de Hidrocarburos y órganos desconcentrados aún no están desagregados,,,,2026-09-25,,,,,
sener-sh,Subsecretaría de Hidrocarburos,Subsec. Hidrocarburos,Poder Ejecutivo,Subsecretaría,sec-8,Secretaría de Energía,4,MOG 2026,MOG_SENER_2026,Manual de Organización General de la Secretaría de Energía,https://www.dof.gob.mx/abrirPDF.php?anio=2026&archivo=27042026-MAT.pdf&repo=,2026-04-27,Sí,Cobertura verificada; la rama de Hidrocarburos y órganos desconcentrados aún no están desagregados,,,,2026-09-25,,,,,
atdt-of,Oficina del titular de la Agencia,Oficina Titular,Poder Ejecutivo,Oficina,sec-21,Agencia de Transformación Digital y Telecomunicaciones,4,RI ATDT art. 3,RI_ATDT_2025,Reglamento Interior de la Agencia de Transformación Digital y Telecomunicaciones,https://www.dof.gob.mx/nota_detalle.php?codigo=5747756&fecha=24/01/2025,2025-01-24,Sí,Estructura verificada con actualización normativa posterior al RI de enero de 2025,,,,2026-09-25,La estructura administrativa base procede del RI ATDT de 24-01-2025; la CRT se añade por normativa sectorial posterior de 2025 y su Reglamento Interior de 25-11-2025.,,,,
atdt-upoi,Unidad de Proyectos y Operación Institucional,Unidad Proyectos y Operación,Poder Ejecutivo,Unidad,atdt-of,Oficina del titular de la Agencia,5,RI ATDT art. 3,RI_ATDT_2025,Reglamento Interior de la Agencia de Transformación Digital y Telecomunicaciones,https://www.dof.gob.mx/nota_detalle.php?codigo=5747756&fecha=24/01/2025,2025-01-24,Sí,Estructura verificada con actualización normativa posterior al RI de enero de 2025,,,,2026-09-25,La estructura administrativa base procede del RI ATDT de 24-01-2025; la CRT se añade por normativa sectorial posterior de 2025 y su Reglamento Interior de 25-11-2025.,,,,
atdt-dgp,Dirección General de Proyectos,DG Proyectos,Poder Ejecutivo,Dirección General,atdt-upoi,Unidad de Proyectos y Operación Institucional,6,RI ATDT art. 3,RI_ATDT_2025,Reglamento Interior de la Agencia de Transformación Digital y Telecomunicaciones,https://www.dof.gob.mx/nota_detalle.php?codigo=5747756&fecha=24/01/2025,2025-01-24,Sí,Estructura verificada con actualización normativa posterior al RI de enero de 2025,,,,2026-09-25,La estructura administrativa base procede del RI ATDT de 24-01-2025; la CRT se añade por normativa sectorial posterior de 2025 y su Reglamento Interior de 25-11-2025.,,,,
atdt-dgid,Dirección General de Inteligencia de Datos,DG Inteligencia de Datos,Poder Ejecutivo,Dirección General,atdt-of,Oficina del titular de la Agencia,5,RI ATDT art. 3,RI_ATDT_2025,Reglamento Interior de la Agencia de Transformación Digital y Telecomunicaciones,https://www.dof.gob.mx/nota_detalle.php?codigo=5747756&fecha=24/01/2025,2025-01-24,Sí,Estructura verificada con actualización normativa posterior al RI de enero de 2025,,,,2026-09-25,La estructura administrativa base procede del RI ATDT de 24-01-2025; la CRT se añade por normativa sectorial posterior de 2025 y su Reglamento Interior de 25-11-2025.,,,,
atdt-dgj,"Dirección General Jurídica, Cumplimiento Normativo y Gobernanza Tecnológica",DG Jurídica y Gobernanza,Poder Ejecutivo,Dirección General,atdt-of,Oficina del titular de la Agencia,5,RI ATDT art. 3,RI_ATDT_2025,Reglamento Interior de la Agencia de Transformación Digital y Telecomunicaciones,https://www.dof.gob.mx/nota_detalle.php?codigo=5747756&fecha=24/01/2025,2025-01-24,Sí,Estructura verificada con actualización normativa posterior al RI de enero de 2025,,,,2026-09-25,La estructura administrativa base procede del RI ATDT de 24-01-2025; la CRT se añade por normativa sectorial posterior de 2025 y su Reglamento Interior de 25-11-2025.,,,,
atdt-cntd,Coordinación Nacional de Transformación Digital,Coord. Transformación Digital,Poder Ejecutivo,Coordinación Nacional,sec-21,Agencia de Transformación Digital y Telecomunicaciones,4,RI ATDT art. 3,RI_ATDT_2025,Reglamento Interior de la Agencia de Transformación Digital y Telecomunicaciones,https://www.dof.gob.mx/nota_detalle.php?codigo=5747756&fecha=24/01/2025,2025-01-24,Sí,Estructura verificada con actualización normativa posterior al RI de enero de 2025,,,,2026-09-25,La estructura administrativa base procede del RI ATDT de 24-01-2025; la CRT se añade por normativa sectorial posterior de 2025 y su Reglamento Interior de 25-11-2025.,,,,
atdt-dggd,Dirección General de Gobierno Digital,DG Gobierno Digital,Poder Ejecutivo,Dirección General,atdt-cntd,Coordinación Nacional de Transformación Digital,5,RI ATDT art. 3,RI_ATDT_2025,Reglamento Interior de la Agencia de Transformación Digital y Telecomunicaciones,https://www.dof.gob.mx/nota_detalle.php?codigo=5747756&fecha=24/01/2025,2025-01-24,Sí,Estructura verificada con actualización normativa posterior al RI de enero de 2025,,,,2026-09-25,La estructura administrativa base procede del RI ATDT de 24-01-2025; la CRT se añade por normativa sectorial posterior de 2025 y su Reglamento Interior de 25-11-2025.,,,,
atdt-dgsa,Dirección General de Simplificación Administrativa,DG Simplificación,Poder Ejecutivo,Dirección General,atdt-cntd,Coordinación Nacional de Transformación Digital,5,RI ATDT art. 3,RI_ATDT_2025,Reglamento Interior de la Agencia de Transformación Digital y Telecomunicaciones,https://www.dof.gob.mx/nota_detalle.php?codigo=5747756&fecha=24/01/2025,2025-01-24,Sí,Estructura verificada con actualización normativa posterior al RI de enero de 2025,,,,2026-09-25,La estructura administrativa base procede del RI ATDT de 24-01-2025; la CRT se añade por normativa sectorial posterior de 2025 y su Reglamento Interior de 25-11-2025.,,,,
atdt-dgac,Dirección General de Atención Ciudadana,DG Atención Ciudadana,Poder Ejecutivo,Dirección General,atdt-cntd,Coordinación Nacional de Transformación Digital,5,RI ATDT art. 3,RI_ATDT_2025,Reglamento Interior de la Agencia de Transformación Digital y Telecomunicaciones,https://www.dof.gob.mx/nota_detalle.php?codigo=5747756&fecha=24/01/2025,2025-01-24,Sí,Estructura verificada con actualización normativa posterior al RI de enero de 2025,,,,2026-09-25,La estructura administrativa base procede del RI ATDT de 24-01-2025; la CRT se añade por normativa sectorial posterior de 2025 y su Reglamento Interior de 25-11-2025.,,,,
atdt-dgvi,Dirección General de Vinculación Interinstitucional,DG Vinculación,Poder Ejecutivo,Dirección General,atdt-cntd,Coordinación Nacional de Transformación Digital,5,RI ATDT art. 3,RI_ATDT_2025,Reglamento Interior de la Agencia de Transformación Digital y Telecomunicaciones,https://www.dof.gob.mx/nota_detalle.php?codigo=5747756&fecha=24/01/2025,2025-01-24,Sí,Estructura verificada con actualización normativa posterior al RI de enero de 2025,,,,2026-09-25,La estructura administrativa base procede del RI ATDT de 24-01-2025; la CRT se añade por normativa sectorial posterior de 2025 y su Reglamento Interior de 25-11-2025.,,,,
atdt-cnid,Coordinación Nacional de Infraestructura Digital,Coord. Infraestructura Digital,Poder Ejecutivo,Coordinación Nacional,sec-21,Agencia de Transformación Digital y Telecomunicaciones,4,RI ATDT art. 3,RI_ATDT_2025,Reglamento Interior de la Agencia de Transformación Digital y Telecomunicaciones,https://www.dof.gob.mx/nota_detalle.php?codigo=5747756&fecha=24/01/2025,2025-01-24,Sí,Estructura verificada con actualización normativa posterior al RI de enero de 2025,,,,2026-09-25,La estructura administrativa base procede del RI ATDT de 24-01-2025; la CRT se añade por normativa sectorial posterior de 2025 y su Reglamento Interior de 25-11-2025.,,,,
atdt-dgcib,Dirección General de Ciberseguridad,DG Ciberseguridad,Poder Ejecutivo,Dirección General,atdt-cnid,Coordinación Nacional de Infraestructura Digital,5,RI ATDT art. 3,RI_ATDT_2025,Reglamento Interior de la Agencia de Transformación Digital y Telecomunicaciones,https://www.dof.gob.mx/nota_detalle.php?codigo=5747756&fecha=24/01/2025,2025-01-24,Sí,Estructura verificada con actualización normativa posterior al RI de enero de 2025,,,,2026-09-25,La estructura administrativa base procede del RI ATDT de 24-01-2025; la CRT se añade por normativa sectorial posterior de 2025 y su Reglamento Interior de 25-11-2025.,,,,
atdt-dgi,Dirección General de Infraestructura,DG Infraestructura,Poder Ejecutivo,Dirección General,atdt-cnid,Coordinación Nacional de Infraestructura Digital,5,RI ATDT art. 3,RI_ATDT_2025,Reglamento Interior de la Agencia de Transformación Digital y Telecomunicaciones,https://www.dof.gob.mx/nota_detalle.php?codigo=5747756&fecha=24/01/2025,2025-01-24,Sí,Estructura verificada con actualización normativa posterior al RI de enero de 2025,,,,2026-09-25,La estructura administrativa base procede del RI ATDT de 24-01-2025; la CRT se añade por normativa sectorial posterior de 2025 y su Reglamento Interior de 25-11-2025.,,,,
atdt-dgpt,Dirección General de Políticas de Telecomunicaciones,DG Políticas Telecom,Poder Ejecutivo,Dirección General,atdt-cnid,Coordinación Nacional de Infraestructura Digital,5,RI ATDT art. 3,RI_ATDT_2025,Reglamento Interior de la Agencia de Transformación Digital y Telecomunicaciones,https://www.dof.gob.mx/nota_detalle.php?codigo=5747756&fecha=24/01/2025,2025-01-24,Sí,Estructura verificada con actualización normativa posterior al RI de enero de 2025,,,,2026-09-25,La estructura administrativa base procede del RI ATDT de 24-01-2025; la CRT se añade por normativa sectorial posterior de 2025 y su Reglamento Interior de 25-11-2025.,,,,
atdt-dgsat,Dirección General Satelital,DG Satelital,Poder Ejecutivo,Dirección General,atdt-cnid,Coordinación Nacional de Infraestructura Digital,5,RI ATDT art. 3,RI_ATDT_2025,Reglamento Interior de la Agencia de Transformación Digital y Telecomunicaciones,https://www.dof.gob.mx/nota_detalle.php?codigo=5747756&fecha=24/01/2025,2025-01-24,Sí,Estructura verificada con actualización normativa posterior al RI de enero de 2025,,,,2026-09-25,La estructura administrativa base procede del RI ATDT de 24-01-2025; la CRT se añade por normativa sectorial posterior de 2025 y su Reglamento Interior de 25-11-2025.,,,,
atdt-dgaf,Dirección General de Administración y Finanzas,DG Administración y Finanzas,Poder Ejecutivo,Dirección General,sec-21,Agencia de Transformación Digital y Telecomunicaciones,4,RI ATDT art. 3,RI_ATDT_2025,Reglamento Interior de la Agencia de Transformación Digital y Telecomunicaciones,https://www.dof.gob.mx/nota_detalle.php?codigo=5747756&fecha=24/01/2025,2025-01-24,Sí,Estructura verificada con actualización normativa posterior al RI de enero de 2025,,,,2026-09-25,La estructura administrativa base procede del RI ATDT de 24-01-2025; la CRT se añade por normativa sectorial posterior de 2025 y su Reglamento Interior de 25-11-2025.,,,,
atdt-conamer,Comisión Nacional de Mejora Regulatoria,CONAMER,Poder Ejecutivo,Órgano administrativo desconcentrado,sec-21,Agencia de Transformación Digital y Telecomunicaciones,4,RI ATDT art. 3,RI_ATDT_2025,Reglamento Interior de la Agencia de Transformación Digital y Telecomunicaciones,https://www.dof.gob.mx/nota_detalle.php?codigo=5747756&fecha=24/01/2025,2025-01-24,Sí,Estructura verificada con actualización normativa posterior al RI de enero de 2025,,,,2026-09-25,La estructura administrativa base procede del RI ATDT de 24-01-2025; la CRT se añade por normativa sectorial posterior de 2025 y su Reglamento Interior de 25-11-2025.,,,,
atdt-crt,Comisión Reguladora de Telecomunicaciones,CRT,Poder Ejecutivo,Órgano administrativo desconcentrado,sec-21,Agencia de Transformación Digital y Telecomunicaciones,4,LMTR arts. 7 y 8; RI CRT 2025,LMTR_2025,Ley en Materia de Telecomunicaciones y Radiodifusión / normativa de la Comisión Reguladora de Telecomunicaciones,https://www.dof.gob.mx/nota_detalle_popup.php?codigo=5783210,2025-07-16,Sí,Estructura verificada con actualización normativa posterior al RI de enero de 2025,,,,2026-09-25,La estructura administrativa base procede del RI ATDT de 24-01-2025; la CRT se añade por normativa sectorial posterior de 2025 y su Reglamento Interior de 25-11-2025.,,,,
sal-siscam,Subsecretaría de Integración Sectorial y Coordinación de Servicios de Atención Médica,Subsec. Integración Sectorial,Poder Ejecutivo,Subsecretaría,sec-15,Secretaría de Salud,4,RI Salud art. 2 A.I,RI_SALUD_2025,Reglamento Interior de la Secretaría de Salud,https://www.dof.gob.mx/nota_detalle.php?codigo=5750389&fecha=27/02/2025,2025-02-27,Sí,Estructura superior verificada; unidades administrativas del apartado B y OAD del apartado C pendientes,,,,2026-09-25,,,,,
sal-psbp,Subsecretaría de Políticas de Salud y Bienestar Poblacional,Subsec. Políticas de Salud,Poder Ejecutivo,Subsecretaría,sec-15,Secretaría de Salud,4,RI Salud art. 2 A.II,RI_SALUD_2025,Reglamento Interior de la Secretaría de Salud,https://www.dof.gob.mx/nota_detalle.php?codigo=5750389&fecha=27/02/2025,2025-02-27,Sí,Estructura superior verificada; unidades administrativas del apartado B y OAD del apartado C pendientes,,,,2026-09-25,,,,,
sal-uaf,Unidad de Administración y Finanzas,UAF,Poder Ejecutivo,Unidad,sec-15,Secretaría de Salud,4,RI Salud art. 2 A.III,RI_SALUD_2025,Reglamento Interior de la Secretaría de Salud,https://www.dof.gob.mx/nota_detalle.php?codigo=5750389&fecha=27/02/2025,2025-02-27,Sí,Estructura superior verificada; unidades administrativas del apartado B y OAD del apartado C pendientes,,,,2026-09-25,,,,,
sal-ugaj,Unidad General de Asuntos Jurídicos,UGAJ,Poder Ejecutivo,Unidad General,sec-15,Secretaría de Salud,4,RI Salud art. 2 A.IV,RI_SALUD_2025,Reglamento Interior de la Secretaría de Salud,https://www.dof.gob.mx/nota_detalle.php?codigo=5750389&fecha=27/02/2025,2025-02-27,Sí,Estructura superior verificada; unidades administrativas del apartado B y OAD del apartado C pendientes,,,,2026-09-25,,,,,
sal-ccinshae,Comisión Coordinadora de Institutos Nacionales de Salud y Hospitales de Alta Especialidad,CCINSHAE,Poder Ejecutivo,Comisión Coordinadora,sec-15,Secretaría de Salud,4,RI Salud art. 2 A.V,RI_SALUD_2025,Reglamento Interior de la Secretaría de Salud,https://www.dof.gob.mx/nota_detalle.php?codigo=5750389&fecha=27/02/2025,2025-02-27,Sí,Estructura superior verificada; unidades administrativas del apartado B y OAD del apartado C pendientes,,,,2026-09-25,,,,,
sal-ucvps,Unidad Coordinadora de Vinculación y Participación Social,Unidad Vinculación Social,Poder Ejecutivo,Unidad,sec-15,Secretaría de Salud,4,RI Salud art. 2 A.VI,RI_SALUD_2025,Reglamento Interior de la Secretaría de Salud,https://www.dof.gob.mx/nota_detalle.php?codigo=5750389&fecha=27/02/2025,2025-02-27,Sí,Estructura superior verificada; unidades administrativas del apartado B y OAD del apartado C pendientes,,,,2026-09-25,,,,,
sal-uaeis,Unidad de Análisis Económico e Investigación en Salud,Unidad Análisis Económico,Poder Ejecutivo,Unidad,sec-15,Secretaría de Salud,4,RI Salud art. 2 A.VII,RI_SALUD_2025,Reglamento Interior de la Secretaría de Salud,https://www.dof.gob.mx/nota_detalle.php?codigo=5750389&fecha=27/02/2025,2025-02-27,Sí,Estructura superior verificada; unidades administrativas del apartado B y OAD del apartado C pendientes,,,,2026-09-25,,,,,
sal-uaais,Unidad de Acceso y Abasto de Insumos para la Salud,Unidad Acceso y Abasto,Poder Ejecutivo,Unidad,sec-15,Secretaría de Salud,4,RI Salud art. 2 A.VIII,RI_SALUD_2025,Reglamento Interior de la Secretaría de Salud,https://www.dof.gob.mx/nota_detalle.php?codigo=5750389&fecha=27/02/2025,2025-02-27,Sí,Estructura superior verificada; unidades administrativas del apartado B y OAD del apartado C pendientes,,,,2026-09-25,,,,,
fed-root,Entidades federativas,32 entidades,Entidades federativas,Bloque territorial,,Estado mexicano,1,CPEUM art. 43,CPEUM,Constitución Política de los Estados Unidos Mexicanos,https://www.diputados.gob.mx/LeyesBiblio/pdf/CPEUM.pdf,2026-03-03,Sí,32 entidades federativas individualizadas; estructuras estatales internas pendientes,,,,2026-09-25,Nodo agregado incorporado en v0.3 para evitar saturación visual del panorama; las 32 entidades se exploran en una vista territorial específica.,,,,
segob-subgob,Subsecretaría de Gobernación,Subsec. Gobernación,Poder Ejecutivo,Subsecretaría,sec-0,Secretaría de Gobernación,4,RI SEGOB art. 3 A.1,RI_SEGOB_2025,Reglamento Interior de la Secretaría de Gobernación,https://dof.gob.mx/abrirPDF.php?anio=2025&archivo=21032025-VES.pdf&repo=repositorio%2F,2025-03-21,Sí,Estructura básica verificada; desagregación inferior selectiva,,,,2026-09-25,,,,,
segob-subdh,"Subsecretaría de Derechos Humanos, Población y Migración",Subsec. DDHH/Población,Poder Ejecutivo,Subsecretaría,sec-0,Secretaría de Gobernación,4,RI SEGOB art. 3 A.2,RI_SEGOB_2025,Reglamento Interior de la Secretaría de Gobernación,https://dof.gob.mx/abrirPDF.php?anio=2025&archivo=21032025-VES.pdf&repo=repositorio%2F,2025-03-21,Sí,Estructura básica verificada; desagregación inferior selectiva,,,,2026-09-25,,,,,
segob-subpaz,"Subsecretaría de Construcción de Paz, Participación Social y Asuntos Religiosos",Subsec. Construcción de Paz,Poder Ejecutivo,Subsecretaría,sec-0,Secretaría de Gobernación,4,RI SEGOB art. 3 A.3,RI_SEGOB_2025,Reglamento Interior de la Secretaría de Gobernación,https://dof.gob.mx/abrirPDF.php?anio=2025&archivo=21032025-VES.pdf&repo=repositorio%2F,2025-03-21,Sí,Estructura básica verificada; desagregación inferior selectiva,,,,2026-09-25,,,,,
segob-upsei,"Unidad de Proyectos, Seguimiento y Evaluación Institucional",UPSEI,Poder Ejecutivo,Unidad,sec-0,Secretaría de Gobernación,4,RI SEGOB art. 3 A.4,RI_SEGOB_2025,Reglamento Interior de la Secretaría de Gobernación,https://dof.gob.mx/abrirPDF.php?anio=2025&archivo=21032025-VES.pdf&repo=repositorio%2F,2025-03-21,Sí,Estructura básica verificada; desagregación inferior selectiva,,,,2026-09-25,,,,,
segob-ugaj,Unidad General de Asuntos Jurídicos,UGAJ,Poder Ejecutivo,Unidad General,sec-0,Secretaría de Gobernación,4,RI SEGOB art. 3 A.5,RI_SEGOB_2025,Reglamento Interior de la Secretaría de Gobernación,https://dof.gob.mx/abrirPDF.php?anio=2025&archivo=21032025-VES.pdf&repo=repositorio%2F,2025-03-21,Sí,Estructura básica verificada; desagregación inferior selectiva,,,,2026-09-25,,,,,
segob-uaf,Unidad de Administración y Finanzas,UAF,Poder Ejecutivo,Unidad,sec-0,Secretaría de Gobernación,4,RI SEGOB art. 3 A.6,RI_SEGOB_2025,Reglamento Interior de la Secretaría de Gobernación,https://dof.gob.mx/abrirPDF.php?anio=2025&archivo=21032025-VES.pdf&repo=repositorio%2F,2025-03-21,Sí,Estructura básica verificada; desagregación inferior selectiva,,,,2026-09-25,,,,,
segob-dgcs,Dirección General de Comunicación Social,DGCS,Poder Ejecutivo,Dirección General,sec-0,Secretaría de Gobernación,4,RI SEGOB art. 3 A.7,RI_SEGOB_2025,Reglamento Interior de la Secretaría de Gobernación,https://dof.gob.mx/abrirPDF.php?anio=2025&archivo=21032025-VES.pdf&repo=repositorio%2F,2025-03-21,Sí,Estructura básica verificada; desagregación inferior selectiva,,,,2026-09-25,,,,,
segob-ugob,Unidad de Gobierno,Unidad de Gobierno,Poder Ejecutivo,Unidad,segob-subgob,Subsecretaría de Gobernación,5,RI SEGOB art. 3,RI_SEGOB_2025,Reglamento Interior de la Secretaría de Gobernación,https://dof.gob.mx/abrirPDF.php?anio=2025&archivo=21032025-VES.pdf&repo=repositorio%2F,2025-03-21,Sí,Unidad inmediata verificada en el artículo 3,,,,2026-09-25,,,,,
segob-upiai,Unidad de Política Interior y Análisis de Información,Política Interior,Poder Ejecutivo,Unidad,segob-subgob,Subsecretaría de Gobernación,5,RI SEGOB art. 3,RI_SEGOB_2025,Reglamento Interior de la Secretaría de Gobernación,https://dof.gob.mx/abrirPDF.php?anio=2025&archivo=21032025-VES.pdf&repo=repositorio%2F,2025-03-21,Sí,Unidad inmediata verificada en el artículo 3,,,,2026-09-25,,,,,
segob-uenlace,Unidad de Enlace,Unidad de Enlace,Poder Ejecutivo,Unidad,segob-subgob,Subsecretaría de Gobernación,5,RI SEGOB art. 3,RI_SEGOB_2025,Reglamento Interior de la Secretaría de Gobernación,https://dof.gob.mx/abrirPDF.php?anio=2025&archivo=21032025-VES.pdf&repo=repositorio%2F,2025-03-21,Sí,Unidad inmediata verificada en el artículo 3,,,,2026-09-25,,,,,
segob-unmc,Unidad de Normatividad de Medios de Comunicación,Normatividad Medios,Poder Ejecutivo,Unidad,segob-subgob,Subsecretaría de Gobernación,5,RI SEGOB art. 3,RI_SEGOB_2025,Reglamento Interior de la Secretaría de Gobernación,https://dof.gob.mx/abrirPDF.php?anio=2025&archivo=21032025-VES.pdf&repo=repositorio%2F,2025-03-21,Sí,Unidad inmediata verificada en el artículo 3,,,,2026-09-25,,,,,
segob-uaos,Unidad para la Atención de las Organizaciones Sociales,Atención Org. Sociales,Poder Ejecutivo,Unidad,segob-subgob,Subsecretaría de Gobernación,5,RI SEGOB art. 3,RI_SEGOB_2025,Reglamento Interior de la Secretaría de Gobernación,https://dof.gob.mx/abrirPDF.php?anio=2025&archivo=21032025-VES.pdf&repo=repositorio%2F,2025-03-21,Sí,Unidad inmediata verificada en el artículo 3,,,,2026-09-25,,,,,
segob-uddh,Unidad para la Defensa de los Derechos Humanos,Defensa DDHH,Poder Ejecutivo,Unidad,segob-subdh,"Subsecretaría de Derechos Humanos, Población y Migración",5,RI SEGOB art. 3,RI_SEGOB_2025,Reglamento Interior de la Secretaría de Gobernación,https://dof.gob.mx/abrirPDF.php?anio=2025&archivo=21032025-VES.pdf&repo=repositorio%2F,2025-03-21,Sí,Unidad inmediata verificada en el artículo 3,,,,2026-09-25,,,,,
segob-upmri,"Unidad de Política Migratoria, Registro e Identidad de Personas",Política Migratoria,Poder Ejecutivo,Unidad,segob-subdh,"Subsecretaría de Derechos Humanos, Población y Migración",5,RI SEGOB art. 3,RI_SEGOB_2025,Reglamento Interior de la Secretaría de Gobernación,https://dof.gob.mx/abrirPDF.php?anio=2025&archivo=21032025-VES.pdf&repo=repositorio%2F,2025-03-21,Sí,Unidad inmediata verificada en el artículo 3,,,,2026-09-25,,,,,
segob-uasj,Unidad de Apoyo al Sistema de Justicia,Apoyo Sist. Justicia,Poder Ejecutivo,Unidad,segob-subdh,"Subsecretaría de Derechos Humanos, Población y Migración",5,RI SEGOB art. 3,RI_SEGOB_2025,Reglamento Interior de la Secretaría de Gobernación,https://dof.gob.mx/abrirPDF.php?anio=2025&archivo=21032025-VES.pdf&repo=repositorio%2F,2025-03-21,Sí,Unidad inmediata verificada en el artículo 3,,,,2026-09-25,,,,,
segob-cdpim,Comisión para el Diálogo con los Pueblos Indígenas de México,Diálogo Pueblos Indígenas,Poder Ejecutivo,Comisión,segob-subdh,"Subsecretaría de Derechos Humanos, Población y Migración",5,RI SEGOB art. 3,RI_SEGOB_2025,Reglamento Interior de la Secretaría de Gobernación,https://dof.gob.mx/abrirPDF.php?anio=2025&archivo=21032025-VES.pdf&repo=repositorio%2F,2025-03-21,Sí,Unidad inmediata verificada en el artículo 3,,,,2026-09-25,,,,,
segob-ump,Unidad de Mesas de Paz,Mesas de Paz,Poder Ejecutivo,Unidad,segob-subpaz,"Subsecretaría de Construcción de Paz, Participación Social y Asuntos Religiosos",5,RI SEGOB art. 3,RI_SEGOB_2025,Reglamento Interior de la Secretaría de Gobernación,https://dof.gob.mx/abrirPDF.php?anio=2025&archivo=21032025-VES.pdf&repo=repositorio%2F,2025-03-21,Sí,Unidad inmediata verificada en el artículo 3,,,,2026-09-25,,,,,
segob-upsc,"Unidad de Participación Social, Consultas y Construcción de Ciudadanía",Participación Social,Poder Ejecutivo,Unidad,segob-subpaz,"Subsecretaría de Construcción de Paz, Participación Social y Asuntos Religiosos",5,RI SEGOB art. 3,RI_SEGOB_2025,Reglamento Interior de la Secretaría de Gobernación,https://dof.gob.mx/abrirPDF.php?anio=2025&archivo=21032025-VES.pdf&repo=repositorio%2F,2025-03-21,Sí,Unidad inmediata verificada en el artículo 3,,,,2026-09-25,,,,,
segob-uevdd,"Unidad de Estrategias para la Vinculación, Desarrollo Democrático y Fomento Cívico",Vinculación Democrática,Poder Ejecutivo,Unidad,segob-subpaz,"Subsecretaría de Construcción de Paz, Participación Social y Asuntos Religiosos",5,RI SEGOB art. 3,RI_SEGOB_2025,Reglamento Interior de la Secretaría de Gobernación,https://dof.gob.mx/abrirPDF.php?anio=2025&archivo=21032025-VES.pdf&repo=repositorio%2F,2025-03-21,Sí,Unidad inmediata verificada en el artículo 3,,,,2026-09-25,,,,,
segob-uar,"Unidad de Asuntos Religiosos, Prevención Social y la Reconstrucción del Tejido Social",Asuntos Religiosos,Poder Ejecutivo,Unidad,segob-subpaz,"Subsecretaría de Construcción de Paz, Participación Social y Asuntos Religiosos",5,RI SEGOB art. 3,RI_SEGOB_2025,Reglamento Interior de la Secretaría de Gobernación,https://dof.gob.mx/abrirPDF.php?anio=2025&archivo=21032025-VES.pdf&repo=repositorio%2F,2025-03-21,Sí,Unidad inmediata verificada en el artículo 3,,,,2026-09-25,,,,,
segob-dgjs,Dirección General de Juegos y Sorteos,Juegos y Sorteos,Poder Ejecutivo,Dirección General,segob-subpaz,"Subsecretaría de Construcción de Paz, Participación Social y Asuntos Religiosos",5,RI SEGOB art. 3,RI_SEGOB_2025,Reglamento Interior de la Secretaría de Gobernación,https://dof.gob.mx/abrirPDF.php?anio=2025&archivo=21032025-VES.pdf&repo=repositorio%2F,2025-03-21,Sí,Unidad inmediata verificada en el artículo 3,,,,2026-09-25,,,,,
segob-inafed,Instituto Nacional para el Federalismo y el Desarrollo Municipal,INAFED,Poder Ejecutivo,Órgano administrativo desconcentrado,segob-subgob,Subsecretaría de Gobernación,5,RI SEGOB art. 3 B,RI_SEGOB_2025,Reglamento Interior de la Secretaría de Gobernación,https://dof.gob.mx/abrirPDF.php?anio=2025&archivo=21032025-VES.pdf&repo=repositorio%2F,2025-03-21,Sí,Órgano administrativo desconcentrado verificado,,,,2026-09-25,,,,,
segob-cepropie,Centro de Producción de Programas Informativos y Especiales,CEPROPIE,Poder Ejecutivo,Órgano administrativo desconcentrado,segob-subgob,Subsecretaría de Gobernación,5,RI SEGOB art. 3 B,RI_SEGOB_2025,Reglamento Interior de la Secretaría de Gobernación,https://dof.gob.mx/abrirPDF.php?anio=2025&archivo=21032025-VES.pdf&repo=repositorio%2F,2025-03-21,Sí,Órgano administrativo desconcentrado verificado,,,,2026-09-25,,,,,
segob-inm,Instituto Nacional de Migración,INM,Poder Ejecutivo,Órgano administrativo desconcentrado,segob-subdh,"Subsecretaría de Derechos Humanos, Población y Migración",5,RI SEGOB art. 3 B,RI_SEGOB_2025,Reglamento Interior de la Secretaría de Gobernación,https://dof.gob.mx/abrirPDF.php?anio=2025&archivo=21032025-VES.pdf&repo=repositorio%2F,2025-03-21,Sí,Órgano administrativo desconcentrado verificado,,,,2026-09-25,,,,,
segob-conapo,Secretaría Técnica del Consejo Nacional de Población,ST CONAPO,Poder Ejecutivo,Órgano administrativo desconcentrado,segob-subdh,"Subsecretaría de Derechos Humanos, Población y Migración",5,RI SEGOB art. 3 B,RI_SEGOB_2025,Reglamento Interior de la Secretaría de Gobernación,https://dof.gob.mx/abrirPDF.php?anio=2025&archivo=21032025-VES.pdf&repo=repositorio%2F,2025-03-21,Sí,Órgano administrativo desconcentrado verificado,,,,2026-09-25,,,,,
segob-comar,Coordinación General de la Comisión Mexicana de Ayuda a Refugiados,COMAR,Poder Ejecutivo,Órgano administrativo desconcentrado,segob-subdh,"Subsecretaría de Derechos Humanos, Población y Migración",5,RI SEGOB art. 3 B,RI_SEGOB_2025,Reglamento Interior de la Secretaría de Gobernación,https://dof.gob.mx/abrirPDF.php?anio=2025&archivo=21032025-VES.pdf&repo=repositorio%2F,2025-03-21,Sí,Órgano administrativo desconcentrado verificado,,,,2026-09-25,,,,,
segob-fronsur,Coordinación para la Atención Integral de la Migración en la Frontera Sur,Frontera Sur,Poder Ejecutivo,Órgano administrativo desconcentrado,segob-subdh,"Subsecretaría de Derechos Humanos, Población y Migración",5,RI SEGOB art. 3 B,RI_SEGOB_2025,Reglamento Interior de la Secretaría de Gobernación,https://dof.gob.mx/abrirPDF.php?anio=2025&archivo=21032025-VES.pdf&repo=repositorio%2F,2025-03-21,Sí,Órgano administrativo desconcentrado verificado,,,,2026-09-25,,,,,
segob-cnb,Comisión Nacional de Búsqueda de Personas,CNB,Poder Ejecutivo,Órgano administrativo desconcentrado,segob-subdh,"Subsecretaría de Derechos Humanos, Población y Migración",5,RI SEGOB art. 3 B,RI_SEGOB_2025,Reglamento Interior de la Secretaría de Gobernación,https://dof.gob.mx/abrirPDF.php?anio=2025&archivo=21032025-VES.pdf&repo=repositorio%2F,2025-03-21,Sí,Órgano administrativo desconcentrado verificado,,,,2026-09-25,,,,,
segob-sipinna,"Secretaría Ejecutiva del Sistema Nacional de Protección Integral de Niñas, Niños y Adolescentes",SIPINNA,Poder Ejecutivo,Órgano administrativo desconcentrado,segob-subdh,"Subsecretaría de Derechos Humanos, Población y Migración",5,RI SEGOB art. 3 B,RI_SEGOB_2025,Reglamento Interior de la Secretaría de Gobernación,https://dof.gob.mx/abrirPDF.php?anio=2025&archivo=21032025-VES.pdf&repo=repositorio%2F,2025-03-21,Sí,Órgano administrativo desconcentrado verificado,,,,2026-09-25,,,,,
shcp-subhac,Subsecretaría de Hacienda y Crédito Público,Subsec. Hacienda,Poder Ejecutivo,Subsecretaría,sec-5,Secretaría de Hacienda y Crédito Público,4,RI SHCP art. 50,RI_SHCP_2025,Decreto de reforma al Reglamento Interior de la Secretaría de Hacienda y Crédito Público,https://www.dof.gob.mx/nota_detalle.php?codigo=5750009&fecha=24/02/2025,2025-02-24,Sí,Estructura superior verificada; contraste integral con artículo 4/manual pendiente,,,,2026-09-25,Adscripción representada a partir del régimen de suplencias del artículo 50; no equivale a haber transcrito la totalidad de la estructura autorizada.,,,,
shcp-subing,Subsecretaría de Ingresos,Subsec. Ingresos,Poder Ejecutivo,Subsecretaría,sec-5,Secretaría de Hacienda y Crédito Público,4,RI SHCP art. 50,RI_SHCP_2025,Decreto de reforma al Reglamento Interior de la Secretaría de Hacienda y Crédito Público,https://www.dof.gob.mx/nota_detalle.php?codigo=5750009&fecha=24/02/2025,2025-02-24,Sí,Estructura superior verificada; contraste integral con artículo 4/manual pendiente,,,,2026-09-25,Adscripción representada a partir del régimen de suplencias del artículo 50; no equivale a haber transcrito la totalidad de la estructura autorizada.,,,,
shcp-subeg,Subsecretaría de Egresos,Subsec. Egresos,Poder Ejecutivo,Subsecretaría,sec-5,Secretaría de Hacienda y Crédito Público,4,RI SHCP art. 50,RI_SHCP_2025,Decreto de reforma al Reglamento Interior de la Secretaría de Hacienda y Crédito Público,https://www.dof.gob.mx/nota_detalle.php?codigo=5750009&fecha=24/02/2025,2025-02-24,Sí,Estructura superior verificada; contraste integral con artículo 4/manual pendiente,,,,2026-09-25,Adscripción representada a partir del régimen de suplencias del artículo 50; no equivale a haber transcrito la totalidad de la estructura autorizada.,,,,
shcp-pff,Procuraduría Fiscal de la Federación,PFF,Poder Ejecutivo,Procuraduría,sec-5,Secretaría de Hacienda y Crédito Público,4,RI SHCP art. 50,RI_SHCP_2025,Decreto de reforma al Reglamento Interior de la Secretaría de Hacienda y Crédito Público,https://www.dof.gob.mx/nota_detalle.php?codigo=5750009&fecha=24/02/2025,2025-02-24,Sí,Estructura superior verificada; contraste integral con artículo 4/manual pendiente,,,,2026-09-25,Adscripción representada a partir del régimen de suplencias del artículo 50; no equivale a haber transcrito la totalidad de la estructura autorizada.,,,,
shcp-ucef,Unidad de Coordinación con Entidades Federativas,UCEF,Poder Ejecutivo,Unidad,sec-5,Secretaría de Hacienda y Crédito Público,4,RI SHCP art. 50,RI_SHCP_2025,Decreto de reforma al Reglamento Interior de la Secretaría de Hacienda y Crédito Público,https://www.dof.gob.mx/nota_detalle.php?codigo=5750009&fecha=24/02/2025,2025-02-24,Sí,Estructura superior verificada; contraste integral con artículo 4/manual pendiente,,,,2026-09-25,Adscripción representada a partir del régimen de suplencias del artículo 50; no equivale a haber transcrito la totalidad de la estructura autorizada.,,,,
shcp-uaf,Unidad de Administración y Finanzas,UAF,Poder Ejecutivo,Unidad,sec-5,Secretaría de Hacienda y Crédito Público,4,RI SHCP art. 50,RI_SHCP_2025,Decreto de reforma al Reglamento Interior de la Secretaría de Hacienda y Crédito Público,https://www.dof.gob.mx/nota_detalle.php?codigo=5750009&fecha=24/02/2025,2025-02-24,Sí,Estructura superior verificada; contraste integral con artículo 4/manual pendiente,,,,2026-09-25,Adscripción representada a partir del régimen de suplencias del artículo 50; no equivale a haber transcrito la totalidad de la estructura autorizada.,,,,
shcp-tesofe,Tesorería de la Federación,TESOFE,Poder Ejecutivo,Tesorería,sec-5,Secretaría de Hacienda y Crédito Público,4,RI SHCP art. 50,RI_SHCP_2025,Decreto de reforma al Reglamento Interior de la Secretaría de Hacienda y Crédito Público,https://www.dof.gob.mx/nota_detalle.php?codigo=5750009&fecha=24/02/2025,2025-02-24,Sí,Estructura superior verificada; contraste integral con artículo 4/manual pendiente,,,,2026-09-25,Adscripción representada a partir del régimen de suplencias del artículo 50; no equivale a haber transcrito la totalidad de la estructura autorizada.,,,,
shcp-uif,Unidad de Inteligencia Financiera,UIF,Poder Ejecutivo,Unidad,sec-5,Secretaría de Hacienda y Crédito Público,4,RI SHCP art. 50,RI_SHCP_2025,Decreto de reforma al Reglamento Interior de la Secretaría de Hacienda y Crédito Público,https://www.dof.gob.mx/nota_detalle.php?codigo=5750009&fecha=24/02/2025,2025-02-24,Sí,Estructura superior verificada; contraste integral con artículo 4/manual pendiente,,,,2026-09-25,Adscripción representada a partir del régimen de suplencias del artículo 50; no equivale a haber transcrito la totalidad de la estructura autorizada.,,,,
shcp-ucpaih,Unidad de Crédito Público y Asuntos Internacionales de Hacienda,Crédito Público,Poder Ejecutivo,Unidad,shcp-subhac,Subsecretaría de Hacienda y Crédito Público,5,RI SHCP art. 50,RI_SHCP_2025,Decreto de reforma al Reglamento Interior de la Secretaría de Hacienda y Crédito Público,https://www.dof.gob.mx/nota_detalle.php?codigo=5750009&fecha=24/02/2025,2025-02-24,Sí,Unidad adscrita identificada en el régimen de suplencias del RI,,,,2026-09-25,Relación cargada con base en el artículo 50; la v0.4 deberá contrastar artículo 4/manual de organización para cerrar exhaustividad.,,,,
shcp-upehp,Unidad de Planeación Económica de la Hacienda Pública,Planeación Económica,Poder Ejecutivo,Unidad,shcp-subhac,Subsecretaría de Hacienda y Crédito Público,5,RI SHCP art. 50,RI_SHCP_2025,Decreto de reforma al Reglamento Interior de la Secretaría de Hacienda y Crédito Público,https://www.dof.gob.mx/nota_detalle.php?codigo=5750009&fecha=24/02/2025,2025-02-24,Sí,Unidad adscrita identificada en el régimen de suplencias del RI,,,,2026-09-25,Relación cargada con base en el artículo 50; la v0.4 deberá contrastar artículo 4/manual de organización para cerrar exhaustividad.,,,,
shcp-upit,Unidad de Política de Ingresos Tributarios,Ingresos Tributarios,Poder Ejecutivo,Unidad,shcp-subing,Subsecretaría de Ingresos,5,RI SHCP art. 50,RI_SHCP_2025,Decreto de reforma al Reglamento Interior de la Secretaría de Hacienda y Crédito Público,https://www.dof.gob.mx/nota_detalle.php?codigo=5750009&fecha=24/02/2025,2025-02-24,Sí,Unidad adscrita identificada en el régimen de suplencias del RI,,,,2026-09-25,Relación cargada con base en el artículo 50; la v0.4 deberá contrastar artículo 4/manual de organización para cerrar exhaustividad.,,,,
shcp-upinth,Unidad de Política de Ingresos no Tributarios y sobre Hidrocarburos,Ingresos no Tributarios,Poder Ejecutivo,Unidad,shcp-subing,Subsecretaría de Ingresos,5,RI SHCP art. 50,RI_SHCP_2025,Decreto de reforma al Reglamento Interior de la Secretaría de Hacienda y Crédito Público,https://www.dof.gob.mx/nota_detalle.php?codigo=5750009&fecha=24/02/2025,2025-02-24,Sí,Unidad adscrita identificada en el régimen de suplencias del RI,,,,2026-09-25,Relación cargada con base en el artículo 50; la v0.4 deberá contrastar artículo 4/manual de organización para cerrar exhaustividad.,,,,
shcp-ult,Unidad de Legislación Tributaria,Legislación Tributaria,Poder Ejecutivo,Unidad,shcp-subing,Subsecretaría de Ingresos,5,RI SHCP art. 50,RI_SHCP_2025,Decreto de reforma al Reglamento Interior de la Secretaría de Hacienda y Crédito Público,https://www.dof.gob.mx/nota_detalle.php?codigo=5750009&fecha=24/02/2025,2025-02-24,Sí,Unidad adscrita identificada en el régimen de suplencias del RI,,,,2026-09-25,Relación cargada con base en el artículo 50; la v0.4 deberá contrastar artículo 4/manual de organización para cerrar exhaustividad.,,,,
shcp-uaje,Unidad de Asuntos Jurídicos de Egresos,Asuntos Jurídicos Egresos,Poder Ejecutivo,Unidad,shcp-subeg,Subsecretaría de Egresos,5,RI SHCP art. 50,RI_SHCP_2025,Decreto de reforma al Reglamento Interior de la Secretaría de Hacienda y Crédito Público,https://www.dof.gob.mx/nota_detalle.php?codigo=5750009&fecha=24/02/2025,2025-02-24,Sí,Unidad adscrita identificada en el régimen de suplencias del RI,,,,2026-09-25,Relación cargada con base en el artículo 50; la v0.4 deberá contrastar artículo 4/manual de organización para cerrar exhaustividad.,,,,
shcp-udpcsg,"Unidad de Diseño Presupuestario, Control y Seguimiento del Gasto",Diseño Presupuestario,Poder Ejecutivo,Unidad,shcp-subeg,Subsecretaría de Egresos,5,RI SHCP art. 50,RI_SHCP_2025,Decreto de reforma al Reglamento Interior de la Secretaría de Hacienda y Crédito Público,https://www.dof.gob.mx/nota_detalle.php?codigo=5750009&fecha=24/02/2025,2025-02-24,Sí,Unidad adscrita identificada en el régimen de suplencias del RI,,,,2026-09-25,Relación cargada con base en el artículo 50; la v0.4 deberá contrastar artículo 4/manual de organización para cerrar exhaustividad.,,,,
shcp-ucg,Unidad de Contabilidad Gubernamental,Contabilidad Gubernamental,Poder Ejecutivo,Unidad,shcp-subeg,Subsecretaría de Egresos,5,RI SHCP art. 50,RI_SHCP_2025,Decreto de reforma al Reglamento Interior de la Secretaría de Hacienda y Crédito Público,https://www.dof.gob.mx/nota_detalle.php?codigo=5750009&fecha=24/02/2025,2025-02-24,Sí,Unidad adscrita identificada en el régimen de suplencias del RI,,,,2026-09-25,Relación cargada con base en el artículo 50; la v0.4 deberá contrastar artículo 4/manual de organización para cerrar exhaustividad.,,,,
shcp-ui,Unidad de Inversiones,Inversiones,Poder Ejecutivo,Unidad,shcp-subeg,Subsecretaría de Egresos,5,RI SHCP art. 50,RI_SHCP_2025,Decreto de reforma al Reglamento Interior de la Secretaría de Hacienda y Crédito Público,https://www.dof.gob.mx/nota_detalle.php?codigo=5750009&fecha=24/02/2025,2025-02-24,Sí,Unidad adscrita identificada en el régimen de suplencias del RI,,,,2026-09-25,Relación cargada con base en el artículo 50; la v0.4 deberá contrastar artículo 4/manual de organización para cerrar exhaustividad.,,,,
shcp-uper,Unidad de Política y Estrategia para Resultados,Política para Resultados,Poder Ejecutivo,Unidad,shcp-subeg,Subsecretaría de Egresos,5,RI SHCP art. 50,RI_SHCP_2025,Decreto de reforma al Reglamento Interior de la Secretaría de Hacienda y Crédito Público,https://www.dof.gob.mx/nota_detalle.php?codigo=5750009&fecha=24/02/2025,2025-02-24,Sí,Unidad adscrita identificada en el régimen de suplencias del RI,,,,2026-09-25,Relación cargada con base en el artículo 50; la v0.4 deberá contrastar artículo 4/manual de organización para cerrar exhaustividad.,,,,
shcp-ucacp,Unidad de Control Administrativo y Contrataciones Públicas,Control Adm. y Contrataciones,Poder Ejecutivo,Unidad,shcp-subeg,Subsecretaría de Egresos,5,RI SHCP art. 50,RI_SHCP_2025,Decreto de reforma al Reglamento Interior de la Secretaría de Hacienda y Crédito Público,https://www.dof.gob.mx/nota_detalle.php?codigo=5750009&fecha=24/02/2025,2025-02-24,Sí,Unidad adscrita identificada en el régimen de suplencias del RI,,,,2026-09-25,Relación cargada con base en el artículo 50; la v0.4 deberá contrastar artículo 4/manual de organización para cerrar exhaustividad.,,,,
shcp-upe,Unidad de Proyectos Especiales,Proyectos Especiales,Poder Ejecutivo,Unidad,shcp-subeg,Subsecretaría de Egresos,5,RI SHCP art. 50,RI_SHCP_2025,Decreto de reforma al Reglamento Interior de la Secretaría de Hacienda y Crédito Público,https://www.dof.gob.mx/nota_detalle.php?codigo=5750009&fecha=24/02/2025,2025-02-24,Sí,Unidad adscrita identificada en el régimen de suplencias del RI,,,,2026-09-25,Relación cargada con base en el artículo 50; la v0.4 deberá contrastar artículo 4/manual de organización para cerrar exhaustividad.,,,,
shcp-spffa,Subprocuraduría Fiscal Federal de Amparos,Subproc. Amparos,Poder Ejecutivo,Subprocuraduría,shcp-pff,Procuraduría Fiscal de la Federación,5,RI SHCP art. 50,RI_SHCP_2025,Decreto de reforma al Reglamento Interior de la Secretaría de Hacienda y Crédito Público,https://www.dof.gob.mx/nota_detalle.php?codigo=5750009&fecha=24/02/2025,2025-02-24,Sí,Unidad adscrita identificada en el régimen de suplencias del RI,,,,2026-09-25,Relación cargada con base en el artículo 50; la v0.4 deberá contrastar artículo 4/manual de organización para cerrar exhaustividad.,,,,
shcp-spfflc,Subprocuraduría Fiscal Federal de Legislación y Consulta,Subproc. Legislación,Poder Ejecutivo,Subprocuraduría,shcp-pff,Procuraduría Fiscal de la Federación,5,RI SHCP art. 50,RI_SHCP_2025,Decreto de reforma al Reglamento Interior de la Secretaría de Hacienda y Crédito Público,https://www.dof.gob.mx/nota_detalle.php?codigo=5750009&fecha=24/02/2025,2025-02-24,Sí,Unidad adscrita identificada en el régimen de suplencias del RI,,,,2026-09-25,Relación cargada con base en el artículo 50; la v0.4 deberá contrastar artículo 4/manual de organización para cerrar exhaustividad.,,,,
shcp-spffaf,Subprocuraduría Fiscal Federal de Asuntos Financieros,Subproc. Asuntos Financieros,Poder Ejecutivo,Subprocuraduría,shcp-pff,Procuraduría Fiscal de la Federación,5,RI SHCP art. 50,RI_SHCP_2025,Decreto de reforma al Reglamento Interior de la Secretaría de Hacienda y Crédito Público,https://www.dof.gob.mx/nota_detalle.php?codigo=5750009&fecha=24/02/2025,2025-02-24,Sí,Unidad adscrita identificada en el régimen de suplencias del RI,,,,2026-09-25,Relación cargada con base en el artículo 50; la v0.4 deberá contrastar artículo 4/manual de organización para cerrar exhaustividad.,,,,
shcp-spffi,Subprocuraduría Fiscal Federal de Investigaciones,Subproc. Investigaciones,Poder Ejecutivo,Subprocuraduría,shcp-pff,Procuraduría Fiscal de la Federación,5,RI SHCP art. 50,RI_SHCP_2025,Decreto de reforma al Reglamento Interior de la Secretaría de Hacienda y Crédito Público,https://www.dof.gob.mx/nota_detalle.php?codigo=5750009&fecha=24/02/2025,2025-02-24,Sí,Unidad adscrita identificada en el régimen de suplencias del RI,,,,2026-09-25,Relación cargada con base en el artículo 50; la v0.4 deberá contrastar artículo 4/manual de organización para cerrar exhaustividad.,,,,
shcp-uaf-dgrf,Dirección General de Recursos Financieros,DG Recursos Financieros,Poder Ejecutivo,Dirección General,shcp-uaf,Unidad de Administración y Finanzas,5,RI SHCP art. 50,RI_SHCP_2025,Decreto de reforma al Reglamento Interior de la Secretaría de Hacienda y Crédito Público,https://www.dof.gob.mx/nota_detalle.php?codigo=5750009&fecha=24/02/2025,2025-02-24,Sí,Unidad adscrita identificada en el régimen de suplencias del RI,,,,2026-09-25,Relación cargada con base en el artículo 50; la v0.4 deberá contrastar artículo 4/manual de organización para cerrar exhaustividad.,,,,
shcp-uaf-dgrh,Dirección General de Recursos Humanos,DG Recursos Humanos,Poder Ejecutivo,Dirección General,shcp-uaf,Unidad de Administración y Finanzas,5,RI SHCP art. 50,RI_SHCP_2025,Decreto de reforma al Reglamento Interior de la Secretaría de Hacienda y Crédito Público,https://www.dof.gob.mx/nota_detalle.php?codigo=5750009&fecha=24/02/2025,2025-02-24,Sí,Unidad adscrita identificada en el régimen de suplencias del RI,,,,2026-09-25,Relación cargada con base en el artículo 50; la v0.4 deberá contrastar artículo 4/manual de organización para cerrar exhaustividad.,,,,
shcp-uaf-dgrmosg,"Dirección General de Recursos Materiales, Obra Pública y Servicios Generales",DG Recursos Materiales,Poder Ejecutivo,Dirección General,shcp-uaf,Unidad de Administración y Finanzas,5,RI SHCP art. 50,RI_SHCP_2025,Decreto de reforma al Reglamento Interior de la Secretaría de Hacienda y Crédito Público,https://www.dof.gob.mx/nota_detalle.php?codigo=5750009&fecha=24/02/2025,2025-02-24,Sí,Unidad adscrita identificada en el régimen de suplencias del RI,,,,2026-09-25,Relación cargada con base en el artículo 50; la v0.4 deberá contrastar artículo 4/manual de organización para cerrar exhaustividad.,,,,
shcp-uaf-dgtiev,Dirección General de Talleres de Impresión de Estampillas y Valores,DG Talleres Impresión,Poder Ejecutivo,Dirección General,shcp-uaf,Unidad de Administración y Finanzas,5,RI SHCP art. 50,RI_SHCP_2025,Decreto de reforma al Reglamento Interior de la Secretaría de Hacienda y Crédito Público,https://www.dof.gob.mx/nota_detalle.php?codigo=5750009&fecha=24/02/2025,2025-02-24,Sí,Unidad adscrita identificada en el régimen de suplencias del RI,,,,2026-09-25,Relación cargada con base en el artículo 50; la v0.4 deberá contrastar artículo 4/manual de organización para cerrar exhaustividad.,,,,
shcp-uaf-dgtsi,Dirección General de Tecnologías y Seguridad de la Información,DG Tecnologías,Poder Ejecutivo,Dirección General,shcp-uaf,Unidad de Administración y Finanzas,5,RI SHCP art. 50,RI_SHCP_2025,Decreto de reforma al Reglamento Interior de la Secretaría de Hacienda y Crédito Público,https://www.dof.gob.mx/nota_detalle.php?codigo=5750009&fecha=24/02/2025,2025-02-24,Sí,Unidad adscrita identificada en el régimen de suplencias del RI,,,,2026-09-25,Relación cargada con base en el artículo 50; la v0.4 deberá contrastar artículo 4/manual de organización para cerrar exhaustividad.,,,,
shcp-uaf-cpn,Conservaduría de Palacio Nacional y Patrimonio Cultural,Conservaduría Palacio Nacional,Poder Ejecutivo,Conservaduría,shcp-uaf,Unidad de Administración y Finanzas,5,RI SHCP art. 50,RI_SHCP_2025,Decreto de reforma al Reglamento Interior de la Secretaría de Hacienda y Crédito Público,https://www.dof.gob.mx/nota_detalle.php?codigo=5750009&fecha=24/02/2025,2025-02-24,Sí,Unidad adscrita identificada en el régimen de suplencias del RI,,,,2026-09-25,Relación cargada con base en el artículo 50; la v0.4 deberá contrastar artículo 4/manual de organización para cerrar exhaustividad.,,,,
shcp-teso-subop,Subtesorería de Operación,Subtes. Operación,Poder Ejecutivo,Subtesorería,shcp-tesofe,Tesorería de la Federación,5,RI SHCP art. 50,RI_SHCP_2025,Decreto de reforma al Reglamento Interior de la Secretaría de Hacienda y Crédito Público,https://www.dof.gob.mx/nota_detalle.php?codigo=5750009&fecha=24/02/2025,2025-02-24,Sí,Unidad adscrita identificada en el régimen de suplencias del RI,,,,2026-09-25,Relación cargada con base en el artículo 50; la v0.4 deberá contrastar artículo 4/manual de organización para cerrar exhaustividad.,,,,
shcp-teso-subpf,Subtesorería de Planeación Financiera y Administración de la Liquidez,Subtes. Planeación Financiera,Poder Ejecutivo,Subtesorería,shcp-tesofe,Tesorería de la Federación,5,RI SHCP art. 50,RI_SHCP_2025,Decreto de reforma al Reglamento Interior de la Secretaría de Hacienda y Crédito Público,https://www.dof.gob.mx/nota_detalle.php?codigo=5750009&fecha=24/02/2025,2025-02-24,Sí,Unidad adscrita identificada en el régimen de suplencias del RI,,,,2026-09-25,Relación cargada con base en el artículo 50; la v0.4 deberá contrastar artículo 4/manual de organización para cerrar exhaustividad.,,,,
shcp-teso-dgaj,Dirección General de Asuntos Jurídicos,DG Asuntos Jurídicos,Poder Ejecutivo,Dirección General,shcp-tesofe,Tesorería de la Federación,5,RI SHCP art. 50,RI_SHCP_2025,Decreto de reforma al Reglamento Interior de la Secretaría de Hacienda y Crédito Público,https://www.dof.gob.mx/nota_detalle.php?codigo=5750009&fecha=24/02/2025,2025-02-24,Sí,Unidad adscrita identificada en el régimen de suplencias del RI,,,,2026-09-25,Relación cargada con base en el artículo 50; la v0.4 deberá contrastar artículo 4/manual de organización para cerrar exhaustividad.,,,,
shcp-teso-cvft,Coordinación de Vigilancia de las Funciones de Tesorería,Vigilancia Tesorería,Poder Ejecutivo,Coordinación,shcp-tesofe,Tesorería de la Federación,5,RI SHCP art. 50,RI_SHCP_2025,Decreto de reforma al Reglamento Interior de la Secretaría de Hacienda y Crédito Público,https://www.dof.gob.mx/nota_detalle.php?codigo=5750009&fecha=24/02/2025,2025-02-24,Sí,Unidad adscrita identificada en el régimen de suplencias del RI,,,,2026-09-25,Relación cargada con base en el artículo 50; la v0.4 deberá contrastar artículo 4/manual de organización para cerrar exhaustividad.,,,,
shcp-teso-cpv,Coordinación de Planeación y Vinculación,Planeación y Vinculación,Poder Ejecutivo,Coordinación,shcp-tesofe,Tesorería de la Federación,5,RI SHCP art. 50,RI_SHCP_2025,Decreto de reforma al Reglamento Interior de la Secretaría de Hacienda y Crédito Público,https://www.dof.gob.mx/nota_detalle.php?codigo=5750009&fecha=24/02/2025,2025-02-24,Sí,Unidad adscrita identificada en el régimen de suplencias del RI,,,,2026-09-25,Relación cargada con base en el artículo 50; la v0.4 deberá contrastar artículo 4/manual de organización para cerrar exhaustividad.,,,,
shcp-uif-dgani,Dirección General de Asuntos Normativos e Internacionales,DG Asuntos Normativos,Poder Ejecutivo,Dirección General,shcp-uif,Unidad de Inteligencia Financiera,5,RI SHCP art. 50,RI_SHCP_2025,Decreto de reforma al Reglamento Interior de la Secretaría de Hacienda y Crédito Público,https://www.dof.gob.mx/nota_detalle.php?codigo=5750009&fecha=24/02/2025,2025-02-24,Sí,Unidad adscrita identificada en el régimen de suplencias del RI,,,,2026-09-25,Relación cargada con base en el artículo 50; la v0.4 deberá contrastar artículo 4/manual de organización para cerrar exhaustividad.,,,,
shcp-uif-dgpl,Dirección General de Procesos Legales,DG Procesos Legales,Poder Ejecutivo,Dirección General,shcp-uif,Unidad de Inteligencia Financiera,5,RI SHCP art. 50,RI_SHCP_2025,Decreto de reforma al Reglamento Interior de la Secretaría de Hacienda y Crédito Público,https://www.dof.gob.mx/nota_detalle.php?codigo=5750009&fecha=24/02/2025,2025-02-24,Sí,Unidad adscrita identificada en el régimen de suplencias del RI,,,,2026-09-25,Relación cargada con base en el artículo 50; la v0.4 deberá contrastar artículo 4/manual de organización para cerrar exhaustividad.,,,,
shcp-uif-dgc,Dirección General de lo Contencioso,DG Contencioso,Poder Ejecutivo,Dirección General,shcp-uif,Unidad de Inteligencia Financiera,5,RI SHCP art. 50,RI_SHCP_2025,Decreto de reforma al Reglamento Interior de la Secretaría de Hacienda y Crédito Público,https://www.dof.gob.mx/nota_detalle.php?codigo=5750009&fecha=24/02/2025,2025-02-24,Sí,Unidad adscrita identificada en el régimen de suplencias del RI,,,,2026-09-25,Relación cargada con base en el artículo 50; la v0.4 deberá contrastar artículo 4/manual de organización para cerrar exhaustividad.,,,,
shcp-uif-dglpb,Dirección General de Integración de la Lista de Personas Bloqueadas y Procedimientos de Garantías de Audiencia,DG Lista Personas Bloqueadas,Poder Ejecutivo,Dirección General,shcp-uif,Unidad de Inteligencia Financiera,5,RI SHCP art. 50,RI_SHCP_2025,Decreto de reforma al Reglamento Interior de la Secretaría de Hacienda y Crédito Público,https://www.dof.gob.mx/nota_detalle.php?codigo=5750009&fecha=24/02/2025,2025-02-24,Sí,Unidad adscrita identificada en el régimen de suplencias del RI,,,,2026-09-25,Relación cargada con base en el artículo 50; la v0.4 deberá contrastar artículo 4/manual de organización para cerrar exhaustividad.,,,,
shcp-uif-dga,Dirección General de Análisis,DG Análisis,Poder Ejecutivo,Dirección General,shcp-uif,Unidad de Inteligencia Financiera,5,RI SHCP art. 50,RI_SHCP_2025,Decreto de reforma al Reglamento Interior de la Secretaría de Hacienda y Crédito Público,https://www.dof.gob.mx/nota_detalle.php?codigo=5750009&fecha=24/02/2025,2025-02-24,Sí,Unidad adscrita identificada en el régimen de suplencias del RI,,,,2026-09-25,Relación cargada con base en el artículo 50; la v0.4 deberá contrastar artículo 4/manual de organización para cerrar exhaustividad.,,,,
shcp-uif-dgie,Dirección General de Información Estratégica,DG Información Estratégica,Poder Ejecutivo,Dirección General,shcp-uif,Unidad de Inteligencia Financiera,5,RI SHCP art. 50,RI_SHCP_2025,Decreto de reforma al Reglamento Interior de la Secretaría de Hacienda y Crédito Público,https://www.dof.gob.mx/nota_detalle.php?codigo=5750009&fecha=24/02/2025,2025-02-24,Sí,Unidad adscrita identificada en el régimen de suplencias del RI,,,,2026-09-25,Relación cargada con base en el artículo 50; la v0.4 deberá contrastar artículo 4/manual de organización para cerrar exhaustividad.,,,,
sabg-subbg,Subsecretaría de Buen Gobierno,Subsec. Buen Gobierno,Poder Ejecutivo,Subsecretaría,sec-12,Secretaría Anticorrupción y Buen Gobierno,4,RI SABG art. 2 A,RI_SABG_2024_2025,Reforma al Reglamento Interior de la Secretaría Anticorrupción y Buen Gobierno,https://dof.gob.mx/nota_detalle.php?codigo=5752650&fecha=21/03/2025,2025-03-21,Sí,Estructura básica central verificada,,,,2026-09-25,,,,,
sabg-subac,Subsecretaría Anticorrupción,Subsec. Anticorrupción,Poder Ejecutivo,Subsecretaría,sec-12,Secretaría Anticorrupción y Buen Gobierno,4,RI SABG art. 2 A,RI_SABG_2024_2025,Reforma al Reglamento Interior de la Secretaría Anticorrupción y Buen Gobierno,https://dof.gob.mx/nota_detalle.php?codigo=5752650&fecha=21/03/2025,2025-03-21,Sí,Estructura básica central verificada,,,,2026-09-25,,,,,
sabg-uci,Unidad de Combate a la Impunidad,Combate a la Impunidad,Poder Ejecutivo,Unidad,sec-12,Secretaría Anticorrupción y Buen Gobierno,4,RI SABG art. 2 A,RI_SABG_2024_2025,Reforma al Reglamento Interior de la Secretaría Anticorrupción y Buen Gobierno,https://dof.gob.mx/nota_detalle.php?codigo=5752650&fecha=21/03/2025,2025-03-21,Sí,Estructura básica central verificada,,,,2026-09-25,,,,,
sabg-uaj,Unidad de Asuntos Jurídicos,Asuntos Jurídicos,Poder Ejecutivo,Unidad,sec-12,Secretaría Anticorrupción y Buen Gobierno,4,RI SABG art. 2 A,RI_SABG_2024_2025,Reforma al Reglamento Interior de la Secretaría Anticorrupción y Buen Gobierno,https://dof.gob.mx/nota_detalle.php?codigo=5752650&fecha=21/03/2025,2025-03-21,Sí,Estructura básica central verificada,,,,2026-09-25,,,,,
sabg-uta,Unidad Técnica de Apoyo,Unidad Técnica,Poder Ejecutivo,Unidad,sec-12,Secretaría Anticorrupción y Buen Gobierno,4,RI SABG art. 2 A,RI_SABG_2024_2025,Reforma al Reglamento Interior de la Secretaría Anticorrupción y Buen Gobierno,https://dof.gob.mx/nota_detalle.php?codigo=5752650&fecha=21/03/2025,2025-03-21,Sí,Estructura básica central verificada,,,,2026-09-25,,,,,
sabg-uaf,Unidad de Administración y Finanzas,UAF,Poder Ejecutivo,Unidad,sec-12,Secretaría Anticorrupción y Buen Gobierno,4,RI SABG art. 2 A,RI_SABG_2024_2025,Reforma al Reglamento Interior de la Secretaría Anticorrupción y Buen Gobierno,https://dof.gob.mx/nota_detalle.php?codigo=5752650&fecha=21/03/2025,2025-03-21,Sí,Estructura básica central verificada,,,,2026-09-25,,,,,
sabg-dgt,Dirección General de Transparencia,DG Transparencia,Poder Ejecutivo,Dirección General,sec-12,Secretaría Anticorrupción y Buen Gobierno,4,RI SABG art. 2 A,RI_SABG_2024_2025,Reforma al Reglamento Interior de la Secretaría Anticorrupción y Buen Gobierno,https://dof.gob.mx/nota_detalle.php?codigo=5752650&fecha=21/03/2025,2025-03-21,Sí,Estructura básica central verificada,,,,2026-09-25,,,,,
sabg-upsp,Unidad de Políticas para el Servicio Público,Políticas Servicio Público,Poder Ejecutivo,Unidad,sabg-subbg,Subsecretaría de Buen Gobierno,5,RI SABG art. 2; reforma 21/03/2025,RI_SABG_2024_2025,Reforma al Reglamento Interior de la Secretaría Anticorrupción y Buen Gobierno,https://dof.gob.mx/nota_detalle.php?codigo=5752650&fecha=21/03/2025,2025-03-21,Sí,Unidad inmediata verificada,,,,2026-09-25,,,,,
sabg-cgbg,Coordinación General de Buen Gobierno,Coord. Buen Gobierno,Poder Ejecutivo,Coordinación General,sabg-subbg,Subsecretaría de Buen Gobierno,5,RI SABG art. 2; reforma 21/03/2025,RI_SABG_2024_2025,Reforma al Reglamento Interior de la Secretaría Anticorrupción y Buen Gobierno,https://dof.gob.mx/nota_detalle.php?codigo=5752650&fecha=21/03/2025,2025-03-21,Sí,Unidad inmediata verificada,,,,2026-09-25,,,,,
sabg-ucp,Unidad de Contrataciones Públicas,Contrataciones Públicas,Poder Ejecutivo,Unidad,sabg-subbg,Subsecretaría de Buen Gobierno,5,RI SABG art. 2; reforma 21/03/2025,RI_SABG_2024_2025,Reforma al Reglamento Interior de la Secretaría Anticorrupción y Buen Gobierno,https://dof.gob.mx/nota_detalle.php?codigo=5752650&fecha=21/03/2025,2025-03-21,Sí,Unidad inmediata verificada,,,,2026-09-25,,,,,
sabg-upsrrc,Unidad de Participación Social y Responsabilidad Compartida,Participación Social,Poder Ejecutivo,Unidad,sabg-subbg,Subsecretaría de Buen Gobierno,5,RI SABG art. 2; reforma 21/03/2025,RI_SABG_2024_2025,Reforma al Reglamento Interior de la Secretaría Anticorrupción y Buen Gobierno,https://dof.gob.mx/nota_detalle.php?codigo=5752650&fecha=21/03/2025,2025-03-21,Sí,Unidad inmediata verificada,,,,2026-09-25,,,,,
sabg-uigp,Unidad de Innovación de la Gestión Pública,Innovación Gestión Pública,Poder Ejecutivo,Unidad,sabg-subbg,Subsecretaría de Buen Gobierno,5,RI SABG art. 2; reforma 21/03/2025,RI_SABG_2024_2025,Reforma al Reglamento Interior de la Secretaría Anticorrupción y Buen Gobierno,https://dof.gob.mx/nota_detalle.php?codigo=5752650&fecha=21/03/2025,2025-03-21,Sí,Unidad inmediata verificada,,,,2026-09-25,,,,,
sabg-updp,Unidad de Protección de Datos Personales,Protección Datos,Poder Ejecutivo,Unidad,sabg-subbg,Subsecretaría de Buen Gobierno,5,RI SABG art. 2; reforma 21/03/2025,RI_SABG_2024_2025,Reforma al Reglamento Interior de la Secretaría Anticorrupción y Buen Gobierno,https://dof.gob.mx/nota_detalle.php?codigo=5752650&fecha=21/03/2025,2025-03-21,Sí,Unidad inmediata verificada,,,,2026-09-25,,,,,
sabg-uplan,Unidad de Planeación,Planeación,Poder Ejecutivo,Unidad,sabg-subac,Subsecretaría Anticorrupción,5,RI SABG art. 2; reforma 21/03/2025,RI_SABG_2024_2025,Reforma al Reglamento Interior de la Secretaría Anticorrupción y Buen Gobierno,https://dof.gob.mx/nota_detalle.php?codigo=5752650&fecha=21/03/2025,2025-03-21,Sí,Unidad inmediata verificada,,,,2026-09-25,,,,,
sabg-cgoic,Coordinación General de Órganos Internos de Control,Coord. OIC,Poder Ejecutivo,Coordinación General,sabg-subac,Subsecretaría Anticorrupción,5,RI SABG art. 2; reforma 21/03/2025,RI_SABG_2024_2025,Reforma al Reglamento Interior de la Secretaría Anticorrupción y Buen Gobierno,https://dof.gob.mx/nota_detalle.php?codigo=5752650&fecha=21/03/2025,2025-03-21,Sí,Unidad inmediata verificada,,,,2026-09-25,,,,,
sabg-uacg,Unidad de Auditoría y Control Gubernamental,Auditoría y Control,Poder Ejecutivo,Unidad,sabg-subac,Subsecretaría Anticorrupción,5,RI SABG art. 2; reforma 21/03/2025,RI_SABG_2024_2025,Reforma al Reglamento Interior de la Secretaría Anticorrupción y Buen Gobierno,https://dof.gob.mx/nota_detalle.php?codigo=5752650&fecha=21/03/2025,2025-03-21,Sí,Unidad inmediata verificada,,,,2026-09-25,,,,,
sabg-tpp,Transparencia para el Pueblo,Transparencia para el Pueblo,Poder Ejecutivo,Órgano administrativo desconcentrado,sec-12,Secretaría Anticorrupción y Buen Gobierno,4,"RI SABG, Cap. VI-B; reforma 21/03/2025",RI_SABG_2024_2025,Reforma al Reglamento Interior de la Secretaría Anticorrupción y Buen Gobierno,https://dof.gob.mx/nota_detalle.php?codigo=5752650&fecha=21/03/2025,2025-03-21,Sí,Órgano administrativo desconcentrado verificado,,,,2026-09-25,,,,,
sep-jof,Jefatura de Oficina de la Secretaría,Jefatura de Oficina,Poder Ejecutivo,Jefatura de Oficina,sec-13,Secretaría de Educación Pública,4,RI SEP arts. 2 y 53 (reforma 03/10/2025),RI_SEP_2025,Reforma al Reglamento Interior de la Secretaría de Educación Pública,https://www.dof.gob.mx/nota_detalle.php?codigo=5769097&fecha=03/10/2025,2025-10-03,Sí,Nivel superior verificado; desagregación pendiente,,,,2026-09-25,,,,,
sep-uajr,Unidad de Asuntos Jurídicos y Regulación,Asuntos Jurídicos y Regulación,Poder Ejecutivo,Unidad,sec-13,Secretaría de Educación Pública,4,RI SEP arts. 2 y 53 (reforma 03/10/2025),RI_SEP_2025,Reforma al Reglamento Interior de la Secretaría de Educación Pública,https://www.dof.gob.mx/nota_detalle.php?codigo=5769097&fecha=03/10/2025,2025-10-03,Sí,Nivel superior verificado; desagregación pendiente,,,,2026-09-25,,,,,
sep-unem,Unidad de la Nueva Escuela Mexicana,Nueva Escuela Mexicana,Poder Ejecutivo,Unidad,sec-13,Secretaría de Educación Pública,4,RI SEP arts. 2 y 53 (reforma 03/10/2025),RI_SEP_2025,Reforma al Reglamento Interior de la Secretaría de Educación Pública,https://www.dof.gob.mx/nota_detalle.php?codigo=5769097&fecha=03/10/2025,2025-10-03,Sí,Nivel superior verificado; desagregación pendiente,,,,2026-09-25,,,,,
sep-uaf,Unidad de Administración y Finanzas,UAF,Poder Ejecutivo,Unidad,sec-13,Secretaría de Educación Pública,4,RI SEP arts. 2 y 53 (reforma 03/10/2025),RI_SEP_2025,Reforma al Reglamento Interior de la Secretaría de Educación Pública,https://www.dof.gob.mx/nota_detalle.php?codigo=5769097&fecha=03/10/2025,2025-10-03,Sí,Nivel superior verificado; desagregación pendiente,,,,2026-09-25,,,,,
sep-ses,Subsecretaría de Educación Superior,Educación Superior,Poder Ejecutivo,Subsecretaría,sec-13,Secretaría de Educación Pública,4,RI SEP arts. 2 y 53 (reforma 03/10/2025),RI_SEP_2025,Reforma al Reglamento Interior de la Secretaría de Educación Pública,https://www.dof.gob.mx/nota_detalle.php?codigo=5769097&fecha=03/10/2025,2025-10-03,Sí,Nivel superior verificado; desagregación pendiente,,,,2026-09-25,,,,,
sep-sems,Subsecretaría de Educación Media Superior,Educación Media Superior,Poder Ejecutivo,Subsecretaría,sec-13,Secretaría de Educación Pública,4,RI SEP arts. 2 y 53 (reforma 03/10/2025),RI_SEP_2025,Reforma al Reglamento Interior de la Secretaría de Educación Pública,https://www.dof.gob.mx/nota_detalle.php?codigo=5769097&fecha=03/10/2025,2025-10-03,Sí,Nivel superior verificado; desagregación pendiente,,,,2026-09-25,,,,,
sep-seb,Subsecretaría de Educación Básica,Educación Básica,Poder Ejecutivo,Subsecretaría,sec-13,Secretaría de Educación Pública,4,RI SEP arts. 2 y 53 (reforma 03/10/2025),RI_SEP_2025,Reforma al Reglamento Interior de la Secretaría de Educación Pública,https://www.dof.gob.mx/nota_detalle.php?codigo=5769097&fecha=03/10/2025,2025-10-03,Sí,Nivel superior verificado; desagregación pendiente,,,,2026-09-25,,,,,
sict-subinfra,Subsecretaría de Infraestructura,Subsec. Infraestructura,Poder Ejecutivo,Subsecretaría,sec-11,"Secretaría de Infraestructura, Comunicaciones y Transportes",4,RI SICT art. 3,RI_SICT_2026,"Reglamento Interior de la Secretaría de Infraestructura, Comunicaciones y Transportes",https://www.dof.gob.mx/abrirPDF.php?anio=2026&archivo=09062026-VES.pdf&repo=repositorio%2F,2026-06-09,Sí,Estructura superior parcial verificada,,,,2026-09-25,,,,,
sict-subct,Subsecretaría de Comunicaciones y Transportes,Subsec. Comunicaciones y Transportes,Poder Ejecutivo,Subsecretaría,sec-11,"Secretaría de Infraestructura, Comunicaciones y Transportes",4,RI SICT art. 3,RI_SICT_2026,"Reglamento Interior de la Secretaría de Infraestructura, Comunicaciones y Transportes",https://www.dof.gob.mx/abrirPDF.php?anio=2026&archivo=09062026-VES.pdf&repo=repositorio%2F,2026-06-09,Sí,Estructura superior parcial verificada,,,,2026-09-25,,,,,
sict-uvip,Unidad de Vinculación Institucional y Patrimonio,Vinculación y Patrimonio,Poder Ejecutivo,Unidad,sec-11,"Secretaría de Infraestructura, Comunicaciones y Transportes",4,RI SICT art. 3,RI_SICT_2026,"Reglamento Interior de la Secretaría de Infraestructura, Comunicaciones y Transportes",https://www.dof.gob.mx/abrirPDF.php?anio=2026&archivo=09062026-VES.pdf&repo=repositorio%2F,2026-06-09,Sí,Estructura superior parcial verificada,,,,2026-09-25,,,,,
sict-upiuep,Unidad de Proyectos de Infraestructura Urbana y Espacio Público,Infraestructura Urbana,Poder Ejecutivo,Unidad,sec-11,"Secretaría de Infraestructura, Comunicaciones y Transportes",4,RI SICT art. 3,RI_SICT_2026,"Reglamento Interior de la Secretaría de Infraestructura, Comunicaciones y Transportes",https://www.dof.gob.mx/abrirPDF.php?anio=2026&archivo=09062026-VES.pdf&repo=repositorio%2F,2026-06-09,Sí,Estructura superior parcial verificada,,,,2026-09-25,,,,,
sict-ccsict,Coordinación de Centros SICT,Centros SICT,Poder Ejecutivo,Coordinación,sec-11,"Secretaría de Infraestructura, Comunicaciones y Transportes",4,RI SICT art. 3,RI_SICT_2026,"Reglamento Interior de la Secretaría de Infraestructura, Comunicaciones y Transportes",https://www.dof.gob.mx/abrirPDF.php?anio=2026&archivo=09062026-VES.pdf&repo=repositorio%2F,2026-06-09,Sí,Estructura superior parcial verificada,,,,2026-09-25,,,,,
sict-dgc,Dirección General de Carreteras,DG Carreteras,Poder Ejecutivo,Dirección General,sict-subinfra,Subsecretaría de Infraestructura,5,RI SICT art. 3,RI_SICT_2026,"Reglamento Interior de la Secretaría de Infraestructura, Comunicaciones y Transportes",https://www.dof.gob.mx/abrirPDF.php?anio=2026&archivo=09062026-VES.pdf&repo=repositorio%2F,2026-06-09,Sí,Unidad adscrita verificada,,,,2026-09-25,,,,,
sict-dgcc,Dirección General de Conservación de Carreteras,DG Conservación Carreteras,Poder Ejecutivo,Dirección General,sict-subinfra,Subsecretaría de Infraestructura,5,RI SICT art. 3,RI_SICT_2026,"Reglamento Interior de la Secretaría de Infraestructura, Comunicaciones y Transportes",https://www.dof.gob.mx/abrirPDF.php?anio=2026&archivo=09062026-VES.pdf&repo=repositorio%2F,2026-06-09,Sí,Unidad adscrita verificada,,,,2026-09-25,,,,,
sict-dgdc,Dirección General de Desarrollo Carretero,DG Desarrollo Carretero,Poder Ejecutivo,Dirección General,sict-subinfra,Subsecretaría de Infraestructura,5,RI SICT art. 3,RI_SICT_2026,"Reglamento Interior de la Secretaría de Infraestructura, Comunicaciones y Transportes",https://www.dof.gob.mx/abrirPDF.php?anio=2026&archivo=09062026-VES.pdf&repo=repositorio%2F,2026-06-09,Sí,Unidad adscrita verificada,,,,2026-09-25,,,,,
sict-dgst,Dirección General de Servicios Técnicos,DG Servicios Técnicos,Poder Ejecutivo,Dirección General,sict-subinfra,Subsecretaría de Infraestructura,5,RI SICT art. 3,RI_SICT_2026,"Reglamento Interior de la Secretaría de Infraestructura, Comunicaciones y Transportes",https://www.dof.gob.mx/abrirPDF.php?anio=2026&archivo=09062026-VES.pdf&repo=repositorio%2F,2026-06-09,Sí,Unidad adscrita verificada,,,,2026-09-25,,,,,
sict-dgcra,Dirección General de Caminos Rurales y Alimentadores,DG Caminos Rurales,Poder Ejecutivo,Dirección General,sict-subinfra,Subsecretaría de Infraestructura,5,RI SICT art. 3,RI_SICT_2026,"Reglamento Interior de la Secretaría de Infraestructura, Comunicaciones y Transportes",https://www.dof.gob.mx/abrirPDF.php?anio=2026&archivo=09062026-VES.pdf&repo=repositorio%2F,2026-06-09,Sí,Unidad adscrita verificada,,,,2026-09-25,,,,,
sict-dgiecs,"Dirección General de Infraestructura Educativa, Cultural y de Salud",DG Infraestructura Educativa,Poder Ejecutivo,Dirección General,sict-subinfra,Subsecretaría de Infraestructura,5,RI SICT art. 3,RI_SICT_2026,"Reglamento Interior de la Secretaría de Infraestructura, Comunicaciones y Transportes",https://www.dof.gob.mx/abrirPDF.php?anio=2026&archivo=09062026-VES.pdf&repo=repositorio%2F,2026-06-09,Sí,Unidad adscrita verificada,,,,2026-09-25,,,,,
sict-dgaf,Dirección General de Autotransporte Federal,DG Autotransporte Federal,Poder Ejecutivo,Dirección General,sict-subct,Subsecretaría de Comunicaciones y Transportes,5,RI SICT art. 3,RI_SICT_2026,"Reglamento Interior de la Secretaría de Infraestructura, Comunicaciones y Transportes",https://www.dof.gob.mx/abrirPDF.php?anio=2026&archivo=09062026-VES.pdf&repo=repositorio%2F,2026-06-09,Sí,Unidad adscrita verificada,,,,2026-09-25,,,,,
sict-dgpmpt,Dirección General de Protección y Medicina Preventiva en el Transporte,DG Medicina Preventiva,Poder Ejecutivo,Dirección General,sict-subct,Subsecretaría de Comunicaciones y Transportes,5,RI SICT art. 3,RI_SICT_2026,"Reglamento Interior de la Secretaría de Infraestructura, Comunicaciones y Transportes",https://www.dof.gob.mx/abrirPDF.php?anio=2026&archivo=09062026-VES.pdf&repo=repositorio%2F,2026-06-09,Sí,Unidad adscrita verificada,,,,2026-09-25,,,,,
sict-dgvi,Dirección General de Vinculación Institucional,DG Vinculación Institucional,Poder Ejecutivo,Dirección General,sict-uvip,Unidad de Vinculación Institucional y Patrimonio,5,RI SICT art. 3,RI_SICT_2026,"Reglamento Interior de la Secretaría de Infraestructura, Comunicaciones y Transportes",https://www.dof.gob.mx/abrirPDF.php?anio=2026&archivo=09062026-VES.pdf&repo=repositorio%2F,2026-06-09,Sí,Unidad adscrita verificada,,,,2026-09-25,,,,,
sict-dgp,Dirección General de Patrimonio,DG Patrimonio,Poder Ejecutivo,Dirección General,sict-uvip,Unidad de Vinculación Institucional y Patrimonio,5,RI SICT art. 3,RI_SICT_2026,"Reglamento Interior de la Secretaría de Infraestructura, Comunicaciones y Transportes",https://www.dof.gob.mx/abrirPDF.php?anio=2026&archivo=09062026-VES.pdf&repo=repositorio%2F,2026-06-09,Sí,Unidad adscrita verificada,,,,2026-09-25,,,,,
sict-ded,Dirección Ejecutiva de Diseño,Dirección Ejecutiva Diseño,Poder Ejecutivo,Dirección Ejecutiva,sict-upiuep,Unidad de Proyectos de Infraestructura Urbana y Espacio Público,5,RI SICT art. 3,RI_SICT_2026,"Reglamento Interior de la Secretaría de Infraestructura, Comunicaciones y Transportes",https://www.dof.gob.mx/abrirPDF.php?anio=2026&archivo=09062026-VES.pdf&repo=repositorio%2F,2026-06-09,Sí,Unidad adscrita verificada,,,,2026-09-25,,,,,
sict-dea,Dirección Ejecutiva de Arquitectura,Dirección Ejecutiva Arquitectura,Poder Ejecutivo,Dirección Ejecutiva,sict-upiuep,Unidad de Proyectos de Infraestructura Urbana y Espacio Público,5,RI SICT art. 3,RI_SICT_2026,"Reglamento Interior de la Secretaría de Infraestructura, Comunicaciones y Transportes",https://www.dof.gob.mx/abrirPDF.php?anio=2026&archivo=09062026-VES.pdf&repo=repositorio%2F,2026-06-09,Sí,Unidad adscrita verificada,,,,2026-09-25,,,,,
sict-imt,Instituto Mexicano del Transporte,IMT,Poder Ejecutivo,Órgano administrativo desconcentrado,sec-11,"Secretaría de Infraestructura, Comunicaciones y Transportes",4,Clasificación vigente de órganos del ramo; RI SICT 2026,RI_SICT_2026,"Reglamento Interior de la Secretaría de Infraestructura, Comunicaciones y Transportes",https://www.dof.gob.mx/abrirPDF.php?anio=2026&archivo=09062026-VES.pdf&repo=repositorio%2F,2026-06-09,Sí,Órgano del ramo identificado; adscripción detallada pendiente de cierre metodológico,,,,2026-09-25,La clasificación como órgano del ramo se contrastó con fuentes oficiales de 2026; se mantendrá bajo revisión al completar el artículo 3 integral.,,,,
sict-seneam,Servicios a la Navegación en el Espacio Aéreo Mexicano,SENEAM,Poder Ejecutivo,Órgano administrativo desconcentrado,sec-11,"Secretaría de Infraestructura, Comunicaciones y Transportes",4,Clasificación vigente de órganos del ramo; RI SICT 2026,RI_SICT_2026,"Reglamento Interior de la Secretaría de Infraestructura, Comunicaciones y Transportes",https://www.dof.gob.mx/abrirPDF.php?anio=2026&archivo=09062026-VES.pdf&repo=repositorio%2F,2026-06-09,Sí,Órgano del ramo identificado; adscripción detallada pendiente de cierre metodológico,,,,2026-09-25,La clasificación como órgano del ramo se contrastó con fuentes oficiales de 2026; se mantendrá bajo revisión al completar el artículo 3 integral.,,,,
sict-artf,Agencia Reguladora del Transporte Ferroviario,ARTF,Poder Ejecutivo,Órgano administrativo desconcentrado,sec-11,"Secretaría de Infraestructura, Comunicaciones y Transportes",4,Clasificación vigente de órganos del ramo; RI SICT 2026,RI_SICT_2026,"Reglamento Interior de la Secretaría de Infraestructura, Comunicaciones y Transportes",https://www.dof.gob.mx/abrirPDF.php?anio=2026&archivo=09062026-VES.pdf&repo=repositorio%2F,2026-06-09,Sí,Órgano del ramo identificado; adscripción detallada pendiente de cierre metodológico,,,,2026-09-25,La clasificación como órgano del ramo se contrastó con fuentes oficiales de 2026; se mantendrá bajo revisión al completar el artículo 3 integral.,,,,
sict-afac,Agencia Federal de Aviación Civil,AFAC,Poder Ejecutivo,Órgano administrativo desconcentrado,sec-11,"Secretaría de Infraestructura, Comunicaciones y Transportes",4,Clasificación vigente de órganos del ramo; RI SICT 2026,RI_SICT_2026,"Reglamento Interior de la Secretaría de Infraestructura, Comunicaciones y Transportes",https://www.dof.gob.mx/abrirPDF.php?anio=2026&archivo=09062026-VES.pdf&repo=repositorio%2F,2026-06-09,Sí,Órgano del ramo identificado; adscripción detallada pendiente de cierre metodológico,,,,2026-09-25,La clasificación como órgano del ramo se contrastó con fuentes oficiales de 2026; se mantendrá bajo revisión al completar el artículo 3 integral.,,,,
sem-subbra,Subsecretaría de Biodiversidad y Restauración Ambiental,Biodiversidad y Restauración,Poder Ejecutivo,Subsecretaría,sec-7,Secretaría de Medio Ambiente y Recursos Naturales,4,RI SEMARNAT art. 3 A,RI_SEMARNAT_2025,Reglamento Interior de la Secretaría de Medio Ambiente y Recursos Naturales,https://www.dof.gob.mx/abrirPDF.php?anio=2025&archivo=14032025-MAT.pdf&repo=repositorio%2F,2025-03-14,Sí,Estructura básica verificada,,,,2026-09-25,,,,,
sem-subra,Subsecretaría de Regulación Ambiental,Regulación Ambiental,Poder Ejecutivo,Subsecretaría,sec-7,Secretaría de Medio Ambiente y Recursos Naturales,4,RI SEMARNAT art. 3 A,RI_SEMARNAT_2025,Reglamento Interior de la Secretaría de Medio Ambiente y Recursos Naturales,https://www.dof.gob.mx/abrirPDF.php?anio=2025&archivo=14032025-MAT.pdf&repo=repositorio%2F,2025-03-14,Sí,Estructura básica verificada,,,,2026-09-25,,,,,
sem-subdsec,Subsecretaría de Desarrollo Sostenible y Economía Circular,Desarrollo Sostenible,Poder Ejecutivo,Subsecretaría,sec-7,Secretaría de Medio Ambiente y Recursos Naturales,4,RI SEMARNAT art. 3 A,RI_SEMARNAT_2025,Reglamento Interior de la Secretaría de Medio Ambiente y Recursos Naturales,https://www.dof.gob.mx/abrirPDF.php?anio=2025&archivo=14032025-MAT.pdf&repo=repositorio%2F,2025-03-14,Sí,Estructura básica verificada,,,,2026-09-25,,,,,
sem-uaf,Unidad de Administración y Finanzas,UAF,Poder Ejecutivo,Unidad,sec-7,Secretaría de Medio Ambiente y Recursos Naturales,4,RI SEMARNAT art. 3 A,RI_SEMARNAT_2025,Reglamento Interior de la Secretaría de Medio Ambiente y Recursos Naturales,https://www.dof.gob.mx/abrirPDF.php?anio=2025&archivo=14032025-MAT.pdf&repo=repositorio%2F,2025-03-14,Sí,Estructura básica verificada,,,,2026-09-25,,,,,
sem-ucpp,"Unidad Coordinadora de Proyectos Prioritarios, Vinculación Social y Derechos Humanos",Proyectos Prioritarios,Poder Ejecutivo,Unidad Coordinadora,sec-7,Secretaría de Medio Ambiente y Recursos Naturales,4,RI SEMARNAT art. 3 A,RI_SEMARNAT_2025,Reglamento Interior de la Secretaría de Medio Ambiente y Recursos Naturales,https://www.dof.gob.mx/abrirPDF.php?anio=2025&archivo=14032025-MAT.pdf&repo=repositorio%2F,2025-03-14,Sí,Estructura básica verificada,,,,2026-09-25,,,,,
sem-ucai,Unidad Coordinadora de Asuntos Internacionales,Asuntos Internacionales,Poder Ejecutivo,Unidad Coordinadora,sec-7,Secretaría de Medio Ambiente y Recursos Naturales,4,RI SEMARNAT art. 3 A,RI_SEMARNAT_2025,Reglamento Interior de la Secretaría de Medio Ambiente y Recursos Naturales,https://www.dof.gob.mx/abrirPDF.php?anio=2025&archivo=14032025-MAT.pdf&repo=repositorio%2F,2025-03-14,Sí,Estructura básica verificada,,,,2026-09-25,,,,,
sem-ucaj,Unidad Coordinadora de Asuntos Jurídicos,Asuntos Jurídicos,Poder Ejecutivo,Unidad Coordinadora,sec-7,Secretaría de Medio Ambiente y Recursos Naturales,4,RI SEMARNAT art. 3 A,RI_SEMARNAT_2025,Reglamento Interior de la Secretaría de Medio Ambiente y Recursos Naturales,https://www.dof.gob.mx/abrirPDF.php?anio=2025&archivo=14032025-MAT.pdf&repo=repositorio%2F,2025-03-14,Sí,Estructura básica verificada,,,,2026-09-25,,,,,
sem-ucorgt,Unidad Coordinadora de Oficinas de Representación y Gestión Territorial,Representación y Gestión Territorial,Poder Ejecutivo,Unidad Coordinadora,sec-7,Secretaría de Medio Ambiente y Recursos Naturales,4,RI SEMARNAT art. 3 A,RI_SEMARNAT_2025,Reglamento Interior de la Secretaría de Medio Ambiente y Recursos Naturales,https://www.dof.gob.mx/abrirPDF.php?anio=2025&archivo=14032025-MAT.pdf&repo=repositorio%2F,2025-03-14,Sí,Estructura básica verificada,,,,2026-09-25,,,,,
sem-cgcs,Coordinación General de Comunicación Social,Comunicación Social,Poder Ejecutivo,Coordinación General,sec-7,Secretaría de Medio Ambiente y Recursos Naturales,4,RI SEMARNAT art. 3 A,RI_SEMARNAT_2025,Reglamento Interior de la Secretaría de Medio Ambiente y Recursos Naturales,https://www.dof.gob.mx/abrirPDF.php?anio=2025&archivo=14032025-MAT.pdf&repo=repositorio%2F,2025-03-14,Sí,Estructura básica verificada,,,,2026-09-25,,,,,
sem-dgpeea,"Dirección General de Planeación, Evaluación y Estadística Ambiental",Planeación Ambiental,Poder Ejecutivo,Dirección General,sec-7,Secretaría de Medio Ambiente y Recursos Naturales,4,RI SEMARNAT art. 3 A,RI_SEMARNAT_2025,Reglamento Interior de la Secretaría de Medio Ambiente y Recursos Naturales,https://www.dof.gob.mx/abrirPDF.php?anio=2025&archivo=14032025-MAT.pdf&repo=repositorio%2F,2025-03-14,Sí,Estructura básica verificada,,,,2026-09-25,,,,,
sem-cecadesu,Centro de Educación y Capacitación para el Desarrollo Sustentable,CECADESU,Poder Ejecutivo,Centro,sec-7,Secretaría de Medio Ambiente y Recursos Naturales,4,RI SEMARNAT art. 3 A,RI_SEMARNAT_2025,Reglamento Interior de la Secretaría de Medio Ambiente y Recursos Naturales,https://www.dof.gob.mx/abrirPDF.php?anio=2025&archivo=14032025-MAT.pdf&repo=repositorio%2F,2025-03-14,Sí,Estructura básica verificada,,,,2026-09-25,,,,,
sem-dgra,Dirección General de Restauración Ambiental,DG Restauración Ambiental,Poder Ejecutivo,Dirección General,sem-subbra,Subsecretaría de Biodiversidad y Restauración Ambiental,5,RI SEMARNAT art. 3 A,RI_SEMARNAT_2025,Reglamento Interior de la Secretaría de Medio Ambiente y Recursos Naturales,https://www.dof.gob.mx/abrirPDF.php?anio=2025&archivo=14032025-MAT.pdf&repo=repositorio%2F,2025-03-14,Sí,Unidad adscrita verificada,,,,2026-09-25,,,,,
sem-dgcmc,Dirección General de Conservación y Gestión de Mares y Costas,DG Mares y Costas,Poder Ejecutivo,Dirección General,sem-subbra,Subsecretaría de Biodiversidad y Restauración Ambiental,5,RI SEMARNAT art. 3 A,RI_SEMARNAT_2025,Reglamento Interior de la Secretaría de Medio Ambiente y Recursos Naturales,https://www.dof.gob.mx/abrirPDF.php?anio=2025&archivo=14032025-MAT.pdf&repo=repositorio%2F,2025-03-14,Sí,Unidad adscrita verificada,,,,2026-09-25,,,,,
sem-dgvs,Dirección General de Vida Silvestre,DG Vida Silvestre,Poder Ejecutivo,Dirección General,sem-subbra,Subsecretaría de Biodiversidad y Restauración Ambiental,5,RI SEMARNAT art. 3 A,RI_SEMARNAT_2025,Reglamento Interior de la Secretaría de Medio Ambiente y Recursos Naturales,https://www.dof.gob.mx/abrirPDF.php?anio=2025&archivo=14032025-MAT.pdf&repo=repositorio%2F,2025-03-14,Sí,Unidad adscrita verificada,,,,2026-09-25,,,,,
sem-dggfsoe,"Dirección General de Gestión Forestal, Suelos y Ordenamiento Ecológico",DG Gestión Forestal,Poder Ejecutivo,Dirección General,sem-subbra,Subsecretaría de Biodiversidad y Restauración Ambiental,5,RI SEMARNAT art. 3 A,RI_SEMARNAT_2025,Reglamento Interior de la Secretaría de Medio Ambiente y Recursos Naturales,https://www.dof.gob.mx/abrirPDF.php?anio=2025&archivo=14032025-MAT.pdf&repo=repositorio%2F,2025-03-14,Sí,Unidad adscrita verificada,,,,2026-09-25,,,,,
sem-dgielca,"Dirección General de Industria, Energías Limpias y Gestión de la Calidad del Aire",DG Industria y Aire,Poder Ejecutivo,Dirección General,sem-subra,Subsecretaría de Regulación Ambiental,5,RI SEMARNAT art. 3 A,RI_SEMARNAT_2025,Reglamento Interior de la Secretaría de Medio Ambiente y Recursos Naturales,https://www.dof.gob.mx/abrirPDF.php?anio=2025&archivo=14032025-MAT.pdf&repo=repositorio%2F,2025-03-14,Sí,Unidad adscrita verificada,,,,2026-09-25,,,,,
sem-dgzfmtac,Dirección General de Zona Federal Marítimo Terrestre y Ambientes Costeros,DG ZOFEMAT,Poder Ejecutivo,Dirección General,sem-subra,Subsecretaría de Regulación Ambiental,5,RI SEMARNAT art. 3 A,RI_SEMARNAT_2025,Reglamento Interior de la Secretaría de Medio Ambiente y Recursos Naturales,https://www.dof.gob.mx/abrirPDF.php?anio=2025&archivo=14032025-MAT.pdf&repo=repositorio%2F,2025-03-14,Sí,Unidad adscrita verificada,,,,2026-09-25,,,,,
sem-dgira,Dirección General de Impacto y Riesgo Ambiental,DG Impacto y Riesgo,Poder Ejecutivo,Dirección General,sem-subra,Subsecretaría de Regulación Ambiental,5,RI SEMARNAT art. 3 A,RI_SEMARNAT_2025,Reglamento Interior de la Secretaría de Medio Ambiente y Recursos Naturales,https://www.dof.gob.mx/abrirPDF.php?anio=2025&archivo=14032025-MAT.pdf&repo=repositorio%2F,2025-03-14,Sí,Unidad adscrita verificada,,,,2026-09-25,,,,,
sem-dggimar,Dirección General de Gestión Integral de Materiales y Actividades Riesgosas,DG Materiales Riesgosos,Poder Ejecutivo,Dirección General,sem-subra,Subsecretaría de Regulación Ambiental,5,RI SEMARNAT art. 3 A,RI_SEMARNAT_2025,Reglamento Interior de la Secretaría de Medio Ambiente y Recursos Naturales,https://www.dof.gob.mx/abrirPDF.php?anio=2025&archivo=14032025-MAT.pdf&repo=repositorio%2F,2025-03-14,Sí,Unidad adscrita verificada,,,,2026-09-25,,,,,
sem-cevi,Coordinación Ejecutiva de Vinculación Institucional,Vinculación Institucional,Poder Ejecutivo,Coordinación Ejecutiva,sem-subdsec,Subsecretaría de Desarrollo Sostenible y Economía Circular,5,RI SEMARNAT art. 3 A,RI_SEMARNAT_2025,Reglamento Interior de la Secretaría de Medio Ambiente y Recursos Naturales,https://www.dof.gob.mx/abrirPDF.php?anio=2025&archivo=14032025-MAT.pdf&repo=repositorio%2F,2025-03-14,Sí,Unidad adscrita verificada,,,,2026-09-25,,,,,
sem-dgpac,Dirección General de Políticas para la Acción Climática,DG Acción Climática,Poder Ejecutivo,Dirección General,sem-subdsec,Subsecretaría de Desarrollo Sostenible y Economía Circular,5,RI SEMARNAT art. 3 A,RI_SEMARNAT_2025,Reglamento Interior de la Secretaría de Medio Ambiente y Recursos Naturales,https://www.dof.gob.mx/abrirPDF.php?anio=2025&archivo=14032025-MAT.pdf&repo=repositorio%2F,2025-03-14,Sí,Unidad adscrita verificada,,,,2026-09-25,,,,,
sem-dgfduas,Dirección General de Fomento y Desempeño Urbano Ambiental Sostenible,DG Desempeño Urbano,Poder Ejecutivo,Dirección General,sem-subdsec,Subsecretaría de Desarrollo Sostenible y Economía Circular,5,RI SEMARNAT art. 3 A,RI_SEMARNAT_2025,Reglamento Interior de la Secretaría de Medio Ambiente y Recursos Naturales,https://www.dof.gob.mx/abrirPDF.php?anio=2025&archivo=14032025-MAT.pdf&repo=repositorio%2F,2025-03-14,Sí,Unidad adscrita verificada,,,,2026-09-25,,,,,
sem-dgapeec,Dirección General de Alianzas y Proyectos Estratégicos para la Economía Circular,DG Economía Circular,Poder Ejecutivo,Dirección General,sem-subdsec,Subsecretaría de Desarrollo Sostenible y Economía Circular,5,RI SEMARNAT art. 3 A,RI_SEMARNAT_2025,Reglamento Interior de la Secretaría de Medio Ambiente y Recursos Naturales,https://www.dof.gob.mx/abrirPDF.php?anio=2025&archivo=14032025-MAT.pdf&repo=repositorio%2F,2025-03-14,Sí,Unidad adscrita verificada,,,,2026-09-25,,,,,
sem-dgpp,Dirección General de Programación y Presupuesto,DG Programación y Presupuesto,Poder Ejecutivo,Dirección General,sem-uaf,Unidad de Administración y Finanzas,5,RI SEMARNAT art. 3 A,RI_SEMARNAT_2025,Reglamento Interior de la Secretaría de Medio Ambiente y Recursos Naturales,https://www.dof.gob.mx/abrirPDF.php?anio=2025&archivo=14032025-MAT.pdf&repo=repositorio%2F,2025-03-14,Sí,Unidad adscrita verificada,,,,2026-09-25,,,,,
sem-dgdho,Dirección General de Desarrollo Humano y Organización,DG Desarrollo Humano,Poder Ejecutivo,Dirección General,sem-uaf,Unidad de Administración y Finanzas,5,RI SEMARNAT art. 3 A,RI_SEMARNAT_2025,Reglamento Interior de la Secretaría de Medio Ambiente y Recursos Naturales,https://www.dof.gob.mx/abrirPDF.php?anio=2025&archivo=14032025-MAT.pdf&repo=repositorio%2F,2025-03-14,Sí,Unidad adscrita verificada,,,,2026-09-25,,,,,
sem-dgrmis,"Dirección General de Recursos Materiales, Inmuebles y Servicios",DG Recursos Materiales,Poder Ejecutivo,Dirección General,sem-uaf,Unidad de Administración y Finanzas,5,RI SEMARNAT art. 3 A,RI_SEMARNAT_2025,Reglamento Interior de la Secretaría de Medio Ambiente y Recursos Naturales,https://www.dof.gob.mx/abrirPDF.php?anio=2025&archivo=14032025-MAT.pdf&repo=repositorio%2F,2025-03-14,Sí,Unidad adscrita verificada,,,,2026-09-25,,,,,
sem-dgit,Dirección General de Informática y Telecomunicaciones,DG Informática,Poder Ejecutivo,Dirección General,sem-uaf,Unidad de Administración y Finanzas,5,RI SEMARNAT art. 3 A,RI_SEMARNAT_2025,Reglamento Interior de la Secretaría de Medio Ambiente y Recursos Naturales,https://www.dof.gob.mx/abrirPDF.php?anio=2025&archivo=14032025-MAT.pdf&repo=repositorio%2F,2025-03-14,Sí,Unidad adscrita verificada,,,,2026-09-25,,,,,
sem-ccaj,Coordinación de lo Contencioso Administrativo y Judicial,Contencioso,Poder Ejecutivo,Coordinación,sem-ucaj,Unidad Coordinadora de Asuntos Jurídicos,5,RI SEMARNAT art. 3 A,RI_SEMARNAT_2025,Reglamento Interior de la Secretaría de Medio Ambiente y Recursos Naturales,https://www.dof.gob.mx/abrirPDF.php?anio=2025&archivo=14032025-MAT.pdf&repo=repositorio%2F,2025-03-14,Sí,Unidad adscrita verificada,,,,2026-09-25,,,,,
sem-cla,Coordinación de Legalidad Ambiental,Legalidad Ambiental,Poder Ejecutivo,Coordinación,sem-ucaj,Unidad Coordinadora de Asuntos Jurídicos,5,RI SEMARNAT art. 3 A,RI_SEMARNAT_2025,Reglamento Interior de la Secretaría de Medio Ambiente y Recursos Naturales,https://www.dof.gob.mx/abrirPDF.php?anio=2025&archivo=14032025-MAT.pdf&repo=repositorio%2F,2025-03-14,Sí,Unidad adscrita verificada,,,,2026-09-25,,,,,
sem-clc,Coordinación de Legislación y Consulta,Legislación y Consulta,Poder Ejecutivo,Coordinación,sem-ucaj,Unidad Coordinadora de Asuntos Jurídicos,5,RI SEMARNAT art. 3 A,RI_SEMARNAT_2025,Reglamento Interior de la Secretaría de Medio Ambiente y Recursos Naturales,https://www.dof.gob.mx/abrirPDF.php?anio=2025&archivo=14032025-MAT.pdf&repo=repositorio%2F,2025-03-14,Sí,Unidad adscrita verificada,,,,2026-09-25,,,,,
sem-ofrep,Oficinas de Representación,Oficinas de Representación,Poder Ejecutivo,Oficina de Representación,sem-ucorgt,Unidad Coordinadora de Oficinas de Representación y Gestión Territorial,5,RI SEMARNAT art. 3 A,RI_SEMARNAT_2025,Reglamento Interior de la Secretaría de Medio Ambiente y Recursos Naturales,https://www.dof.gob.mx/abrirPDF.php?anio=2025&archivo=14032025-MAT.pdf&repo=repositorio%2F,2025-03-14,Sí,Unidad adscrita verificada,,,,2026-09-25,,,,,
sem-profepa,Procuraduría Federal de Protección al Ambiente,PROFEPA,Poder Ejecutivo,Órgano administrativo desconcentrado,sec-7,Secretaría de Medio Ambiente y Recursos Naturales,4,RI SEMARNAT art. 3 B,RI_SEMARNAT_2025,Reglamento Interior de la Secretaría de Medio Ambiente y Recursos Naturales,https://www.dof.gob.mx/abrirPDF.php?anio=2025&archivo=14032025-MAT.pdf&repo=repositorio%2F,2025-03-14,Sí,Órgano administrativo desconcentrado verificado,,,,2026-09-25,,,,,
sem-conanp,Comisión Nacional de Áreas Naturales Protegidas,CONANP,Poder Ejecutivo,Órgano administrativo desconcentrado,sec-7,Secretaría de Medio Ambiente y Recursos Naturales,4,RI SEMARNAT art. 3 B,RI_SEMARNAT_2025,Reglamento Interior de la Secretaría de Medio Ambiente y Recursos Naturales,https://www.dof.gob.mx/abrirPDF.php?anio=2025&archivo=14032025-MAT.pdf&repo=repositorio%2F,2025-03-14,Sí,Órgano administrativo desconcentrado verificado,,,,2026-09-25,,,,,
sem-conagua,Comisión Nacional del Agua,CONAGUA,Poder Ejecutivo,Órgano administrativo desconcentrado,sec-7,Secretaría de Medio Ambiente y Recursos Naturales,4,RI SEMARNAT art. 3 B,RI_SEMARNAT_2025,Reglamento Interior de la Secretaría de Medio Ambiente y Recursos Naturales,https://www.dof.gob.mx/abrirPDF.php?anio=2025&archivo=14032025-MAT.pdf&repo=repositorio%2F,2025-03-14,Sí,Órgano administrativo desconcentrado verificado,,,,2026-09-25,,,,,
sem-asea,Agencia Nacional de Seguridad Industrial y de Protección al Medio Ambiente del Sector Hidrocarburos,ASEA,Poder Ejecutivo,Órgano administrativo desconcentrado,sec-7,Secretaría de Medio Ambiente y Recursos Naturales,4,RI SEMARNAT art. 3 B,RI_SEMARNAT_2025,Reglamento Interior de la Secretaría de Medio Ambiente y Recursos Naturales,https://www.dof.gob.mx/abrirPDF.php?anio=2025&archivo=14032025-MAT.pdf&repo=repositorio%2F,2025-03-14,Sí,Órgano administrativo desconcentrado verificado,,,,2026-09-25,,,,,
