id,nombre,nombre_corto,bloque,tipo,id_padre,padre,nivel,fundamento,fuente_codigo,fuente_nombre,fuente_url,fuente_fecha,verificado,cobertura,titular,titular_cargo,titular_fuente_url,titular_fecha_verificacion,fecha_verificacion,notas,fecha_inicio,fecha_fin,tipo_cambio,id_predecesora,ambito,orden_gobierno,sector_coordinador,categoria_institucional,situacion_juridica,numero_relacion_paraestatal,calidad_dato,sector_funcional,dependientes_directos,descendientes_cargados,oad_descendientes,paraestatales_sectorizadas,fuentes_distintas_subarbol,profundidad_maxima_descendencia,relaciones_directas
exec-root,Poder Ejecutivo de la Unión,Poder Ejecutivo,Poder Ejecutivo,Poder,,Estado mexicano,1,CPEUM arts. 49,CPEUM,Constitución Política de los Estados Unidos Mexicanos,https://www.diputados.gob.mx/LeyesBiblio/pdf/CPEUM.pdf,2026-03-03,Sí,Registro base verificado,Claudia Sheinbaum Pardo,Presidenta de los Estados Unidos Mexicanos,https://www.gob.mx/presidencia/articulos/version-estenografica-honestidad-y-resultados-en-queretaro,2026-09-28,2026-09-25,,,,,,Federal,Federal,,,Vigente,,Verificado / cobertura amplia,Otros,2,793,32,0,32,6,2
apf-central,Administración Pública Federal Centralizada,APF Centralizada,Poder Ejecutivo,Rama administrativa,exec-root,Poder Ejecutivo de la Unión,2,LOAPF arts. 1 y 2,LOAPF,Ley Orgánica de la Administración Pública Federal,https://www.diputados.gob.mx/LeyesBiblio/pdf/LOAPF.pdf,,Sí,Registro base verificado,,,,,2026-09-25,,,,,,Federal,Federal,,,Vigente,,Verificado / cobertura amplia,Otros,24,584,32,0,30,5,25
presidencia,Oficina de la Presidencia de la República,Presidencia,Poder Ejecutivo,Órgano superior,apf-central,Administración Pública Federal Centralizada,3,LOAPF arts. 1 y 8,LOAPF,Ley Orgánica de la Administración Pública Federal,https://www.diputados.gob.mx/LeyesBiblio/pdf/LOAPF.pdf,,Sí,Unidades responsables de la Oficina de la Presidencia individualizadas con fuente presupuestaria oficial.,Lázaro Cárdenas Batel,Jefe de la Oficina de la Presidencia de la República,https://www.gob.mx/presidencia/prensa/presidenta-claudia-sheinbaum-recibe-en-palacio-nacional-a-su-homologo-de-la-republica-de-corea-lee-jae-myung,2026-09-28,2026-09-28,,,,,,Federal,Federal,,,Vigente,,Verificado / cobertura amplia,Coordinación ejecutiva,11,11,0,0,2,1,12
cjer,Consejería Jurídica del Ejecutivo Federal,CJEF,Poder Ejecutivo,Dependencia centralizada,apf-central,Administración Pública Federal Centralizada,3,"LOAPF arts. 1, 2 y 4",LOAPF,Ley Orgánica de la Administración Pública Federal,https://www.diputados.gob.mx/LeyesBiblio/pdf/LOAPF.pdf,,Sí,Estructura reglamentaria vigente cargada hasta Consejerías Adjuntas/UAF y dos Direcciones Generales expresas.,Esthela Damián Peralta,Consejera Jurídica del Ejecutivo Federal,https://www.gob.mx/cjef/articulos/comunicado-08,2026-09-28,2026-09-28,,,,,,Federal,Federal,,,Vigente,,Verificado / cobertura amplia,Coordinación ejecutiva,4,6,0,0,2,2,5
sec-0,Secretaría de Gobernación,SEGOB,Poder Ejecutivo,Secretaría de Estado,apf-central,Administración Pública Federal Centralizada,3,LOAPF art. 26,RI_SEGOB_2025,Reglamento Interior de la Secretaría de Gobernación,https://dof.gob.mx/abrirPDF.php?anio=2025&archivo=21032025-VES.pdf&repo=repositorio%2F,2025-03-21,Sí,Estructura básica y órganos administrativos desconcentrados cargados con base en el artículo 3 del RI 2025,Rosa Icela Rodríguez Velázquez,Secretaria de Gobernación,https://www.gob.mx/segob/prensa/secretaria-de-gobernacion-rosa-icela-rodriguez-durante-la-conferencia-del-pueblo-435646,2026-09-28,2026-09-25,"V0.3 incorpora unidades superiores, unidades adscritas inmediatas y los ocho OAD enumerados en el artículo 3; niveles inferiores no se consideran exhaustivos.",,,,,Federal,Federal,,Dependencia de la APF centralizada,Vigente,,Verificado / cobertura amplia,Gobernanza y política interior,7,29,8,2,1,2,10
sec-1,Secretaría de Relaciones Exteriores,SRE,Poder Ejecutivo,Secretaría de Estado,apf-central,Administración Pública Federal Centralizada,3,LOAPF art. 26,LOAPF,Ley Orgánica de la Administración Pública Federal,https://www.diputados.gob.mx/LeyesBiblio/pdf/LOAPF.pdf,,Sí,Estructura básica y adscripción principal cargadas con RI SRE 2025 y Acuerdo de adscripción 20-02-2026,Roberto Velasco Álvarez,Secretario de Relaciones Exteriores,https://www.gob.mx/sre/estructuras/roberto-velasco-alvarez,2026-09-28,2026-09-28,,,,,,Federal,Federal,,Dependencia de la APF centralizada,Vigente,,Verificado / cobertura amplia,Relaciones exteriores,14,44,0,0,2,3,15
sec-2,Secretaría de la Defensa Nacional,Defensa,Poder Ejecutivo,Secretaría de Estado,apf-central,Administración Pública Federal Centralizada,3,LOAPF art. 26,LOAPF,Ley Orgánica de la Administración Pública Federal,https://www.diputados.gob.mx/LeyesBiblio/pdf/LOAPF.pdf,,Sí,Estructura orgánica vigente cargada hasta el nivel máximo publicado en el MOG Defensa 2026 (Dirección General y algunas unidades inferiores expresas).,Ricardo Trevilla Trejo,Secretario de la Defensa Nacional,https://www.gob.mx/defensa/estructuras/general-ricardo-trevilla-trejo,2026-09-28,2026-09-28,,,,,,Federal,Federal,,Dependencia de la APF centralizada,Vigente,,Verificado / cobertura amplia,Seguridad y defensa,8,51,0,5,2,3,14
sec-3,Secretaría de Marina,Marina,Poder Ejecutivo,Secretaría de Estado,apf-central,Administración Pública Federal Centralizada,3,LOAPF art. 26,LOAPF,Ley Orgánica de la Administración Pública Federal,https://www.diputados.gob.mx/LeyesBiblio/pdf/LOAPF.pdf,,Sí,"Estructura vigente cargada con RI Marina 2025: niveles superiores, áreas marítimo-portuarias, administración y órganos operativos superiores.",Raymundo Pedro Morales Ángeles,Secretario de Marina,https://www.gob.mx/semar/estructuras/almirante-raymundo-pedro-morales-angeles,2026-09-28,2026-09-28,,,,,,Federal,Federal,,Dependencia de la APF centralizada,Vigente,,Verificado / cobertura amplia,Seguridad y defensa,9,26,0,23,2,4,33
sec-4,Secretaría de Seguridad y Protección Ciudadana,SSPC,Poder Ejecutivo,Secretaría de Estado,apf-central,Administración Pública Federal Centralizada,3,LOAPF art. 26,LOAPF,Ley Orgánica de la Administración Pública Federal,https://www.diputados.gob.mx/LeyesBiblio/pdf/LOAPF.pdf,,Sí,"Subsecretarías, unidades y cinco órganos administrativos desconcentrados cargados con RI SSPC 2025; direcciones generales pendientes",Omar García Harfuch,Secretario de Seguridad y Protección Ciudadana,https://www.gob.mx/sspc/prensa/estrategia-nacional-de-seguridad-en-tabasco-contribuye-a-reducir-54-por-ciento-el-homicidio-doloso,2026-09-28,2026-09-28,,,,,,Federal,Federal,,Dependencia de la APF centralizada,Vigente,,Verificado / cobertura parcial,Seguridad y defensa,22,22,5,0,2,1,23
sec-5,Secretaría de Hacienda y Crédito Público,SHCP,Poder Ejecutivo,Secretaría de Estado,apf-central,Administración Pública Federal Centralizada,3,LOAPF art. 26,RI_SHCP_2025,Decreto de reforma al Reglamento Interior de la Secretaría de Hacienda y Crédito Público,https://www.dof.gob.mx/nota_detalle.php?codigo=5750009&fecha=24/02/2025,2025-02-24,Sí,Estructura superior avanzada reconstruida con el RI reformado en 2025; OAD y varias direcciones especializadas aún pendientes,Édgar Amador Zamora,Secretario de Hacienda y Crédito Público,https://www.gob.mx/shcp/estructuras/edgar-amador-zamora,2026-09-28,2026-09-25,"La v0.3 incorpora niveles superiores y unidades adscritas explícitamente identificables en el artículo 50 (régimen de suplencias), que se usa como evidencia auxiliar de adscripción; queda pendiente contraste integral con el artículo 4 y manuales.",,,,,Federal,Federal,,Dependencia de la APF centralizada,Vigente,,Verificado / cobertura parcial,Hacienda y economía,8,41,0,22,1,2,31
sec-6,Secretaría de Bienestar,Bienestar,Poder Ejecutivo,Secretaría de Estado,apf-central,Administración Pública Federal Centralizada,3,LOAPF art. 26,LOAPF,Ley Orgánica de la Administración Pública Federal,https://www.diputados.gob.mx/LeyesBiblio/pdf/LOAPF.pdf,,Sí,Estructura orgánica básica cargada con MOG Bienestar 19-06-2024 (organigrama con vigencia 16-02-2024),Leticia Ramírez Amaya,Secretaria de Bienestar,https://www.gob.mx/bienestar/prensa/el-41-4-por-ciento-de-los-hogares-mexicanos-recibe-los-programas-para-el-bienestar-federales-o-estatales-leticia-ramirez,2026-09-28,2026-09-28,,,,,,Federal,Federal,,Dependencia de la APF centralizada,Vigente,,Verificado / cobertura amplia,Derechos y bienestar,12,32,2,2,2,3,15
sec-7,Secretaría de Medio Ambiente y Recursos Naturales,SEMARNAT,Poder Ejecutivo,Secretaría de Estado,apf-central,Administración Pública Federal Centralizada,3,LOAPF art. 26,RI_SEMARNAT_2025,Reglamento Interior de la Secretaría de Medio Ambiente y Recursos Naturales,https://www.dof.gob.mx/abrirPDF.php?anio=2025&archivo=14032025-MAT.pdf&repo=repositorio%2F,2025-03-14,Sí,"Estructura básica del artículo 3 cargada, incluidos cuatro órganos administrativos desconcentrados",Alicia Bárcena Ibarra,Secretaria de Medio Ambiente y Recursos Naturales,https://www.gob.mx/semarnat/documentos/participacion-de-la-secretaria-de-medio-ambiente-y-recursos-naturales-alicia-barcena-ibarra-en-la-ceremonia-inaugural-de-la-feria-nacional,2026-09-28,2026-09-25,V0.3 reconstruye la estructura básica expresamente enumerada por el artículo 3 del Reglamento Interior de 2025.,,,,,Federal,Federal,,Dependencia de la APF centralizada,Vigente,,Verificado / cobertura amplia,"Ambiente, energía y recursos",15,35,4,3,1,2,19
sec-8,Secretaría de Energía,SENER,Poder Ejecutivo,Secretaría de Estado,apf-central,Administración Pública Federal Centralizada,3,LOAPF art. 26,LOAPF,Ley Orgánica de la Administración Pública Federal,https://www.diputados.gob.mx/LeyesBiblio/pdf/LOAPF.pdf,,Sí,Cobertura parcial avanzada: nivel superior y ramas de Planeación/Transición y Electricidad,Luz Elena González Escobar,Secretaria de Energía,https://www.gob.mx/sener/estructuras/luz-elena-gonzalez-escobar,2026-09-28,2026-09-25,,,,,,Federal,Federal,,Dependencia de la APF centralizada,Vigente,,Verificado / cobertura parcial,"Ambiente, energía y recursos",4,18,0,9,3,3,14
sec-9,Secretaría de Economía,Economía,Poder Ejecutivo,Secretaría de Estado,apf-central,Administración Pública Federal Centralizada,3,LOAPF art. 26,LOAPF,Ley Orgánica de la Administración Pública Federal,https://www.diputados.gob.mx/LeyesBiblio/pdf/LOAPF.pdf,,Sí,"Estructura avanzada cargada con MOG 2022, adscripción 2024 y actualización parcial por reforma 2025; conciliación exhaustiva pendiente",Marcelo Ebrard Casaubon,Secretario de Economía,https://www.gob.mx/se/prensa/participacion-del-secretario-de-economia-marcelo-ebrard-durante-la-mananera-del-pueblo-436293,2026-09-28,2026-09-28,,,,,,Federal,Federal,,Dependencia de la APF centralizada,Vigente,,Verificado / cobertura parcial,Hacienda y economía,10,54,0,7,4,3,18
sec-10,Secretaría de Agricultura y Desarrollo Rural,Agricultura,Poder Ejecutivo,Secretaría de Estado,apf-central,Administración Pública Federal Centralizada,3,LOAPF art. 26,LOAPF,Ley Orgánica de la Administración Pública Federal,https://www.diputados.gob.mx/LeyesBiblio/pdf/LOAPF.pdf,,Sí,Estructura parcial actualizada con el RI de Agricultura publicado 31-12-2025; artículo 2 aún se ampliará en fase siguiente,Columba Jazmín López Gutiérrez,Secretaria de Agricultura y Desarrollo Rural,https://www.gob.mx/agricultura/prensa/secretaria-columba-lopez-sostiene-dialogo-positivo-con-productores-en-sinaloa,2026-09-28,2026-09-28,,,,,,Federal,Federal,,Dependencia de la APF centralizada,Vigente,,Verificado / cobertura parcial,"Ambiente, energía y recursos",2,17,0,13,2,3,16
sec-11,"Secretaría de Infraestructura, Comunicaciones y Transportes",SICT,Poder Ejecutivo,Secretaría de Estado,apf-central,Administración Pública Federal Centralizada,3,LOAPF art. 26,RI_SICT_2026,"Reglamento Interior de la Secretaría de Infraestructura, Comunicaciones y Transportes",https://www.dof.gob.mx/abrirPDF.php?anio=2026&archivo=09062026-VES.pdf&repo=repositorio%2F,2026-06-09,Sí,Nivel superior y ramas principales parcialmente cargados con el Reglamento Interior nuevo de 09/06/2026,Jesús Antonio Esteva Medina,"Secretario de Infraestructura, Comunicaciones y Transportes",https://www.gob.mx/sict/estructuras/jesus-antonio-esteva-medina,2026-09-28,2026-09-25,La v0.3 incorpora las dos subsecretarías y unidades verificadas con evidencia oficial; la transcripción completa del artículo 3 continúa en la siguiente iteración.,,,,,Federal,Federal,,Dependencia de la APF centralizada,Vigente,,Verificado / cobertura parcial,Infraestructura y conectividad,9,21,4,6,1,2,16
sec-12,Secretaría Anticorrupción y Buen Gobierno,Buen Gobierno,Poder Ejecutivo,Secretaría de Estado,apf-central,Administración Pública Federal Centralizada,3,LOAPF art. 26,RI_SABG_2024_2025,Reforma al Reglamento Interior de la Secretaría Anticorrupción y Buen Gobierno,https://dof.gob.mx/nota_detalle.php?codigo=5752650&fecha=21/03/2025,2025-03-21,Sí,Estructura básica central y órgano desconcentrado Transparencia para el Pueblo cargados; direcciones subordinadas no exhaustivas,Raquel Buenrostro Sánchez,Secretaria Anticorrupción y Buen Gobierno,https://www.gob.mx/buengobierno/prensa/mexico-fortalece-la-confianza-ciudadana-en-instituciones-publicas-con-niveles-superiores-al-promedio-de-la-ocde,2026-09-28,2026-09-25,"Base reglamentaria de 31/12/2024 leída junto con reforma de 21/03/2025, que añadió funciones/unidades y el OAD Transparencia para el Pueblo.",,,,,Federal,Federal,,Dependencia de la APF centralizada,Vigente,,Verificado / cobertura amplia,Integridad y gestión pública,8,17,1,0,1,2,9
sec-13,Secretaría de Educación Pública,SEP,Poder Ejecutivo,Secretaría de Estado,apf-central,Administración Pública Federal Centralizada,3,LOAPF art. 26,RI_SEP_2025,Reforma al Reglamento Interior de la Secretaría de Educación Pública,https://www.dof.gob.mx/nota_detalle.php?codigo=5769097&fecha=03/10/2025,2025-10-03,Sí,Nivel superior actualizado con la reforma del Reglamento Interior de 03/10/2025; direcciones generales y OAD pendientes de carga sistemática,Mario Delgado Carrillo,Secretario de Educación Pública,https://www.gob.mx/sep/prensa/boletin-305-impulsa-gobierno-de-mexico-cultura-fisica-y-deporte-en-escuelas-ante-regulacion-de-dispositivos-digitales-mario-delgado,2026-09-28,2026-09-25,La v0.3 prioriza las unidades superiores expresamente confirmadas por los artículos reformados; no se presenta como estructura completa de SEP.,,,,,Federal,Federal,,Dependencia de la APF centralizada,Vigente,,Verificado / cobertura parcial,"Educación, ciencia y cultura",7,7,0,17,1,1,25
sec-14,"Secretaría de Ciencia, Humanidades, Tecnología e Innovación",SECIHTI,Poder Ejecutivo,Secretaría de Estado,apf-central,Administración Pública Federal Centralizada,3,LOAPF art. 26,LOAPF,Ley Orgánica de la Administración Pública Federal,https://www.diputados.gob.mx/LeyesBiblio/pdf/LOAPF.pdf,,Sí,Estructura básica cargada con el artículo 3 del RI SECIHTI 24-01-2025,Rosaura Ruiz Gutiérrez,"Secretaria de Ciencia, Humanidades, Tecnología e Innovación",https://sidof.segob.gob.mx/notas/docFuente/5779617,2026-09-28,2026-09-28,,,,,,Federal,Federal,,Dependencia de la APF centralizada,Vigente,,Verificado / cobertura amplia,"Educación, ciencia y cultura",6,20,0,28,2,2,35
sec-15,Secretaría de Salud,Salud,Poder Ejecutivo,Secretaría de Estado,apf-central,Administración Pública Federal Centralizada,3,LOAPF art. 26,LOAPF,Ley Orgánica de la Administración Pública Federal,https://www.diputados.gob.mx/LeyesBiblio/pdf/LOAPF.pdf,,Sí,"Estructura superior (artículo 2, apartado A) cargada; apartados B y C pendientes",David Kershenobich Stalnikowitz,Secretario de Salud,https://www.gob.mx/salud/estructuras/dr-david-kershenobich-stalnikowitz,2026-09-28,2026-09-25,,,,,,Federal,Federal,,Dependencia de la APF centralizada,Vigente,,Verificado / cobertura parcial,Salud,8,8,0,19,2,1,28
sec-16,Secretaría del Trabajo y Previsión Social,STPS,Poder Ejecutivo,Secretaría de Estado,apf-central,Administración Pública Federal Centralizada,3,LOAPF art. 26,LOAPF,Ley Orgánica de la Administración Pública Federal,https://www.diputados.gob.mx/LeyesBiblio/pdf/LOAPF.pdf,,Sí,"Estructura orgánica básica cargada con MOG STPS 2023, incluyendo unidades, direcciones, PROFEDET, oficinas y órganos de transición.",Marath Baruch Bolaños López,Secretario del Trabajo y Previsión Social,https://www.gob.mx/stps/estructuras/marath-baruch-bolanos-lopez,2026-09-28,2026-09-28,,,,,,Federal,Federal,,Dependencia de la APF centralizada,Vigente,,Verificado / cobertura amplia,Trabajo y empleo,11,22,1,4,2,2,16
sec-17,"Secretaría de Desarrollo Agrario, Territorial y Urbano",SEDATU,Poder Ejecutivo,Secretaría de Estado,apf-central,Administración Pública Federal Centralizada,3,LOAPF art. 26,LOAPF,Ley Orgánica de la Administración Pública Federal,https://www.diputados.gob.mx/LeyesBiblio/pdf/LOAPF.pdf,,Sí,Estructura vigente parcial-avanzada con RI SEDATU 2025 y RAN; se cargan unidades de adscripción corroborada.,Edna Elena Vega Rangel,"Secretaria de Desarrollo Agrario, Territorial y Urbano",https://www.gob.mx/sedatu/estructuras/edna-elena-vega-rangel,2026-09-28,2026-09-28,,,,,,Federal,Federal,,Dependencia de la APF centralizada,Vigente,,Verificado / cobertura parcial,Territorio y vivienda,7,14,1,4,3,2,12
sec-18,Secretaría de Cultura,Cultura,Poder Ejecutivo,Secretaría de Estado,apf-central,Administración Pública Federal Centralizada,3,LOAPF art. 26,LOAPF,Ley Orgánica de la Administración Pública Federal,https://www.diputados.gob.mx/LeyesBiblio/pdf/LOAPF.pdf,,Sí,"Estructura vigente cargada con RI Cultura 2025, reconciliada con la sectorización paraestatal oficial 2026.",Claudia Curiel de Icaza,Secretaria de Cultura,https://www.gob.mx/cultura/estructuras/claudia-curiel-de-icaza,2026-09-28,2026-09-28,,,,,,Federal,Federal,,Dependencia de la APF centralizada,Vigente,,Verificado / cobertura amplia,"Educación, ciencia y cultura",8,20,4,8,2,2,17
sec-19,Secretaría de Turismo,Turismo,Poder Ejecutivo,Secretaría de Estado,apf-central,Administración Pública Federal Centralizada,3,LOAPF art. 26,LOAPF,Ley Orgánica de la Administración Pública Federal,https://www.diputados.gob.mx/LeyesBiblio/pdf/LOAPF.pdf,,Sí,Sector central cargado con unidades responsables del presupuesto 2026 de Turismo.,Josefina Rodríguez Zamora,Secretaria de Turismo,https://www.gob.mx/sectur/articulos/a-dos-anos-del-gobierno-de-la-presidenta-claudia-sheinbaum-mexico-rompe-records-turisticos-e-impulsa-la-prosperidad-compartida,2026-09-28,2026-09-28,,,,,,Federal,Federal,,Dependencia de la APF centralizada,Vigente,,Verificado / cobertura parcial,Turismo,3,12,0,5,2,3,9
sec-20,Secretaría de las Mujeres,Mujeres,Poder Ejecutivo,Secretaría de Estado,apf-central,Administración Pública Federal Centralizada,3,LOAPF art. 26,LOAPF,Ley Orgánica de la Administración Pública Federal,https://www.diputados.gob.mx/LeyesBiblio/pdf/LOAPF.pdf,,Sí,Estructura jerárquica básica cargada con Reglamento Interior 2025 y Manual de Organización General 2026,Laura Itzel Castillo Juárez,Secretaria de las Mujeres,https://www.gob.mx/mujeres/prensa/laura-itzel-castillo-juarez-asume-la-titularidad-de-la-secretaria-de-las-mujeres-busca-profundizar-politicas-de-bienestar-e-igualdad-sustantiva,2026-09-28,2026-09-25,,,,,,Federal,Federal,,Dependencia de la APF centralizada,Vigente,,Verificado / cobertura amplia,Derechos y bienestar,7,15,0,0,2,2,8
sec-21,Agencia de Transformación Digital y Telecomunicaciones,ATDT,Poder Ejecutivo,Agencia / dependencia del Ejecutivo Federal,apf-central,Administración Pública Federal Centralizada,3,LOAPF art. 26,LOAPF,Ley Orgánica de la Administración Pública Federal,https://www.diputados.gob.mx/LeyesBiblio/pdf/LOAPF.pdf,,Sí,Estructura administrativa base + actualización normativa posterior de órgano regulador; requiere seguimiento evolutivo,José Antonio Peña Merino,Secretario de la Agencia de Transformación Digital y Telecomunicaciones,https://www.gob.mx/atdt/sobre-la-agencia,2026-09-28,2026-09-25,,,,,,Federal,Federal,,Dependencia de la APF centralizada,Vigente,,Verificado / cobertura amplia,Infraestructura y conectividad,6,18,2,3,3,3,10
apf-para,Administración Pública Federal Paraestatal,APF Paraestatal,Poder Ejecutivo,Rama administrativa,exec-root,Poder Ejecutivo de la Unión,2,LOAPF arts. 1 y 3,REL_PARA_2026,Relación de las Entidades Paraestatales de la Administración Pública Federal,https://dof.gob.mx/nota_detalle.php?codigo=5796062&fecha=12/08/2026,2026-08-12,Sí,Relación anual oficial 2026 cargada íntegramente: 181 entidades activas + 12 en proceso/exclusión de desincorporación.,,,,,2026-09-28,,,,,,Federal,Federal,,Administración Pública Federal Paraestatal,Rama administrativa,,Verificado / cobertura amplia,Otros,14,207,0,0,1,2,15
leg-root,Congreso General de los Estados Unidos Mexicanos,Congreso de la Unión,Poder Legislativo,Poder,,Estado mexicano,1,CPEUM arts. 49 y 50,CPEUM,Constitución Política de los Estados Unidos Mexicanos,https://www.diputados.gob.mx/LeyesBiblio/pdf/CPEUM.pdf,2026-03-03,Sí,Registro base verificado,,,,,2026-09-25,,,,,,Federal,Federal,,Poder Legislativo federal,Vigente,,Verificado / cobertura amplia,Poder Legislativo,2,2,0,0,1,1,2
dip,Cámara de Diputados,Diputados,Poder Legislativo,Cámara legislativa,leg-root,Congreso General de los Estados Unidos Mexicanos,2,CPEUM art. 50,CPEUM,Constitución Política de los Estados Unidos Mexicanos,https://www.diputados.gob.mx/LeyesBiblio/pdf/CPEUM.pdf,2026-03-03,Sí,Registro base verificado,,,,,2026-09-25,,,,,,Federal,Federal,,Poder Legislativo federal,Vigente,,Verificado / cobertura amplia,Poder Legislativo,0,0,0,0,1,0,1
sen,Cámara de Senadores,Senado,Poder Legislativo,Cámara legislativa,leg-root,Congreso General de los Estados Unidos Mexicanos,2,CPEUM art. 50,CPEUM,Constitución Política de los Estados Unidos Mexicanos,https://www.diputados.gob.mx/LeyesBiblio/pdf/CPEUM.pdf,2026-03-03,Sí,Registro base verificado,,,,,2026-09-25,,,,,,Federal,Federal,,Poder Legislativo federal,Vigente,,Verificado / cobertura amplia,Poder Legislativo,0,0,0,0,1,0,1
jud-root,Poder Judicial de la Federación,PJF,Poder Judicial,Poder,,Estado mexicano,1,CPEUM arts. 49 y 94,CPEUM,Constitución Política de los Estados Unidos Mexicanos,https://www.diputados.gob.mx/LeyesBiblio/pdf/CPEUM.pdf,2026-03-03,Sí,Registro base verificado,,,,,2026-09-25,,,,,,Federal,Federal,,Poder Judicial de la Federación,Vigente,,Verificado / cobertura amplia,Poder Judicial,8,8,0,0,1,1,8
jud-0,Suprema Corte de Justicia de la Nación,SCJN,Poder Judicial,Órgano jurisdiccional,jud-root,Poder Judicial de la Federación,2,CPEUM art. 94,CPEUM,Constitución Política de los Estados Unidos Mexicanos,https://www.diputados.gob.mx/LeyesBiblio/pdf/CPEUM.pdf,2026-03-03,Sí,Registro base verificado,,,,,2026-09-25,,,,,,Federal,Federal,,Poder Judicial de la Federación,Vigente,,Verificado / cobertura amplia,Poder Judicial,0,0,0,0,1,0,1
jud-1,Tribunal Electoral,TEPJF,Poder Judicial,Órgano jurisdiccional,jud-root,Poder Judicial de la Federación,2,CPEUM art. 94,CPEUM,Constitución Política de los Estados Unidos Mexicanos,https://www.diputados.gob.mx/LeyesBiblio/pdf/CPEUM.pdf,2026-03-03,Sí,Registro base verificado,,,,,2026-09-25,,,,,,Federal,Federal,,Poder Judicial de la Federación,Vigente,,Verificado / cobertura amplia,Poder Judicial,0,0,0,0,1,0,1
jud-2,Plenos Regionales,Plenos Regionales,Poder Judicial,Órgano jurisdiccional,jud-root,Poder Judicial de la Federación,2,CPEUM art. 94,CPEUM,Constitución Política de los Estados Unidos Mexicanos,https://www.diputados.gob.mx/LeyesBiblio/pdf/CPEUM.pdf,2026-03-03,Sí,Registro base verificado,,,,,2026-09-25,,,,,,Federal,Federal,,Poder Judicial de la Federación,Vigente,,Verificado / cobertura amplia,Poder Judicial,0,0,0,0,1,0,1
jud-3,Tribunales Colegiados de Circuito,Tribunales Colegiados de Ci…,Poder Judicial,Órgano jurisdiccional,jud-root,Poder Judicial de la Federación,2,CPEUM art. 94,CPEUM,Constitución Política de los Estados Unidos Mexicanos,https://www.diputados.gob.mx/LeyesBiblio/pdf/CPEUM.pdf,2026-03-03,Sí,Registro base verificado,,,,,2026-09-25,,,,,,Federal,Federal,,Poder Judicial de la Federación,Vigente,,Verificado / cobertura amplia,Poder Judicial,0,0,0,0,1,0,1
jud-4,Tribunales Colegiados de Apelación,Tribunales Colegiados de Ap…,Poder Judicial,Órgano jurisdiccional,jud-root,Poder Judicial de la Federación,2,CPEUM art. 94,CPEUM,Constitución Política de los Estados Unidos Mexicanos,https://www.diputados.gob.mx/LeyesBiblio/pdf/CPEUM.pdf,2026-03-03,Sí,Registro base verificado,,,,,2026-09-25,,,,,,Federal,Federal,,Poder Judicial de la Federación,Vigente,,Verificado / cobertura amplia,Poder Judicial,0,0,0,0,1,0,1
jud-5,Juzgados de Distrito,Juzgados de Distrito,Poder Judicial,Órgano jurisdiccional,jud-root,Poder Judicial de la Federación,2,CPEUM art. 94,CPEUM,Constitución Política de los Estados Unidos Mexicanos,https://www.diputados.gob.mx/LeyesBiblio/pdf/CPEUM.pdf,2026-03-03,Sí,Registro base verificado,,,,,2026-09-25,,,,,,Federal,Federal,,Poder Judicial de la Federación,Vigente,,Verificado / cobertura amplia,Poder Judicial,0,0,0,0,1,0,1
aut-ine,Instituto Nacional Electoral,INE,Autonomía constitucional,Órgano público autónomo,,Estado mexicano,2,CPEUM art. 41 Base V Apartado A,CPEUM,Constitución Política de los Estados Unidos Mexicanos,https://www.diputados.gob.mx/LeyesBiblio/pdf/CPEUM.pdf,2026-03-03,Sí,Registro base verificado,,,,,2026-09-25,,,,,,Federal,Federal,,Órgano con autonomía constitucional,Vigente,,Verificado / cobertura amplia,Autonomía constitucional,0,0,0,0,1,0,0
aut-banxico,Banco de México,Banxico,Autonomía constitucional,Banco central autónomo,,Estado mexicano,2,CPEUM art. 28,CPEUM,Constitución Política de los Estados Unidos Mexicanos,https://www.diputados.gob.mx/LeyesBiblio/pdf/CPEUM.pdf,2026-03-03,Sí,Registro base verificado,,,,,2026-09-25,,,,,,Federal,Federal,,Órgano con autonomía constitucional,Vigente,,Verificado / cobertura amplia,Autonomía constitucional,0,0,0,0,1,0,0
aut-cndh,Comisión Nacional de los Derechos Humanos,CNDH,Autonomía constitucional,Organismo constitucional autónomo,,Estado mexicano,2,CPEUM art. 102 apartado B,CPEUM,Constitución Política de los Estados Unidos Mexicanos,https://www.diputados.gob.mx/LeyesBiblio/pdf/CPEUM.pdf,2026-03-03,Sí,Registro base verificado,,,,,2026-09-25,,,,,,Federal,Federal,,Órgano con autonomía constitucional,Vigente,,Verificado / cobertura amplia,Autonomía constitucional,0,0,0,0,1,0,0
aut-fgr,Fiscalía General de la República,FGR,Autonomía constitucional,Órgano público autónomo,,Estado mexicano,2,CPEUM art. 102 apartado A,CPEUM,Constitución Política de los Estados Unidos Mexicanos,https://www.diputados.gob.mx/LeyesBiblio/pdf/CPEUM.pdf,2026-03-03,Sí,Registro base verificado,,,,,2026-09-25,,,,,,Federal,Federal,,Órgano con autonomía constitucional,Vigente,,Verificado / cobertura amplia,Autonomía constitucional,0,0,0,0,1,0,0
aut-snieg,Instituto Nacional de Estadística y Geografía (INEGI),INEGI,Autonomía constitucional,Organismo con autonomía técnica y de gestión,,Estado mexicano,2,CPEUM art. 26 apartado B,CPEUM,Constitución Política de los Estados Unidos Mexicanos,https://www.diputados.gob.mx/LeyesBiblio/pdf/CPEUM.pdf,2026-03-03,Sí,Registro base verificado,,,,,2026-09-25,,,,,,Federal,Federal,,Órgano con autonomía constitucional,Vigente,,Verificado / cobertura amplia,Autonomía constitucional,0,0,0,0,1,0,0
state-0,Aguascalientes,Aguascalientes,Entidades federativas,Entidad federativa,fed-root,Entidades federativas,2,CPEUM art. 43,CPEUM,Constitución Política de los Estados Unidos Mexicanos,https://www.diputados.gob.mx/LeyesBiblio/pdf/CPEUM.pdf,2026-03-03,Sí,Entidad federativa identificada; estructura estatal interna pendiente,,,,,2026-09-25,En v0.3 se visualiza en la vista territorial específica y no como etiqueta individual del panorama.,,,,,Estatal,Entidad federativa,,Entidad federativa,Vigente,,Nodo territorial · estructura interna pendiente,Territorio,0,0,0,0,1,0,1
state-1,Baja California,Baja California,Entidades federativas,Entidad federativa,fed-root,Entidades federativas,2,CPEUM art. 43,CPEUM,Constitución Política de los Estados Unidos Mexicanos,https://www.diputados.gob.mx/LeyesBiblio/pdf/CPEUM.pdf,2026-03-03,Sí,Entidad federativa identificada; estructura estatal interna pendiente,,,,,2026-09-25,En v0.3 se visualiza en la vista territorial específica y no como etiqueta individual del panorama.,,,,,Estatal,Entidad federativa,,Entidad federativa,Vigente,,Nodo territorial · estructura interna pendiente,Territorio,0,0,0,0,1,0,1
state-2,Baja California Sur,Baja California Sur,Entidades federativas,Entidad federativa,fed-root,Entidades federativas,2,CPEUM art. 43,CPEUM,Constitución Política de los Estados Unidos Mexicanos,https://www.diputados.gob.mx/LeyesBiblio/pdf/CPEUM.pdf,2026-03-03,Sí,Entidad federativa identificada; estructura estatal interna pendiente,,,,,2026-09-25,En v0.3 se visualiza en la vista territorial específica y no como etiqueta individual del panorama.,,,,,Estatal,Entidad federativa,,Entidad federativa,Vigente,,Nodo territorial · estructura interna pendiente,Territorio,0,0,0,0,1,0,1
state-3,Campeche,Campeche,Entidades federativas,Entidad federativa,fed-root,Entidades federativas,2,CPEUM art. 43,CPEUM,Constitución Política de los Estados Unidos Mexicanos,https://www.diputados.gob.mx/LeyesBiblio/pdf/CPEUM.pdf,2026-03-03,Sí,Entidad federativa identificada; estructura estatal interna pendiente,,,,,2026-09-25,En v0.3 se visualiza en la vista territorial específica y no como etiqueta individual del panorama.,,,,,Estatal,Entidad federativa,,Entidad federativa,Vigente,,Nodo territorial · estructura interna pendiente,Territorio,0,0,0,0,1,0,1
state-4,Coahuila de Zaragoza,Coahuila de Zaragoza,Entidades federativas,Entidad federativa,fed-root,Entidades federativas,2,CPEUM art. 43,CPEUM,Constitución Política de los Estados Unidos Mexicanos,https://www.diputados.gob.mx/LeyesBiblio/pdf/CPEUM.pdf,2026-03-03,Sí,Entidad federativa identificada; estructura estatal interna pendiente,,,,,2026-09-25,En v0.3 se visualiza en la vista territorial específica y no como etiqueta individual del panorama.,,,,,Estatal,Entidad federativa,,Entidad federativa,Vigente,,Nodo territorial · estructura interna pendiente,Territorio,0,0,0,0,1,0,1
state-5,Colima,Colima,Entidades federativas,Entidad federativa,fed-root,Entidades federativas,2,CPEUM art. 43,CPEUM,Constitución Política de los Estados Unidos Mexicanos,https://www.diputados.gob.mx/LeyesBiblio/pdf/CPEUM.pdf,2026-03-03,Sí,Entidad federativa identificada; estructura estatal interna pendiente,,,,,2026-09-25,En v0.3 se visualiza en la vista territorial específica y no como etiqueta individual del panorama.,,,,,Estatal,Entidad federativa,,Entidad federativa,Vigente,,Nodo territorial · estructura interna pendiente,Territorio,0,0,0,0,1,0,1
state-6,Chiapas,Chiapas,Entidades federativas,Entidad federativa,fed-root,Entidades federativas,2,CPEUM art. 43,CPEUM,Constitución Política de los Estados Unidos Mexicanos,https://www.diputados.gob.mx/LeyesBiblio/pdf/CPEUM.pdf,2026-03-03,Sí,Entidad federativa identificada; estructura estatal interna pendiente,,,,,2026-09-25,En v0.3 se visualiza en la vista territorial específica y no como etiqueta individual del panorama.,,,,,Estatal,Entidad federativa,,Entidad federativa,Vigente,,Nodo territorial · estructura interna pendiente,Territorio,0,0,0,0,1,0,1
state-7,Chihuahua,Chihuahua,Entidades federativas,Entidad federativa,fed-root,Entidades federativas,2,CPEUM art. 43,CPEUM,Constitución Política de los Estados Unidos Mexicanos,https://www.diputados.gob.mx/LeyesBiblio/pdf/CPEUM.pdf,2026-03-03,Sí,Entidad federativa identificada; estructura estatal interna pendiente,,,,,2026-09-25,En v0.3 se visualiza en la vista territorial específica y no como etiqueta individual del panorama.,,,,,Estatal,Entidad federativa,,Entidad federativa,Vigente,,Nodo territorial · estructura interna pendiente,Territorio,0,0,0,0,1,0,1
state-8,Durango,Durango,Entidades federativas,Entidad federativa,fed-root,Entidades federativas,2,CPEUM art. 43,CPEUM,Constitución Política de los Estados Unidos Mexicanos,https://www.diputados.gob.mx/LeyesBiblio/pdf/CPEUM.pdf,2026-03-03,Sí,Entidad federativa identificada; estructura estatal interna pendiente,,,,,2026-09-25,En v0.3 se visualiza en la vista territorial específica y no como etiqueta individual del panorama.,,,,,Estatal,Entidad federativa,,Entidad federativa,Vigente,,Nodo territorial · estructura interna pendiente,Territorio,0,0,0,0,1,0,1
state-9,Guanajuato,Guanajuato,Entidades federativas,Entidad federativa,fed-root,Entidades federativas,2,CPEUM art. 43,CPEUM,Constitución Política de los Estados Unidos Mexicanos,https://www.diputados.gob.mx/LeyesBiblio/pdf/CPEUM.pdf,2026-03-03,Sí,Entidad federativa identificada; estructura estatal interna pendiente,,,,,2026-09-25,En v0.3 se visualiza en la vista territorial específica y no como etiqueta individual del panorama.,,,,,Estatal,Entidad federativa,,Entidad federativa,Vigente,,Nodo territorial · estructura interna pendiente,Territorio,0,0,0,0,1,0,1
state-10,Guerrero,Guerrero,Entidades federativas,Entidad federativa,fed-root,Entidades federativas,2,CPEUM art. 43,CPEUM,Constitución Política de los Estados Unidos Mexicanos,https://www.diputados.gob.mx/LeyesBiblio/pdf/CPEUM.pdf,2026-03-03,Sí,Entidad federativa identificada; estructura estatal interna pendiente,,,,,2026-09-25,En v0.3 se visualiza en la vista territorial específica y no como etiqueta individual del panorama.,,,,,Estatal,Entidad federativa,,Entidad federativa,Vigente,,Nodo territorial · estructura interna pendiente,Territorio,0,0,0,0,1,0,1
state-11,Hidalgo,Hidalgo,Entidades federativas,Entidad federativa,fed-root,Entidades federativas,2,CPEUM art. 43,CPEUM,Constitución Política de los Estados Unidos Mexicanos,https://www.diputados.gob.mx/LeyesBiblio/pdf/CPEUM.pdf,2026-03-03,Sí,Entidad federativa identificada; estructura estatal interna pendiente,,,,,2026-09-25,En v0.3 se visualiza en la vista territorial específica y no como etiqueta individual del panorama.,,,,,Estatal,Entidad federativa,,Entidad federativa,Vigente,,Nodo territorial · estructura interna pendiente,Territorio,0,0,0,0,1,0,1
state-12,Jalisco,Jalisco,Entidades federativas,Entidad federativa,fed-root,Entidades federativas,2,CPEUM art. 43,CPEUM,Constitución Política de los Estados Unidos Mexicanos,https://www.diputados.gob.mx/LeyesBiblio/pdf/CPEUM.pdf,2026-03-03,Sí,Entidad federativa identificada; estructura estatal interna pendiente,,,,,2026-09-25,En v0.3 se visualiza en la vista territorial específica y no como etiqueta individual del panorama.,,,,,Estatal,Entidad federativa,,Entidad federativa,Vigente,,Nodo territorial · estructura interna pendiente,Territorio,0,0,0,0,1,0,1
state-13,México,México,Entidades federativas,Entidad federativa,fed-root,Entidades federativas,2,CPEUM art. 43,CPEUM,Constitución Política de los Estados Unidos Mexicanos,https://www.diputados.gob.mx/LeyesBiblio/pdf/CPEUM.pdf,2026-03-03,Sí,Entidad federativa identificada; estructura estatal interna pendiente,,,,,2026-09-25,En v0.3 se visualiza en la vista territorial específica y no como etiqueta individual del panorama.,,,,,Estatal,Entidad federativa,,Entidad federativa,Vigente,,Nodo territorial · estructura interna pendiente,Territorio,0,0,0,0,1,0,1
state-14,Michoacán de Ocampo,Michoacán de Ocampo,Entidades federativas,Entidad federativa,fed-root,Entidades federativas,2,CPEUM art. 43,CPEUM,Constitución Política de los Estados Unidos Mexicanos,https://www.diputados.gob.mx/LeyesBiblio/pdf/CPEUM.pdf,2026-03-03,Sí,Entidad federativa identificada; estructura estatal interna pendiente,,,,,2026-09-25,En v0.3 se visualiza en la vista territorial específica y no como etiqueta individual del panorama.,,,,,Estatal,Entidad federativa,,Entidad federativa,Vigente,,Nodo territorial · estructura interna pendiente,Territorio,0,0,0,0,1,0,1
state-15,Morelos,Morelos,Entidades federativas,Entidad federativa,fed-root,Entidades federativas,2,CPEUM art. 43,CPEUM,Constitución Política de los Estados Unidos Mexicanos,https://www.diputados.gob.mx/LeyesBiblio/pdf/CPEUM.pdf,2026-03-03,Sí,Entidad federativa identificada; estructura estatal interna pendiente,,,,,2026-09-25,En v0.3 se visualiza en la vista territorial específica y no como etiqueta individual del panorama.,,,,,Estatal,Entidad federativa,,Entidad federativa,Vigente,,Nodo territorial · estructura interna pendiente,Territorio,0,0,0,0,1,0,1
state-16,Nayarit,Nayarit,Entidades federativas,Entidad federativa,fed-root,Entidades federativas,2,CPEUM art. 43,CPEUM,Constitución Política de los Estados Unidos Mexicanos,https://www.diputados.gob.mx/LeyesBiblio/pdf/CPEUM.pdf,2026-03-03,Sí,Entidad federativa identificada; estructura estatal interna pendiente,,,,,2026-09-25,En v0.3 se visualiza en la vista territorial específica y no como etiqueta individual del panorama.,,,,,Estatal,Entidad federativa,,Entidad federativa,Vigente,,Nodo territorial · estructura interna pendiente,Territorio,0,0,0,0,1,0,1
state-17,Nuevo León,Nuevo León,Entidades federativas,Entidad federativa,fed-root,Entidades federativas,2,CPEUM art. 43,CPEUM,Constitución Política de los Estados Unidos Mexicanos,https://www.diputados.gob.mx/LeyesBiblio/pdf/CPEUM.pdf,2026-03-03,Sí,Entidad federativa identificada; estructura estatal interna pendiente,,,,,2026-09-25,En v0.3 se visualiza en la vista territorial específica y no como etiqueta individual del panorama.,,,,,Estatal,Entidad federativa,,Entidad federativa,Vigente,,Nodo territorial · estructura interna pendiente,Territorio,0,0,0,0,1,0,1
state-18,Oaxaca,Oaxaca,Entidades federativas,Entidad federativa,fed-root,Entidades federativas,2,CPEUM art. 43,CPEUM,Constitución Política de los Estados Unidos Mexicanos,https://www.diputados.gob.mx/LeyesBiblio/pdf/CPEUM.pdf,2026-03-03,Sí,Entidad federativa identificada; estructura estatal interna pendiente,,,,,2026-09-25,En v0.3 se visualiza en la vista territorial específica y no como etiqueta individual del panorama.,,,,,Estatal,Entidad federativa,,Entidad federativa,Vigente,,Nodo territorial · estructura interna pendiente,Territorio,0,0,0,0,1,0,1
state-19,Puebla,Puebla,Entidades federativas,Entidad federativa,fed-root,Entidades federativas,2,CPEUM art. 43,CPEUM,Constitución Política de los Estados Unidos Mexicanos,https://www.diputados.gob.mx/LeyesBiblio/pdf/CPEUM.pdf,2026-03-03,Sí,Entidad federativa identificada; estructura estatal interna pendiente,,,,,2026-09-25,En v0.3 se visualiza en la vista territorial específica y no como etiqueta individual del panorama.,,,,,Estatal,Entidad federativa,,Entidad federativa,Vigente,,Nodo territorial · estructura interna pendiente,Territorio,0,0,0,0,1,0,1
state-20,Querétaro,Querétaro,Entidades federativas,Entidad federativa,fed-root,Entidades federativas,2,CPEUM art. 43,CPEUM,Constitución Política de los Estados Unidos Mexicanos,https://www.diputados.gob.mx/LeyesBiblio/pdf/CPEUM.pdf,2026-03-03,Sí,Entidad federativa identificada; estructura estatal interna pendiente,,,,,2026-09-25,En v0.3 se visualiza en la vista territorial específica y no como etiqueta individual del panorama.,,,,,Estatal,Entidad federativa,,Entidad federativa,Vigente,,Nodo territorial · estructura interna pendiente,Territorio,0,0,0,0,1,0,1
state-21,Quintana Roo,Quintana Roo,Entidades federativas,Entidad federativa,fed-root,Entidades federativas,2,CPEUM art. 43,CPEUM,Constitución Política de los Estados Unidos Mexicanos,https://www.diputados.gob.mx/LeyesBiblio/pdf/CPEUM.pdf,2026-03-03,Sí,Entidad federativa identificada; estructura estatal interna pendiente,,,,,2026-09-25,En v0.3 se visualiza en la vista territorial específica y no como etiqueta individual del panorama.,,,,,Estatal,Entidad federativa,,Entidad federativa,Vigente,,Nodo territorial · estructura interna pendiente,Territorio,0,0,0,0,1,0,1
state-22,San Luis Potosí,San Luis Potosí,Entidades federativas,Entidad federativa,fed-root,Entidades federativas,2,CPEUM art. 43,CPEUM,Constitución Política de los Estados Unidos Mexicanos,https://www.diputados.gob.mx/LeyesBiblio/pdf/CPEUM.pdf,2026-03-03,Sí,Entidad federativa identificada; estructura estatal interna pendiente,,,,,2026-09-25,En v0.3 se visualiza en la vista territorial específica y no como etiqueta individual del panorama.,,,,,Estatal,Entidad federativa,,Entidad federativa,Vigente,,Nodo territorial · estructura interna pendiente,Territorio,0,0,0,0,1,0,1
state-23,Sinaloa,Sinaloa,Entidades federativas,Entidad federativa,fed-root,Entidades federativas,2,CPEUM art. 43,CPEUM,Constitución Política de los Estados Unidos Mexicanos,https://www.diputados.gob.mx/LeyesBiblio/pdf/CPEUM.pdf,2026-03-03,Sí,Entidad federativa identificada; estructura estatal interna pendiente,,,,,2026-09-25,En v0.3 se visualiza en la vista territorial específica y no como etiqueta individual del panorama.,,,,,Estatal,Entidad federativa,,Entidad federativa,Vigente,,Nodo territorial · estructura interna pendiente,Territorio,0,0,0,0,1,0,1
state-24,Sonora,Sonora,Entidades federativas,Entidad federativa,fed-root,Entidades federativas,2,CPEUM art. 43,CPEUM,Constitución Política de los Estados Unidos Mexicanos,https://www.diputados.gob.mx/LeyesBiblio/pdf/CPEUM.pdf,2026-03-03,Sí,Entidad federativa identificada; estructura estatal interna pendiente,,,,,2026-09-25,En v0.3 se visualiza en la vista territorial específica y no como etiqueta individual del panorama.,,,,,Estatal,Entidad federativa,,Entidad federativa,Vigente,,Nodo territorial · estructura interna pendiente,Territorio,0,0,0,0,1,0,1
state-25,Tabasco,Tabasco,Entidades federativas,Entidad federativa,fed-root,Entidades federativas,2,CPEUM art. 43,CPEUM,Constitución Política de los Estados Unidos Mexicanos,https://www.diputados.gob.mx/LeyesBiblio/pdf/CPEUM.pdf,2026-03-03,Sí,Entidad federativa identificada; estructura estatal interna pendiente,,,,,2026-09-25,En v0.3 se visualiza en la vista territorial específica y no como etiqueta individual del panorama.,,,,,Estatal,Entidad federativa,,Entidad federativa,Vigente,,Nodo territorial · estructura interna pendiente,Territorio,0,0,0,0,1,0,1
state-26,Tamaulipas,Tamaulipas,Entidades federativas,Entidad federativa,fed-root,Entidades federativas,2,CPEUM art. 43,CPEUM,Constitución Política de los Estados Unidos Mexicanos,https://www.diputados.gob.mx/LeyesBiblio/pdf/CPEUM.pdf,2026-03-03,Sí,Entidad federativa identificada; estructura estatal interna pendiente,,,,,2026-09-25,En v0.3 se visualiza en la vista territorial específica y no como etiqueta individual del panorama.,,,,,Estatal,Entidad federativa,,Entidad federativa,Vigente,,Nodo territorial · estructura interna pendiente,Territorio,0,0,0,0,1,0,1
state-27,Tlaxcala,Tlaxcala,Entidades federativas,Entidad federativa,fed-root,Entidades federativas,2,CPEUM art. 43,CPEUM,Constitución Política de los Estados Unidos Mexicanos,https://www.diputados.gob.mx/LeyesBiblio/pdf/CPEUM.pdf,2026-03-03,Sí,Entidad federativa identificada; estructura estatal interna pendiente,,,,,2026-09-25,En v0.3 se visualiza en la vista territorial específica y no como etiqueta individual del panorama.,,,,,Estatal,Entidad federativa,,Entidad federativa,Vigente,,Nodo territorial · estructura interna pendiente,Territorio,0,0,0,0,1,0,1
state-28,Veracruz de Ignacio de la Llave,Veracruz de Ignacio de la L…,Entidades federativas,Entidad federativa,fed-root,Entidades federativas,2,CPEUM art. 43,CPEUM,Constitución Política de los Estados Unidos Mexicanos,https://www.diputados.gob.mx/LeyesBiblio/pdf/CPEUM.pdf,2026-03-03,Sí,Entidad federativa identificada; estructura estatal interna pendiente,,,,,2026-09-25,En v0.3 se visualiza en la vista territorial específica y no como etiqueta individual del panorama.,,,,,Estatal,Entidad federativa,,Entidad federativa,Vigente,,Nodo territorial · estructura interna pendiente,Territorio,0,0,0,0,1,0,1
state-29,Yucatán,Yucatán,Entidades federativas,Entidad federativa,fed-root,Entidades federativas,2,CPEUM art. 43,CPEUM,Constitución Política de los Estados Unidos Mexicanos,https://www.diputados.gob.mx/LeyesBiblio/pdf/CPEUM.pdf,2026-03-03,Sí,Entidad federativa identificada; estructura estatal interna pendiente,,,,,2026-09-25,En v0.3 se visualiza en la vista territorial específica y no como etiqueta individual del panorama.,,,,,Estatal,Entidad federativa,,Entidad federativa,Vigente,,Nodo territorial · estructura interna pendiente,Territorio,0,0,0,0,1,0,1
state-30,Zacatecas,Zacatecas,Entidades federativas,Entidad federativa,fed-root,Entidades federativas,2,CPEUM art. 43,CPEUM,Constitución Política de los Estados Unidos Mexicanos,https://www.diputados.gob.mx/LeyesBiblio/pdf/CPEUM.pdf,2026-03-03,Sí,Entidad federativa identificada; estructura estatal interna pendiente,,,,,2026-09-25,En v0.3 se visualiza en la vista territorial específica y no como etiqueta individual del panorama.,,,,,Estatal,Entidad federativa,,Entidad federativa,Vigente,,Nodo territorial · estructura interna pendiente,Territorio,0,0,0,0,1,0,1
state-31,Ciudad de México,Ciudad de México,Entidades federativas,Entidad federativa,fed-root,Entidades federativas,2,CPEUM art. 43,CPEUM,Constitución Política de los Estados Unidos Mexicanos,https://www.diputados.gob.mx/LeyesBiblio/pdf/CPEUM.pdf,2026-03-03,Sí,Entidad federativa identificada; estructura estatal interna pendiente,,,,,2026-09-25,En v0.3 se visualiza en la vista territorial específica y no como etiqueta individual del panorama.,,,,,Estatal,Entidad federativa,,Entidad federativa,Vigente,,Nodo territorial · estructura interna pendiente,Territorio,0,0,0,0,1,0,1
jud-tdj,Tribunal de Disciplina Judicial,TDJ,Poder Judicial,Órgano disciplinario del PJF,jud-root,Poder Judicial de la Federación,2,CPEUM arts. 94 y 100,CPEUM,Constitución Política de los Estados Unidos Mexicanos,https://www.diputados.gob.mx/LeyesBiblio/pdf/CPEUM.pdf,2026-03-03,Sí,Órgano de disciplina del Poder Judicial de la Federación,,,,,2026-09-25,,,,,,Federal,Federal,,Poder Judicial de la Federación,Vigente,,Verificado / cobertura amplia,Poder Judicial,0,0,0,0,1,0,1
jud-oaj,Órgano de Administración Judicial,OAJ,Poder Judicial,Órgano de administración del PJF,jud-root,Poder Judicial de la Federación,2,CPEUM arts. 94 y 100,CPEUM,Constitución Política de los Estados Unidos Mexicanos,https://www.diputados.gob.mx/LeyesBiblio/pdf/CPEUM.pdf,2026-03-03,Sí,Órgano responsable de administración y carrera judicial,,,,,2026-09-25,,,,,,Federal,Federal,,Poder Judicial de la Federación,Vigente,,Verificado / cobertura amplia,Poder Judicial,0,0,0,0,1,0,1
muj-uaj,Unidad de Asuntos Jurídicos,UAJ,Poder Ejecutivo,Unidad,sec-20,Secretaría de las Mujeres,4,RI art. 2; MOG 2026,MOG_MUJERES_2026,Manual de Organización General de la Secretaría de las Mujeres,https://www.dof.gob.mx/nota_detalle.php?codigo=5785056&fecha=16/04/2026,2026-04-16,Sí,Estructura jerárquica básica verificada con Reglamento Interior 2025 y Manual de Organización General 2026,,,,,2026-09-25,,,,,,Federal,Federal,,,Vigente,,Verificado / cobertura amplia,Derechos y bienestar,0,0,0,0,1,0,1
muj-dgcs,Dirección General de Comunicación Social,DG Comunicación Social,Poder Ejecutivo,Dirección General,sec-20,Secretaría de las Mujeres,4,RI art. 2; MOG 2026,MOG_MUJERES_2026,Manual de Organización General de la Secretaría de las Mujeres,https://www.dof.gob.mx/nota_detalle.php?codigo=5785056&fecha=16/04/2026,2026-04-16,Sí,Estructura jerárquica básica verificada con Reglamento Interior 2025 y Manual de Organización General 2026,,,,,2026-09-25,,,,,,Federal,Federal,,,Vigente,,Verificado / cobertura amplia,Derechos y bienestar,0,0,0,0,1,0,1
muj-cgvs,Coordinación General de Vinculación y Seguimiento,CG Vinculación,Poder Ejecutivo,Coordinación General,sec-20,Secretaría de las Mujeres,4,RI art. 2; MOG 2026,MOG_MUJERES_2026,Manual de Organización General de la Secretaría de las Mujeres,https://www.dof.gob.mx/nota_detalle.php?codigo=5785056&fecha=16/04/2026,2026-04-16,Sí,Estructura jerárquica básica verificada con Reglamento Interior 2025 y Manual de Organización General 2026,,,,,2026-09-25,,,,,,Federal,Federal,,,Vigente,,Verificado / cobertura amplia,Derechos y bienestar,3,3,0,0,1,1,4
muj-dgct,Dirección General de Cooperación Técnica,DG Cooperación Técnica,Poder Ejecutivo,Dirección General,muj-cgvs,Coordinación General de Vinculación y Seguimiento,5,MOG 2026,MOG_MUJERES_2026,Manual de Organización General de la Secretaría de las Mujeres,https://www.dof.gob.mx/nota_detalle.php?codigo=5785056&fecha=16/04/2026,2026-04-16,Sí,Estructura jerárquica básica verificada con Reglamento Interior 2025 y Manual de Organización General 2026,,,,,2026-09-25,,,,,,Federal,Federal,,,Vigente,,Verificado / cobertura amplia,Derechos y bienestar,0,0,0,0,1,0,1
muj-dgipeef,Dirección General de Implementación de Proyectos Estratégicos en las Entidades Federativas,DG Proyectos Entidades,Poder Ejecutivo,Dirección General,muj-cgvs,Coordinación General de Vinculación y Seguimiento,5,MOG 2026,MOG_MUJERES_2026,Manual de Organización General de la Secretaría de las Mujeres,https://www.dof.gob.mx/nota_detalle.php?codigo=5785056&fecha=16/04/2026,2026-04-16,Sí,Estructura jerárquica básica verificada con Reglamento Interior 2025 y Manual de Organización General 2026,,,,,2026-09-25,,,,,,Federal,Federal,,,Vigente,,Verificado / cobertura amplia,Derechos y bienestar,0,0,0,0,1,0,1
muj-dgrivps,"Dirección General de Relaciones Interinstitucionales, Vinculación Política y Social",DG Relaciones Interinstitucionales,Poder Ejecutivo,Dirección General,muj-cgvs,Coordinación General de Vinculación y Seguimiento,5,MOG 2026,MOG_MUJERES_2026,Manual de Organización General de la Secretaría de las Mujeres,https://www.dof.gob.mx/nota_detalle.php?codigo=5785056&fecha=16/04/2026,2026-04-16,Sí,Estructura jerárquica básica verificada con Reglamento Interior 2025 y Manual de Organización General 2026,,,,,2026-09-25,,,,,,Federal,Federal,,,Vigente,,Verificado / cobertura amplia,Derechos y bienestar,0,0,0,0,1,0,1
muj-dgiipe,"Dirección General de Inteligencia, Innovación y Planeación Estratégica para la Mejora Continua de los Programas",DG Inteligencia y Planeación,Poder Ejecutivo,Dirección General,sec-20,Secretaría de las Mujeres,4,RI art. 2; MOG 2026,MOG_MUJERES_2026,Manual de Organización General de la Secretaría de las Mujeres,https://www.dof.gob.mx/nota_detalle.php?codigo=5785056&fecha=16/04/2026,2026-04-16,Sí,Estructura jerárquica básica verificada con Reglamento Interior 2025 y Manual de Organización General 2026,,,,,2026-09-25,,,,,,Federal,Federal,,,Vigente,,Verificado / cobertura amplia,Derechos y bienestar,0,0,0,0,1,0,1
muj-sis,Subsecretaría de Igualdad Sustantiva,Subsec. Igualdad,Poder Ejecutivo,Subsecretaría,sec-20,Secretaría de las Mujeres,4,RI art. 2; MOG 2026,MOG_MUJERES_2026,Manual de Organización General de la Secretaría de las Mujeres,https://www.dof.gob.mx/nota_detalle.php?codigo=5785056&fecha=16/04/2026,2026-04-16,Sí,Estructura jerárquica básica verificada con Reglamento Interior 2025 y Manual de Organización General 2026,,,,,2026-09-25,,,,,,Federal,Federal,,,Vigente,,Verificado / cobertura amplia,Derechos y bienestar,2,2,0,0,1,1,3
muj-dgipni,Dirección General de los Instrumentos de la Política Nacional de Igualdad,DG Instrumentos Igualdad,Poder Ejecutivo,Dirección General,muj-sis,Subsecretaría de Igualdad Sustantiva,5,MOG 2026,MOG_MUJERES_2026,Manual de Organización General de la Secretaría de las Mujeres,https://www.dof.gob.mx/nota_detalle.php?codigo=5785056&fecha=16/04/2026,2026-04-16,Sí,Estructura jerárquica básica verificada con Reglamento Interior 2025 y Manual de Organización General 2026,,,,,2026-09-25,,,,,,Federal,Federal,,,Vigente,,Verificado / cobertura amplia,Derechos y bienestar,0,0,0,0,1,0,1
muj-dgddm,Dirección General de los Derechos y la Dignificación de las Mujeres,DG Derechos y Dignificación,Poder Ejecutivo,Dirección General,muj-sis,Subsecretaría de Igualdad Sustantiva,5,MOG 2026,MOG_MUJERES_2026,Manual de Organización General de la Secretaría de las Mujeres,https://www.dof.gob.mx/nota_detalle.php?codigo=5785056&fecha=16/04/2026,2026-04-16,Sí,Estructura jerárquica básica verificada con Reglamento Interior 2025 y Manual de Organización General 2026,,,,,2026-09-25,,,,,,Federal,Federal,,,Vigente,,Verificado / cobertura amplia,Derechos y bienestar,0,0,0,0,1,0,1
muj-svlv,Subsecretaría del Derecho a una Vida Libre de Violencias,Subsec. Vida Libre Violencias,Poder Ejecutivo,Subsecretaría,sec-20,Secretaría de las Mujeres,4,RI art. 2; MOG 2026,MOG_MUJERES_2026,Manual de Organización General de la Secretaría de las Mujeres,https://www.dof.gob.mx/nota_detalle.php?codigo=5785056&fecha=16/04/2026,2026-04-16,Sí,Estructura jerárquica básica verificada con Reglamento Interior 2025 y Manual de Organización General 2026,,,,,2026-09-25,,,,,,Federal,Federal,,,Vigente,,Verificado / cobertura amplia,Derechos y bienestar,3,3,0,0,1,1,4
muj-dgpp,Dirección General de Políticas de Prevención,DG Prevención,Poder Ejecutivo,Dirección General,muj-svlv,Subsecretaría del Derecho a una Vida Libre de Violencias,5,MOG 2026,MOG_MUJERES_2026,Manual de Organización General de la Secretaría de las Mujeres,https://www.dof.gob.mx/nota_detalle.php?codigo=5785056&fecha=16/04/2026,2026-04-16,Sí,Estructura jerárquica básica verificada con Reglamento Interior 2025 y Manual de Organización General 2026,,,,,2026-09-25,,,,,,Federal,Federal,,,Vigente,,Verificado / cobertura amplia,Derechos y bienestar,0,0,0,0,1,0,1
muj-dgpavlv,Dirección General de Políticas de Acceso a una Vida Libre de Violencias,DG Acceso Vida Libre,Poder Ejecutivo,Dirección General,muj-svlv,Subsecretaría del Derecho a una Vida Libre de Violencias,5,MOG 2026,MOG_MUJERES_2026,Manual de Organización General de la Secretaría de las Mujeres,https://www.dof.gob.mx/nota_detalle.php?codigo=5785056&fecha=16/04/2026,2026-04-16,Sí,Estructura jerárquica básica verificada con Reglamento Interior 2025 y Manual de Organización General 2026,,,,,2026-09-25,,,,,,Federal,Federal,,,Vigente,,Verificado / cobertura amplia,Derechos y bienestar,0,0,0,0,1,0,1
muj-dgaaj,Dirección General de Atención y Acceso a la Justicia,DG Atención y Justicia,Poder Ejecutivo,Dirección General,muj-svlv,Subsecretaría del Derecho a una Vida Libre de Violencias,5,MOG 2026,MOG_MUJERES_2026,Manual de Organización General de la Secretaría de las Mujeres,https://www.dof.gob.mx/nota_detalle.php?codigo=5785056&fecha=16/04/2026,2026-04-16,Sí,Estructura jerárquica básica verificada con Reglamento Interior 2025 y Manual de Organización General 2026,,,,,2026-09-25,,,,,,Federal,Federal,,,Vigente,,Verificado / cobertura amplia,Derechos y bienestar,0,0,0,0,1,0,1
muj-uaf,Unidad de Administración y Finanzas,UAF,Poder Ejecutivo,Unidad,sec-20,Secretaría de las Mujeres,4,RI art. 2; MOG 2026,MOG_MUJERES_2026,Manual de Organización General de la Secretaría de las Mujeres,https://www.dof.gob.mx/nota_detalle.php?codigo=5785056&fecha=16/04/2026,2026-04-16,Sí,Estructura jerárquica básica verificada con Reglamento Interior 2025 y Manual de Organización General 2026,,,,,2026-09-25,,,,,,Federal,Federal,,,Vigente,,Verificado / cobertura amplia,Derechos y bienestar,0,0,0,0,1,0,1
sener-spte,Subsecretaría de Planeación y Transición Energética,Subsec. Planeación y Transición,Poder Ejecutivo,Subsecretaría,sec-8,Secretaría de Energía,4,RI 2025 art. 2; MOG 2026,MOG_SENER_2026,Manual de Organización General de la Secretaría de Energía,https://www.dof.gob.mx/abrirPDF.php?anio=2026&archivo=27042026-MAT.pdf&repo=,2026-04-27,Sí,Cobertura verificada; la rama de Hidrocarburos y órganos desconcentrados aún no están desagregados,,,,,2026-09-25,,,,,,Federal,Federal,,,Vigente,,Verificado / cobertura amplia,"Ambiente, energía y recursos",6,8,0,0,2,2,7
sener-snie,Unidad del Sistema Nacional de Información Energética,Unidad SNIE,Poder Ejecutivo,Unidad,sener-spte,Subsecretaría de Planeación y Transición Energética,5,RI 2025 art. 2,RI_SENER_2025,Reglamento Interior de la Secretaría de Energía,https://www.dof.gob.mx/nota_detalle.php?codigo=5755222&fecha=17/04/2025,2025-04-17,Sí,Cobertura verificada; la rama de Hidrocarburos y órganos desconcentrados aún no están desagregados,,,,,2026-09-25,,,,,,Federal,Federal,,,Vigente,,Verificado / cobertura amplia,"Ambiente, energía y recursos",2,2,0,0,1,1,3
sener-dgrig,Dirección General de Registros e Información Geoespacial del Sistema Nacional de Información Energética,DG Registros SNIE,Poder Ejecutivo,Dirección General,sener-snie,Unidad del Sistema Nacional de Información Energética,6,RI 2025 art. 2,RI_SENER_2025,Reglamento Interior de la Secretaría de Energía,https://www.dof.gob.mx/nota_detalle.php?codigo=5755222&fecha=17/04/2025,2025-04-17,Sí,Cobertura verificada; la rama de Hidrocarburos y órganos desconcentrados aún no están desagregados,,,,,2026-09-25,,,,,,Federal,Federal,,,Vigente,,Verificado / cobertura amplia,"Ambiente, energía y recursos",0,0,0,0,1,0,1
sener-dgmes,Dirección General de Metodologías y Estadísticas del Sistema Nacional de Información Energética,DG Metodologías SNIE,Poder Ejecutivo,Dirección General,sener-snie,Unidad del Sistema Nacional de Información Energética,6,RI 2025 art. 2,RI_SENER_2025,Reglamento Interior de la Secretaría de Energía,https://www.dof.gob.mx/nota_detalle.php?codigo=5755222&fecha=17/04/2025,2025-04-17,Sí,Cobertura verificada; la rama de Hidrocarburos y órganos desconcentrados aún no están desagregados,,,,,2026-09-25,,,,,,Federal,Federal,,,Vigente,,Verificado / cobertura amplia,"Ambiente, energía y recursos",0,0,0,0,1,0,1
sener-dgpie,Dirección General de Planeación e Integración Energética,DG Planeación Energética,Poder Ejecutivo,Dirección General,sener-spte,Subsecretaría de Planeación y Transición Energética,5,RI 2025 art. 2,RI_SENER_2025,Reglamento Interior de la Secretaría de Energía,https://www.dof.gob.mx/nota_detalle.php?codigo=5755222&fecha=17/04/2025,2025-04-17,Sí,Cobertura verificada; la rama de Hidrocarburos y órganos desconcentrados aún no están desagregados,,,,,2026-09-25,,,,,,Federal,Federal,,,Vigente,,Verificado / cobertura amplia,"Ambiente, energía y recursos",0,0,0,0,1,0,1
sener-dger,Dirección General de Energías Renovables,DG Energías Renovables,Poder Ejecutivo,Dirección General,sener-spte,Subsecretaría de Planeación y Transición Energética,5,RI 2025 art. 2,RI_SENER_2025,Reglamento Interior de la Secretaría de Energía,https://www.dof.gob.mx/nota_detalle.php?codigo=5755222&fecha=17/04/2025,2025-04-17,Sí,Cobertura verificada; la rama de Hidrocarburos y órganos desconcentrados aún no están desagregados,,,,,2026-09-25,,,,,,Federal,Federal,,,Vigente,,Verificado / cobertura amplia,"Ambiente, energía y recursos",0,0,0,0,1,0,1
sener-dgese,Dirección General de Eficiencia y Sustentabilidad Energética,DG Eficiencia,Poder Ejecutivo,Dirección General,sener-spte,Subsecretaría de Planeación y Transición Energética,5,RI 2025 art. 2,RI_SENER_2025,Reglamento Interior de la Secretaría de Energía,https://www.dof.gob.mx/nota_detalle.php?codigo=5755222&fecha=17/04/2025,2025-04-17,Sí,Cobertura verificada; la rama de Hidrocarburos y órganos desconcentrados aún no están desagregados,,,,,2026-09-25,,,,,,Federal,Federal,,,Vigente,,Verificado / cobertura amplia,"Ambiente, energía y recursos",0,0,0,0,1,0,1
sener-dgte,Dirección General de Transición Energética,DG Transición Energética,Poder Ejecutivo,Dirección General,sener-spte,Subsecretaría de Planeación y Transición Energética,5,RI 2025 art. 2,RI_SENER_2025,Reglamento Interior de la Secretaría de Energía,https://www.dof.gob.mx/nota_detalle.php?codigo=5755222&fecha=17/04/2025,2025-04-17,Sí,Cobertura verificada; la rama de Hidrocarburos y órganos desconcentrados aún no están desagregados,,,,,2026-09-25,,,,,,Federal,Federal,,,Vigente,,Verificado / cobertura amplia,"Ambiente, energía y recursos",0,0,0,0,1,0,1
sener-dgdtae,Dirección General de Desarrollo Tecnológico y Acceso a la Energía,DG Desarrollo y Acceso,Poder Ejecutivo,Dirección General,sener-spte,Subsecretaría de Planeación y Transición Energética,5,RI 2025 art. 2,RI_SENER_2025,Reglamento Interior de la Secretaría de Energía,https://www.dof.gob.mx/nota_detalle.php?codigo=5755222&fecha=17/04/2025,2025-04-17,Sí,Cobertura verificada; la rama de Hidrocarburos y órganos desconcentrados aún no están desagregados,,,,,2026-09-25,,,,,,Federal,Federal,,,Vigente,,Verificado / cobertura amplia,"Ambiente, energía y recursos",0,0,0,0,1,0,1
sener-se,Subsecretaría de Electricidad,Subsec. Electricidad,Poder Ejecutivo,Subsecretaría,sec-8,Secretaría de Energía,4,RI 2025 art. 2; MOG 2026,MOG_SENER_2026,Manual de Organización General de la Secretaría de Energía,https://www.dof.gob.mx/abrirPDF.php?anio=2026&archivo=27042026-MAT.pdf&repo=,2026-04-27,Sí,Cobertura verificada; la rama de Hidrocarburos y órganos desconcentrados aún no están desagregados,,,,,2026-09-25,,,,,,Federal,Federal,,,Vigente,,Verificado / cobertura amplia,"Ambiente, energía y recursos",5,6,0,0,2,2,6
sener-usen,Unidad del Sistema Eléctrico Nacional y Política Nuclear,Unidad SEN y Nuclear,Poder Ejecutivo,Unidad,sener-se,Subsecretaría de Electricidad,5,RI 2025 art. 2,RI_SENER_2025,Reglamento Interior de la Secretaría de Energía,https://www.dof.gob.mx/nota_detalle.php?codigo=5755222&fecha=17/04/2025,2025-04-17,Sí,Cobertura verificada; la rama de Hidrocarburos y órganos desconcentrados aún no están desagregados,,,,,2026-09-25,,,,,,Federal,Federal,,,Vigente,,Verificado / cobertura amplia,"Ambiente, energía y recursos",1,1,0,0,1,1,2
sener-dgefsen,Dirección General de Evaluación Financiera de la Unidad del Sistema Eléctrico Nacional y Política Nuclear,DG Evaluación Financiera SEN,Poder Ejecutivo,Dirección General,sener-usen,Unidad del Sistema Eléctrico Nacional y Política Nuclear,6,RI 2025 art. 2,RI_SENER_2025,Reglamento Interior de la Secretaría de Energía,https://www.dof.gob.mx/nota_detalle.php?codigo=5755222&fecha=17/04/2025,2025-04-17,Sí,Cobertura verificada; la rama de Hidrocarburos y órganos desconcentrados aún no están desagregados,,,,,2026-09-25,,,,,,Federal,Federal,,,Vigente,,Verificado / cobertura amplia,"Ambiente, energía y recursos",0,0,0,0,1,0,1
sener-dgcsse,Dirección General de Confiabilidad y Seguridad del Sector Eléctrico,DG Confiabilidad Eléctrica,Poder Ejecutivo,Dirección General,sener-se,Subsecretaría de Electricidad,5,RI 2025 art. 2,RI_SENER_2025,Reglamento Interior de la Secretaría de Energía,https://www.dof.gob.mx/nota_detalle.php?codigo=5755222&fecha=17/04/2025,2025-04-17,Sí,Cobertura verificada; la rama de Hidrocarburos y órganos desconcentrados aún no están desagregados,,,,,2026-09-25,,,,,,Federal,Federal,,,Vigente,,Verificado / cobertura amplia,"Ambiente, energía y recursos",0,0,0,0,1,0,1
sener-dgduf,"Dirección General de Distribución, Usos Finales de Energía Eléctrica y Vinculación Social",DG Distribución y Usos Finales,Poder Ejecutivo,Dirección General,sener-se,Subsecretaría de Electricidad,5,RI 2025 art. 2,RI_SENER_2025,Reglamento Interior de la Secretaría de Energía,https://www.dof.gob.mx/nota_detalle.php?codigo=5755222&fecha=17/04/2025,2025-04-17,Sí,Cobertura verificada; la rama de Hidrocarburos y órganos desconcentrados aún no están desagregados,,,,,2026-09-25,,,,,,Federal,Federal,,,Vigente,,Verificado / cobertura amplia,"Ambiente, energía y recursos",0,0,0,0,1,0,1
sener-dggt,Dirección General de Generación y Transmisión de Energía Eléctrica,DG Generación y Transmisión,Poder Ejecutivo,Dirección General,sener-se,Subsecretaría de Electricidad,5,RI 2025 art. 2,RI_SENER_2025,Reglamento Interior de la Secretaría de Energía,https://www.dof.gob.mx/nota_detalle.php?codigo=5755222&fecha=17/04/2025,2025-04-17,Sí,Cobertura verificada; la rama de Hidrocarburos y órganos desconcentrados aún no están desagregados,,,,,2026-09-25,,,,,,Federal,Federal,,,Vigente,,Verificado / cobertura amplia,"Ambiente, energía y recursos",0,0,0,0,1,0,1
sener-dgaemem,Dirección General de Análisis y Evaluación del Mercado Eléctrico Mayorista,DG Mercado Eléctrico,Poder Ejecutivo,Dirección General,sener-se,Subsecretaría de Electricidad,5,RI 2025 art. 2,RI_SENER_2025,Reglamento Interior de la Secretaría de Energía,https://www.dof.gob.mx/nota_detalle.php?codigo=5755222&fecha=17/04/2025,2025-04-17,Sí,Cobertura verificada; la rama de Hidrocarburos y órganos desconcentrados aún no están desagregados,,,,,2026-09-25,,,,,,Federal,Federal,,,Vigente,,Verificado / cobertura amplia,"Ambiente, energía y recursos",0,0,0,0,1,0,1
sener-uaf,Unidad de Administración y Finanzas,UAF,Poder Ejecutivo,Unidad,sec-8,Secretaría de Energía,4,MOG 2026,MOG_SENER_2026,Manual de Organización General de la Secretaría de Energía,https://www.dof.gob.mx/abrirPDF.php?anio=2026&archivo=27042026-MAT.pdf&repo=,2026-04-27,Sí,Cobertura verificada; la rama de Hidrocarburos y órganos desconcentrados aún no están desagregados,,,,,2026-09-25,,,,,,Federal,Federal,,,Vigente,,Verificado / cobertura amplia,"Ambiente, energía y recursos",0,0,0,0,1,0,1
sener-sh,Subsecretaría de Hidrocarburos,Subsec. Hidrocarburos,Poder Ejecutivo,Subsecretaría,sec-8,Secretaría de Energía,4,MOG 2026,MOG_SENER_2026,Manual de Organización General de la Secretaría de Energía,https://www.dof.gob.mx/abrirPDF.php?anio=2026&archivo=27042026-MAT.pdf&repo=,2026-04-27,Sí,Cobertura verificada; la rama de Hidrocarburos y órganos desconcentrados aún no están desagregados,,,,,2026-09-25,,,,,,Federal,Federal,,,Vigente,,Verificado / cobertura amplia,"Ambiente, energía y recursos",0,0,0,0,1,0,1
atdt-of,Oficina del titular de la Agencia,Oficina Titular,Poder Ejecutivo,Oficina,sec-21,Agencia de Transformación Digital y Telecomunicaciones,4,RI ATDT art. 3,RI_ATDT_2025,Reglamento Interior de la Agencia de Transformación Digital y Telecomunicaciones,https://www.dof.gob.mx/nota_detalle.php?codigo=5747756&fecha=24/01/2025,2025-01-24,Sí,Estructura verificada con actualización normativa posterior al RI de enero de 2025,,,,,2026-09-25,La estructura administrativa base procede del RI ATDT de 24-01-2025; la CRT se añade por normativa sectorial posterior de 2025 y su Reglamento Interior de 25-11-2025.,,,,,Federal,Federal,,,Vigente,,Verificado / cobertura amplia,Infraestructura y conectividad,3,4,0,0,1,2,4
atdt-upoi,Unidad de Proyectos y Operación Institucional,Unidad Proyectos y Operación,Poder Ejecutivo,Unidad,atdt-of,Oficina del titular de la Agencia,5,RI ATDT art. 3,RI_ATDT_2025,Reglamento Interior de la Agencia de Transformación Digital y Telecomunicaciones,https://www.dof.gob.mx/nota_detalle.php?codigo=5747756&fecha=24/01/2025,2025-01-24,Sí,Estructura verificada con actualización normativa posterior al RI de enero de 2025,,,,,2026-09-25,La estructura administrativa base procede del RI ATDT de 24-01-2025; la CRT se añade por normativa sectorial posterior de 2025 y su Reglamento Interior de 25-11-2025.,,,,,Federal,Federal,,,Vigente,,Verificado / cobertura amplia,Infraestructura y conectividad,1,1,0,0,1,1,2
atdt-dgp,Dirección General de Proyectos,DG Proyectos,Poder Ejecutivo,Dirección General,atdt-upoi,Unidad de Proyectos y Operación Institucional,6,RI ATDT art. 3,RI_ATDT_2025,Reglamento Interior de la Agencia de Transformación Digital y Telecomunicaciones,https://www.dof.gob.mx/nota_detalle.php?codigo=5747756&fecha=24/01/2025,2025-01-24,Sí,Estructura verificada con actualización normativa posterior al RI de enero de 2025,,,,,2026-09-25,La estructura administrativa base procede del RI ATDT de 24-01-2025; la CRT se añade por normativa sectorial posterior de 2025 y su Reglamento Interior de 25-11-2025.,,,,,Federal,Federal,,,Vigente,,Verificado / cobertura amplia,Infraestructura y conectividad,0,0,0,0,1,0,1
atdt-dgid,Dirección General de Inteligencia de Datos,DG Inteligencia de Datos,Poder Ejecutivo,Dirección General,atdt-of,Oficina del titular de la Agencia,5,RI ATDT art. 3,RI_ATDT_2025,Reglamento Interior de la Agencia de Transformación Digital y Telecomunicaciones,https://www.dof.gob.mx/nota_detalle.php?codigo=5747756&fecha=24/01/2025,2025-01-24,Sí,Estructura verificada con actualización normativa posterior al RI de enero de 2025,,,,,2026-09-25,La estructura administrativa base procede del RI ATDT de 24-01-2025; la CRT se añade por normativa sectorial posterior de 2025 y su Reglamento Interior de 25-11-2025.,,,,,Federal,Federal,,,Vigente,,Verificado / cobertura amplia,Infraestructura y conectividad,0,0,0,0,1,0,1
atdt-dgj,"Dirección General Jurídica, Cumplimiento Normativo y Gobernanza Tecnológica",DG Jurídica y Gobernanza,Poder Ejecutivo,Dirección General,atdt-of,Oficina del titular de la Agencia,5,RI ATDT art. 3,RI_ATDT_2025,Reglamento Interior de la Agencia de Transformación Digital y Telecomunicaciones,https://www.dof.gob.mx/nota_detalle.php?codigo=5747756&fecha=24/01/2025,2025-01-24,Sí,Estructura verificada con actualización normativa posterior al RI de enero de 2025,,,,,2026-09-25,La estructura administrativa base procede del RI ATDT de 24-01-2025; la CRT se añade por normativa sectorial posterior de 2025 y su Reglamento Interior de 25-11-2025.,,,,,Federal,Federal,,,Vigente,,Verificado / cobertura amplia,Infraestructura y conectividad,0,0,0,0,1,0,1
atdt-cntd,Coordinación Nacional de Transformación Digital,Coord. Transformación Digital,Poder Ejecutivo,Coordinación Nacional,sec-21,Agencia de Transformación Digital y Telecomunicaciones,4,RI ATDT art. 3,RI_ATDT_2025,Reglamento Interior de la Agencia de Transformación Digital y Telecomunicaciones,https://www.dof.gob.mx/nota_detalle.php?codigo=5747756&fecha=24/01/2025,2025-01-24,Sí,Estructura verificada con actualización normativa posterior al RI de enero de 2025,,,,,2026-09-25,La estructura administrativa base procede del RI ATDT de 24-01-2025; la CRT se añade por normativa sectorial posterior de 2025 y su Reglamento Interior de 25-11-2025.,,,,,Federal,Federal,,,Vigente,,Verificado / cobertura amplia,Infraestructura y conectividad,4,4,0,0,1,1,5
atdt-dggd,Dirección General de Gobierno Digital,DG Gobierno Digital,Poder Ejecutivo,Dirección General,atdt-cntd,Coordinación Nacional de Transformación Digital,5,RI ATDT art. 3,RI_ATDT_2025,Reglamento Interior de la Agencia de Transformación Digital y Telecomunicaciones,https://www.dof.gob.mx/nota_detalle.php?codigo=5747756&fecha=24/01/2025,2025-01-24,Sí,Estructura verificada con actualización normativa posterior al RI de enero de 2025,,,,,2026-09-25,La estructura administrativa base procede del RI ATDT de 24-01-2025; la CRT se añade por normativa sectorial posterior de 2025 y su Reglamento Interior de 25-11-2025.,,,,,Federal,Federal,,,Vigente,,Verificado / cobertura amplia,Infraestructura y conectividad,0,0,0,0,1,0,1
atdt-dgsa,Dirección General de Simplificación Administrativa,DG Simplificación,Poder Ejecutivo,Dirección General,atdt-cntd,Coordinación Nacional de Transformación Digital,5,RI ATDT art. 3,RI_ATDT_2025,Reglamento Interior de la Agencia de Transformación Digital y Telecomunicaciones,https://www.dof.gob.mx/nota_detalle.php?codigo=5747756&fecha=24/01/2025,2025-01-24,Sí,Estructura verificada con actualización normativa posterior al RI de enero de 2025,,,,,2026-09-25,La estructura administrativa base procede del RI ATDT de 24-01-2025; la CRT se añade por normativa sectorial posterior de 2025 y su Reglamento Interior de 25-11-2025.,,,,,Federal,Federal,,,Vigente,,Verificado / cobertura amplia,Infraestructura y conectividad,0,0,0,0,1,0,1
atdt-dgac,Dirección General de Atención Ciudadana,DG Atención Ciudadana,Poder Ejecutivo,Dirección General,atdt-cntd,Coordinación Nacional de Transformación Digital,5,RI ATDT art. 3,RI_ATDT_2025,Reglamento Interior de la Agencia de Transformación Digital y Telecomunicaciones,https://www.dof.gob.mx/nota_detalle.php?codigo=5747756&fecha=24/01/2025,2025-01-24,Sí,Estructura verificada con actualización normativa posterior al RI de enero de 2025,,,,,2026-09-25,La estructura administrativa base procede del RI ATDT de 24-01-2025; la CRT se añade por normativa sectorial posterior de 2025 y su Reglamento Interior de 25-11-2025.,,,,,Federal,Federal,,,Vigente,,Verificado / cobertura amplia,Infraestructura y conectividad,0,0,0,0,1,0,1
atdt-dgvi,Dirección General de Vinculación Interinstitucional,DG Vinculación,Poder Ejecutivo,Dirección General,atdt-cntd,Coordinación Nacional de Transformación Digital,5,RI ATDT art. 3,RI_ATDT_2025,Reglamento Interior de la Agencia de Transformación Digital y Telecomunicaciones,https://www.dof.gob.mx/nota_detalle.php?codigo=5747756&fecha=24/01/2025,2025-01-24,Sí,Estructura verificada con actualización normativa posterior al RI de enero de 2025,,,,,2026-09-25,La estructura administrativa base procede del RI ATDT de 24-01-2025; la CRT se añade por normativa sectorial posterior de 2025 y su Reglamento Interior de 25-11-2025.,,,,,Federal,Federal,,,Vigente,,Verificado / cobertura amplia,Infraestructura y conectividad,0,0,0,0,1,0,1
atdt-cnid,Coordinación Nacional de Infraestructura Digital,Coord. Infraestructura Digital,Poder Ejecutivo,Coordinación Nacional,sec-21,Agencia de Transformación Digital y Telecomunicaciones,4,RI ATDT art. 3,RI_ATDT_2025,Reglamento Interior de la Agencia de Transformación Digital y Telecomunicaciones,https://www.dof.gob.mx/nota_detalle.php?codigo=5747756&fecha=24/01/2025,2025-01-24,Sí,Estructura verificada con actualización normativa posterior al RI de enero de 2025,,,,,2026-09-25,La estructura administrativa base procede del RI ATDT de 24-01-2025; la CRT se añade por normativa sectorial posterior de 2025 y su Reglamento Interior de 25-11-2025.,,,,,Federal,Federal,,,Vigente,,Verificado / cobertura amplia,Infraestructura y conectividad,4,4,0,0,1,1,5
atdt-dgcib,Dirección General de Ciberseguridad,DG Ciberseguridad,Poder Ejecutivo,Dirección General,atdt-cnid,Coordinación Nacional de Infraestructura Digital,5,RI ATDT art. 3,RI_ATDT_2025,Reglamento Interior de la Agencia de Transformación Digital y Telecomunicaciones,https://www.dof.gob.mx/nota_detalle.php?codigo=5747756&fecha=24/01/2025,2025-01-24,Sí,Estructura verificada con actualización normativa posterior al RI de enero de 2025,,,,,2026-09-25,La estructura administrativa base procede del RI ATDT de 24-01-2025; la CRT se añade por normativa sectorial posterior de 2025 y su Reglamento Interior de 25-11-2025.,,,,,Federal,Federal,,,Vigente,,Verificado / cobertura amplia,Infraestructura y conectividad,0,0,0,0,1,0,1
atdt-dgi,Dirección General de Infraestructura,DG Infraestructura,Poder Ejecutivo,Dirección General,atdt-cnid,Coordinación Nacional de Infraestructura Digital,5,RI ATDT art. 3,RI_ATDT_2025,Reglamento Interior de la Agencia de Transformación Digital y Telecomunicaciones,https://www.dof.gob.mx/nota_detalle.php?codigo=5747756&fecha=24/01/2025,2025-01-24,Sí,Estructura verificada con actualización normativa posterior al RI de enero de 2025,,,,,2026-09-25,La estructura administrativa base procede del RI ATDT de 24-01-2025; la CRT se añade por normativa sectorial posterior de 2025 y su Reglamento Interior de 25-11-2025.,,,,,Federal,Federal,,,Vigente,,Verificado / cobertura amplia,Infraestructura y conectividad,0,0,0,0,1,0,1
atdt-dgpt,Dirección General de Políticas de Telecomunicaciones,DG Políticas Telecom,Poder Ejecutivo,Dirección General,atdt-cnid,Coordinación Nacional de Infraestructura Digital,5,RI ATDT art. 3,RI_ATDT_2025,Reglamento Interior de la Agencia de Transformación Digital y Telecomunicaciones,https://www.dof.gob.mx/nota_detalle.php?codigo=5747756&fecha=24/01/2025,2025-01-24,Sí,Estructura verificada con actualización normativa posterior al RI de enero de 2025,,,,,2026-09-25,La estructura administrativa base procede del RI ATDT de 24-01-2025; la CRT se añade por normativa sectorial posterior de 2025 y su Reglamento Interior de 25-11-2025.,,,,,Federal,Federal,,,Vigente,,Verificado / cobertura amplia,Infraestructura y conectividad,0,0,0,0,1,0,1
atdt-dgsat,Dirección General Satelital,DG Satelital,Poder Ejecutivo,Dirección General,atdt-cnid,Coordinación Nacional de Infraestructura Digital,5,RI ATDT art. 3,RI_ATDT_2025,Reglamento Interior de la Agencia de Transformación Digital y Telecomunicaciones,https://www.dof.gob.mx/nota_detalle.php?codigo=5747756&fecha=24/01/2025,2025-01-24,Sí,Estructura verificada con actualización normativa posterior al RI de enero de 2025,,,,,2026-09-25,La estructura administrativa base procede del RI ATDT de 24-01-2025; la CRT se añade por normativa sectorial posterior de 2025 y su Reglamento Interior de 25-11-2025.,,,,,Federal,Federal,,,Vigente,,Verificado / cobertura amplia,Infraestructura y conectividad,0,0,0,0,1,0,1
atdt-dgaf,Dirección General de Administración y Finanzas,DG Administración y Finanzas,Poder Ejecutivo,Dirección General,sec-21,Agencia de Transformación Digital y Telecomunicaciones,4,RI ATDT art. 3,RI_ATDT_2025,Reglamento Interior de la Agencia de Transformación Digital y Telecomunicaciones,https://www.dof.gob.mx/nota_detalle.php?codigo=5747756&fecha=24/01/2025,2025-01-24,Sí,Estructura verificada con actualización normativa posterior al RI de enero de 2025,,,,,2026-09-25,La estructura administrativa base procede del RI ATDT de 24-01-2025; la CRT se añade por normativa sectorial posterior de 2025 y su Reglamento Interior de 25-11-2025.,,,,,Federal,Federal,,,Vigente,,Verificado / cobertura amplia,Infraestructura y conectividad,0,0,0,0,1,0,1
atdt-conamer,Comisión Nacional de Mejora Regulatoria,CONAMER,Poder Ejecutivo,Órgano administrativo desconcentrado,sec-21,Agencia de Transformación Digital y Telecomunicaciones,4,RI ATDT art. 3,RI_ATDT_2025,Reglamento Interior de la Agencia de Transformación Digital y Telecomunicaciones,https://www.dof.gob.mx/nota_detalle.php?codigo=5747756&fecha=24/01/2025,2025-01-24,Sí,Estructura verificada con actualización normativa posterior al RI de enero de 2025,,,,,2026-09-25,La estructura administrativa base procede del RI ATDT de 24-01-2025; la CRT se añade por normativa sectorial posterior de 2025 y su Reglamento Interior de 25-11-2025.,,,,,Federal,Federal,,,Vigente,,Verificado / cobertura amplia,Infraestructura y conectividad,0,0,0,0,1,0,1
atdt-crt,Comisión Reguladora de Telecomunicaciones,CRT,Poder Ejecutivo,Órgano administrativo desconcentrado,sec-21,Agencia de Transformación Digital y Telecomunicaciones,4,LMTR arts. 7 y 8; RI CRT 2025,LMTR_2025,Ley en Materia de Telecomunicaciones y Radiodifusión / normativa de la Comisión Reguladora de Telecomunicaciones,https://www.dof.gob.mx/nota_detalle_popup.php?codigo=5783210,2025-07-16,Sí,Estructura verificada con actualización normativa posterior al RI de enero de 2025,,,,,2026-09-25,La estructura administrativa base procede del RI ATDT de 24-01-2025; la CRT se añade por normativa sectorial posterior de 2025 y su Reglamento Interior de 25-11-2025.,,,,,Federal,Federal,,,Vigente,,Verificado / cobertura amplia,Infraestructura y conectividad,0,0,0,0,1,0,1
sal-siscam,Subsecretaría de Integración Sectorial y Coordinación de Servicios de Atención Médica,Subsec. Integración Sectorial,Poder Ejecutivo,Subsecretaría,sec-15,Secretaría de Salud,4,RI Salud art. 2 A.I,RI_SALUD_2025,Reglamento Interior de la Secretaría de Salud,https://www.dof.gob.mx/nota_detalle.php?codigo=5750389&fecha=27/02/2025,2025-02-27,Sí,Estructura superior verificada; unidades administrativas del apartado B y OAD del apartado C pendientes,,,,,2026-09-25,,,,,,Federal,Federal,,,Vigente,,Verificado / cobertura parcial,Salud,0,0,0,0,1,0,1
sal-psbp,Subsecretaría de Políticas de Salud y Bienestar Poblacional,Subsec. Políticas de Salud,Poder Ejecutivo,Subsecretaría,sec-15,Secretaría de Salud,4,RI Salud art. 2 A.II,RI_SALUD_2025,Reglamento Interior de la Secretaría de Salud,https://www.dof.gob.mx/nota_detalle.php?codigo=5750389&fecha=27/02/2025,2025-02-27,Sí,Estructura superior verificada; unidades administrativas del apartado B y OAD del apartado C pendientes,,,,,2026-09-25,,,,,,Federal,Federal,,,Vigente,,Verificado / cobertura parcial,Salud,0,0,0,0,1,0,1
sal-uaf,Unidad de Administración y Finanzas,UAF,Poder Ejecutivo,Unidad,sec-15,Secretaría de Salud,4,RI Salud art. 2 A.III,RI_SALUD_2025,Reglamento Interior de la Secretaría de Salud,https://www.dof.gob.mx/nota_detalle.php?codigo=5750389&fecha=27/02/2025,2025-02-27,Sí,Estructura superior verificada; unidades administrativas del apartado B y OAD del apartado C pendientes,,,,,2026-09-25,,,,,,Federal,Federal,,,Vigente,,Verificado / cobertura parcial,Salud,0,0,0,0,1,0,1
sal-ugaj,Unidad General de Asuntos Jurídicos,UGAJ,Poder Ejecutivo,Unidad General,sec-15,Secretaría de Salud,4,RI Salud art. 2 A.IV,RI_SALUD_2025,Reglamento Interior de la Secretaría de Salud,https://www.dof.gob.mx/nota_detalle.php?codigo=5750389&fecha=27/02/2025,2025-02-27,Sí,Estructura superior verificada; unidades administrativas del apartado B y OAD del apartado C pendientes,,,,,2026-09-25,,,,,,Federal,Federal,,,Vigente,,Verificado / cobertura parcial,Salud,0,0,0,0,1,0,1
sal-ccinshae,Comisión Coordinadora de Institutos Nacionales de Salud y Hospitales de Alta Especialidad,CCINSHAE,Poder Ejecutivo,Comisión Coordinadora,sec-15,Secretaría de Salud,4,RI Salud art. 2 A.V,RI_SALUD_2025,Reglamento Interior de la Secretaría de Salud,https://www.dof.gob.mx/nota_detalle.php?codigo=5750389&fecha=27/02/2025,2025-02-27,Sí,Estructura superior verificada; unidades administrativas del apartado B y OAD del apartado C pendientes,,,,,2026-09-25,,,,,,Federal,Federal,,,Vigente,,Verificado / cobertura parcial,Salud,0,0,0,0,1,0,1
sal-ucvps,Unidad Coordinadora de Vinculación y Participación Social,Unidad Vinculación Social,Poder Ejecutivo,Unidad,sec-15,Secretaría de Salud,4,RI Salud art. 2 A.VI,RI_SALUD_2025,Reglamento Interior de la Secretaría de Salud,https://www.dof.gob.mx/nota_detalle.php?codigo=5750389&fecha=27/02/2025,2025-02-27,Sí,Estructura superior verificada; unidades administrativas del apartado B y OAD del apartado C pendientes,,,,,2026-09-25,,,,,,Federal,Federal,,,Vigente,,Verificado / cobertura parcial,Salud,0,0,0,0,1,0,1
sal-uaeis,Unidad de Análisis Económico e Investigación en Salud,Unidad Análisis Económico,Poder Ejecutivo,Unidad,sec-15,Secretaría de Salud,4,RI Salud art. 2 A.VII,RI_SALUD_2025,Reglamento Interior de la Secretaría de Salud,https://www.dof.gob.mx/nota_detalle.php?codigo=5750389&fecha=27/02/2025,2025-02-27,Sí,Estructura superior verificada; unidades administrativas del apartado B y OAD del apartado C pendientes,,,,,2026-09-25,,,,,,Federal,Federal,,,Vigente,,Verificado / cobertura parcial,Salud,0,0,0,0,1,0,1
sal-uaais,Unidad de Acceso y Abasto de Insumos para la Salud,Unidad Acceso y Abasto,Poder Ejecutivo,Unidad,sec-15,Secretaría de Salud,4,RI Salud art. 2 A.VIII,RI_SALUD_2025,Reglamento Interior de la Secretaría de Salud,https://www.dof.gob.mx/nota_detalle.php?codigo=5750389&fecha=27/02/2025,2025-02-27,Sí,Estructura superior verificada; unidades administrativas del apartado B y OAD del apartado C pendientes,,,,,2026-09-25,,,,,,Federal,Federal,,,Vigente,,Verificado / cobertura parcial,Salud,0,0,0,0,1,0,1
fed-root,Entidades federativas,32 entidades,Entidades federativas,Bloque territorial,,Estado mexicano,1,CPEUM art. 43,CPEUM,Constitución Política de los Estados Unidos Mexicanos,https://www.diputados.gob.mx/LeyesBiblio/pdf/CPEUM.pdf,2026-03-03,Sí,32 entidades federativas individualizadas; estructuras estatales internas pendientes,,,,,2026-09-25,Nodo agregado incorporado en v0.3 para evitar saturación visual del panorama; las 32 entidades se exploran en una vista territorial específica.,,,,,Estatal,Entidad federativa,,Entidad federativa,Vigente,,Nodo agregado o clasificación,Territorio,32,32,0,0,1,1,32
segob-subgob,Subsecretaría de Gobernación,Subsec. Gobernación,Poder Ejecutivo,Subsecretaría,sec-0,Secretaría de Gobernación,4,RI SEGOB art. 3 A.1,RI_SEGOB_2025,Reglamento Interior de la Secretaría de Gobernación,https://dof.gob.mx/abrirPDF.php?anio=2025&archivo=21032025-VES.pdf&repo=repositorio%2F,2025-03-21,Sí,Estructura básica verificada; desagregación inferior selectiva,,,,,2026-09-25,,,,,,Federal,Federal,,,Vigente,,Verificado / cobertura amplia,Gobernanza y política interior,7,7,2,0,1,1,8
segob-subdh,"Subsecretaría de Derechos Humanos, Población y Migración",Subsec. DDHH/Población,Poder Ejecutivo,Subsecretaría,sec-0,Secretaría de Gobernación,4,RI SEGOB art. 3 A.2,RI_SEGOB_2025,Reglamento Interior de la Secretaría de Gobernación,https://dof.gob.mx/abrirPDF.php?anio=2025&archivo=21032025-VES.pdf&repo=repositorio%2F,2025-03-21,Sí,Estructura básica verificada; desagregación inferior selectiva,,,,,2026-09-25,,,,,,Federal,Federal,,,Vigente,,Verificado / cobertura amplia,Gobernanza y política interior,10,10,6,0,1,1,11
segob-subpaz,"Subsecretaría de Construcción de Paz, Participación Social y Asuntos Religiosos",Subsec. Construcción de Paz,Poder Ejecutivo,Subsecretaría,sec-0,Secretaría de Gobernación,4,RI SEGOB art. 3 A.3,RI_SEGOB_2025,Reglamento Interior de la Secretaría de Gobernación,https://dof.gob.mx/abrirPDF.php?anio=2025&archivo=21032025-VES.pdf&repo=repositorio%2F,2025-03-21,Sí,Estructura básica verificada; desagregación inferior selectiva,,,,,2026-09-25,,,,,,Federal,Federal,,,Vigente,,Verificado / cobertura amplia,Gobernanza y política interior,5,5,0,0,1,1,6
segob-upsei,"Unidad de Proyectos, Seguimiento y Evaluación Institucional",UPSEI,Poder Ejecutivo,Unidad,sec-0,Secretaría de Gobernación,4,RI SEGOB art. 3 A.4,RI_SEGOB_2025,Reglamento Interior de la Secretaría de Gobernación,https://dof.gob.mx/abrirPDF.php?anio=2025&archivo=21032025-VES.pdf&repo=repositorio%2F,2025-03-21,Sí,Estructura básica verificada; desagregación inferior selectiva,,,,,2026-09-25,,,,,,Federal,Federal,,,Vigente,,Verificado / cobertura amplia,Gobernanza y política interior,0,0,0,0,1,0,1
segob-ugaj,Unidad General de Asuntos Jurídicos,UGAJ,Poder Ejecutivo,Unidad General,sec-0,Secretaría de Gobernación,4,RI SEGOB art. 3 A.5,RI_SEGOB_2025,Reglamento Interior de la Secretaría de Gobernación,https://dof.gob.mx/abrirPDF.php?anio=2025&archivo=21032025-VES.pdf&repo=repositorio%2F,2025-03-21,Sí,Estructura básica verificada; desagregación inferior selectiva,,,,,2026-09-25,,,,,,Federal,Federal,,,Vigente,,Verificado / cobertura amplia,Gobernanza y política interior,0,0,0,0,1,0,1
segob-uaf,Unidad de Administración y Finanzas,UAF,Poder Ejecutivo,Unidad,sec-0,Secretaría de Gobernación,4,RI SEGOB art. 3 A.6,RI_SEGOB_2025,Reglamento Interior de la Secretaría de Gobernación,https://dof.gob.mx/abrirPDF.php?anio=2025&archivo=21032025-VES.pdf&repo=repositorio%2F,2025-03-21,Sí,Estructura básica verificada; desagregación inferior selectiva,,,,,2026-09-25,,,,,,Federal,Federal,,,Vigente,,Verificado / cobertura amplia,Gobernanza y política interior,0,0,0,0,1,0,1
segob-dgcs,Dirección General de Comunicación Social,DGCS,Poder Ejecutivo,Dirección General,sec-0,Secretaría de Gobernación,4,RI SEGOB art. 3 A.7,RI_SEGOB_2025,Reglamento Interior de la Secretaría de Gobernación,https://dof.gob.mx/abrirPDF.php?anio=2025&archivo=21032025-VES.pdf&repo=repositorio%2F,2025-03-21,Sí,Estructura básica verificada; desagregación inferior selectiva,,,,,2026-09-25,,,,,,Federal,Federal,,,Vigente,,Verificado / cobertura amplia,Gobernanza y política interior,0,0,0,0,1,0,1
segob-ugob,Unidad de Gobierno,Unidad de Gobierno,Poder Ejecutivo,Unidad,segob-subgob,Subsecretaría de Gobernación,5,RI SEGOB art. 3,RI_SEGOB_2025,Reglamento Interior de la Secretaría de Gobernación,https://dof.gob.mx/abrirPDF.php?anio=2025&archivo=21032025-VES.pdf&repo=repositorio%2F,2025-03-21,Sí,Unidad inmediata verificada en el artículo 3,,,,,2026-09-25,,,,,,Federal,Federal,,,Vigente,,Verificado / cobertura amplia,Gobernanza y política interior,0,0,0,0,1,0,1
segob-upiai,Unidad de Política Interior y Análisis de Información,Política Interior,Poder Ejecutivo,Unidad,segob-subgob,Subsecretaría de Gobernación,5,RI SEGOB art. 3,RI_SEGOB_2025,Reglamento Interior de la Secretaría de Gobernación,https://dof.gob.mx/abrirPDF.php?anio=2025&archivo=21032025-VES.pdf&repo=repositorio%2F,2025-03-21,Sí,Unidad inmediata verificada en el artículo 3,,,,,2026-09-25,,,,,,Federal,Federal,,,Vigente,,Verificado / cobertura amplia,Gobernanza y política interior,0,0,0,0,1,0,1
segob-uenlace,Unidad de Enlace,Unidad de Enlace,Poder Ejecutivo,Unidad,segob-subgob,Subsecretaría de Gobernación,5,RI SEGOB art. 3,RI_SEGOB_2025,Reglamento Interior de la Secretaría de Gobernación,https://dof.gob.mx/abrirPDF.php?anio=2025&archivo=21032025-VES.pdf&repo=repositorio%2F,2025-03-21,Sí,Unidad inmediata verificada en el artículo 3,,,,,2026-09-25,,,,,,Federal,Federal,,,Vigente,,Verificado / cobertura amplia,Gobernanza y política interior,0,0,0,0,1,0,1
segob-unmc,Unidad de Normatividad de Medios de Comunicación,Normatividad Medios,Poder Ejecutivo,Unidad,segob-subgob,Subsecretaría de Gobernación,5,RI SEGOB art. 3,RI_SEGOB_2025,Reglamento Interior de la Secretaría de Gobernación,https://dof.gob.mx/abrirPDF.php?anio=2025&archivo=21032025-VES.pdf&repo=repositorio%2F,2025-03-21,Sí,Unidad inmediata verificada en el artículo 3,,,,,2026-09-25,,,,,,Federal,Federal,,,Vigente,,Verificado / cobertura amplia,Gobernanza y política interior,0,0,0,0,1,0,1
segob-uaos,Unidad para la Atención de las Organizaciones Sociales,Atención Org. Sociales,Poder Ejecutivo,Unidad,segob-subgob,Subsecretaría de Gobernación,5,RI SEGOB art. 3,RI_SEGOB_2025,Reglamento Interior de la Secretaría de Gobernación,https://dof.gob.mx/abrirPDF.php?anio=2025&archivo=21032025-VES.pdf&repo=repositorio%2F,2025-03-21,Sí,Unidad inmediata verificada en el artículo 3,,,,,2026-09-25,,,,,,Federal,Federal,,,Vigente,,Verificado / cobertura amplia,Gobernanza y política interior,0,0,0,0,1,0,1
segob-uddh,Unidad para la Defensa de los Derechos Humanos,Defensa DDHH,Poder Ejecutivo,Unidad,segob-subdh,"Subsecretaría de Derechos Humanos, Población y Migración",5,RI SEGOB art. 3,RI_SEGOB_2025,Reglamento Interior de la Secretaría de Gobernación,https://dof.gob.mx/abrirPDF.php?anio=2025&archivo=21032025-VES.pdf&repo=repositorio%2F,2025-03-21,Sí,Unidad inmediata verificada en el artículo 3,,,,,2026-09-25,,,,,,Federal,Federal,,,Vigente,,Verificado / cobertura amplia,Gobernanza y política interior,0,0,0,0,1,0,1
segob-upmri,"Unidad de Política Migratoria, Registro e Identidad de Personas",Política Migratoria,Poder Ejecutivo,Unidad,segob-subdh,"Subsecretaría de Derechos Humanos, Población y Migración",5,RI SEGOB art. 3,RI_SEGOB_2025,Reglamento Interior de la Secretaría de Gobernación,https://dof.gob.mx/abrirPDF.php?anio=2025&archivo=21032025-VES.pdf&repo=repositorio%2F,2025-03-21,Sí,Unidad inmediata verificada en el artículo 3,,,,,2026-09-25,,,,,,Federal,Federal,,,Vigente,,Verificado / cobertura amplia,Gobernanza y política interior,0,0,0,0,1,0,1
segob-uasj,Unidad de Apoyo al Sistema de Justicia,Apoyo Sist. Justicia,Poder Ejecutivo,Unidad,segob-subdh,"Subsecretaría de Derechos Humanos, Población y Migración",5,RI SEGOB art. 3,RI_SEGOB_2025,Reglamento Interior de la Secretaría de Gobernación,https://dof.gob.mx/abrirPDF.php?anio=2025&archivo=21032025-VES.pdf&repo=repositorio%2F,2025-03-21,Sí,Unidad inmediata verificada en el artículo 3,,,,,2026-09-25,,,,,,Federal,Federal,,,Vigente,,Verificado / cobertura amplia,Gobernanza y política interior,0,0,0,0,1,0,1
segob-cdpim,Comisión para el Diálogo con los Pueblos Indígenas de México,Diálogo Pueblos Indígenas,Poder Ejecutivo,Comisión,segob-subdh,"Subsecretaría de Derechos Humanos, Población y Migración",5,RI SEGOB art. 3,RI_SEGOB_2025,Reglamento Interior de la Secretaría de Gobernación,https://dof.gob.mx/abrirPDF.php?anio=2025&archivo=21032025-VES.pdf&repo=repositorio%2F,2025-03-21,Sí,Unidad inmediata verificada en el artículo 3,,,,,2026-09-25,,,,,,Federal,Federal,,,Vigente,,Verificado / cobertura amplia,Gobernanza y política interior,0,0,0,0,1,0,1
segob-ump,Unidad de Mesas de Paz,Mesas de Paz,Poder Ejecutivo,Unidad,segob-subpaz,"Subsecretaría de Construcción de Paz, Participación Social y Asuntos Religiosos",5,RI SEGOB art. 3,RI_SEGOB_2025,Reglamento Interior de la Secretaría de Gobernación,https://dof.gob.mx/abrirPDF.php?anio=2025&archivo=21032025-VES.pdf&repo=repositorio%2F,2025-03-21,Sí,Unidad inmediata verificada en el artículo 3,,,,,2026-09-25,,,,,,Federal,Federal,,,Vigente,,Verificado / cobertura amplia,Gobernanza y política interior,0,0,0,0,1,0,1
segob-upsc,"Unidad de Participación Social, Consultas y Construcción de Ciudadanía",Participación Social,Poder Ejecutivo,Unidad,segob-subpaz,"Subsecretaría de Construcción de Paz, Participación Social y Asuntos Religiosos",5,RI SEGOB art. 3,RI_SEGOB_2025,Reglamento Interior de la Secretaría de Gobernación,https://dof.gob.mx/abrirPDF.php?anio=2025&archivo=21032025-VES.pdf&repo=repositorio%2F,2025-03-21,Sí,Unidad inmediata verificada en el artículo 3,,,,,2026-09-25,,,,,,Federal,Federal,,,Vigente,,Verificado / cobertura amplia,Gobernanza y política interior,0,0,0,0,1,0,1
segob-uevdd,"Unidad de Estrategias para la Vinculación, Desarrollo Democrático y Fomento Cívico",Vinculación Democrática,Poder Ejecutivo,Unidad,segob-subpaz,"Subsecretaría de Construcción de Paz, Participación Social y Asuntos Religiosos",5,RI SEGOB art. 3,RI_SEGOB_2025,Reglamento Interior de la Secretaría de Gobernación,https://dof.gob.mx/abrirPDF.php?anio=2025&archivo=21032025-VES.pdf&repo=repositorio%2F,2025-03-21,Sí,Unidad inmediata verificada en el artículo 3,,,,,2026-09-25,,,,,,Federal,Federal,,,Vigente,,Verificado / cobertura amplia,Gobernanza y política interior,0,0,0,0,1,0,1
segob-uar,"Unidad de Asuntos Religiosos, Prevención Social y la Reconstrucción del Tejido Social",Asuntos Religiosos,Poder Ejecutivo,Unidad,segob-subpaz,"Subsecretaría de Construcción de Paz, Participación Social y Asuntos Religiosos",5,RI SEGOB art. 3,RI_SEGOB_2025,Reglamento Interior de la Secretaría de Gobernación,https://dof.gob.mx/abrirPDF.php?anio=2025&archivo=21032025-VES.pdf&repo=repositorio%2F,2025-03-21,Sí,Unidad inmediata verificada en el artículo 3,,,,,2026-09-25,,,,,,Federal,Federal,,,Vigente,,Verificado / cobertura amplia,Gobernanza y política interior,0,0,0,0,1,0,1
segob-dgjs,Dirección General de Juegos y Sorteos,Juegos y Sorteos,Poder Ejecutivo,Dirección General,segob-subpaz,"Subsecretaría de Construcción de Paz, Participación Social y Asuntos Religiosos",5,RI SEGOB art. 3,RI_SEGOB_2025,Reglamento Interior de la Secretaría de Gobernación,https://dof.gob.mx/abrirPDF.php?anio=2025&archivo=21032025-VES.pdf&repo=repositorio%2F,2025-03-21,Sí,Unidad inmediata verificada en el artículo 3,,,,,2026-09-25,,,,,,Federal,Federal,,,Vigente,,Verificado / cobertura amplia,Gobernanza y política interior,0,0,0,0,1,0,1
segob-inafed,Instituto Nacional para el Federalismo y el Desarrollo Municipal,INAFED,Poder Ejecutivo,Órgano administrativo desconcentrado,segob-subgob,Subsecretaría de Gobernación,5,RI SEGOB art. 3 B,RI_SEGOB_2025,Reglamento Interior de la Secretaría de Gobernación,https://dof.gob.mx/abrirPDF.php?anio=2025&archivo=21032025-VES.pdf&repo=repositorio%2F,2025-03-21,Sí,Órgano administrativo desconcentrado verificado,,,,,2026-09-25,,,,,,Federal,Federal,,,Vigente,,Verificado / cobertura amplia,Gobernanza y política interior,0,0,0,0,1,0,1
segob-cepropie,Centro de Producción de Programas Informativos y Especiales,CEPROPIE,Poder Ejecutivo,Órgano administrativo desconcentrado,segob-subgob,Subsecretaría de Gobernación,5,RI SEGOB art. 3 B,RI_SEGOB_2025,Reglamento Interior de la Secretaría de Gobernación,https://dof.gob.mx/abrirPDF.php?anio=2025&archivo=21032025-VES.pdf&repo=repositorio%2F,2025-03-21,Sí,Órgano administrativo desconcentrado verificado,,,,,2026-09-25,,,,,,Federal,Federal,,,Vigente,,Verificado / cobertura amplia,Gobernanza y política interior,0,0,0,0,1,0,1
segob-inm,Instituto Nacional de Migración,INM,Poder Ejecutivo,Órgano administrativo desconcentrado,segob-subdh,"Subsecretaría de Derechos Humanos, Población y Migración",5,RI SEGOB art. 3 B,RI_SEGOB_2025,Reglamento Interior de la Secretaría de Gobernación,https://dof.gob.mx/abrirPDF.php?anio=2025&archivo=21032025-VES.pdf&repo=repositorio%2F,2025-03-21,Sí,Órgano administrativo desconcentrado verificado,,,,,2026-09-25,,,,,,Federal,Federal,,,Vigente,,Verificado / cobertura amplia,Gobernanza y política interior,0,0,0,0,1,0,1
segob-conapo,Secretaría Técnica del Consejo Nacional de Población,ST CONAPO,Poder Ejecutivo,Órgano administrativo desconcentrado,segob-subdh,"Subsecretaría de Derechos Humanos, Población y Migración",5,RI SEGOB art. 3 B,RI_SEGOB_2025,Reglamento Interior de la Secretaría de Gobernación,https://dof.gob.mx/abrirPDF.php?anio=2025&archivo=21032025-VES.pdf&repo=repositorio%2F,2025-03-21,Sí,Órgano administrativo desconcentrado verificado,,,,,2026-09-25,,,,,,Federal,Federal,,,Vigente,,Verificado / cobertura amplia,Gobernanza y política interior,0,0,0,0,1,0,1
segob-comar,Coordinación General de la Comisión Mexicana de Ayuda a Refugiados,COMAR,Poder Ejecutivo,Órgano administrativo desconcentrado,segob-subdh,"Subsecretaría de Derechos Humanos, Población y Migración",5,RI SEGOB art. 3 B,RI_SEGOB_2025,Reglamento Interior de la Secretaría de Gobernación,https://dof.gob.mx/abrirPDF.php?anio=2025&archivo=21032025-VES.pdf&repo=repositorio%2F,2025-03-21,Sí,Órgano administrativo desconcentrado verificado,,,,,2026-09-25,,,,,,Federal,Federal,,,Vigente,,Verificado / cobertura amplia,Gobernanza y política interior,0,0,0,0,1,0,1
segob-fronsur,Coordinación para la Atención Integral de la Migración en la Frontera Sur,Frontera Sur,Poder Ejecutivo,Órgano administrativo desconcentrado,segob-subdh,"Subsecretaría de Derechos Humanos, Población y Migración",5,RI SEGOB art. 3 B,RI_SEGOB_2025,Reglamento Interior de la Secretaría de Gobernación,https://dof.gob.mx/abrirPDF.php?anio=2025&archivo=21032025-VES.pdf&repo=repositorio%2F,2025-03-21,Sí,Órgano administrativo desconcentrado verificado,,,,,2026-09-25,,,,,,Federal,Federal,,,Vigente,,Verificado / cobertura amplia,Gobernanza y política interior,0,0,0,0,1,0,1
segob-cnb,Comisión Nacional de Búsqueda de Personas,CNB,Poder Ejecutivo,Órgano administrativo desconcentrado,segob-subdh,"Subsecretaría de Derechos Humanos, Población y Migración",5,RI SEGOB art. 3 B,RI_SEGOB_2025,Reglamento Interior de la Secretaría de Gobernación,https://dof.gob.mx/abrirPDF.php?anio=2025&archivo=21032025-VES.pdf&repo=repositorio%2F,2025-03-21,Sí,Órgano administrativo desconcentrado verificado,,,,,2026-09-25,,,,,,Federal,Federal,,,Vigente,,Verificado / cobertura amplia,Gobernanza y política interior,0,0,0,0,1,0,1
segob-sipinna,"Secretaría Ejecutiva del Sistema Nacional de Protección Integral de Niñas, Niños y Adolescentes",SIPINNA,Poder Ejecutivo,Órgano administrativo desconcentrado,segob-subdh,"Subsecretaría de Derechos Humanos, Población y Migración",5,RI SEGOB art. 3 B,RI_SEGOB_2025,Reglamento Interior de la Secretaría de Gobernación,https://dof.gob.mx/abrirPDF.php?anio=2025&archivo=21032025-VES.pdf&repo=repositorio%2F,2025-03-21,Sí,Órgano administrativo desconcentrado verificado,,,,,2026-09-25,,,,,,Federal,Federal,,,Vigente,,Verificado / cobertura amplia,Gobernanza y política interior,0,0,0,0,1,0,1
shcp-subhac,Subsecretaría de Hacienda y Crédito Público,Subsec. Hacienda,Poder Ejecutivo,Subsecretaría,sec-5,Secretaría de Hacienda y Crédito Público,4,RI SHCP art. 50,RI_SHCP_2025,Decreto de reforma al Reglamento Interior de la Secretaría de Hacienda y Crédito Público,https://www.dof.gob.mx/nota_detalle.php?codigo=5750009&fecha=24/02/2025,2025-02-24,Sí,Estructura superior verificada; contraste integral con artículo 4/manual pendiente,,,,,2026-09-25,Adscripción representada a partir del régimen de suplencias del artículo 50; no equivale a haber transcrito la totalidad de la estructura autorizada.,,,,,Federal,Federal,,,Vigente,,Verificado / cobertura parcial,Hacienda y economía,2,2,0,0,1,1,3
shcp-subing,Subsecretaría de Ingresos,Subsec. Ingresos,Poder Ejecutivo,Subsecretaría,sec-5,Secretaría de Hacienda y Crédito Público,4,RI SHCP art. 50,RI_SHCP_2025,Decreto de reforma al Reglamento Interior de la Secretaría de Hacienda y Crédito Público,https://www.dof.gob.mx/nota_detalle.php?codigo=5750009&fecha=24/02/2025,2025-02-24,Sí,Estructura superior verificada; contraste integral con artículo 4/manual pendiente,,,,,2026-09-25,Adscripción representada a partir del régimen de suplencias del artículo 50; no equivale a haber transcrito la totalidad de la estructura autorizada.,,,,,Federal,Federal,,,Vigente,,Verificado / cobertura parcial,Hacienda y economía,3,3,0,0,1,1,4
shcp-subeg,Subsecretaría de Egresos,Subsec. Egresos,Poder Ejecutivo,Subsecretaría,sec-5,Secretaría de Hacienda y Crédito Público,4,RI SHCP art. 50,RI_SHCP_2025,Decreto de reforma al Reglamento Interior de la Secretaría de Hacienda y Crédito Público,https://www.dof.gob.mx/nota_detalle.php?codigo=5750009&fecha=24/02/2025,2025-02-24,Sí,Estructura superior verificada; contraste integral con artículo 4/manual pendiente,,,,,2026-09-25,Adscripción representada a partir del régimen de suplencias del artículo 50; no equivale a haber transcrito la totalidad de la estructura autorizada.,,,,,Federal,Federal,,,Vigente,,Verificado / cobertura parcial,Hacienda y economía,7,7,0,0,1,1,8
shcp-pff,Procuraduría Fiscal de la Federación,PFF,Poder Ejecutivo,Procuraduría,sec-5,Secretaría de Hacienda y Crédito Público,4,RI SHCP art. 50,RI_SHCP_2025,Decreto de reforma al Reglamento Interior de la Secretaría de Hacienda y Crédito Público,https://www.dof.gob.mx/nota_detalle.php?codigo=5750009&fecha=24/02/2025,2025-02-24,Sí,Estructura superior verificada; contraste integral con artículo 4/manual pendiente,,,,,2026-09-25,Adscripción representada a partir del régimen de suplencias del artículo 50; no equivale a haber transcrito la totalidad de la estructura autorizada.,,,,,Federal,Federal,,,Vigente,,Verificado / cobertura parcial,Hacienda y economía,4,4,0,0,1,1,5
shcp-ucef,Unidad de Coordinación con Entidades Federativas,UCEF,Poder Ejecutivo,Unidad,sec-5,Secretaría de Hacienda y Crédito Público,4,RI SHCP art. 50,RI_SHCP_2025,Decreto de reforma al Reglamento Interior de la Secretaría de Hacienda y Crédito Público,https://www.dof.gob.mx/nota_detalle.php?codigo=5750009&fecha=24/02/2025,2025-02-24,Sí,Estructura superior verificada; contraste integral con artículo 4/manual pendiente,,,,,2026-09-25,Adscripción representada a partir del régimen de suplencias del artículo 50; no equivale a haber transcrito la totalidad de la estructura autorizada.,,,,,Federal,Federal,,,Vigente,,Verificado / cobertura parcial,Hacienda y economía,0,0,0,0,1,0,1
shcp-uaf,Unidad de Administración y Finanzas,UAF,Poder Ejecutivo,Unidad,sec-5,Secretaría de Hacienda y Crédito Público,4,RI SHCP art. 50,RI_SHCP_2025,Decreto de reforma al Reglamento Interior de la Secretaría de Hacienda y Crédito Público,https://www.dof.gob.mx/nota_detalle.php?codigo=5750009&fecha=24/02/2025,2025-02-24,Sí,Estructura superior verificada; contraste integral con artículo 4/manual pendiente,,,,,2026-09-25,Adscripción representada a partir del régimen de suplencias del artículo 50; no equivale a haber transcrito la totalidad de la estructura autorizada.,,,,,Federal,Federal,,,Vigente,,Verificado / cobertura parcial,Hacienda y economía,6,6,0,0,1,1,7
shcp-tesofe,Tesorería de la Federación,TESOFE,Poder Ejecutivo,Tesorería,sec-5,Secretaría de Hacienda y Crédito Público,4,RI SHCP art. 50,RI_SHCP_2025,Decreto de reforma al Reglamento Interior de la Secretaría de Hacienda y Crédito Público,https://www.dof.gob.mx/nota_detalle.php?codigo=5750009&fecha=24/02/2025,2025-02-24,Sí,Estructura superior verificada; contraste integral con artículo 4/manual pendiente,,,,,2026-09-25,Adscripción representada a partir del régimen de suplencias del artículo 50; no equivale a haber transcrito la totalidad de la estructura autorizada.,,,,,Federal,Federal,,,Vigente,,Verificado / cobertura parcial,Hacienda y economía,5,5,0,0,1,1,6
shcp-uif,Unidad de Inteligencia Financiera,UIF,Poder Ejecutivo,Unidad,sec-5,Secretaría de Hacienda y Crédito Público,4,RI SHCP art. 50,RI_SHCP_2025,Decreto de reforma al Reglamento Interior de la Secretaría de Hacienda y Crédito Público,https://www.dof.gob.mx/nota_detalle.php?codigo=5750009&fecha=24/02/2025,2025-02-24,Sí,Estructura superior verificada; contraste integral con artículo 4/manual pendiente,,,,,2026-09-25,Adscripción representada a partir del régimen de suplencias del artículo 50; no equivale a haber transcrito la totalidad de la estructura autorizada.,,,,,Federal,Federal,,,Vigente,,Verificado / cobertura parcial,Hacienda y economía,6,6,0,0,1,1,7
shcp-ucpaih,Unidad de Crédito Público y Asuntos Internacionales de Hacienda,Crédito Público,Poder Ejecutivo,Unidad,shcp-subhac,Subsecretaría de Hacienda y Crédito Público,5,RI SHCP art. 50,RI_SHCP_2025,Decreto de reforma al Reglamento Interior de la Secretaría de Hacienda y Crédito Público,https://www.dof.gob.mx/nota_detalle.php?codigo=5750009&fecha=24/02/2025,2025-02-24,Sí,Unidad adscrita identificada en el régimen de suplencias del RI,,,,,2026-09-25,Relación cargada con base en el artículo 50; la v0.4 deberá contrastar artículo 4/manual de organización para cerrar exhaustividad.,,,,,Federal,Federal,,,Vigente,,Verificado / cobertura amplia,Hacienda y economía,0,0,0,0,1,0,1
shcp-upehp,Unidad de Planeación Económica de la Hacienda Pública,Planeación Económica,Poder Ejecutivo,Unidad,shcp-subhac,Subsecretaría de Hacienda y Crédito Público,5,RI SHCP art. 50,RI_SHCP_2025,Decreto de reforma al Reglamento Interior de la Secretaría de Hacienda y Crédito Público,https://www.dof.gob.mx/nota_detalle.php?codigo=5750009&fecha=24/02/2025,2025-02-24,Sí,Unidad adscrita identificada en el régimen de suplencias del RI,,,,,2026-09-25,Relación cargada con base en el artículo 50; la v0.4 deberá contrastar artículo 4/manual de organización para cerrar exhaustividad.,,,,,Federal,Federal,,,Vigente,,Verificado / cobertura amplia,Hacienda y economía,0,0,0,0,1,0,1
shcp-upit,Unidad de Política de Ingresos Tributarios,Ingresos Tributarios,Poder Ejecutivo,Unidad,shcp-subing,Subsecretaría de Ingresos,5,RI SHCP art. 50,RI_SHCP_2025,Decreto de reforma al Reglamento Interior de la Secretaría de Hacienda y Crédito Público,https://www.dof.gob.mx/nota_detalle.php?codigo=5750009&fecha=24/02/2025,2025-02-24,Sí,Unidad adscrita identificada en el régimen de suplencias del RI,,,,,2026-09-25,Relación cargada con base en el artículo 50; la v0.4 deberá contrastar artículo 4/manual de organización para cerrar exhaustividad.,,,,,Federal,Federal,,,Vigente,,Verificado / cobertura amplia,Hacienda y economía,0,0,0,0,1,0,1
shcp-upinth,Unidad de Política de Ingresos no Tributarios y sobre Hidrocarburos,Ingresos no Tributarios,Poder Ejecutivo,Unidad,shcp-subing,Subsecretaría de Ingresos,5,RI SHCP art. 50,RI_SHCP_2025,Decreto de reforma al Reglamento Interior de la Secretaría de Hacienda y Crédito Público,https://www.dof.gob.mx/nota_detalle.php?codigo=5750009&fecha=24/02/2025,2025-02-24,Sí,Unidad adscrita identificada en el régimen de suplencias del RI,,,,,2026-09-25,Relación cargada con base en el artículo 50; la v0.4 deberá contrastar artículo 4/manual de organización para cerrar exhaustividad.,,,,,Federal,Federal,,,Vigente,,Verificado / cobertura amplia,Hacienda y economía,0,0,0,0,1,0,1
shcp-ult,Unidad de Legislación Tributaria,Legislación Tributaria,Poder Ejecutivo,Unidad,shcp-subing,Subsecretaría de Ingresos,5,RI SHCP art. 50,RI_SHCP_2025,Decreto de reforma al Reglamento Interior de la Secretaría de Hacienda y Crédito Público,https://www.dof.gob.mx/nota_detalle.php?codigo=5750009&fecha=24/02/2025,2025-02-24,Sí,Unidad adscrita identificada en el régimen de suplencias del RI,,,,,2026-09-25,Relación cargada con base en el artículo 50; la v0.4 deberá contrastar artículo 4/manual de organización para cerrar exhaustividad.,,,,,Federal,Federal,,,Vigente,,Verificado / cobertura amplia,Hacienda y economía,0,0,0,0,1,0,1
shcp-uaje,Unidad de Asuntos Jurídicos de Egresos,Asuntos Jurídicos Egresos,Poder Ejecutivo,Unidad,shcp-subeg,Subsecretaría de Egresos,5,RI SHCP art. 50,RI_SHCP_2025,Decreto de reforma al Reglamento Interior de la Secretaría de Hacienda y Crédito Público,https://www.dof.gob.mx/nota_detalle.php?codigo=5750009&fecha=24/02/2025,2025-02-24,Sí,Unidad adscrita identificada en el régimen de suplencias del RI,,,,,2026-09-25,Relación cargada con base en el artículo 50; la v0.4 deberá contrastar artículo 4/manual de organización para cerrar exhaustividad.,,,,,Federal,Federal,,,Vigente,,Verificado / cobertura amplia,Hacienda y economía,0,0,0,0,1,0,1
shcp-udpcsg,"Unidad de Diseño Presupuestario, Control y Seguimiento del Gasto",Diseño Presupuestario,Poder Ejecutivo,Unidad,shcp-subeg,Subsecretaría de Egresos,5,RI SHCP art. 50,RI_SHCP_2025,Decreto de reforma al Reglamento Interior de la Secretaría de Hacienda y Crédito Público,https://www.dof.gob.mx/nota_detalle.php?codigo=5750009&fecha=24/02/2025,2025-02-24,Sí,Unidad adscrita identificada en el régimen de suplencias del RI,,,,,2026-09-25,Relación cargada con base en el artículo 50; la v0.4 deberá contrastar artículo 4/manual de organización para cerrar exhaustividad.,,,,,Federal,Federal,,,Vigente,,Verificado / cobertura amplia,Hacienda y economía,0,0,0,0,1,0,1
shcp-ucg,Unidad de Contabilidad Gubernamental,Contabilidad Gubernamental,Poder Ejecutivo,Unidad,shcp-subeg,Subsecretaría de Egresos,5,RI SHCP art. 50,RI_SHCP_2025,Decreto de reforma al Reglamento Interior de la Secretaría de Hacienda y Crédito Público,https://www.dof.gob.mx/nota_detalle.php?codigo=5750009&fecha=24/02/2025,2025-02-24,Sí,Unidad adscrita identificada en el régimen de suplencias del RI,,,,,2026-09-25,Relación cargada con base en el artículo 50; la v0.4 deberá contrastar artículo 4/manual de organización para cerrar exhaustividad.,,,,,Federal,Federal,,,Vigente,,Verificado / cobertura amplia,Hacienda y economía,0,0,0,0,1,0,1
shcp-ui,Unidad de Inversiones,Inversiones,Poder Ejecutivo,Unidad,shcp-subeg,Subsecretaría de Egresos,5,RI SHCP art. 50,RI_SHCP_2025,Decreto de reforma al Reglamento Interior de la Secretaría de Hacienda y Crédito Público,https://www.dof.gob.mx/nota_detalle.php?codigo=5750009&fecha=24/02/2025,2025-02-24,Sí,Unidad adscrita identificada en el régimen de suplencias del RI,,,,,2026-09-25,Relación cargada con base en el artículo 50; la v0.4 deberá contrastar artículo 4/manual de organización para cerrar exhaustividad.,,,,,Federal,Federal,,,Vigente,,Verificado / cobertura amplia,Hacienda y economía,0,0,0,0,1,0,1
shcp-uper,Unidad de Política y Estrategia para Resultados,Política para Resultados,Poder Ejecutivo,Unidad,shcp-subeg,Subsecretaría de Egresos,5,RI SHCP art. 50,RI_SHCP_2025,Decreto de reforma al Reglamento Interior de la Secretaría de Hacienda y Crédito Público,https://www.dof.gob.mx/nota_detalle.php?codigo=5750009&fecha=24/02/2025,2025-02-24,Sí,Unidad adscrita identificada en el régimen de suplencias del RI,,,,,2026-09-25,Relación cargada con base en el artículo 50; la v0.4 deberá contrastar artículo 4/manual de organización para cerrar exhaustividad.,,,,,Federal,Federal,,,Vigente,,Verificado / cobertura amplia,Hacienda y economía,0,0,0,0,1,0,1
shcp-ucacp,Unidad de Control Administrativo y Contrataciones Públicas,Control Adm. y Contrataciones,Poder Ejecutivo,Unidad,shcp-subeg,Subsecretaría de Egresos,5,RI SHCP art. 50,RI_SHCP_2025,Decreto de reforma al Reglamento Interior de la Secretaría de Hacienda y Crédito Público,https://www.dof.gob.mx/nota_detalle.php?codigo=5750009&fecha=24/02/2025,2025-02-24,Sí,Unidad adscrita identificada en el régimen de suplencias del RI,,,,,2026-09-25,Relación cargada con base en el artículo 50; la v0.4 deberá contrastar artículo 4/manual de organización para cerrar exhaustividad.,,,,,Federal,Federal,,,Vigente,,Verificado / cobertura amplia,Hacienda y economía,0,0,0,0,1,0,1
shcp-upe,Unidad de Proyectos Especiales,Proyectos Especiales,Poder Ejecutivo,Unidad,shcp-subeg,Subsecretaría de Egresos,5,RI SHCP art. 50,RI_SHCP_2025,Decreto de reforma al Reglamento Interior de la Secretaría de Hacienda y Crédito Público,https://www.dof.gob.mx/nota_detalle.php?codigo=5750009&fecha=24/02/2025,2025-02-24,Sí,Unidad adscrita identificada en el régimen de suplencias del RI,,,,,2026-09-25,Relación cargada con base en el artículo 50; la v0.4 deberá contrastar artículo 4/manual de organización para cerrar exhaustividad.,,,,,Federal,Federal,,,Vigente,,Verificado / cobertura amplia,Hacienda y economía,0,0,0,0,1,0,1
shcp-spffa,Subprocuraduría Fiscal Federal de Amparos,Subproc. Amparos,Poder Ejecutivo,Subprocuraduría,shcp-pff,Procuraduría Fiscal de la Federación,5,RI SHCP art. 50,RI_SHCP_2025,Decreto de reforma al Reglamento Interior de la Secretaría de Hacienda y Crédito Público,https://www.dof.gob.mx/nota_detalle.php?codigo=5750009&fecha=24/02/2025,2025-02-24,Sí,Unidad adscrita identificada en el régimen de suplencias del RI,,,,,2026-09-25,Relación cargada con base en el artículo 50; la v0.4 deberá contrastar artículo 4/manual de organización para cerrar exhaustividad.,,,,,Federal,Federal,,,Vigente,,Verificado / cobertura amplia,Hacienda y economía,0,0,0,0,1,0,1
shcp-spfflc,Subprocuraduría Fiscal Federal de Legislación y Consulta,Subproc. Legislación,Poder Ejecutivo,Subprocuraduría,shcp-pff,Procuraduría Fiscal de la Federación,5,RI SHCP art. 50,RI_SHCP_2025,Decreto de reforma al Reglamento Interior de la Secretaría de Hacienda y Crédito Público,https://www.dof.gob.mx/nota_detalle.php?codigo=5750009&fecha=24/02/2025,2025-02-24,Sí,Unidad adscrita identificada en el régimen de suplencias del RI,,,,,2026-09-25,Relación cargada con base en el artículo 50; la v0.4 deberá contrastar artículo 4/manual de organización para cerrar exhaustividad.,,,,,Federal,Federal,,,Vigente,,Verificado / cobertura amplia,Hacienda y economía,0,0,0,0,1,0,1
shcp-spffaf,Subprocuraduría Fiscal Federal de Asuntos Financieros,Subproc. Asuntos Financieros,Poder Ejecutivo,Subprocuraduría,shcp-pff,Procuraduría Fiscal de la Federación,5,RI SHCP art. 50,RI_SHCP_2025,Decreto de reforma al Reglamento Interior de la Secretaría de Hacienda y Crédito Público,https://www.dof.gob.mx/nota_detalle.php?codigo=5750009&fecha=24/02/2025,2025-02-24,Sí,Unidad adscrita identificada en el régimen de suplencias del RI,,,,,2026-09-25,Relación cargada con base en el artículo 50; la v0.4 deberá contrastar artículo 4/manual de organización para cerrar exhaustividad.,,,,,Federal,Federal,,,Vigente,,Verificado / cobertura amplia,Hacienda y economía,0,0,0,0,1,0,1
shcp-spffi,Subprocuraduría Fiscal Federal de Investigaciones,Subproc. Investigaciones,Poder Ejecutivo,Subprocuraduría,shcp-pff,Procuraduría Fiscal de la Federación,5,RI SHCP art. 50,RI_SHCP_2025,Decreto de reforma al Reglamento Interior de la Secretaría de Hacienda y Crédito Público,https://www.dof.gob.mx/nota_detalle.php?codigo=5750009&fecha=24/02/2025,2025-02-24,Sí,Unidad adscrita identificada en el régimen de suplencias del RI,,,,,2026-09-25,Relación cargada con base en el artículo 50; la v0.4 deberá contrastar artículo 4/manual de organización para cerrar exhaustividad.,,,,,Federal,Federal,,,Vigente,,Verificado / cobertura amplia,Hacienda y economía,0,0,0,0,1,0,1
shcp-uaf-dgrf,Dirección General de Recursos Financieros,DG Recursos Financieros,Poder Ejecutivo,Dirección General,shcp-uaf,Unidad de Administración y Finanzas,5,RI SHCP art. 50,RI_SHCP_2025,Decreto de reforma al Reglamento Interior de la Secretaría de Hacienda y Crédito Público,https://www.dof.gob.mx/nota_detalle.php?codigo=5750009&fecha=24/02/2025,2025-02-24,Sí,Unidad adscrita identificada en el régimen de suplencias del RI,,,,,2026-09-25,Relación cargada con base en el artículo 50; la v0.4 deberá contrastar artículo 4/manual de organización para cerrar exhaustividad.,,,,,Federal,Federal,,,Vigente,,Verificado / cobertura amplia,Hacienda y economía,0,0,0,0,1,0,1
shcp-uaf-dgrh,Dirección General de Recursos Humanos,DG Recursos Humanos,Poder Ejecutivo,Dirección General,shcp-uaf,Unidad de Administración y Finanzas,5,RI SHCP art. 50,RI_SHCP_2025,Decreto de reforma al Reglamento Interior de la Secretaría de Hacienda y Crédito Público,https://www.dof.gob.mx/nota_detalle.php?codigo=5750009&fecha=24/02/2025,2025-02-24,Sí,Unidad adscrita identificada en el régimen de suplencias del RI,,,,,2026-09-25,Relación cargada con base en el artículo 50; la v0.4 deberá contrastar artículo 4/manual de organización para cerrar exhaustividad.,,,,,Federal,Federal,,,Vigente,,Verificado / cobertura amplia,Hacienda y economía,0,0,0,0,1,0,1
shcp-uaf-dgrmosg,"Dirección General de Recursos Materiales, Obra Pública y Servicios Generales",DG Recursos Materiales,Poder Ejecutivo,Dirección General,shcp-uaf,Unidad de Administración y Finanzas,5,RI SHCP art. 50,RI_SHCP_2025,Decreto de reforma al Reglamento Interior de la Secretaría de Hacienda y Crédito Público,https://www.dof.gob.mx/nota_detalle.php?codigo=5750009&fecha=24/02/2025,2025-02-24,Sí,Unidad adscrita identificada en el régimen de suplencias del RI,,,,,2026-09-25,Relación cargada con base en el artículo 50; la v0.4 deberá contrastar artículo 4/manual de organización para cerrar exhaustividad.,,,,,Federal,Federal,,,Vigente,,Verificado / cobertura amplia,Hacienda y economía,0,0,0,0,1,0,1
shcp-uaf-dgtiev,Dirección General de Talleres de Impresión de Estampillas y Valores,DG Talleres Impresión,Poder Ejecutivo,Dirección General,shcp-uaf,Unidad de Administración y Finanzas,5,RI SHCP art. 50,RI_SHCP_2025,Decreto de reforma al Reglamento Interior de la Secretaría de Hacienda y Crédito Público,https://www.dof.gob.mx/nota_detalle.php?codigo=5750009&fecha=24/02/2025,2025-02-24,Sí,Unidad adscrita identificada en el régimen de suplencias del RI,,,,,2026-09-25,Relación cargada con base en el artículo 50; la v0.4 deberá contrastar artículo 4/manual de organización para cerrar exhaustividad.,,,,,Federal,Federal,,,Vigente,,Verificado / cobertura amplia,Hacienda y economía,0,0,0,0,1,0,1
shcp-uaf-dgtsi,Dirección General de Tecnologías y Seguridad de la Información,DG Tecnologías,Poder Ejecutivo,Dirección General,shcp-uaf,Unidad de Administración y Finanzas,5,RI SHCP art. 50,RI_SHCP_2025,Decreto de reforma al Reglamento Interior de la Secretaría de Hacienda y Crédito Público,https://www.dof.gob.mx/nota_detalle.php?codigo=5750009&fecha=24/02/2025,2025-02-24,Sí,Unidad adscrita identificada en el régimen de suplencias del RI,,,,,2026-09-25,Relación cargada con base en el artículo 50; la v0.4 deberá contrastar artículo 4/manual de organización para cerrar exhaustividad.,,,,,Federal,Federal,,,Vigente,,Verificado / cobertura amplia,Hacienda y economía,0,0,0,0,1,0,1
shcp-uaf-cpn,Conservaduría de Palacio Nacional y Patrimonio Cultural,Conservaduría Palacio Nacional,Poder Ejecutivo,Conservaduría,shcp-uaf,Unidad de Administración y Finanzas,5,RI SHCP art. 50,RI_SHCP_2025,Decreto de reforma al Reglamento Interior de la Secretaría de Hacienda y Crédito Público,https://www.dof.gob.mx/nota_detalle.php?codigo=5750009&fecha=24/02/2025,2025-02-24,Sí,Unidad adscrita identificada en el régimen de suplencias del RI,,,,,2026-09-25,Relación cargada con base en el artículo 50; la v0.4 deberá contrastar artículo 4/manual de organización para cerrar exhaustividad.,,,,,Federal,Federal,,,Vigente,,Verificado / cobertura amplia,Hacienda y economía,0,0,0,0,1,0,1
shcp-teso-subop,Subtesorería de Operación,Subtes. Operación,Poder Ejecutivo,Subtesorería,shcp-tesofe,Tesorería de la Federación,5,RI SHCP art. 50,RI_SHCP_2025,Decreto de reforma al Reglamento Interior de la Secretaría de Hacienda y Crédito Público,https://www.dof.gob.mx/nota_detalle.php?codigo=5750009&fecha=24/02/2025,2025-02-24,Sí,Unidad adscrita identificada en el régimen de suplencias del RI,,,,,2026-09-25,Relación cargada con base en el artículo 50; la v0.4 deberá contrastar artículo 4/manual de organización para cerrar exhaustividad.,,,,,Federal,Federal,,,Vigente,,Verificado / cobertura amplia,Hacienda y economía,0,0,0,0,1,0,1
shcp-teso-subpf,Subtesorería de Planeación Financiera y Administración de la Liquidez,Subtes. Planeación Financiera,Poder Ejecutivo,Subtesorería,shcp-tesofe,Tesorería de la Federación,5,RI SHCP art. 50,RI_SHCP_2025,Decreto de reforma al Reglamento Interior de la Secretaría de Hacienda y Crédito Público,https://www.dof.gob.mx/nota_detalle.php?codigo=5750009&fecha=24/02/2025,2025-02-24,Sí,Unidad adscrita identificada en el régimen de suplencias del RI,,,,,2026-09-25,Relación cargada con base en el artículo 50; la v0.4 deberá contrastar artículo 4/manual de organización para cerrar exhaustividad.,,,,,Federal,Federal,,,Vigente,,Verificado / cobertura amplia,Hacienda y economía,0,0,0,0,1,0,1
shcp-teso-dgaj,Dirección General de Asuntos Jurídicos,DG Asuntos Jurídicos,Poder Ejecutivo,Dirección General,shcp-tesofe,Tesorería de la Federación,5,RI SHCP art. 50,RI_SHCP_2025,Decreto de reforma al Reglamento Interior de la Secretaría de Hacienda y Crédito Público,https://www.dof.gob.mx/nota_detalle.php?codigo=5750009&fecha=24/02/2025,2025-02-24,Sí,Unidad adscrita identificada en el régimen de suplencias del RI,,,,,2026-09-25,Relación cargada con base en el artículo 50; la v0.4 deberá contrastar artículo 4/manual de organización para cerrar exhaustividad.,,,,,Federal,Federal,,,Vigente,,Verificado / cobertura amplia,Hacienda y economía,0,0,0,0,1,0,1
shcp-teso-cvft,Coordinación de Vigilancia de las Funciones de Tesorería,Vigilancia Tesorería,Poder Ejecutivo,Coordinación,shcp-tesofe,Tesorería de la Federación,5,RI SHCP art. 50,RI_SHCP_2025,Decreto de reforma al Reglamento Interior de la Secretaría de Hacienda y Crédito Público,https://www.dof.gob.mx/nota_detalle.php?codigo=5750009&fecha=24/02/2025,2025-02-24,Sí,Unidad adscrita identificada en el régimen de suplencias del RI,,,,,2026-09-25,Relación cargada con base en el artículo 50; la v0.4 deberá contrastar artículo 4/manual de organización para cerrar exhaustividad.,,,,,Federal,Federal,,,Vigente,,Verificado / cobertura amplia,Hacienda y economía,0,0,0,0,1,0,1
shcp-teso-cpv,Coordinación de Planeación y Vinculación,Planeación y Vinculación,Poder Ejecutivo,Coordinación,shcp-tesofe,Tesorería de la Federación,5,RI SHCP art. 50,RI_SHCP_2025,Decreto de reforma al Reglamento Interior de la Secretaría de Hacienda y Crédito Público,https://www.dof.gob.mx/nota_detalle.php?codigo=5750009&fecha=24/02/2025,2025-02-24,Sí,Unidad adscrita identificada en el régimen de suplencias del RI,,,,,2026-09-25,Relación cargada con base en el artículo 50; la v0.4 deberá contrastar artículo 4/manual de organización para cerrar exhaustividad.,,,,,Federal,Federal,,,Vigente,,Verificado / cobertura amplia,Hacienda y economía,0,0,0,0,1,0,1
shcp-uif-dgani,Dirección General de Asuntos Normativos e Internacionales,DG Asuntos Normativos,Poder Ejecutivo,Dirección General,shcp-uif,Unidad de Inteligencia Financiera,5,RI SHCP art. 50,RI_SHCP_2025,Decreto de reforma al Reglamento Interior de la Secretaría de Hacienda y Crédito Público,https://www.dof.gob.mx/nota_detalle.php?codigo=5750009&fecha=24/02/2025,2025-02-24,Sí,Unidad adscrita identificada en el régimen de suplencias del RI,,,,,2026-09-25,Relación cargada con base en el artículo 50; la v0.4 deberá contrastar artículo 4/manual de organización para cerrar exhaustividad.,,,,,Federal,Federal,,,Vigente,,Verificado / cobertura amplia,Hacienda y economía,0,0,0,0,1,0,1
shcp-uif-dgpl,Dirección General de Procesos Legales,DG Procesos Legales,Poder Ejecutivo,Dirección General,shcp-uif,Unidad de Inteligencia Financiera,5,RI SHCP art. 50,RI_SHCP_2025,Decreto de reforma al Reglamento Interior de la Secretaría de Hacienda y Crédito Público,https://www.dof.gob.mx/nota_detalle.php?codigo=5750009&fecha=24/02/2025,2025-02-24,Sí,Unidad adscrita identificada en el régimen de suplencias del RI,,,,,2026-09-25,Relación cargada con base en el artículo 50; la v0.4 deberá contrastar artículo 4/manual de organización para cerrar exhaustividad.,,,,,Federal,Federal,,,Vigente,,Verificado / cobertura amplia,Hacienda y economía,0,0,0,0,1,0,1
shcp-uif-dgc,Dirección General de lo Contencioso,DG Contencioso,Poder Ejecutivo,Dirección General,shcp-uif,Unidad de Inteligencia Financiera,5,RI SHCP art. 50,RI_SHCP_2025,Decreto de reforma al Reglamento Interior de la Secretaría de Hacienda y Crédito Público,https://www.dof.gob.mx/nota_detalle.php?codigo=5750009&fecha=24/02/2025,2025-02-24,Sí,Unidad adscrita identificada en el régimen de suplencias del RI,,,,,2026-09-25,Relación cargada con base en el artículo 50; la v0.4 deberá contrastar artículo 4/manual de organización para cerrar exhaustividad.,,,,,Federal,Federal,,,Vigente,,Verificado / cobertura amplia,Hacienda y economía,0,0,0,0,1,0,1
shcp-uif-dglpb,Dirección General de Integración de la Lista de Personas Bloqueadas y Procedimientos de Garantías de Audiencia,DG Lista Personas Bloqueadas,Poder Ejecutivo,Dirección General,shcp-uif,Unidad de Inteligencia Financiera,5,RI SHCP art. 50,RI_SHCP_2025,Decreto de reforma al Reglamento Interior de la Secretaría de Hacienda y Crédito Público,https://www.dof.gob.mx/nota_detalle.php?codigo=5750009&fecha=24/02/2025,2025-02-24,Sí,Unidad adscrita identificada en el régimen de suplencias del RI,,,,,2026-09-25,Relación cargada con base en el artículo 50; la v0.4 deberá contrastar artículo 4/manual de organización para cerrar exhaustividad.,,,,,Federal,Federal,,,Vigente,,Verificado / cobertura amplia,Hacienda y economía,0,0,0,0,1,0,1
shcp-uif-dga,Dirección General de Análisis,DG Análisis,Poder Ejecutivo,Dirección General,shcp-uif,Unidad de Inteligencia Financiera,5,RI SHCP art. 50,RI_SHCP_2025,Decreto de reforma al Reglamento Interior de la Secretaría de Hacienda y Crédito Público,https://www.dof.gob.mx/nota_detalle.php?codigo=5750009&fecha=24/02/2025,2025-02-24,Sí,Unidad adscrita identificada en el régimen de suplencias del RI,,,,,2026-09-25,Relación cargada con base en el artículo 50; la v0.4 deberá contrastar artículo 4/manual de organización para cerrar exhaustividad.,,,,,Federal,Federal,,,Vigente,,Verificado / cobertura amplia,Hacienda y economía,0,0,0,0,1,0,1
shcp-uif-dgie,Dirección General de Información Estratégica,DG Información Estratégica,Poder Ejecutivo,Dirección General,shcp-uif,Unidad de Inteligencia Financiera,5,RI SHCP art. 50,RI_SHCP_2025,Decreto de reforma al Reglamento Interior de la Secretaría de Hacienda y Crédito Público,https://www.dof.gob.mx/nota_detalle.php?codigo=5750009&fecha=24/02/2025,2025-02-24,Sí,Unidad adscrita identificada en el régimen de suplencias del RI,,,,,2026-09-25,Relación cargada con base en el artículo 50; la v0.4 deberá contrastar artículo 4/manual de organización para cerrar exhaustividad.,,,,,Federal,Federal,,,Vigente,,Verificado / cobertura amplia,Hacienda y economía,0,0,0,0,1,0,1
sabg-subbg,Subsecretaría de Buen Gobierno,Subsec. Buen Gobierno,Poder Ejecutivo,Subsecretaría,sec-12,Secretaría Anticorrupción y Buen Gobierno,4,RI SABG art. 2 A,RI_SABG_2024_2025,Reforma al Reglamento Interior de la Secretaría Anticorrupción y Buen Gobierno,https://dof.gob.mx/nota_detalle.php?codigo=5752650&fecha=21/03/2025,2025-03-21,Sí,Estructura básica central verificada,,,,,2026-09-25,,,,,,Federal,Federal,,,Vigente,,Verificado / cobertura amplia,Integridad y gestión pública,6,6,0,0,1,1,7
sabg-subac,Subsecretaría Anticorrupción,Subsec. Anticorrupción,Poder Ejecutivo,Subsecretaría,sec-12,Secretaría Anticorrupción y Buen Gobierno,4,RI SABG art. 2 A,RI_SABG_2024_2025,Reforma al Reglamento Interior de la Secretaría Anticorrupción y Buen Gobierno,https://dof.gob.mx/nota_detalle.php?codigo=5752650&fecha=21/03/2025,2025-03-21,Sí,Estructura básica central verificada,,,,,2026-09-25,,,,,,Federal,Federal,,,Vigente,,Verificado / cobertura amplia,Integridad y gestión pública,3,3,0,0,1,1,4
sabg-uci,Unidad de Combate a la Impunidad,Combate a la Impunidad,Poder Ejecutivo,Unidad,sec-12,Secretaría Anticorrupción y Buen Gobierno,4,RI SABG art. 2 A,RI_SABG_2024_2025,Reforma al Reglamento Interior de la Secretaría Anticorrupción y Buen Gobierno,https://dof.gob.mx/nota_detalle.php?codigo=5752650&fecha=21/03/2025,2025-03-21,Sí,Estructura básica central verificada,,,,,2026-09-25,,,,,,Federal,Federal,,,Vigente,,Verificado / cobertura amplia,Integridad y gestión pública,0,0,0,0,1,0,1
sabg-uaj,Unidad de Asuntos Jurídicos,Asuntos Jurídicos,Poder Ejecutivo,Unidad,sec-12,Secretaría Anticorrupción y Buen Gobierno,4,RI SABG art. 2 A,RI_SABG_2024_2025,Reforma al Reglamento Interior de la Secretaría Anticorrupción y Buen Gobierno,https://dof.gob.mx/nota_detalle.php?codigo=5752650&fecha=21/03/2025,2025-03-21,Sí,Estructura básica central verificada,,,,,2026-09-25,,,,,,Federal,Federal,,,Vigente,,Verificado / cobertura amplia,Integridad y gestión pública,0,0,0,0,1,0,1
sabg-uta,Unidad Técnica de Apoyo,Unidad Técnica,Poder Ejecutivo,Unidad,sec-12,Secretaría Anticorrupción y Buen Gobierno,4,RI SABG art. 2 A,RI_SABG_2024_2025,Reforma al Reglamento Interior de la Secretaría Anticorrupción y Buen Gobierno,https://dof.gob.mx/nota_detalle.php?codigo=5752650&fecha=21/03/2025,2025-03-21,Sí,Estructura básica central verificada,,,,,2026-09-25,,,,,,Federal,Federal,,,Vigente,,Verificado / cobertura amplia,Integridad y gestión pública,0,0,0,0,1,0,1
sabg-uaf,Unidad de Administración y Finanzas,UAF,Poder Ejecutivo,Unidad,sec-12,Secretaría Anticorrupción y Buen Gobierno,4,RI SABG art. 2 A,RI_SABG_2024_2025,Reforma al Reglamento Interior de la Secretaría Anticorrupción y Buen Gobierno,https://dof.gob.mx/nota_detalle.php?codigo=5752650&fecha=21/03/2025,2025-03-21,Sí,Estructura básica central verificada,,,,,2026-09-25,,,,,,Federal,Federal,,,Vigente,,Verificado / cobertura amplia,Integridad y gestión pública,0,0,0,0,1,0,1
sabg-dgt,Dirección General de Transparencia,DG Transparencia,Poder Ejecutivo,Dirección General,sec-12,Secretaría Anticorrupción y Buen Gobierno,4,RI SABG art. 2 A,RI_SABG_2024_2025,Reforma al Reglamento Interior de la Secretaría Anticorrupción y Buen Gobierno,https://dof.gob.mx/nota_detalle.php?codigo=5752650&fecha=21/03/2025,2025-03-21,Sí,Estructura básica central verificada,,,,,2026-09-25,,,,,,Federal,Federal,,,Vigente,,Verificado / cobertura amplia,Integridad y gestión pública,0,0,0,0,1,0,1
sabg-upsp,Unidad de Políticas para el Servicio Público,Políticas Servicio Público,Poder Ejecutivo,Unidad,sabg-subbg,Subsecretaría de Buen Gobierno,5,RI SABG art. 2; reforma 21/03/2025,RI_SABG_2024_2025,Reforma al Reglamento Interior de la Secretaría Anticorrupción y Buen Gobierno,https://dof.gob.mx/nota_detalle.php?codigo=5752650&fecha=21/03/2025,2025-03-21,Sí,Unidad inmediata verificada,,,,,2026-09-25,,,,,,Federal,Federal,,,Vigente,,Verificado / cobertura amplia,Integridad y gestión pública,0,0,0,0,1,0,1
sabg-cgbg,Coordinación General de Buen Gobierno,Coord. Buen Gobierno,Poder Ejecutivo,Coordinación General,sabg-subbg,Subsecretaría de Buen Gobierno,5,RI SABG art. 2; reforma 21/03/2025,RI_SABG_2024_2025,Reforma al Reglamento Interior de la Secretaría Anticorrupción y Buen Gobierno,https://dof.gob.mx/nota_detalle.php?codigo=5752650&fecha=21/03/2025,2025-03-21,Sí,Unidad inmediata verificada,,,,,2026-09-25,,,,,,Federal,Federal,,,Vigente,,Verificado / cobertura amplia,Integridad y gestión pública,0,0,0,0,1,0,1
sabg-ucp,Unidad de Contrataciones Públicas,Contrataciones Públicas,Poder Ejecutivo,Unidad,sabg-subbg,Subsecretaría de Buen Gobierno,5,RI SABG art. 2; reforma 21/03/2025,RI_SABG_2024_2025,Reforma al Reglamento Interior de la Secretaría Anticorrupción y Buen Gobierno,https://dof.gob.mx/nota_detalle.php?codigo=5752650&fecha=21/03/2025,2025-03-21,Sí,Unidad inmediata verificada,,,,,2026-09-25,,,,,,Federal,Federal,,,Vigente,,Verificado / cobertura amplia,Integridad y gestión pública,0,0,0,0,1,0,1
sabg-upsrrc,Unidad de Participación Social y Responsabilidad Compartida,Participación Social,Poder Ejecutivo,Unidad,sabg-subbg,Subsecretaría de Buen Gobierno,5,RI SABG art. 2; reforma 21/03/2025,RI_SABG_2024_2025,Reforma al Reglamento Interior de la Secretaría Anticorrupción y Buen Gobierno,https://dof.gob.mx/nota_detalle.php?codigo=5752650&fecha=21/03/2025,2025-03-21,Sí,Unidad inmediata verificada,,,,,2026-09-25,,,,,,Federal,Federal,,,Vigente,,Verificado / cobertura amplia,Integridad y gestión pública,0,0,0,0,1,0,1
sabg-uigp,Unidad de Innovación de la Gestión Pública,Innovación Gestión Pública,Poder Ejecutivo,Unidad,sabg-subbg,Subsecretaría de Buen Gobierno,5,RI SABG art. 2; reforma 21/03/2025,RI_SABG_2024_2025,Reforma al Reglamento Interior de la Secretaría Anticorrupción y Buen Gobierno,https://dof.gob.mx/nota_detalle.php?codigo=5752650&fecha=21/03/2025,2025-03-21,Sí,Unidad inmediata verificada,,,,,2026-09-25,,,,,,Federal,Federal,,,Vigente,,Verificado / cobertura amplia,Integridad y gestión pública,0,0,0,0,1,0,1
sabg-updp,Unidad de Protección de Datos Personales,Protección Datos,Poder Ejecutivo,Unidad,sabg-subbg,Subsecretaría de Buen Gobierno,5,RI SABG art. 2; reforma 21/03/2025,RI_SABG_2024_2025,Reforma al Reglamento Interior de la Secretaría Anticorrupción y Buen Gobierno,https://dof.gob.mx/nota_detalle.php?codigo=5752650&fecha=21/03/2025,2025-03-21,Sí,Unidad inmediata verificada,,,,,2026-09-25,,,,,,Federal,Federal,,,Vigente,,Verificado / cobertura amplia,Integridad y gestión pública,0,0,0,0,1,0,1
sabg-uplan,Unidad de Planeación,Planeación,Poder Ejecutivo,Unidad,sabg-subac,Subsecretaría Anticorrupción,5,RI SABG art. 2; reforma 21/03/2025,RI_SABG_2024_2025,Reforma al Reglamento Interior de la Secretaría Anticorrupción y Buen Gobierno,https://dof.gob.mx/nota_detalle.php?codigo=5752650&fecha=21/03/2025,2025-03-21,Sí,Unidad inmediata verificada,,,,,2026-09-25,,,,,,Federal,Federal,,,Vigente,,Verificado / cobertura amplia,Integridad y gestión pública,0,0,0,0,1,0,1
sabg-cgoic,Coordinación General de Órganos Internos de Control,Coord. OIC,Poder Ejecutivo,Coordinación General,sabg-subac,Subsecretaría Anticorrupción,5,RI SABG art. 2; reforma 21/03/2025,RI_SABG_2024_2025,Reforma al Reglamento Interior de la Secretaría Anticorrupción y Buen Gobierno,https://dof.gob.mx/nota_detalle.php?codigo=5752650&fecha=21/03/2025,2025-03-21,Sí,Unidad inmediata verificada,,,,,2026-09-25,,,,,,Federal,Federal,,,Vigente,,Verificado / cobertura amplia,Integridad y gestión pública,0,0,0,0,1,0,1
sabg-uacg,Unidad de Auditoría y Control Gubernamental,Auditoría y Control,Poder Ejecutivo,Unidad,sabg-subac,Subsecretaría Anticorrupción,5,RI SABG art. 2; reforma 21/03/2025,RI_SABG_2024_2025,Reforma al Reglamento Interior de la Secretaría Anticorrupción y Buen Gobierno,https://dof.gob.mx/nota_detalle.php?codigo=5752650&fecha=21/03/2025,2025-03-21,Sí,Unidad inmediata verificada,,,,,2026-09-25,,,,,,Federal,Federal,,,Vigente,,Verificado / cobertura amplia,Integridad y gestión pública,0,0,0,0,1,0,1
sabg-tpp,Transparencia para el Pueblo,Transparencia para el Pueblo,Poder Ejecutivo,Órgano administrativo desconcentrado,sec-12,Secretaría Anticorrupción y Buen Gobierno,4,"RI SABG, Cap. VI-B; reforma 21/03/2025",RI_SABG_2024_2025,Reforma al Reglamento Interior de la Secretaría Anticorrupción y Buen Gobierno,https://dof.gob.mx/nota_detalle.php?codigo=5752650&fecha=21/03/2025,2025-03-21,Sí,Órgano administrativo desconcentrado verificado,,,,,2026-09-25,,,,,,Federal,Federal,,,Vigente,,Verificado / cobertura amplia,Integridad y gestión pública,0,0,0,0,1,0,1
sep-jof,Jefatura de Oficina de la Secretaría,Jefatura de Oficina,Poder Ejecutivo,Jefatura de Oficina,sec-13,Secretaría de Educación Pública,4,RI SEP arts. 2 y 53 (reforma 03/10/2025),RI_SEP_2025,Reforma al Reglamento Interior de la Secretaría de Educación Pública,https://www.dof.gob.mx/nota_detalle.php?codigo=5769097&fecha=03/10/2025,2025-10-03,Sí,Nivel superior verificado; desagregación pendiente,,,,,2026-09-25,,,,,,Federal,Federal,,,Vigente,,Verificado / cobertura parcial,"Educación, ciencia y cultura",0,0,0,0,1,0,1
sep-uajr,Unidad de Asuntos Jurídicos y Regulación,Asuntos Jurídicos y Regulación,Poder Ejecutivo,Unidad,sec-13,Secretaría de Educación Pública,4,RI SEP arts. 2 y 53 (reforma 03/10/2025),RI_SEP_2025,Reforma al Reglamento Interior de la Secretaría de Educación Pública,https://www.dof.gob.mx/nota_detalle.php?codigo=5769097&fecha=03/10/2025,2025-10-03,Sí,Nivel superior verificado; desagregación pendiente,,,,,2026-09-25,,,,,,Federal,Federal,,,Vigente,,Verificado / cobertura parcial,"Educación, ciencia y cultura",0,0,0,0,1,0,1
sep-unem,Unidad de la Nueva Escuela Mexicana,Nueva Escuela Mexicana,Poder Ejecutivo,Unidad,sec-13,Secretaría de Educación Pública,4,RI SEP arts. 2 y 53 (reforma 03/10/2025),RI_SEP_2025,Reforma al Reglamento Interior de la Secretaría de Educación Pública,https://www.dof.gob.mx/nota_detalle.php?codigo=5769097&fecha=03/10/2025,2025-10-03,Sí,Nivel superior verificado; desagregación pendiente,,,,,2026-09-25,,,,,,Federal,Federal,,,Vigente,,Verificado / cobertura parcial,"Educación, ciencia y cultura",0,0,0,0,1,0,1
sep-uaf,Unidad de Administración y Finanzas,UAF,Poder Ejecutivo,Unidad,sec-13,Secretaría de Educación Pública,4,RI SEP arts. 2 y 53 (reforma 03/10/2025),RI_SEP_2025,Reforma al Reglamento Interior de la Secretaría de Educación Pública,https://www.dof.gob.mx/nota_detalle.php?codigo=5769097&fecha=03/10/2025,2025-10-03,Sí,Nivel superior verificado; desagregación pendiente,,,,,2026-09-25,,,,,,Federal,Federal,,,Vigente,,Verificado / cobertura parcial,"Educación, ciencia y cultura",0,0,0,0,1,0,1
sep-ses,Subsecretaría de Educación Superior,Educación Superior,Poder Ejecutivo,Subsecretaría,sec-13,Secretaría de Educación Pública,4,RI SEP arts. 2 y 53 (reforma 03/10/2025),RI_SEP_2025,Reforma al Reglamento Interior de la Secretaría de Educación Pública,https://www.dof.gob.mx/nota_detalle.php?codigo=5769097&fecha=03/10/2025,2025-10-03,Sí,Nivel superior verificado; desagregación pendiente,,,,,2026-09-25,,,,,,Federal,Federal,,,Vigente,,Verificado / cobertura parcial,"Educación, ciencia y cultura",0,0,0,0,1,0,1
sep-sems,Subsecretaría de Educación Media Superior,Educación Media Superior,Poder Ejecutivo,Subsecretaría,sec-13,Secretaría de Educación Pública,4,RI SEP arts. 2 y 53 (reforma 03/10/2025),RI_SEP_2025,Reforma al Reglamento Interior de la Secretaría de Educación Pública,https://www.dof.gob.mx/nota_detalle.php?codigo=5769097&fecha=03/10/2025,2025-10-03,Sí,Nivel superior verificado; desagregación pendiente,,,,,2026-09-25,,,,,,Federal,Federal,,,Vigente,,Verificado / cobertura parcial,"Educación, ciencia y cultura",0,0,0,0,1,0,1
sep-seb,Subsecretaría de Educación Básica,Educación Básica,Poder Ejecutivo,Subsecretaría,sec-13,Secretaría de Educación Pública,4,RI SEP arts. 2 y 53 (reforma 03/10/2025),RI_SEP_2025,Reforma al Reglamento Interior de la Secretaría de Educación Pública,https://www.dof.gob.mx/nota_detalle.php?codigo=5769097&fecha=03/10/2025,2025-10-03,Sí,Nivel superior verificado; desagregación pendiente,,,,,2026-09-25,,,,,,Federal,Federal,,,Vigente,,Verificado / cobertura parcial,"Educación, ciencia y cultura",0,0,0,0,1,0,1
sict-subinfra,Subsecretaría de Infraestructura,Subsec. Infraestructura,Poder Ejecutivo,Subsecretaría,sec-11,"Secretaría de Infraestructura, Comunicaciones y Transportes",4,RI SICT art. 3,RI_SICT_2026,"Reglamento Interior de la Secretaría de Infraestructura, Comunicaciones y Transportes",https://www.dof.gob.mx/abrirPDF.php?anio=2026&archivo=09062026-VES.pdf&repo=repositorio%2F,2026-06-09,Sí,Estructura superior parcial verificada,,,,,2026-09-25,,,,,,Federal,Federal,,,Vigente,,Verificado / cobertura parcial,Infraestructura y conectividad,6,6,0,0,1,1,7
sict-subct,Subsecretaría de Comunicaciones y Transportes,Subsec. Comunicaciones y Transportes,Poder Ejecutivo,Subsecretaría,sec-11,"Secretaría de Infraestructura, Comunicaciones y Transportes",4,RI SICT art. 3,RI_SICT_2026,"Reglamento Interior de la Secretaría de Infraestructura, Comunicaciones y Transportes",https://www.dof.gob.mx/abrirPDF.php?anio=2026&archivo=09062026-VES.pdf&repo=repositorio%2F,2026-06-09,Sí,Estructura superior parcial verificada,,,,,2026-09-25,,,,,,Federal,Federal,,,Vigente,,Verificado / cobertura parcial,Infraestructura y conectividad,2,2,0,0,1,1,3
sict-uvip,Unidad de Vinculación Institucional y Patrimonio,Vinculación y Patrimonio,Poder Ejecutivo,Unidad,sec-11,"Secretaría de Infraestructura, Comunicaciones y Transportes",4,RI SICT art. 3,RI_SICT_2026,"Reglamento Interior de la Secretaría de Infraestructura, Comunicaciones y Transportes",https://www.dof.gob.mx/abrirPDF.php?anio=2026&archivo=09062026-VES.pdf&repo=repositorio%2F,2026-06-09,Sí,Estructura superior parcial verificada,,,,,2026-09-25,,,,,,Federal,Federal,,,Vigente,,Verificado / cobertura parcial,Infraestructura y conectividad,2,2,0,0,1,1,3
sict-upiuep,Unidad de Proyectos de Infraestructura Urbana y Espacio Público,Infraestructura Urbana,Poder Ejecutivo,Unidad,sec-11,"Secretaría de Infraestructura, Comunicaciones y Transportes",4,RI SICT art. 3,RI_SICT_2026,"Reglamento Interior de la Secretaría de Infraestructura, Comunicaciones y Transportes",https://www.dof.gob.mx/abrirPDF.php?anio=2026&archivo=09062026-VES.pdf&repo=repositorio%2F,2026-06-09,Sí,Estructura superior parcial verificada,,,,,2026-09-25,,,,,,Federal,Federal,,,Vigente,,Verificado / cobertura parcial,Infraestructura y conectividad,2,2,0,0,1,1,3
sict-ccsict,Coordinación de Centros SICT,Centros SICT,Poder Ejecutivo,Coordinación,sec-11,"Secretaría de Infraestructura, Comunicaciones y Transportes",4,RI SICT art. 3,RI_SICT_2026,"Reglamento Interior de la Secretaría de Infraestructura, Comunicaciones y Transportes",https://www.dof.gob.mx/abrirPDF.php?anio=2026&archivo=09062026-VES.pdf&repo=repositorio%2F,2026-06-09,Sí,Estructura superior parcial verificada,,,,,2026-09-25,,,,,,Federal,Federal,,,Vigente,,Verificado / cobertura parcial,Infraestructura y conectividad,0,0,0,0,1,0,1
sict-dgc,Dirección General de Carreteras,DG Carreteras,Poder Ejecutivo,Dirección General,sict-subinfra,Subsecretaría de Infraestructura,5,RI SICT art. 3,RI_SICT_2026,"Reglamento Interior de la Secretaría de Infraestructura, Comunicaciones y Transportes",https://www.dof.gob.mx/abrirPDF.php?anio=2026&archivo=09062026-VES.pdf&repo=repositorio%2F,2026-06-09,Sí,Unidad adscrita verificada,,,,,2026-09-25,,,,,,Federal,Federal,,,Vigente,,Verificado / cobertura amplia,Infraestructura y conectividad,0,0,0,0,1,0,1
sict-dgcc,Dirección General de Conservación de Carreteras,DG Conservación Carreteras,Poder Ejecutivo,Dirección General,sict-subinfra,Subsecretaría de Infraestructura,5,RI SICT art. 3,RI_SICT_2026,"Reglamento Interior de la Secretaría de Infraestructura, Comunicaciones y Transportes",https://www.dof.gob.mx/abrirPDF.php?anio=2026&archivo=09062026-VES.pdf&repo=repositorio%2F,2026-06-09,Sí,Unidad adscrita verificada,,,,,2026-09-25,,,,,,Federal,Federal,,,Vigente,,Verificado / cobertura amplia,Infraestructura y conectividad,0,0,0,0,1,0,1
sict-dgdc,Dirección General de Desarrollo Carretero,DG Desarrollo Carretero,Poder Ejecutivo,Dirección General,sict-subinfra,Subsecretaría de Infraestructura,5,RI SICT art. 3,RI_SICT_2026,"Reglamento Interior de la Secretaría de Infraestructura, Comunicaciones y Transportes",https://www.dof.gob.mx/abrirPDF.php?anio=2026&archivo=09062026-VES.pdf&repo=repositorio%2F,2026-06-09,Sí,Unidad adscrita verificada,,,,,2026-09-25,,,,,,Federal,Federal,,,Vigente,,Verificado / cobertura amplia,Infraestructura y conectividad,0,0,0,0,1,0,1
sict-dgst,Dirección General de Servicios Técnicos,DG Servicios Técnicos,Poder Ejecutivo,Dirección General,sict-subinfra,Subsecretaría de Infraestructura,5,RI SICT art. 3,RI_SICT_2026,"Reglamento Interior de la Secretaría de Infraestructura, Comunicaciones y Transportes",https://www.dof.gob.mx/abrirPDF.php?anio=2026&archivo=09062026-VES.pdf&repo=repositorio%2F,2026-06-09,Sí,Unidad adscrita verificada,,,,,2026-09-25,,,,,,Federal,Federal,,,Vigente,,Verificado / cobertura amplia,Infraestructura y conectividad,0,0,0,0,1,0,1
sict-dgcra,Dirección General de Caminos Rurales y Alimentadores,DG Caminos Rurales,Poder Ejecutivo,Dirección General,sict-subinfra,Subsecretaría de Infraestructura,5,RI SICT art. 3,RI_SICT_2026,"Reglamento Interior de la Secretaría de Infraestructura, Comunicaciones y Transportes",https://www.dof.gob.mx/abrirPDF.php?anio=2026&archivo=09062026-VES.pdf&repo=repositorio%2F,2026-06-09,Sí,Unidad adscrita verificada,,,,,2026-09-25,,,,,,Federal,Federal,,,Vigente,,Verificado / cobertura amplia,Infraestructura y conectividad,0,0,0,0,1,0,1
sict-dgiecs,"Dirección General de Infraestructura Educativa, Cultural y de Salud",DG Infraestructura Educativa,Poder Ejecutivo,Dirección General,sict-subinfra,Subsecretaría de Infraestructura,5,RI SICT art. 3,RI_SICT_2026,"Reglamento Interior de la Secretaría de Infraestructura, Comunicaciones y Transportes",https://www.dof.gob.mx/abrirPDF.php?anio=2026&archivo=09062026-VES.pdf&repo=repositorio%2F,2026-06-09,Sí,Unidad adscrita verificada,,,,,2026-09-25,,,,,,Federal,Federal,,,Vigente,,Verificado / cobertura amplia,Infraestructura y conectividad,0,0,0,0,1,0,1
sict-dgaf,Dirección General de Autotransporte Federal,DG Autotransporte Federal,Poder Ejecutivo,Dirección General,sict-subct,Subsecretaría de Comunicaciones y Transportes,5,RI SICT art. 3,RI_SICT_2026,"Reglamento Interior de la Secretaría de Infraestructura, Comunicaciones y Transportes",https://www.dof.gob.mx/abrirPDF.php?anio=2026&archivo=09062026-VES.pdf&repo=repositorio%2F,2026-06-09,Sí,Unidad adscrita verificada,,,,,2026-09-25,,,,,,Federal,Federal,,,Vigente,,Verificado / cobertura amplia,Infraestructura y conectividad,0,0,0,0,1,0,1
sict-dgpmpt,Dirección General de Protección y Medicina Preventiva en el Transporte,DG Medicina Preventiva,Poder Ejecutivo,Dirección General,sict-subct,Subsecretaría de Comunicaciones y Transportes,5,RI SICT art. 3,RI_SICT_2026,"Reglamento Interior de la Secretaría de Infraestructura, Comunicaciones y Transportes",https://www.dof.gob.mx/abrirPDF.php?anio=2026&archivo=09062026-VES.pdf&repo=repositorio%2F,2026-06-09,Sí,Unidad adscrita verificada,,,,,2026-09-25,,,,,,Federal,Federal,,,Vigente,,Verificado / cobertura amplia,Infraestructura y conectividad,0,0,0,0,1,0,1
sict-dgvi,Dirección General de Vinculación Institucional,DG Vinculación Institucional,Poder Ejecutivo,Dirección General,sict-uvip,Unidad de Vinculación Institucional y Patrimonio,5,RI SICT art. 3,RI_SICT_2026,"Reglamento Interior de la Secretaría de Infraestructura, Comunicaciones y Transportes",https://www.dof.gob.mx/abrirPDF.php?anio=2026&archivo=09062026-VES.pdf&repo=repositorio%2F,2026-06-09,Sí,Unidad adscrita verificada,,,,,2026-09-25,,,,,,Federal,Federal,,,Vigente,,Verificado / cobertura amplia,Infraestructura y conectividad,0,0,0,0,1,0,1
sict-dgp,Dirección General de Patrimonio,DG Patrimonio,Poder Ejecutivo,Dirección General,sict-uvip,Unidad de Vinculación Institucional y Patrimonio,5,RI SICT art. 3,RI_SICT_2026,"Reglamento Interior de la Secretaría de Infraestructura, Comunicaciones y Transportes",https://www.dof.gob.mx/abrirPDF.php?anio=2026&archivo=09062026-VES.pdf&repo=repositorio%2F,2026-06-09,Sí,Unidad adscrita verificada,,,,,2026-09-25,,,,,,Federal,Federal,,,Vigente,,Verificado / cobertura amplia,Infraestructura y conectividad,0,0,0,0,1,0,1
sict-ded,Dirección Ejecutiva de Diseño,Dirección Ejecutiva Diseño,Poder Ejecutivo,Dirección Ejecutiva,sict-upiuep,Unidad de Proyectos de Infraestructura Urbana y Espacio Público,5,RI SICT art. 3,RI_SICT_2026,"Reglamento Interior de la Secretaría de Infraestructura, Comunicaciones y Transportes",https://www.dof.gob.mx/abrirPDF.php?anio=2026&archivo=09062026-VES.pdf&repo=repositorio%2F,2026-06-09,Sí,Unidad adscrita verificada,,,,,2026-09-25,,,,,,Federal,Federal,,,Vigente,,Verificado / cobertura amplia,Infraestructura y conectividad,0,0,0,0,1,0,1
sict-dea,Dirección Ejecutiva de Arquitectura,Dirección Ejecutiva Arquitectura,Poder Ejecutivo,Dirección Ejecutiva,sict-upiuep,Unidad de Proyectos de Infraestructura Urbana y Espacio Público,5,RI SICT art. 3,RI_SICT_2026,"Reglamento Interior de la Secretaría de Infraestructura, Comunicaciones y Transportes",https://www.dof.gob.mx/abrirPDF.php?anio=2026&archivo=09062026-VES.pdf&repo=repositorio%2F,2026-06-09,Sí,Unidad adscrita verificada,,,,,2026-09-25,,,,,,Federal,Federal,,,Vigente,,Verificado / cobertura amplia,Infraestructura y conectividad,0,0,0,0,1,0,1
sict-imt,Instituto Mexicano del Transporte,IMT,Poder Ejecutivo,Órgano administrativo desconcentrado,sec-11,"Secretaría de Infraestructura, Comunicaciones y Transportes",4,Clasificación vigente de órganos del ramo; RI SICT 2026,RI_SICT_2026,"Reglamento Interior de la Secretaría de Infraestructura, Comunicaciones y Transportes",https://www.dof.gob.mx/abrirPDF.php?anio=2026&archivo=09062026-VES.pdf&repo=repositorio%2F,2026-06-09,Sí,Órgano del ramo identificado; adscripción detallada pendiente de cierre metodológico,,,,,2026-09-25,La clasificación como órgano del ramo se contrastó con fuentes oficiales de 2026; se mantendrá bajo revisión al completar el artículo 3 integral.,,,,,Federal,Federal,,,Vigente,,Verificado / cobertura parcial,Infraestructura y conectividad,0,0,0,0,1,0,1
sict-seneam,Servicios a la Navegación en el Espacio Aéreo Mexicano,SENEAM,Poder Ejecutivo,Órgano administrativo desconcentrado,sec-11,"Secretaría de Infraestructura, Comunicaciones y Transportes",4,Clasificación vigente de órganos del ramo; RI SICT 2026,RI_SICT_2026,"Reglamento Interior de la Secretaría de Infraestructura, Comunicaciones y Transportes",https://www.dof.gob.mx/abrirPDF.php?anio=2026&archivo=09062026-VES.pdf&repo=repositorio%2F,2026-06-09,Sí,Órgano del ramo identificado; adscripción detallada pendiente de cierre metodológico,,,,,2026-09-25,La clasificación como órgano del ramo se contrastó con fuentes oficiales de 2026; se mantendrá bajo revisión al completar el artículo 3 integral.,,,,,Federal,Federal,,,Vigente,,Verificado / cobertura parcial,Infraestructura y conectividad,0,0,0,0,1,0,1
sict-artf,Agencia Reguladora del Transporte Ferroviario,ARTF,Poder Ejecutivo,Órgano administrativo desconcentrado,sec-11,"Secretaría de Infraestructura, Comunicaciones y Transportes",4,Clasificación vigente de órganos del ramo; RI SICT 2026,RI_SICT_2026,"Reglamento Interior de la Secretaría de Infraestructura, Comunicaciones y Transportes",https://www.dof.gob.mx/abrirPDF.php?anio=2026&archivo=09062026-VES.pdf&repo=repositorio%2F,2026-06-09,Sí,Órgano del ramo identificado; adscripción detallada pendiente de cierre metodológico,,,,,2026-09-25,La clasificación como órgano del ramo se contrastó con fuentes oficiales de 2026; se mantendrá bajo revisión al completar el artículo 3 integral.,,,,,Federal,Federal,,,Vigente,,Verificado / cobertura parcial,Infraestructura y conectividad,0,0,0,0,1,0,1
sict-afac,Agencia Federal de Aviación Civil,AFAC,Poder Ejecutivo,Órgano administrativo desconcentrado,sec-11,"Secretaría de Infraestructura, Comunicaciones y Transportes",4,Clasificación vigente de órganos del ramo; RI SICT 2026,RI_SICT_2026,"Reglamento Interior de la Secretaría de Infraestructura, Comunicaciones y Transportes",https://www.dof.gob.mx/abrirPDF.php?anio=2026&archivo=09062026-VES.pdf&repo=repositorio%2F,2026-06-09,Sí,Órgano del ramo identificado; adscripción detallada pendiente de cierre metodológico,,,,,2026-09-25,La clasificación como órgano del ramo se contrastó con fuentes oficiales de 2026; se mantendrá bajo revisión al completar el artículo 3 integral.,,,,,Federal,Federal,,,Vigente,,Verificado / cobertura parcial,Infraestructura y conectividad,0,0,0,0,1,0,1
sem-subbra,Subsecretaría de Biodiversidad y Restauración Ambiental,Biodiversidad y Restauración,Poder Ejecutivo,Subsecretaría,sec-7,Secretaría de Medio Ambiente y Recursos Naturales,4,RI SEMARNAT art. 3 A,RI_SEMARNAT_2025,Reglamento Interior de la Secretaría de Medio Ambiente y Recursos Naturales,https://www.dof.gob.mx/abrirPDF.php?anio=2025&archivo=14032025-MAT.pdf&repo=repositorio%2F,2025-03-14,Sí,Estructura básica verificada,,,,,2026-09-25,,,,,,Federal,Federal,,,Vigente,,Verificado / cobertura amplia,"Ambiente, energía y recursos",4,4,0,0,1,1,5
sem-subra,Subsecretaría de Regulación Ambiental,Regulación Ambiental,Poder Ejecutivo,Subsecretaría,sec-7,Secretaría de Medio Ambiente y Recursos Naturales,4,RI SEMARNAT art. 3 A,RI_SEMARNAT_2025,Reglamento Interior de la Secretaría de Medio Ambiente y Recursos Naturales,https://www.dof.gob.mx/abrirPDF.php?anio=2025&archivo=14032025-MAT.pdf&repo=repositorio%2F,2025-03-14,Sí,Estructura básica verificada,,,,,2026-09-25,,,,,,Federal,Federal,,,Vigente,,Verificado / cobertura amplia,"Ambiente, energía y recursos",4,4,0,0,1,1,5
sem-subdsec,Subsecretaría de Desarrollo Sostenible y Economía Circular,Desarrollo Sostenible,Poder Ejecutivo,Subsecretaría,sec-7,Secretaría de Medio Ambiente y Recursos Naturales,4,RI SEMARNAT art. 3 A,RI_SEMARNAT_2025,Reglamento Interior de la Secretaría de Medio Ambiente y Recursos Naturales,https://www.dof.gob.mx/abrirPDF.php?anio=2025&archivo=14032025-MAT.pdf&repo=repositorio%2F,2025-03-14,Sí,Estructura básica verificada,,,,,2026-09-25,,,,,,Federal,Federal,,,Vigente,,Verificado / cobertura amplia,"Ambiente, energía y recursos",4,4,0,0,1,1,5
sem-uaf,Unidad de Administración y Finanzas,UAF,Poder Ejecutivo,Unidad,sec-7,Secretaría de Medio Ambiente y Recursos Naturales,4,RI SEMARNAT art. 3 A,RI_SEMARNAT_2025,Reglamento Interior de la Secretaría de Medio Ambiente y Recursos Naturales,https://www.dof.gob.mx/abrirPDF.php?anio=2025&archivo=14032025-MAT.pdf&repo=repositorio%2F,2025-03-14,Sí,Estructura básica verificada,,,,,2026-09-25,,,,,,Federal,Federal,,,Vigente,,Verificado / cobertura amplia,"Ambiente, energía y recursos",4,4,0,0,1,1,5
sem-ucpp,"Unidad Coordinadora de Proyectos Prioritarios, Vinculación Social y Derechos Humanos",Proyectos Prioritarios,Poder Ejecutivo,Unidad Coordinadora,sec-7,Secretaría de Medio Ambiente y Recursos Naturales,4,RI SEMARNAT art. 3 A,RI_SEMARNAT_2025,Reglamento Interior de la Secretaría de Medio Ambiente y Recursos Naturales,https://www.dof.gob.mx/abrirPDF.php?anio=2025&archivo=14032025-MAT.pdf&repo=repositorio%2F,2025-03-14,Sí,Estructura básica verificada,,,,,2026-09-25,,,,,,Federal,Federal,,,Vigente,,Verificado / cobertura amplia,"Ambiente, energía y recursos",0,0,0,0,1,0,1
sem-ucai,Unidad Coordinadora de Asuntos Internacionales,Asuntos Internacionales,Poder Ejecutivo,Unidad Coordinadora,sec-7,Secretaría de Medio Ambiente y Recursos Naturales,4,RI SEMARNAT art. 3 A,RI_SEMARNAT_2025,Reglamento Interior de la Secretaría de Medio Ambiente y Recursos Naturales,https://www.dof.gob.mx/abrirPDF.php?anio=2025&archivo=14032025-MAT.pdf&repo=repositorio%2F,2025-03-14,Sí,Estructura básica verificada,,,,,2026-09-25,,,,,,Federal,Federal,,,Vigente,,Verificado / cobertura amplia,"Ambiente, energía y recursos",0,0,0,0,1,0,1
sem-ucaj,Unidad Coordinadora de Asuntos Jurídicos,Asuntos Jurídicos,Poder Ejecutivo,Unidad Coordinadora,sec-7,Secretaría de Medio Ambiente y Recursos Naturales,4,RI SEMARNAT art. 3 A,RI_SEMARNAT_2025,Reglamento Interior de la Secretaría de Medio Ambiente y Recursos Naturales,https://www.dof.gob.mx/abrirPDF.php?anio=2025&archivo=14032025-MAT.pdf&repo=repositorio%2F,2025-03-14,Sí,Estructura básica verificada,,,,,2026-09-25,,,,,,Federal,Federal,,,Vigente,,Verificado / cobertura amplia,"Ambiente, energía y recursos",3,3,0,0,1,1,4
sem-ucorgt,Unidad Coordinadora de Oficinas de Representación y Gestión Territorial,Representación y Gestión Territorial,Poder Ejecutivo,Unidad Coordinadora,sec-7,Secretaría de Medio Ambiente y Recursos Naturales,4,RI SEMARNAT art. 3 A,RI_SEMARNAT_2025,Reglamento Interior de la Secretaría de Medio Ambiente y Recursos Naturales,https://www.dof.gob.mx/abrirPDF.php?anio=2025&archivo=14032025-MAT.pdf&repo=repositorio%2F,2025-03-14,Sí,Estructura básica verificada,,,,,2026-09-25,,,,,,Federal,Federal,,,Vigente,,Verificado / cobertura amplia,"Ambiente, energía y recursos",1,1,0,0,1,1,2
sem-cgcs,Coordinación General de Comunicación Social,Comunicación Social,Poder Ejecutivo,Coordinación General,sec-7,Secretaría de Medio Ambiente y Recursos Naturales,4,RI SEMARNAT art. 3 A,RI_SEMARNAT_2025,Reglamento Interior de la Secretaría de Medio Ambiente y Recursos Naturales,https://www.dof.gob.mx/abrirPDF.php?anio=2025&archivo=14032025-MAT.pdf&repo=repositorio%2F,2025-03-14,Sí,Estructura básica verificada,,,,,2026-09-25,,,,,,Federal,Federal,,,Vigente,,Verificado / cobertura amplia,"Ambiente, energía y recursos",0,0,0,0,1,0,1
sem-dgpeea,"Dirección General de Planeación, Evaluación y Estadística Ambiental",Planeación Ambiental,Poder Ejecutivo,Dirección General,sec-7,Secretaría de Medio Ambiente y Recursos Naturales,4,RI SEMARNAT art. 3 A,RI_SEMARNAT_2025,Reglamento Interior de la Secretaría de Medio Ambiente y Recursos Naturales,https://www.dof.gob.mx/abrirPDF.php?anio=2025&archivo=14032025-MAT.pdf&repo=repositorio%2F,2025-03-14,Sí,Estructura básica verificada,,,,,2026-09-25,,,,,,Federal,Federal,,,Vigente,,Verificado / cobertura amplia,"Ambiente, energía y recursos",0,0,0,0,1,0,1
sem-cecadesu,Centro de Educación y Capacitación para el Desarrollo Sustentable,CECADESU,Poder Ejecutivo,Centro,sec-7,Secretaría de Medio Ambiente y Recursos Naturales,4,RI SEMARNAT art. 3 A,RI_SEMARNAT_2025,Reglamento Interior de la Secretaría de Medio Ambiente y Recursos Naturales,https://www.dof.gob.mx/abrirPDF.php?anio=2025&archivo=14032025-MAT.pdf&repo=repositorio%2F,2025-03-14,Sí,Estructura básica verificada,,,,,2026-09-25,,,,,,Federal,Federal,,,Vigente,,Verificado / cobertura amplia,"Ambiente, energía y recursos",0,0,0,0,1,0,1
sem-dgra,Dirección General de Restauración Ambiental,DG Restauración Ambiental,Poder Ejecutivo,Dirección General,sem-subbra,Subsecretaría de Biodiversidad y Restauración Ambiental,5,RI SEMARNAT art. 3 A,RI_SEMARNAT_2025,Reglamento Interior de la Secretaría de Medio Ambiente y Recursos Naturales,https://www.dof.gob.mx/abrirPDF.php?anio=2025&archivo=14032025-MAT.pdf&repo=repositorio%2F,2025-03-14,Sí,Unidad adscrita verificada,,,,,2026-09-25,,,,,,Federal,Federal,,,Vigente,,Verificado / cobertura amplia,"Ambiente, energía y recursos",0,0,0,0,1,0,1
sem-dgcmc,Dirección General de Conservación y Gestión de Mares y Costas,DG Mares y Costas,Poder Ejecutivo,Dirección General,sem-subbra,Subsecretaría de Biodiversidad y Restauración Ambiental,5,RI SEMARNAT art. 3 A,RI_SEMARNAT_2025,Reglamento Interior de la Secretaría de Medio Ambiente y Recursos Naturales,https://www.dof.gob.mx/abrirPDF.php?anio=2025&archivo=14032025-MAT.pdf&repo=repositorio%2F,2025-03-14,Sí,Unidad adscrita verificada,,,,,2026-09-25,,,,,,Federal,Federal,,,Vigente,,Verificado / cobertura amplia,"Ambiente, energía y recursos",0,0,0,0,1,0,1
sem-dgvs,Dirección General de Vida Silvestre,DG Vida Silvestre,Poder Ejecutivo,Dirección General,sem-subbra,Subsecretaría de Biodiversidad y Restauración Ambiental,5,RI SEMARNAT art. 3 A,RI_SEMARNAT_2025,Reglamento Interior de la Secretaría de Medio Ambiente y Recursos Naturales,https://www.dof.gob.mx/abrirPDF.php?anio=2025&archivo=14032025-MAT.pdf&repo=repositorio%2F,2025-03-14,Sí,Unidad adscrita verificada,,,,,2026-09-25,,,,,,Federal,Federal,,,Vigente,,Verificado / cobertura amplia,"Ambiente, energía y recursos",0,0,0,0,1,0,1
sem-dggfsoe,"Dirección General de Gestión Forestal, Suelos y Ordenamiento Ecológico",DG Gestión Forestal,Poder Ejecutivo,Dirección General,sem-subbra,Subsecretaría de Biodiversidad y Restauración Ambiental,5,RI SEMARNAT art. 3 A,RI_SEMARNAT_2025,Reglamento Interior de la Secretaría de Medio Ambiente y Recursos Naturales,https://www.dof.gob.mx/abrirPDF.php?anio=2025&archivo=14032025-MAT.pdf&repo=repositorio%2F,2025-03-14,Sí,Unidad adscrita verificada,,,,,2026-09-25,,,,,,Federal,Federal,,,Vigente,,Verificado / cobertura amplia,"Ambiente, energía y recursos",0,0,0,0,1,0,1
sem-dgielca,"Dirección General de Industria, Energías Limpias y Gestión de la Calidad del Aire",DG Industria y Aire,Poder Ejecutivo,Dirección General,sem-subra,Subsecretaría de Regulación Ambiental,5,RI SEMARNAT art. 3 A,RI_SEMARNAT_2025,Reglamento Interior de la Secretaría de Medio Ambiente y Recursos Naturales,https://www.dof.gob.mx/abrirPDF.php?anio=2025&archivo=14032025-MAT.pdf&repo=repositorio%2F,2025-03-14,Sí,Unidad adscrita verificada,,,,,2026-09-25,,,,,,Federal,Federal,,,Vigente,,Verificado / cobertura amplia,"Ambiente, energía y recursos",0,0,0,0,1,0,1
sem-dgzfmtac,Dirección General de Zona Federal Marítimo Terrestre y Ambientes Costeros,DG ZOFEMAT,Poder Ejecutivo,Dirección General,sem-subra,Subsecretaría de Regulación Ambiental,5,RI SEMARNAT art. 3 A,RI_SEMARNAT_2025,Reglamento Interior de la Secretaría de Medio Ambiente y Recursos Naturales,https://www.dof.gob.mx/abrirPDF.php?anio=2025&archivo=14032025-MAT.pdf&repo=repositorio%2F,2025-03-14,Sí,Unidad adscrita verificada,,,,,2026-09-25,,,,,,Federal,Federal,,,Vigente,,Verificado / cobertura amplia,"Ambiente, energía y recursos",0,0,0,0,1,0,1
sem-dgira,Dirección General de Impacto y Riesgo Ambiental,DG Impacto y Riesgo,Poder Ejecutivo,Dirección General,sem-subra,Subsecretaría de Regulación Ambiental,5,RI SEMARNAT art. 3 A,RI_SEMARNAT_2025,Reglamento Interior de la Secretaría de Medio Ambiente y Recursos Naturales,https://www.dof.gob.mx/abrirPDF.php?anio=2025&archivo=14032025-MAT.pdf&repo=repositorio%2F,2025-03-14,Sí,Unidad adscrita verificada,,,,,2026-09-25,,,,,,Federal,Federal,,,Vigente,,Verificado / cobertura amplia,"Ambiente, energía y recursos",0,0,0,0,1,0,1
sem-dggimar,Dirección General de Gestión Integral de Materiales y Actividades Riesgosas,DG Materiales Riesgosos,Poder Ejecutivo,Dirección General,sem-subra,Subsecretaría de Regulación Ambiental,5,RI SEMARNAT art. 3 A,RI_SEMARNAT_2025,Reglamento Interior de la Secretaría de Medio Ambiente y Recursos Naturales,https://www.dof.gob.mx/abrirPDF.php?anio=2025&archivo=14032025-MAT.pdf&repo=repositorio%2F,2025-03-14,Sí,Unidad adscrita verificada,,,,,2026-09-25,,,,,,Federal,Federal,,,Vigente,,Verificado / cobertura amplia,"Ambiente, energía y recursos",0,0,0,0,1,0,1
sem-cevi,Coordinación Ejecutiva de Vinculación Institucional,Vinculación Institucional,Poder Ejecutivo,Coordinación Ejecutiva,sem-subdsec,Subsecretaría de Desarrollo Sostenible y Economía Circular,5,RI SEMARNAT art. 3 A,RI_SEMARNAT_2025,Reglamento Interior de la Secretaría de Medio Ambiente y Recursos Naturales,https://www.dof.gob.mx/abrirPDF.php?anio=2025&archivo=14032025-MAT.pdf&repo=repositorio%2F,2025-03-14,Sí,Unidad adscrita verificada,,,,,2026-09-25,,,,,,Federal,Federal,,,Vigente,,Verificado / cobertura amplia,"Ambiente, energía y recursos",0,0,0,0,1,0,1
sem-dgpac,Dirección General de Políticas para la Acción Climática,DG Acción Climática,Poder Ejecutivo,Dirección General,sem-subdsec,Subsecretaría de Desarrollo Sostenible y Economía Circular,5,RI SEMARNAT art. 3 A,RI_SEMARNAT_2025,Reglamento Interior de la Secretaría de Medio Ambiente y Recursos Naturales,https://www.dof.gob.mx/abrirPDF.php?anio=2025&archivo=14032025-MAT.pdf&repo=repositorio%2F,2025-03-14,Sí,Unidad adscrita verificada,,,,,2026-09-25,,,,,,Federal,Federal,,,Vigente,,Verificado / cobertura amplia,"Ambiente, energía y recursos",0,0,0,0,1,0,1
sem-dgfduas,Dirección General de Fomento y Desempeño Urbano Ambiental Sostenible,DG Desempeño Urbano,Poder Ejecutivo,Dirección General,sem-subdsec,Subsecretaría de Desarrollo Sostenible y Economía Circular,5,RI SEMARNAT art. 3 A,RI_SEMARNAT_2025,Reglamento Interior de la Secretaría de Medio Ambiente y Recursos Naturales,https://www.dof.gob.mx/abrirPDF.php?anio=2025&archivo=14032025-MAT.pdf&repo=repositorio%2F,2025-03-14,Sí,Unidad adscrita verificada,,,,,2026-09-25,,,,,,Federal,Federal,,,Vigente,,Verificado / cobertura amplia,"Ambiente, energía y recursos",0,0,0,0,1,0,1
sem-dgapeec,Dirección General de Alianzas y Proyectos Estratégicos para la Economía Circular,DG Economía Circular,Poder Ejecutivo,Dirección General,sem-subdsec,Subsecretaría de Desarrollo Sostenible y Economía Circular,5,RI SEMARNAT art. 3 A,RI_SEMARNAT_2025,Reglamento Interior de la Secretaría de Medio Ambiente y Recursos Naturales,https://www.dof.gob.mx/abrirPDF.php?anio=2025&archivo=14032025-MAT.pdf&repo=repositorio%2F,2025-03-14,Sí,Unidad adscrita verificada,,,,,2026-09-25,,,,,,Federal,Federal,,,Vigente,,Verificado / cobertura amplia,"Ambiente, energía y recursos",0,0,0,0,1,0,1
sem-dgpp,Dirección General de Programación y Presupuesto,DG Programación y Presupuesto,Poder Ejecutivo,Dirección General,sem-uaf,Unidad de Administración y Finanzas,5,RI SEMARNAT art. 3 A,RI_SEMARNAT_2025,Reglamento Interior de la Secretaría de Medio Ambiente y Recursos Naturales,https://www.dof.gob.mx/abrirPDF.php?anio=2025&archivo=14032025-MAT.pdf&repo=repositorio%2F,2025-03-14,Sí,Unidad adscrita verificada,,,,,2026-09-25,,,,,,Federal,Federal,,,Vigente,,Verificado / cobertura amplia,"Ambiente, energía y recursos",0,0,0,0,1,0,1
sem-dgdho,Dirección General de Desarrollo Humano y Organización,DG Desarrollo Humano,Poder Ejecutivo,Dirección General,sem-uaf,Unidad de Administración y Finanzas,5,RI SEMARNAT art. 3 A,RI_SEMARNAT_2025,Reglamento Interior de la Secretaría de Medio Ambiente y Recursos Naturales,https://www.dof.gob.mx/abrirPDF.php?anio=2025&archivo=14032025-MAT.pdf&repo=repositorio%2F,2025-03-14,Sí,Unidad adscrita verificada,,,,,2026-09-25,,,,,,Federal,Federal,,,Vigente,,Verificado / cobertura amplia,"Ambiente, energía y recursos",0,0,0,0,1,0,1
sem-dgrmis,"Dirección General de Recursos Materiales, Inmuebles y Servicios",DG Recursos Materiales,Poder Ejecutivo,Dirección General,sem-uaf,Unidad de Administración y Finanzas,5,RI SEMARNAT art. 3 A,RI_SEMARNAT_2025,Reglamento Interior de la Secretaría de Medio Ambiente y Recursos Naturales,https://www.dof.gob.mx/abrirPDF.php?anio=2025&archivo=14032025-MAT.pdf&repo=repositorio%2F,2025-03-14,Sí,Unidad adscrita verificada,,,,,2026-09-25,,,,,,Federal,Federal,,,Vigente,,Verificado / cobertura amplia,"Ambiente, energía y recursos",0,0,0,0,1,0,1
sem-dgit,Dirección General de Informática y Telecomunicaciones,DG Informática,Poder Ejecutivo,Dirección General,sem-uaf,Unidad de Administración y Finanzas,5,RI SEMARNAT art. 3 A,RI_SEMARNAT_2025,Reglamento Interior de la Secretaría de Medio Ambiente y Recursos Naturales,https://www.dof.gob.mx/abrirPDF.php?anio=2025&archivo=14032025-MAT.pdf&repo=repositorio%2F,2025-03-14,Sí,Unidad adscrita verificada,,,,,2026-09-25,,,,,,Federal,Federal,,,Vigente,,Verificado / cobertura amplia,"Ambiente, energía y recursos",0,0,0,0,1,0,1
sem-ccaj,Coordinación de lo Contencioso Administrativo y Judicial,Contencioso,Poder Ejecutivo,Coordinación,sem-ucaj,Unidad Coordinadora de Asuntos Jurídicos,5,RI SEMARNAT art. 3 A,RI_SEMARNAT_2025,Reglamento Interior de la Secretaría de Medio Ambiente y Recursos Naturales,https://www.dof.gob.mx/abrirPDF.php?anio=2025&archivo=14032025-MAT.pdf&repo=repositorio%2F,2025-03-14,Sí,Unidad adscrita verificada,,,,,2026-09-25,,,,,,Federal,Federal,,,Vigente,,Verificado / cobertura amplia,"Ambiente, energía y recursos",0,0,0,0,1,0,1
sem-cla,Coordinación de Legalidad Ambiental,Legalidad Ambiental,Poder Ejecutivo,Coordinación,sem-ucaj,Unidad Coordinadora de Asuntos Jurídicos,5,RI SEMARNAT art. 3 A,RI_SEMARNAT_2025,Reglamento Interior de la Secretaría de Medio Ambiente y Recursos Naturales,https://www.dof.gob.mx/abrirPDF.php?anio=2025&archivo=14032025-MAT.pdf&repo=repositorio%2F,2025-03-14,Sí,Unidad adscrita verificada,,,,,2026-09-25,,,,,,Federal,Federal,,,Vigente,,Verificado / cobertura amplia,"Ambiente, energía y recursos",0,0,0,0,1,0,1
sem-clc,Coordinación de Legislación y Consulta,Legislación y Consulta,Poder Ejecutivo,Coordinación,sem-ucaj,Unidad Coordinadora de Asuntos Jurídicos,5,RI SEMARNAT art. 3 A,RI_SEMARNAT_2025,Reglamento Interior de la Secretaría de Medio Ambiente y Recursos Naturales,https://www.dof.gob.mx/abrirPDF.php?anio=2025&archivo=14032025-MAT.pdf&repo=repositorio%2F,2025-03-14,Sí,Unidad adscrita verificada,,,,,2026-09-25,,,,,,Federal,Federal,,,Vigente,,Verificado / cobertura amplia,"Ambiente, energía y recursos",0,0,0,0,1,0,1
sem-ofrep,Oficinas de Representación,Oficinas de Representación,Poder Ejecutivo,Oficina de Representación,sem-ucorgt,Unidad Coordinadora de Oficinas de Representación y Gestión Territorial,5,RI SEMARNAT art. 3 A,RI_SEMARNAT_2025,Reglamento Interior de la Secretaría de Medio Ambiente y Recursos Naturales,https://www.dof.gob.mx/abrirPDF.php?anio=2025&archivo=14032025-MAT.pdf&repo=repositorio%2F,2025-03-14,Sí,Unidad adscrita verificada,,,,,2026-09-25,,,,,,Federal,Federal,,,Vigente,,Verificado / cobertura amplia,"Ambiente, energía y recursos",0,0,0,0,1,0,1
sem-profepa,Procuraduría Federal de Protección al Ambiente,PROFEPA,Poder Ejecutivo,Órgano administrativo desconcentrado,sec-7,Secretaría de Medio Ambiente y Recursos Naturales,4,RI SEMARNAT art. 3 B,RI_SEMARNAT_2025,Reglamento Interior de la Secretaría de Medio Ambiente y Recursos Naturales,https://www.dof.gob.mx/abrirPDF.php?anio=2025&archivo=14032025-MAT.pdf&repo=repositorio%2F,2025-03-14,Sí,Órgano administrativo desconcentrado verificado,,,,,2026-09-25,,,,,,Federal,Federal,,,Vigente,,Verificado / cobertura amplia,"Ambiente, energía y recursos",0,0,0,0,1,0,1
sem-conanp,Comisión Nacional de Áreas Naturales Protegidas,CONANP,Poder Ejecutivo,Órgano administrativo desconcentrado,sec-7,Secretaría de Medio Ambiente y Recursos Naturales,4,RI SEMARNAT art. 3 B,RI_SEMARNAT_2025,Reglamento Interior de la Secretaría de Medio Ambiente y Recursos Naturales,https://www.dof.gob.mx/abrirPDF.php?anio=2025&archivo=14032025-MAT.pdf&repo=repositorio%2F,2025-03-14,Sí,Órgano administrativo desconcentrado verificado,,,,,2026-09-25,,,,,,Federal,Federal,,,Vigente,,Verificado / cobertura amplia,"Ambiente, energía y recursos",0,0,0,0,1,0,1
sem-conagua,Comisión Nacional del Agua,CONAGUA,Poder Ejecutivo,Órgano administrativo desconcentrado,sec-7,Secretaría de Medio Ambiente y Recursos Naturales,4,RI SEMARNAT art. 3 B,RI_SEMARNAT_2025,Reglamento Interior de la Secretaría de Medio Ambiente y Recursos Naturales,https://www.dof.gob.mx/abrirPDF.php?anio=2025&archivo=14032025-MAT.pdf&repo=repositorio%2F,2025-03-14,Sí,Órgano administrativo desconcentrado verificado,,,,,2026-09-25,,,,,,Federal,Federal,,,Vigente,,Verificado / cobertura amplia,"Ambiente, energía y recursos",0,0,0,0,1,0,1
sem-asea,Agencia Nacional de Seguridad Industrial y de Protección al Medio Ambiente del Sector Hidrocarburos,ASEA,Poder Ejecutivo,Órgano administrativo desconcentrado,sec-7,Secretaría de Medio Ambiente y Recursos Naturales,4,RI SEMARNAT art. 3 B,RI_SEMARNAT_2025,Reglamento Interior de la Secretaría de Medio Ambiente y Recursos Naturales,https://www.dof.gob.mx/abrirPDF.php?anio=2025&archivo=14032025-MAT.pdf&repo=repositorio%2F,2025-03-14,Sí,Órgano administrativo desconcentrado verificado,,,,,2026-09-25,,,,,,Federal,Federal,,,Vigente,,Verificado / cobertura amplia,"Ambiente, energía y recursos",0,0,0,0,1,0,1
sre-sub-re,Subsecretaría de Relaciones Exteriores,Sub. Relaciones Exteriores,Poder Ejecutivo,Subsecretaría,sec-1,Secretaría de Relaciones Exteriores,4,Acuerdo de adscripción SRE 20-02-2026,ADS_SRE_2026,Acuerdo por el que se adscriben orgánicamente las unidades administrativas de la Secretaría de Relaciones Exteriores,https://www.dof.gob.mx/abrirPDF.php?anio=2026&archivo=20022026-MAT.pdf&repo=,2026-02-20,Sí,Estructura verificada en fuente oficial,,,,,2026-09-28,,,,,,Federal,Federal,,,Vigente,,Verificado / cobertura amplia,Relaciones exteriores,4,4,0,0,1,1,5
sre-sub-na,Subsecretaría para América del Norte,Sub. América del Norte,Poder Ejecutivo,Subsecretaría,sec-1,Secretaría de Relaciones Exteriores,4,Acuerdo de adscripción SRE 20-02-2026,ADS_SRE_2026,Acuerdo por el que se adscriben orgánicamente las unidades administrativas de la Secretaría de Relaciones Exteriores,https://www.dof.gob.mx/abrirPDF.php?anio=2026&archivo=20022026-MAT.pdf&repo=,2026-02-20,Sí,Estructura verificada en fuente oficial,,,,,2026-09-28,,,,,,Federal,Federal,,,Vigente,,Verificado / cobertura amplia,Relaciones exteriores,6,6,0,0,1,1,7
sre-sub-alc,Subsecretaría para América Latina y el Caribe,Sub. ALyC,Poder Ejecutivo,Subsecretaría,sec-1,Secretaría de Relaciones Exteriores,4,Acuerdo de adscripción SRE 20-02-2026,ADS_SRE_2026,Acuerdo por el que se adscriben orgánicamente las unidades administrativas de la Secretaría de Relaciones Exteriores,https://www.dof.gob.mx/abrirPDF.php?anio=2026&archivo=20022026-MAT.pdf&repo=,2026-02-20,Sí,Estructura verificada en fuente oficial,,,,,2026-09-28,,,,,,Federal,Federal,,,Vigente,,Verificado / cobertura amplia,Relaciones exteriores,4,4,0,0,1,1,5
sre-sub-mult,Subsecretaría para Asuntos Multilaterales y Derechos Humanos,Sub. Multilaterales,Poder Ejecutivo,Subsecretaría,sec-1,Secretaría de Relaciones Exteriores,4,Acuerdo de adscripción SRE 20-02-2026,ADS_SRE_2026,Acuerdo por el que se adscriben orgánicamente las unidades administrativas de la Secretaría de Relaciones Exteriores,https://www.dof.gob.mx/abrirPDF.php?anio=2026&archivo=20022026-MAT.pdf&repo=,2026-02-20,Sí,Estructura verificada en fuente oficial,,,,,2026-09-28,,,,,,Federal,Federal,,,Vigente,,Verificado / cobertura amplia,Relaciones exteriores,4,4,0,0,1,1,5
sre-uaf,Unidad de Administración y Finanzas,UAF,Poder Ejecutivo,Unidad,sec-1,Secretaría de Relaciones Exteriores,4,Acuerdo de adscripción SRE 20-02-2026,ADS_SRE_2026,Acuerdo por el que se adscriben orgánicamente las unidades administrativas de la Secretaría de Relaciones Exteriores,https://www.dof.gob.mx/abrirPDF.php?anio=2026&archivo=20022026-MAT.pdf&repo=,2026-02-20,Sí,Estructura verificada en fuente oficial,,,,,2026-09-28,,,,,,Federal,Federal,,,Vigente,,Verificado / cobertura amplia,Relaciones exteriores,5,6,0,0,1,2,6
sre-consjur,Consultoría Jurídica,Consultoría Jurídica,Poder Ejecutivo,Unidad,sec-1,Secretaría de Relaciones Exteriores,4,Acuerdo de adscripción SRE 20-02-2026,ADS_SRE_2026,Acuerdo por el que se adscriben orgánicamente las unidades administrativas de la Secretaría de Relaciones Exteriores,https://www.dof.gob.mx/abrirPDF.php?anio=2026&archivo=20022026-MAT.pdf&repo=,2026-02-20,Sí,Estructura verificada en fuente oficial,,,,,2026-09-28,,,,,,Federal,Federal,,,Vigente,,Verificado / cobertura amplia,Relaciones exteriores,1,1,0,0,1,1,2
sre-uci,Jefatura de Unidad de Coordinación Intersectorial,UCI,Poder Ejecutivo,Unidad,sec-1,Secretaría de Relaciones Exteriores,4,Acuerdo de adscripción SRE 20-02-2026,ADS_SRE_2026,Acuerdo por el que se adscriben orgánicamente las unidades administrativas de la Secretaría de Relaciones Exteriores,https://www.dof.gob.mx/abrirPDF.php?anio=2026&archivo=20022026-MAT.pdf&repo=,2026-02-20,Sí,Estructura verificada en fuente oficial,,,,,2026-09-28,,,,,,Federal,Federal,,,Vigente,,Verificado / cobertura amplia,Relaciones exteriores,0,0,0,0,1,0,1
sre-dg-protocolo,Dirección General de Protocolo,DG Protocolo,Poder Ejecutivo,Dirección General,sec-1,Secretaría de Relaciones Exteriores,4,Acuerdo de adscripción SRE 20-02-2026,ADS_SRE_2026,Acuerdo por el que se adscriben orgánicamente las unidades administrativas de la Secretaría de Relaciones Exteriores,https://www.dof.gob.mx/abrirPDF.php?anio=2026&archivo=20022026-MAT.pdf&repo=,2026-02-20,Sí,Estructura verificada en fuente oficial,,,,,2026-09-28,,,,,,Federal,Federal,,,Vigente,,Verificado / cobertura amplia,Relaciones exteriores,0,0,0,0,1,0,1
sre-dg-coordpol,Dirección General de Coordinación Política,DG Coord. Política,Poder Ejecutivo,Dirección General,sec-1,Secretaría de Relaciones Exteriores,4,Acuerdo de adscripción SRE 20-02-2026,ADS_SRE_2026,Acuerdo por el que se adscriben orgánicamente las unidades administrativas de la Secretaría de Relaciones Exteriores,https://www.dof.gob.mx/abrirPDF.php?anio=2026&archivo=20022026-MAT.pdf&repo=,2026-02-20,Sí,Estructura verificada en fuente oficial,,,,,2026-09-28,,,,,,Federal,Federal,,,Vigente,,Verificado / cobertura amplia,Relaciones exteriores,0,0,0,0,1,0,1
sre-dg-comsoc,Dirección General de Comunicación Social,DG Comunicación Social,Poder Ejecutivo,Dirección General,sec-1,Secretaría de Relaciones Exteriores,4,Acuerdo de adscripción SRE 20-02-2026,ADS_SRE_2026,Acuerdo por el que se adscriben orgánicamente las unidades administrativas de la Secretaría de Relaciones Exteriores,https://www.dof.gob.mx/abrirPDF.php?anio=2026&archivo=20022026-MAT.pdf&repo=,2026-02-20,Sí,Estructura verificada en fuente oficial,,,,,2026-09-28,,,,,,Federal,Federal,,,Vigente,,Verificado / cobertura amplia,Relaciones exteriores,0,0,0,0,1,0,1
sre-dg-juridicos,Dirección General de Asuntos Jurídicos,DG Asuntos Jurídicos,Poder Ejecutivo,Dirección General,sec-1,Secretaría de Relaciones Exteriores,4,Acuerdo de adscripción SRE 20-02-2026,ADS_SRE_2026,Acuerdo por el que se adscriben orgánicamente las unidades administrativas de la Secretaría de Relaciones Exteriores,https://www.dof.gob.mx/abrirPDF.php?anio=2026&archivo=20022026-MAT.pdf&repo=,2026-02-20,Sí,Estructura verificada en fuente oficial,,,,,2026-09-28,,,,,,Federal,Federal,,,Vigente,,Verificado / cobertura amplia,Relaciones exteriores,0,0,0,0,1,0,1
sre-imme,Instituto de Mexicanas y Mexicanos en el Exterior,IMME,Poder Ejecutivo,Unidad,sec-1,Secretaría de Relaciones Exteriores,4,Acuerdo de adscripción SRE 20-02-2026,ADS_SRE_2026,Acuerdo por el que se adscriben orgánicamente las unidades administrativas de la Secretaría de Relaciones Exteriores,https://www.dof.gob.mx/abrirPDF.php?anio=2026&archivo=20022026-MAT.pdf&repo=,2026-02-20,Sí,Estructura verificada en fuente oficial,,,,,2026-09-28,,,,,,Federal,Federal,,,Vigente,,Verificado / cobertura amplia,Relaciones exteriores,0,0,0,0,1,0,1
sre-amexcid,Agencia Mexicana de Cooperación Internacional para el Desarrollo,AMEXCID,Poder Ejecutivo,Agencia,sec-1,Secretaría de Relaciones Exteriores,4,Acuerdo de adscripción SRE 20-02-2026,ADS_SRE_2026,Acuerdo por el que se adscriben orgánicamente las unidades administrativas de la Secretaría de Relaciones Exteriores,https://www.dof.gob.mx/abrirPDF.php?anio=2026&archivo=20022026-MAT.pdf&repo=,2026-02-20,Sí,Estructura verificada en fuente oficial,,,,,2026-09-28,,,,,,Federal,Federal,,,Vigente,,Verificado / cobertura amplia,Relaciones exteriores,5,5,0,0,1,1,6
sre-repex,Representaciones de México en el exterior,Representaciones exterior,Poder Ejecutivo,Red institucional,sec-1,Secretaría de Relaciones Exteriores,4,Acuerdo de adscripción SRE 20-02-2026,ADS_SRE_2026,Acuerdo por el que se adscriben orgánicamente las unidades administrativas de la Secretaría de Relaciones Exteriores,https://www.dof.gob.mx/abrirPDF.php?anio=2026&archivo=20022026-MAT.pdf&repo=,2026-02-20,Sí,Estructura verificada en fuente oficial,,,,,2026-09-28,,,,,,Federal,Federal,,,Vigente,,Verificado / cobertura amplia,Relaciones exteriores,0,0,0,0,1,0,1
sre-dg-africa,"Dirección General para África, Asia Central y Medio Oriente",DG África/Asia Central/ME,Poder Ejecutivo,Dirección General,sre-sub-re,Subsecretaría de Relaciones Exteriores,5,Acuerdo de adscripción SRE 20-02-2026,ADS_SRE_2026,Acuerdo por el que se adscriben orgánicamente las unidades administrativas de la Secretaría de Relaciones Exteriores,https://www.dof.gob.mx/abrirPDF.php?anio=2026&archivo=20022026-MAT.pdf&repo=,2026-02-20,Sí,Estructura verificada en fuente oficial,,,,,2026-09-28,,,,,,Federal,Federal,,,Vigente,,Verificado / cobertura amplia,Relaciones exteriores,0,0,0,0,1,0,1
sre-dg-asiapac,Dirección General para Asia-Pacífico,DG Asia-Pacífico,Poder Ejecutivo,Dirección General,sre-sub-re,Subsecretaría de Relaciones Exteriores,5,Acuerdo de adscripción SRE 20-02-2026,ADS_SRE_2026,Acuerdo por el que se adscriben orgánicamente las unidades administrativas de la Secretaría de Relaciones Exteriores,https://www.dof.gob.mx/abrirPDF.php?anio=2026&archivo=20022026-MAT.pdf&repo=,2026-02-20,Sí,Estructura verificada en fuente oficial,,,,,2026-09-28,,,,,,Federal,Federal,,,Vigente,,Verificado / cobertura amplia,Relaciones exteriores,0,0,0,0,1,0,1
sre-dg-europa,Dirección General para Europa,DG Europa,Poder Ejecutivo,Dirección General,sre-sub-re,Subsecretaría de Relaciones Exteriores,5,Acuerdo de adscripción SRE 20-02-2026,ADS_SRE_2026,Acuerdo por el que se adscriben orgánicamente las unidades administrativas de la Secretaría de Relaciones Exteriores,https://www.dof.gob.mx/abrirPDF.php?anio=2026&archivo=20022026-MAT.pdf&repo=,2026-02-20,Sí,Estructura verificada en fuente oficial,,,,,2026-09-28,,,,,,Federal,Federal,,,Vigente,,Verificado / cobertura amplia,Relaciones exteriores,0,0,0,0,1,0,1
sre-imr,Instituto Matías Romero,Instituto Matías Romero,Poder Ejecutivo,Instituto,sre-sub-re,Subsecretaría de Relaciones Exteriores,5,Acuerdo de adscripción SRE 20-02-2026,ADS_SRE_2026,Acuerdo por el que se adscriben orgánicamente las unidades administrativas de la Secretaría de Relaciones Exteriores,https://www.dof.gob.mx/abrirPDF.php?anio=2026&archivo=20022026-MAT.pdf&repo=,2026-02-20,Sí,Estructura verificada en fuente oficial,,,,,2026-09-28,,,,,,Federal,Federal,,,Vigente,,Verificado / cobertura amplia,Relaciones exteriores,0,0,0,0,1,0,1
sre-dg-frontera,Dirección General de Asuntos Especiales y Modernización Fronteriza,DG Asuntos Fronterizos,Poder Ejecutivo,Dirección General,sre-sub-na,Subsecretaría para América del Norte,5,Acuerdo de adscripción SRE 20-02-2026,ADS_SRE_2026,Acuerdo por el que se adscriben orgánicamente las unidades administrativas de la Secretaría de Relaciones Exteriores,https://www.dof.gob.mx/abrirPDF.php?anio=2026&archivo=20022026-MAT.pdf&repo=,2026-02-20,Sí,Estructura verificada en fuente oficial,,,,,2026-09-28,,,,,,Federal,Federal,,,Vigente,,Verificado / cobertura amplia,Relaciones exteriores,0,0,0,0,1,0,1
sre-dg-protcons,Dirección General de Protección Consular,DG Protección Consular,Poder Ejecutivo,Dirección General,sre-sub-na,Subsecretaría para América del Norte,5,Acuerdo de adscripción SRE 20-02-2026,ADS_SRE_2026,Acuerdo por el que se adscriben orgánicamente las unidades administrativas de la Secretaría de Relaciones Exteriores,https://www.dof.gob.mx/abrirPDF.php?anio=2026&archivo=20022026-MAT.pdf&repo=,2026-02-20,Sí,Estructura verificada en fuente oficial,,,,,2026-09-28,,,,,,Federal,Federal,,,Vigente,,Verificado / cobertura amplia,Relaciones exteriores,0,0,0,0,1,0,1
sre-dg-servcons,Dirección General de Servicios Consulares,DG Servicios Consulares,Poder Ejecutivo,Dirección General,sre-sub-na,Subsecretaría para América del Norte,5,Acuerdo de adscripción SRE 20-02-2026,ADS_SRE_2026,Acuerdo por el que se adscriben orgánicamente las unidades administrativas de la Secretaría de Relaciones Exteriores,https://www.dof.gob.mx/abrirPDF.php?anio=2026&archivo=20022026-MAT.pdf&repo=,2026-02-20,Sí,Estructura verificada en fuente oficial,,,,,2026-09-28,,,,,,Federal,Federal,,,Vigente,,Verificado / cobertura amplia,Relaciones exteriores,0,0,0,0,1,0,1
sre-dg-estratna,Dirección General de Estrategia Diplomática para América del Norte,DG Estrategia América Norte,Poder Ejecutivo,Dirección General,sre-sub-na,Subsecretaría para América del Norte,5,Acuerdo de adscripción SRE 20-02-2026,ADS_SRE_2026,Acuerdo por el que se adscriben orgánicamente las unidades administrativas de la Secretaría de Relaciones Exteriores,https://www.dof.gob.mx/abrirPDF.php?anio=2026&archivo=20022026-MAT.pdf&repo=,2026-02-20,Sí,Estructura verificada en fuente oficial,,,,,2026-09-28,,,,,,Federal,Federal,,,Vigente,,Verificado / cobertura amplia,Relaciones exteriores,0,0,0,0,1,0,1
sre-dg-movhum,Dirección General de Movilidad Humana y Desarrollo,DG Movilidad Humana,Poder Ejecutivo,Dirección General,sre-sub-na,Subsecretaría para América del Norte,5,Acuerdo de adscripción SRE 20-02-2026,ADS_SRE_2026,Acuerdo por el que se adscriben orgánicamente las unidades administrativas de la Secretaría de Relaciones Exteriores,https://www.dof.gob.mx/abrirPDF.php?anio=2026&archivo=20022026-MAT.pdf&repo=,2026-02-20,Sí,Estructura verificada en fuente oficial,,,,,2026-09-28,,,,,,Federal,Federal,,,Vigente,,Verificado / cobertura amplia,Relaciones exteriores,0,0,0,0,1,0,1
sre-cila-eu,Sección Mexicana de la Comisión Internacional de Límites y Aguas México-Estados Unidos,CILA México-EE.UU.,Poder Ejecutivo,Sección,sre-sub-na,Subsecretaría para América del Norte,5,Acuerdo de adscripción SRE 20-02-2026,ADS_SRE_2026,Acuerdo por el que se adscriben orgánicamente las unidades administrativas de la Secretaría de Relaciones Exteriores,https://www.dof.gob.mx/abrirPDF.php?anio=2026&archivo=20022026-MAT.pdf&repo=,2026-02-20,Sí,Estructura verificada en fuente oficial,,,,,2026-09-28,,,,,,Federal,Federal,,,Vigente,,Verificado / cobertura amplia,Relaciones exteriores,0,0,0,0,1,0,1
sre-dg-centrocar,Dirección General para Centroamérica y el Caribe,DG Centroamérica/Caribe,Poder Ejecutivo,Dirección General,sre-sub-alc,Subsecretaría para América Latina y el Caribe,5,Acuerdo de adscripción SRE 20-02-2026,ADS_SRE_2026,Acuerdo por el que se adscriben orgánicamente las unidades administrativas de la Secretaría de Relaciones Exteriores,https://www.dof.gob.mx/abrirPDF.php?anio=2026&archivo=20022026-MAT.pdf&repo=,2026-02-20,Sí,Estructura verificada en fuente oficial,,,,,2026-09-28,,,,,,Federal,Federal,,,Vigente,,Verificado / cobertura amplia,Relaciones exteriores,0,0,0,0,1,0,1
sre-dg-amsur,Dirección General para América del Sur,DG América del Sur,Poder Ejecutivo,Dirección General,sre-sub-alc,Subsecretaría para América Latina y el Caribe,5,Acuerdo de adscripción SRE 20-02-2026,ADS_SRE_2026,Acuerdo por el que se adscriben orgánicamente las unidades administrativas de la Secretaría de Relaciones Exteriores,https://www.dof.gob.mx/abrirPDF.php?anio=2026&archivo=20022026-MAT.pdf&repo=,2026-02-20,Sí,Estructura verificada en fuente oficial,,,,,2026-09-28,,,,,,Federal,Federal,,,Vigente,,Verificado / cobertura amplia,Relaciones exteriores,0,0,0,0,1,0,1
sre-dg-orgam,Dirección General de Organismos y Mecanismos Regionales Americanos,DG Organismos Americanos,Poder Ejecutivo,Dirección General,sre-sub-alc,Subsecretaría para América Latina y el Caribe,5,Acuerdo de adscripción SRE 20-02-2026,ADS_SRE_2026,Acuerdo por el que se adscriben orgánicamente las unidades administrativas de la Secretaría de Relaciones Exteriores,https://www.dof.gob.mx/abrirPDF.php?anio=2026&archivo=20022026-MAT.pdf&repo=,2026-02-20,Sí,Estructura verificada en fuente oficial,,,,,2026-09-28,,,,,,Federal,Federal,,,Vigente,,Verificado / cobertura amplia,Relaciones exteriores,0,0,0,0,1,0,1
sre-cila-gb,Sección Mexicana de las Comisiones Internacionales de Límites y Aguas México-Guatemala y México-Belice,CILA Guatemala/Belice,Poder Ejecutivo,Sección,sre-sub-alc,Subsecretaría para América Latina y el Caribe,5,Acuerdo de adscripción SRE 20-02-2026,ADS_SRE_2026,Acuerdo por el que se adscriben orgánicamente las unidades administrativas de la Secretaría de Relaciones Exteriores,https://www.dof.gob.mx/abrirPDF.php?anio=2026&archivo=20022026-MAT.pdf&repo=,2026-02-20,Sí,Estructura verificada en fuente oficial,,,,,2026-09-28,,,,,,Federal,Federal,,,Vigente,,Verificado / cobertura amplia,Relaciones exteriores,0,0,0,0,1,0,1
sre-dg-globales,Dirección General para Temas Globales,DG Temas Globales,Poder Ejecutivo,Dirección General,sre-sub-mult,Subsecretaría para Asuntos Multilaterales y Derechos Humanos,5,Acuerdo de adscripción SRE 20-02-2026,ADS_SRE_2026,Acuerdo por el que se adscriben orgánicamente las unidades administrativas de la Secretaría de Relaciones Exteriores,https://www.dof.gob.mx/abrirPDF.php?anio=2026&archivo=20022026-MAT.pdf&repo=,2026-02-20,Sí,Estructura verificada en fuente oficial,,,,,2026-09-28,,,,,,Federal,Federal,,,Vigente,,Verificado / cobertura amplia,Relaciones exteriores,0,0,0,0,1,0,1
sre-dg-onu,Dirección General para la Organización de las Naciones Unidas,DG ONU,Poder Ejecutivo,Dirección General,sre-sub-mult,Subsecretaría para Asuntos Multilaterales y Derechos Humanos,5,Acuerdo de adscripción SRE 20-02-2026,ADS_SRE_2026,Acuerdo por el que se adscriben orgánicamente las unidades administrativas de la Secretaría de Relaciones Exteriores,https://www.dof.gob.mx/abrirPDF.php?anio=2026&archivo=20022026-MAT.pdf&repo=,2026-02-20,Sí,Estructura verificada en fuente oficial,,,,,2026-09-28,,,,,,Federal,Federal,,,Vigente,,Verificado / cobertura amplia,Relaciones exteriores,0,0,0,0,1,0,1
sre-dg-ddhh,Dirección General de Derechos Humanos y Democracia,DG DDHH y Democracia,Poder Ejecutivo,Dirección General,sre-sub-mult,Subsecretaría para Asuntos Multilaterales y Derechos Humanos,5,Acuerdo de adscripción SRE 20-02-2026,ADS_SRE_2026,Acuerdo por el que se adscriben orgánicamente las unidades administrativas de la Secretaría de Relaciones Exteriores,https://www.dof.gob.mx/abrirPDF.php?anio=2026&archivo=20022026-MAT.pdf&repo=,2026-02-20,Sí,Estructura verificada en fuente oficial,,,,,2026-09-28,,,,,,Federal,Federal,,,Vigente,,Verificado / cobertura amplia,Relaciones exteriores,0,0,0,0,1,0,1
sre-dg-vincosc,Dirección General de Vinculación con las Organizaciones de la Sociedad Civil,DG Vinculación OSC,Poder Ejecutivo,Dirección General,sre-sub-mult,Subsecretaría para Asuntos Multilaterales y Derechos Humanos,5,Acuerdo de adscripción SRE 20-02-2026,ADS_SRE_2026,Acuerdo por el que se adscriben orgánicamente las unidades administrativas de la Secretaría de Relaciones Exteriores,https://www.dof.gob.mx/abrirPDF.php?anio=2026&archivo=20022026-MAT.pdf&repo=,2026-02-20,Sí,Estructura verificada en fuente oficial,,,,,2026-09-28,,,,,,Federal,Federal,,,Vigente,,Verificado / cobertura amplia,Relaciones exteriores,0,0,0,0,1,0,1
sre-dg-serh,Dirección General del Servicio Exterior y de Recursos Humanos,DG Servicio Exterior/RH,Poder Ejecutivo,Dirección General,sre-uaf,Unidad de Administración y Finanzas,5,Acuerdo de adscripción SRE 20-02-2026,ADS_SRE_2026,Acuerdo por el que se adscriben orgánicamente las unidades administrativas de la Secretaría de Relaciones Exteriores,https://www.dof.gob.mx/abrirPDF.php?anio=2026&archivo=20022026-MAT.pdf&repo=,2026-02-20,Sí,Estructura verificada en fuente oficial,,,,,2026-09-28,,,,,,Federal,Federal,,,Vigente,,Verificado / cobertura amplia,Relaciones exteriores,0,0,0,0,1,0,1
sre-dg-pp,"Dirección General de Programación, Organización y Presupuesto",DG Programación/Presupuesto,Poder Ejecutivo,Dirección General,sre-uaf,Unidad de Administración y Finanzas,5,Acuerdo de adscripción SRE 20-02-2026,ADS_SRE_2026,Acuerdo por el que se adscriben orgánicamente las unidades administrativas de la Secretaría de Relaciones Exteriores,https://www.dof.gob.mx/abrirPDF.php?anio=2026&archivo=20022026-MAT.pdf&repo=,2026-02-20,Sí,Estructura verificada en fuente oficial,,,,,2026-09-28,,,,,,Federal,Federal,,,Vigente,,Verificado / cobertura amplia,Relaciones exteriores,0,0,0,0,1,0,1
sre-dg-birm,Dirección General de Bienes Inmuebles y Recursos Materiales,DG Bienes/Recursos Materiales,Poder Ejecutivo,Dirección General,sre-uaf,Unidad de Administración y Finanzas,5,Acuerdo de adscripción SRE 20-02-2026,ADS_SRE_2026,Acuerdo por el que se adscriben orgánicamente las unidades administrativas de la Secretaría de Relaciones Exteriores,https://www.dof.gob.mx/abrirPDF.php?anio=2026&archivo=20022026-MAT.pdf&repo=,2026-02-20,Sí,Estructura verificada en fuente oficial,,,,,2026-09-28,,,,,,Federal,Federal,,,Vigente,,Verificado / cobertura amplia,Relaciones exteriores,0,0,0,0,1,0,1
sre-dg-ti,Dirección General de Tecnologías de Información y Digitalización,DG TI y Digitalización,Poder Ejecutivo,Dirección General,sre-uaf,Unidad de Administración y Finanzas,5,Acuerdo de adscripción SRE 20-02-2026,ADS_SRE_2026,Acuerdo por el que se adscriben orgánicamente las unidades administrativas de la Secretaría de Relaciones Exteriores,https://www.dof.gob.mx/abrirPDF.php?anio=2026&archivo=20022026-MAT.pdf&repo=,2026-02-20,Sí,Estructura verificada en fuente oficial,,,,,2026-09-28,,,,,,Federal,Federal,,,Vigente,,Verificado / cobertura amplia,Relaciones exteriores,0,0,0,0,1,0,1
sre-dg-pas,Dirección General de Oficinas de Pasaportes,DG Oficinas Pasaportes,Poder Ejecutivo,Dirección General,sre-uaf,Unidad de Administración y Finanzas,5,Acuerdo de adscripción SRE 20-02-2026,ADS_SRE_2026,Acuerdo por el que se adscriben orgánicamente las unidades administrativas de la Secretaría de Relaciones Exteriores,https://www.dof.gob.mx/abrirPDF.php?anio=2026&archivo=20022026-MAT.pdf&repo=,2026-02-20,Sí,Estructura verificada en fuente oficial,,,,,2026-09-28,,,,,,Federal,Federal,,,Vigente,,Verificado / cobertura amplia,Relaciones exteriores,1,1,0,0,1,1,2
sre-dg-ahd,Dirección General del Acervo Histórico Diplomático,DG Acervo Histórico,Poder Ejecutivo,Dirección General,sre-consjur,Consultoría Jurídica,5,Acuerdo de adscripción SRE 20-02-2026,ADS_SRE_2026,Acuerdo por el que se adscriben orgánicamente las unidades administrativas de la Secretaría de Relaciones Exteriores,https://www.dof.gob.mx/abrirPDF.php?anio=2026&archivo=20022026-MAT.pdf&repo=,2026-02-20,Sí,Estructura verificada en fuente oficial,,,,,2026-09-28,,,,,,Federal,Federal,,,Vigente,,Verificado / cobertura amplia,Relaciones exteriores,0,0,0,0,1,0,1
sre-amex-proy,"Dirección General de Proyectos de Cooperación Internacional para el Desarrollo, Ayuda Humanitaria y Vinculación",AMEXCID · Proyectos/Ayuda,Poder Ejecutivo,Dirección General,sre-amexcid,Agencia Mexicana de Cooperación Internacional para el Desarrollo,5,Acuerdo de adscripción SRE 20-02-2026,ADS_SRE_2026,Acuerdo por el que se adscriben orgánicamente las unidades administrativas de la Secretaría de Relaciones Exteriores,https://www.dof.gob.mx/abrirPDF.php?anio=2026&archivo=20022026-MAT.pdf&repo=,2026-02-20,Sí,Estructura verificada en fuente oficial,,,,,2026-09-28,,,,,,Federal,Federal,,,Vigente,,Verificado / cobertura amplia,Relaciones exteriores,0,0,0,0,1,0,1
sre-amex-plan,"Dirección General de Planeación, Evaluación y Cooperación Internacional para el Desarrollo",AMEXCID · Planeación,Poder Ejecutivo,Dirección General,sre-amexcid,Agencia Mexicana de Cooperación Internacional para el Desarrollo,5,Acuerdo de adscripción SRE 20-02-2026,ADS_SRE_2026,Acuerdo por el que se adscriben orgánicamente las unidades administrativas de la Secretaría de Relaciones Exteriores,https://www.dof.gob.mx/abrirPDF.php?anio=2026&archivo=20022026-MAT.pdf&repo=,2026-02-20,Sí,Estructura verificada en fuente oficial,,,,,2026-09-28,,,,,,Federal,Federal,,,Vigente,,Verificado / cobertura amplia,Relaciones exteriores,0,0,0,0,1,0,1
sre-amex-cyt,"Dirección General de Proyectos de Cooperación Internacional para el Desarrollo, Ciencia, Tecnología y Entidades Federativas",AMEXCID · CyT/Entidades,Poder Ejecutivo,Dirección General,sre-amexcid,Agencia Mexicana de Cooperación Internacional para el Desarrollo,5,Acuerdo de adscripción SRE 20-02-2026,ADS_SRE_2026,Acuerdo por el que se adscriben orgánicamente las unidades administrativas de la Secretaría de Relaciones Exteriores,https://www.dof.gob.mx/abrirPDF.php?anio=2026&archivo=20022026-MAT.pdf&repo=,2026-02-20,Sí,Estructura verificada en fuente oficial,,,,,2026-09-28,,,,,,Federal,Federal,,,Vigente,,Verificado / cobertura amplia,Relaciones exteriores,0,0,0,0,1,0,1
sre-amex-becas,"Dirección General de Proyectos de Cooperación Internacional para el Desarrollo, Convenios y Becas",AMEXCID · Convenios/Becas,Poder Ejecutivo,Dirección General,sre-amexcid,Agencia Mexicana de Cooperación Internacional para el Desarrollo,5,Acuerdo de adscripción SRE 20-02-2026,ADS_SRE_2026,Acuerdo por el que se adscriben orgánicamente las unidades administrativas de la Secretaría de Relaciones Exteriores,https://www.dof.gob.mx/abrirPDF.php?anio=2026&archivo=20022026-MAT.pdf&repo=,2026-02-20,Sí,Estructura verificada en fuente oficial,,,,,2026-09-28,,,,,,Federal,Federal,,,Vigente,,Verificado / cobertura amplia,Relaciones exteriores,0,0,0,0,1,0,1
sre-amex-fondos,Dirección General de Proyectos Especiales y Fondos de Cooperación Internacional para el Desarrollo,AMEXCID · Fondos,Poder Ejecutivo,Dirección General,sre-amexcid,Agencia Mexicana de Cooperación Internacional para el Desarrollo,5,Acuerdo de adscripción SRE 20-02-2026,ADS_SRE_2026,Acuerdo por el que se adscriben orgánicamente las unidades administrativas de la Secretaría de Relaciones Exteriores,https://www.dof.gob.mx/abrirPDF.php?anio=2026&archivo=20022026-MAT.pdf&repo=,2026-02-20,Sí,Estructura verificada en fuente oficial,,,,,2026-09-28,,,,,,Federal,Federal,,,Vigente,,Verificado / cobertura amplia,Relaciones exteriores,0,0,0,0,1,0,1
sre-pas-of,Oficinas de Pasaportes,Oficinas de Pasaportes,Poder Ejecutivo,Red territorial,sre-dg-pas,Dirección General de Oficinas de Pasaportes,6,Acuerdo de adscripción SRE 20-02-2026,ADS_SRE_2026,Acuerdo por el que se adscriben orgánicamente las unidades administrativas de la Secretaría de Relaciones Exteriores,https://www.dof.gob.mx/abrirPDF.php?anio=2026&archivo=20022026-MAT.pdf&repo=,2026-02-20,Sí,Estructura verificada en fuente oficial,,,,,2026-09-28,,,,,,Federal,Federal,,,Vigente,,Nodo agregado o clasificación,Relaciones exteriores,0,0,0,0,1,0,1
sspc-sub-int,Subsecretaría de Inteligencia e Investigación Policial,Sub. Inteligencia,Poder Ejecutivo,Subsecretaría,sec-4,Secretaría de Seguridad y Protección Ciudadana,4,"Reglamento Interior SSPC, art. 2",RI_SSPC_2025,Reglamento Interior de la Secretaría de Seguridad y Protección Ciudadana,https://www.dof.gob.mx/nota_detalle.php?codigo=5760917&fecha=24/06/2025,2025-06-24,Sí,Estructura verificada en fuente oficial,,,,,2026-09-28,"En v0.4 se carga el nivel de subsecretarías, unidades y OAD; las direcciones generales se incorporarán después de conciliar su adscripción.",,,,,Federal,Federal,,,Vigente,,Verificado / cobertura amplia,Seguridad y defensa,0,0,0,0,1,0,1
sspc-sub-pol,"Subsecretaría de Política Criminal, Vinculación y Protección Civil",Sub. Política Criminal,Poder Ejecutivo,Subsecretaría,sec-4,Secretaría de Seguridad y Protección Ciudadana,4,"Reglamento Interior SSPC, art. 2",RI_SSPC_2025,Reglamento Interior de la Secretaría de Seguridad y Protección Ciudadana,https://www.dof.gob.mx/nota_detalle.php?codigo=5760917&fecha=24/06/2025,2025-06-24,Sí,Estructura verificada en fuente oficial,,,,,2026-09-28,"En v0.4 se carga el nivel de subsecretarías, unidades y OAD; las direcciones generales se incorporarán después de conciliar su adscripción.",,,,,Federal,Federal,,,Vigente,,Verificado / cobertura amplia,Seguridad y defensa,0,0,0,0,1,0,1
sspc-sub-prev,Subsecretaría de Prevención de las Violencias,Sub. Prevención Violencias,Poder Ejecutivo,Subsecretaría,sec-4,Secretaría de Seguridad y Protección Ciudadana,4,"Reglamento Interior SSPC, art. 2",RI_SSPC_2025,Reglamento Interior de la Secretaría de Seguridad y Protección Ciudadana,https://www.dof.gob.mx/nota_detalle.php?codigo=5760917&fecha=24/06/2025,2025-06-24,Sí,Estructura verificada en fuente oficial,,,,,2026-09-28,"En v0.4 se carga el nivel de subsecretarías, unidades y OAD; las direcciones generales se incorporarán después de conciliar su adscripción.",,,,,Federal,Federal,,,Vigente,,Verificado / cobertura amplia,Seguridad y defensa,0,0,0,0,1,0,1
sspc-u-do,Unidad de Investigación de Delitos en Materia de Delincuencia Organizada y Delitos Contenidos en Leyes Especiales,UID Delincuencia Organizada,Poder Ejecutivo,Unidad,sec-4,Secretaría de Seguridad y Protección Ciudadana,4,"Reglamento Interior SSPC, art. 2",RI_SSPC_2025,Reglamento Interior de la Secretaría de Seguridad y Protección Ciudadana,https://www.dof.gob.mx/nota_detalle.php?codigo=5760917&fecha=24/06/2025,2025-06-24,Sí,Estructura verificada en fuente oficial,,,,,2026-09-28,"En v0.4 se carga el nivel de subsecretarías, unidades y OAD; las direcciones generales se incorporarán después de conciliar su adscripción.",,,,,Federal,Federal,,,Vigente,,Verificado / cobertura amplia,Seguridad y defensa,0,0,0,0,1,0,1
sspc-u-anal,"Unidad de Análisis, Investigación de Gabinete e Inteligencia Policial",UAIGIP,Poder Ejecutivo,Unidad,sec-4,Secretaría de Seguridad y Protección Ciudadana,4,"Reglamento Interior SSPC, art. 2",RI_SSPC_2025,Reglamento Interior de la Secretaría de Seguridad y Protección Ciudadana,https://www.dof.gob.mx/nota_detalle.php?codigo=5760917&fecha=24/06/2025,2025-06-24,Sí,Estructura verificada en fuente oficial,,,,,2026-09-28,"En v0.4 se carga el nivel de subsecretarías, unidades y OAD; las direcciones generales se incorporarán después de conciliar su adscripción.",,,,,Federal,Federal,,,Vigente,,Verificado / cobertura amplia,Seguridad y defensa,0,0,0,0,1,0,1
sspc-u-alto,Unidad de Investigación de Delitos de Alto Impacto y Operaciones Estratégicas,UID Alto Impacto,Poder Ejecutivo,Unidad,sec-4,Secretaría de Seguridad y Protección Ciudadana,4,"Reglamento Interior SSPC, art. 2",RI_SSPC_2025,Reglamento Interior de la Secretaría de Seguridad y Protección Ciudadana,https://www.dof.gob.mx/nota_detalle.php?codigo=5760917&fecha=24/06/2025,2025-06-24,Sí,Estructura verificada en fuente oficial,,,,,2026-09-28,"En v0.4 se carga el nivel de subsecretarías, unidades y OAD; las direcciones generales se incorporarán después de conciliar su adscripción.",,,,,Federal,Federal,,,Vigente,,Verificado / cobertura amplia,Seguridad y defensa,0,0,0,0,1,0,1
sspc-u-anti,Unidad de Antisecuestro y Antiextorsión,Antisecuestro/Antiextorsión,Poder Ejecutivo,Unidad,sec-4,Secretaría de Seguridad y Protección Ciudadana,4,"Reglamento Interior SSPC, art. 2",RI_SSPC_2025,Reglamento Interior de la Secretaría de Seguridad y Protección Ciudadana,https://www.dof.gob.mx/nota_detalle.php?codigo=5760917&fecha=24/06/2025,2025-06-24,Sí,Estructura verificada en fuente oficial,,,,,2026-09-28,"En v0.4 se carga el nivel de subsecretarías, unidades y OAD; las direcciones generales se incorporarán después de conciliar su adscripción.",,,,,Federal,Federal,,,Vigente,,Verificado / cobertura amplia,Seguridad y defensa,0,0,0,0,1,0,1
sspc-u-trans,Unidad para la Atención de Delitos Transnacionales,Delitos Transnacionales,Poder Ejecutivo,Unidad,sec-4,Secretaría de Seguridad y Protección Ciudadana,4,"Reglamento Interior SSPC, art. 2",RI_SSPC_2025,Reglamento Interior de la Secretaría de Seguridad y Protección Ciudadana,https://www.dof.gob.mx/nota_detalle.php?codigo=5760917&fecha=24/06/2025,2025-06-24,Sí,Estructura verificada en fuente oficial,,,,,2026-09-28,"En v0.4 se carga el nivel de subsecretarías, unidades y OAD; las direcciones generales se incorporarán después de conciliar su adscripción.",,,,,Federal,Federal,,,Vigente,,Verificado / cobertura amplia,Seguridad y defensa,0,0,0,0,1,0,1
sspc-u-ciber,"Unidad de Inteligencia, Investigación Cibernética y Operaciones Tecnológicas",UICOT,Poder Ejecutivo,Unidad,sec-4,Secretaría de Seguridad y Protección Ciudadana,4,"Reglamento Interior SSPC, art. 2",RI_SSPC_2025,Reglamento Interior de la Secretaría de Seguridad y Protección Ciudadana,https://www.dof.gob.mx/nota_detalle.php?codigo=5760917&fecha=24/06/2025,2025-06-24,Sí,Estructura verificada en fuente oficial,,,,,2026-09-28,"En v0.4 se carga el nivel de subsecretarías, unidades y OAD; las direcciones generales se incorporarán después de conciliar su adscripción.",,,,,Federal,Federal,,,Vigente,,Verificado / cobertura amplia,Seguridad y defensa,0,0,0,0,1,0,1
sspc-u-infra,Unidad de Infraestructura Informática y Vinculación Tecnológica,Infraestructura/Vinculación TI,Poder Ejecutivo,Unidad,sec-4,Secretaría de Seguridad y Protección Ciudadana,4,"Reglamento Interior SSPC, art. 2",RI_SSPC_2025,Reglamento Interior de la Secretaría de Seguridad y Protección Ciudadana,https://www.dof.gob.mx/nota_detalle.php?codigo=5760917&fecha=24/06/2025,2025-06-24,Sí,Estructura verificada en fuente oficial,,,,,2026-09-28,"En v0.4 se carga el nivel de subsecretarías, unidades y OAD; las direcciones generales se incorporarán después de conciliar su adscripción.",,,,,Federal,Federal,,,Vigente,,Verificado / cobertura amplia,Seguridad y defensa,0,0,0,0,1,0,1
sspc-u-plan,Unidad de Planeación Estratégica y Vinculación Interinstitucional e Internacional,Planeación Estratégica,Poder Ejecutivo,Unidad,sec-4,Secretaría de Seguridad y Protección Ciudadana,4,"Reglamento Interior SSPC, art. 2",RI_SSPC_2025,Reglamento Interior de la Secretaría de Seguridad y Protección Ciudadana,https://www.dof.gob.mx/nota_detalle.php?codigo=5760917&fecha=24/06/2025,2025-06-24,Sí,Estructura verificada en fuente oficial,,,,,2026-09-28,"En v0.4 se carga el nivel de subsecretarías, unidades y OAD; las direcciones generales se incorporarán después de conciliar su adscripción.",,,,,Federal,Federal,,,Vigente,,Verificado / cobertura amplia,Seguridad y defensa,0,0,0,0,1,0,1
sspc-u-polpen,Unidad de Política Policial y Penitenciaria,Política Policial/Penitenciaria,Poder Ejecutivo,Unidad,sec-4,Secretaría de Seguridad y Protección Ciudadana,4,"Reglamento Interior SSPC, art. 2",RI_SSPC_2025,Reglamento Interior de la Secretaría de Seguridad y Protección Ciudadana,https://www.dof.gob.mx/nota_detalle.php?codigo=5760917&fecha=24/06/2025,2025-06-24,Sí,Estructura verificada en fuente oficial,,,,,2026-09-28,"En v0.4 se carga el nivel de subsecretarías, unidades y OAD; las direcciones generales se incorporarán después de conciliar su adscripción.",,,,,Federal,Federal,,,Vigente,,Verificado / cobertura amplia,Seguridad y defensa,0,0,0,0,1,0,1
sspc-cnpc,Coordinación Nacional de Protección Civil,CNPC,Poder Ejecutivo,Coordinación,sec-4,Secretaría de Seguridad y Protección Ciudadana,4,"Reglamento Interior SSPC, art. 2",RI_SSPC_2025,Reglamento Interior de la Secretaría de Seguridad y Protección Ciudadana,https://www.dof.gob.mx/nota_detalle.php?codigo=5760917&fecha=24/06/2025,2025-06-24,Sí,Estructura verificada en fuente oficial,,,,,2026-09-28,"En v0.4 se carga el nivel de subsecretarías, unidades y OAD; las direcciones generales se incorporarán después de conciliar su adscripción.",,,,,Federal,Federal,,,Vigente,,Verificado / cobertura amplia,Seguridad y defensa,0,0,0,0,1,0,1
sspc-u-paz,Unidad para el Fomento de la Paz,Fomento de la Paz,Poder Ejecutivo,Unidad,sec-4,Secretaría de Seguridad y Protección Ciudadana,4,"Reglamento Interior SSPC, art. 2",RI_SSPC_2025,Reglamento Interior de la Secretaría de Seguridad y Protección Ciudadana,https://www.dof.gob.mx/nota_detalle.php?codigo=5760917&fecha=24/06/2025,2025-06-24,Sí,Estructura verificada en fuente oficial,,,,,2026-09-28,"En v0.4 se carga el nivel de subsecretarías, unidades y OAD; las direcciones generales se incorporarán después de conciliar su adscripción.",,,,,Federal,Federal,,,Vigente,,Verificado / cobertura amplia,Seguridad y defensa,0,0,0,0,1,0,1
sspc-u-jur,"Unidad General de Asuntos Jurídicos, Derechos Humanos y Transparencia",UGAJDHT,Poder Ejecutivo,Unidad,sec-4,Secretaría de Seguridad y Protección Ciudadana,4,"Reglamento Interior SSPC, art. 2",RI_SSPC_2025,Reglamento Interior de la Secretaría de Seguridad y Protección Ciudadana,https://www.dof.gob.mx/nota_detalle.php?codigo=5760917&fecha=24/06/2025,2025-06-24,Sí,Estructura verificada en fuente oficial,,,,,2026-09-28,"En v0.4 se carga el nivel de subsecretarías, unidades y OAD; las direcciones generales se incorporarán después de conciliar su adscripción.",,,,,Federal,Federal,,,Vigente,,Verificado / cobertura amplia,Seguridad y defensa,0,0,0,0,1,0,1
sspc-uaf,Unidad de Administración y Finanzas,UAF,Poder Ejecutivo,Unidad,sec-4,Secretaría de Seguridad y Protección Ciudadana,4,"Reglamento Interior SSPC, art. 2",RI_SSPC_2025,Reglamento Interior de la Secretaría de Seguridad y Protección Ciudadana,https://www.dof.gob.mx/nota_detalle.php?codigo=5760917&fecha=24/06/2025,2025-06-24,Sí,Estructura verificada en fuente oficial,,,,,2026-09-28,"En v0.4 se carga el nivel de subsecretarías, unidades y OAD; las direcciones generales se incorporarán después de conciliar su adscripción.",,,,,Federal,Federal,,,Vigente,,Verificado / cobertura amplia,Seguridad y defensa,0,0,0,0,1,0,1
sspc-u-ai,Unidad de Asuntos Internos,Asuntos Internos,Poder Ejecutivo,Unidad,sec-4,Secretaría de Seguridad y Protección Ciudadana,4,"Reglamento Interior SSPC, art. 2",RI_SSPC_2025,Reglamento Interior de la Secretaría de Seguridad y Protección Ciudadana,https://www.dof.gob.mx/nota_detalle.php?codigo=5760917&fecha=24/06/2025,2025-06-24,Sí,Estructura verificada en fuente oficial,,,,,2026-09-28,"En v0.4 se carga el nivel de subsecretarías, unidades y OAD; las direcciones generales se incorporarán después de conciliar su adscripción.",,,,,Federal,Federal,,,Vigente,,Verificado / cobertura amplia,Seguridad y defensa,0,0,0,0,1,0,1
sspc-spf,Servicio de Protección Federal,SPF,Poder Ejecutivo,Órgano administrativo desconcentrado,sec-4,Secretaría de Seguridad y Protección Ciudadana,4,"Reglamento Interior SSPC, art. 2",RI_SSPC_2025,Reglamento Interior de la Secretaría de Seguridad y Protección Ciudadana,https://www.dof.gob.mx/nota_detalle.php?codigo=5760917&fecha=24/06/2025,2025-06-24,Sí,Estructura verificada en fuente oficial,,,,,2026-09-28,"En v0.4 se carga el nivel de subsecretarías, unidades y OAD; las direcciones generales se incorporarán después de conciliar su adscripción.",,,,,Federal,Federal,,,Vigente,,Verificado / cobertura amplia,Seguridad y defensa,0,0,0,0,1,0,1
sspc-prs,Prevención y Reinserción Social,PyRS,Poder Ejecutivo,Órgano administrativo desconcentrado,sec-4,Secretaría de Seguridad y Protección Ciudadana,4,"Reglamento Interior SSPC, art. 2",RI_SSPC_2025,Reglamento Interior de la Secretaría de Seguridad y Protección Ciudadana,https://www.dof.gob.mx/nota_detalle.php?codigo=5760917&fecha=24/06/2025,2025-06-24,Sí,Estructura verificada en fuente oficial,,,,,2026-09-28,"En v0.4 se carga el nivel de subsecretarías, unidades y OAD; las direcciones generales se incorporarán después de conciliar su adscripción.",,,,,Federal,Federal,,,Vigente,,Verificado / cobertura amplia,Seguridad y defensa,0,0,0,0,1,0,1
sspc-cenapred,Centro Nacional de Prevención de Desastres,CENAPRED,Poder Ejecutivo,Órgano administrativo desconcentrado,sec-4,Secretaría de Seguridad y Protección Ciudadana,4,"Reglamento Interior SSPC, art. 2",RI_SSPC_2025,Reglamento Interior de la Secretaría de Seguridad y Protección Ciudadana,https://www.dof.gob.mx/nota_detalle.php?codigo=5760917&fecha=24/06/2025,2025-06-24,Sí,Estructura verificada en fuente oficial,,,,,2026-09-28,"En v0.4 se carga el nivel de subsecretarías, unidades y OAD; las direcciones generales se incorporarán después de conciliar su adscripción.",,,,,Federal,Federal,,,Vigente,,Verificado / cobertura amplia,Seguridad y defensa,0,0,0,0,1,0,1
sspc-cni,Centro Nacional de Inteligencia,CNI,Poder Ejecutivo,Órgano administrativo desconcentrado,sec-4,Secretaría de Seguridad y Protección Ciudadana,4,"Reglamento Interior SSPC, art. 2",RI_SSPC_2025,Reglamento Interior de la Secretaría de Seguridad y Protección Ciudadana,https://www.dof.gob.mx/nota_detalle.php?codigo=5760917&fecha=24/06/2025,2025-06-24,Sí,Estructura verificada en fuente oficial,,,,,2026-09-28,"En v0.4 se carga el nivel de subsecretarías, unidades y OAD; las direcciones generales se incorporarán después de conciliar su adscripción.",,,,,Federal,Federal,,,Vigente,,Verificado / cobertura amplia,Seguridad y defensa,0,0,0,0,1,0,1
sspc-sesnsp,Secretariado Ejecutivo del Sistema Nacional de Seguridad Pública,SESNSP,Poder Ejecutivo,Órgano administrativo desconcentrado,sec-4,Secretaría de Seguridad y Protección Ciudadana,4,"Reglamento Interior SSPC, art. 2",RI_SSPC_2025,Reglamento Interior de la Secretaría de Seguridad y Protección Ciudadana,https://www.dof.gob.mx/nota_detalle.php?codigo=5760917&fecha=24/06/2025,2025-06-24,Sí,Estructura verificada en fuente oficial,,,,,2026-09-28,"En v0.4 se carga el nivel de subsecretarías, unidades y OAD; las direcciones generales se incorporarán después de conciliar su adscripción.",,,,,Federal,Federal,,,Vigente,,Verificado / cobertura amplia,Seguridad y defensa,0,0,0,0,1,0,1
bien-dg-com,Dirección General de Comunicación Social,DG Comunicación Social,Poder Ejecutivo,Dirección General,sec-6,Secretaría de Bienestar,4,"MOG Bienestar 19-06-2024, estructura orgánica básica",MOG_BIENESTAR_2024,Manual de Organización General de la Secretaría de Bienestar,https://dof.gob.mx/abrirPDF.php?anio=2024&archivo=19062024-MAT.pdf&repo=,2024-06-19,Sí,Estructura verificada en fuente oficial,,,,,2026-09-28,,,,,,Federal,Federal,,,Vigente,,Verificado / cobertura amplia,Derechos y bienestar,0,0,0,0,1,0,1
bien-dg-reg,Dirección General de Desarrollo Regional,DG Desarrollo Regional,Poder Ejecutivo,Dirección General,sec-6,Secretaría de Bienestar,4,"MOG Bienestar 19-06-2024, estructura orgánica básica",MOG_BIENESTAR_2024,Manual de Organización General de la Secretaría de Bienestar,https://dof.gob.mx/abrirPDF.php?anio=2024&archivo=19062024-MAT.pdf&repo=,2024-06-19,Sí,Estructura verificada en fuente oficial,,,,,2026-09-28,,,,,,Federal,Federal,,,Vigente,,Verificado / cobertura amplia,Derechos y bienestar,0,0,0,0,1,0,1
bien-u-del,Unidad de Coordinación de Delegaciones,Unidad Coord. Delegaciones,Poder Ejecutivo,Unidad,sec-6,Secretaría de Bienestar,4,"MOG Bienestar 19-06-2024, estructura orgánica básica",MOG_BIENESTAR_2024,Manual de Organización General de la Secretaría de Bienestar,https://dof.gob.mx/abrirPDF.php?anio=2024&archivo=19062024-MAT.pdf&repo=,2024-06-19,Sí,Estructura verificada en fuente oficial,,,,,2026-09-28,,,,,,Federal,Federal,,,Vigente,,Verificado / cobertura amplia,Derechos y bienestar,0,0,0,0,1,0,1
bien-u-vinc,Unidad de Vinculación Interinstitucional,Vinculación Interinstitucional,Poder Ejecutivo,Unidad,sec-6,Secretaría de Bienestar,4,"MOG Bienestar 19-06-2024, estructura orgánica básica",MOG_BIENESTAR_2024,Manual de Organización General de la Secretaría de Bienestar,https://dof.gob.mx/abrirPDF.php?anio=2024&archivo=19062024-MAT.pdf&repo=,2024-06-19,Sí,Estructura verificada en fuente oficial,,,,,2026-09-28,,,,,,Federal,Federal,,,Vigente,,Verificado / cobertura amplia,Derechos y bienestar,0,0,0,0,1,0,1
bien-dg-cohesion,Dirección General para el Bienestar y la Cohesión Social,DG Bienestar/Cohesión,Poder Ejecutivo,Dirección General,sec-6,Secretaría de Bienestar,4,"MOG Bienestar 19-06-2024, estructura orgánica básica",MOG_BIENESTAR_2024,Manual de Organización General de la Secretaría de Bienestar,https://dof.gob.mx/abrirPDF.php?anio=2024&archivo=19062024-MAT.pdf&repo=,2024-06-19,Sí,Estructura verificada en fuente oficial,,,,,2026-09-28,,,,,,Federal,Federal,,,Vigente,,Verificado / cobertura amplia,Derechos y bienestar,0,0,0,0,1,0,1
bien-sub,Subsecretaría de Bienestar,Sub. Bienestar,Poder Ejecutivo,Subsecretaría,sec-6,Secretaría de Bienestar,4,"MOG Bienestar 19-06-2024, estructura orgánica básica",MOG_BIENESTAR_2024,Manual de Organización General de la Secretaría de Bienestar,https://dof.gob.mx/abrirPDF.php?anio=2024&archivo=19062024-MAT.pdf&repo=,2024-06-19,Sí,Estructura verificada en fuente oficial,,,,,2026-09-28,,,,,,Federal,Federal,,,Vigente,,Verificado / cobertura amplia,Derechos y bienestar,2,7,0,0,1,2,3
bien-sub-inc,Subsecretaría de Inclusión Productiva y Desarrollo Rural,Sub. Inclusión Productiva,Poder Ejecutivo,Subsecretaría,sec-6,Secretaría de Bienestar,4,"MOG Bienestar 19-06-2024, estructura orgánica básica",MOG_BIENESTAR_2024,Manual de Organización General de la Secretaría de Bienestar,https://dof.gob.mx/abrirPDF.php?anio=2024&archivo=19062024-MAT.pdf&repo=,2024-06-19,Sí,Estructura verificada en fuente oficial,,,,,2026-09-28,,,,,,Federal,Federal,,,Vigente,,Verificado / cobertura amplia,Derechos y bienestar,4,4,0,0,1,1,5
bien-uaf,Unidad de Administración y Finanzas,UAF,Poder Ejecutivo,Unidad,sec-6,Secretaría de Bienestar,4,"MOG Bienestar 19-06-2024, estructura orgánica básica",MOG_BIENESTAR_2024,Manual de Organización General de la Secretaría de Bienestar,https://dof.gob.mx/abrirPDF.php?anio=2024&archivo=19062024-MAT.pdf&repo=,2024-06-19,Sí,Estructura verificada en fuente oficial,,,,,2026-09-28,,,,,,Federal,Federal,,,Vigente,,Verificado / cobertura amplia,Derechos y bienestar,5,5,0,0,1,1,6
bien-uagct,Unidad del Abogado General y Comisionado para la Transparencia,UAGCT,Poder Ejecutivo,Unidad,sec-6,Secretaría de Bienestar,4,"MOG Bienestar 19-06-2024, estructura orgánica básica",MOG_BIENESTAR_2024,Manual de Organización General de la Secretaría de Bienestar,https://dof.gob.mx/abrirPDF.php?anio=2024&archivo=19062024-MAT.pdf&repo=,2024-06-19,Sí,Estructura verificada en fuente oficial,,,,,2026-09-28,,,,,,Federal,Federal,,,Vigente,,Verificado / cobertura amplia,Derechos y bienestar,1,1,0,0,1,1,2
bien-u-plan,Unidad de Planeación y Evaluación de Programas para el Desarrollo,Planeación/Evaluación,Poder Ejecutivo,Unidad,sec-6,Secretaría de Bienestar,4,"MOG Bienestar 19-06-2024, estructura orgánica básica",MOG_BIENESTAR_2024,Manual de Organización General de la Secretaría de Bienestar,https://dof.gob.mx/abrirPDF.php?anio=2024&archivo=19062024-MAT.pdf&repo=,2024-06-19,Sí,Estructura verificada en fuente oficial,,,,,2026-09-28,,,,,,Federal,Federal,,,Vigente,,Verificado / cobertura amplia,Derechos y bienestar,3,3,0,0,1,1,4
bien-inaes,Instituto Nacional de la Economía Social,INAES,Poder Ejecutivo,Órgano administrativo desconcentrado,sec-6,Secretaría de Bienestar,4,"MOG Bienestar 19-06-2024, estructura orgánica básica",MOG_BIENESTAR_2024,Manual de Organización General de la Secretaría de Bienestar,https://dof.gob.mx/abrirPDF.php?anio=2024&archivo=19062024-MAT.pdf&repo=,2024-06-19,Sí,Estructura verificada en fuente oficial,,,,,2026-09-28,,,,,,Federal,Federal,,,Vigente,,Verificado / cobertura amplia,Derechos y bienestar,0,0,0,0,1,0,1
bien-deleg,Delegaciones de Programas para el Desarrollo,Delegaciones Programas,Poder Ejecutivo,Órgano administrativo desconcentrado,sec-6,Secretaría de Bienestar,4,"MOG Bienestar 19-06-2024, estructura orgánica básica",MOG_BIENESTAR_2024,Manual de Organización General de la Secretaría de Bienestar,https://dof.gob.mx/abrirPDF.php?anio=2024&archivo=19062024-MAT.pdf&repo=,2024-06-19,Sí,Estructura verificada en fuente oficial,,,,,2026-09-28,,,,,,Federal,Federal,,,Vigente,,Verificado / cobertura amplia,Derechos y bienestar,0,0,0,0,1,0,1
bien-u-grupos,Unidad para la Atención de Grupos Prioritarios,Atención Grupos Prioritarios,Poder Ejecutivo,Unidad,bien-sub,Subsecretaría de Bienestar,5,MOG Bienestar 2024,MOG_BIENESTAR_2024,Manual de Organización General de la Secretaría de Bienestar,https://dof.gob.mx/abrirPDF.php?anio=2024&archivo=19062024-MAT.pdf&repo=,2024-06-19,Sí,Estructura verificada en fuente oficial,,,,,2026-09-28,,,,,,Federal,Federal,,,Vigente,,Verificado / cobertura amplia,Derechos y bienestar,5,5,0,0,1,1,6
bien-dg-adultos,Dirección General para el Bienestar de las Personas Adultas Mayores,DG Adultas Mayores,Poder Ejecutivo,Dirección General,bien-u-grupos,Unidad para la Atención de Grupos Prioritarios,6,MOG Bienestar 2024,MOG_BIENESTAR_2024,Manual de Organización General de la Secretaría de Bienestar,https://dof.gob.mx/abrirPDF.php?anio=2024&archivo=19062024-MAT.pdf&repo=,2024-06-19,Sí,Estructura verificada en fuente oficial,,,,,2026-09-28,,,,,,Federal,Federal,,,Vigente,,Verificado / cobertura amplia,Derechos y bienestar,0,0,0,0,1,0,1
bien-dg-disc,Dirección General para el Bienestar de las Personas con Discapacidad,DG Discapacidad,Poder Ejecutivo,Dirección General,bien-u-grupos,Unidad para la Atención de Grupos Prioritarios,6,MOG Bienestar 2024,MOG_BIENESTAR_2024,Manual de Organización General de la Secretaría de Bienestar,https://dof.gob.mx/abrirPDF.php?anio=2024&archivo=19062024-MAT.pdf&repo=,2024-06-19,Sí,Estructura verificada en fuente oficial,,,,,2026-09-28,,,,,,Federal,Federal,,,Vigente,,Verificado / cobertura amplia,Derechos y bienestar,0,0,0,0,1,0,1
bien-dg-nna,"Dirección General para el Bienestar de las Niñas, Niños y Adolescentes",DG NNA,Poder Ejecutivo,Dirección General,bien-u-grupos,Unidad para la Atención de Grupos Prioritarios,6,MOG Bienestar 2024,MOG_BIENESTAR_2024,Manual de Organización General de la Secretaría de Bienestar,https://dof.gob.mx/abrirPDF.php?anio=2024&archivo=19062024-MAT.pdf&repo=,2024-06-19,Sí,Estructura verificada en fuente oficial,,,,,2026-09-28,,,,,,Federal,Federal,,,Vigente,,Verificado / cobertura amplia,Derechos y bienestar,0,0,0,0,1,0,1
bien-dg-valid,Dirección General para la Validación de Beneficiarios,DG Validación Beneficiarios,Poder Ejecutivo,Dirección General,bien-u-grupos,Unidad para la Atención de Grupos Prioritarios,6,MOG Bienestar 2024,MOG_BIENESTAR_2024,Manual de Organización General de la Secretaría de Bienestar,https://dof.gob.mx/abrirPDF.php?anio=2024&archivo=19062024-MAT.pdf&repo=,2024-06-19,Sí,Estructura verificada en fuente oficial,,,,,2026-09-28,,,,,,Federal,Federal,,,Vigente,,Verificado / cobertura amplia,Derechos y bienestar,0,0,0,0,1,0,1
bien-dg-oper,Dirección General de Operación Integral de Programas,DG Operación Programas,Poder Ejecutivo,Dirección General,bien-u-grupos,Unidad para la Atención de Grupos Prioritarios,6,MOG Bienestar 2024,MOG_BIENESTAR_2024,Manual de Organización General de la Secretaría de Bienestar,https://dof.gob.mx/abrirPDF.php?anio=2024&archivo=19062024-MAT.pdf&repo=,2024-06-19,Sí,Estructura verificada en fuente oficial,,,,,2026-09-28,,,,,,Federal,Federal,,,Vigente,,Verificado / cobertura amplia,Derechos y bienestar,0,0,0,0,1,0,1
bien-dg-seg,Dirección General de Seguimiento y Evaluación,DG Seguimiento/Evaluación,Poder Ejecutivo,Dirección General,bien-sub,Subsecretaría de Bienestar,5,MOG Bienestar 2024,MOG_BIENESTAR_2024,Manual de Organización General de la Secretaría de Bienestar,https://dof.gob.mx/abrirPDF.php?anio=2024&archivo=19062024-MAT.pdf&repo=,2024-06-19,Sí,Estructura verificada en fuente oficial,,,,,2026-09-28,,,,,,Federal,Federal,,,Vigente,,Verificado / cobertura amplia,Derechos y bienestar,0,0,0,0,1,0,1
bien-dg-org,"Dirección General de Organización, Formación e Inclusión Productiva",DG Organización/Inclusión,Poder Ejecutivo,Dirección General,bien-sub-inc,Subsecretaría de Inclusión Productiva y Desarrollo Rural,5,MOG Bienestar 2024,MOG_BIENESTAR_2024,Manual de Organización General de la Secretaría de Bienestar,https://dof.gob.mx/abrirPDF.php?anio=2024&archivo=19062024-MAT.pdf&repo=,2024-06-19,Sí,Estructura verificada en fuente oficial,,,,,2026-09-28,,,,,,Federal,Federal,,,Vigente,,Verificado / cobertura amplia,Derechos y bienestar,0,0,0,0,1,0,1
bien-dg-log,Dirección General de Seguimiento y Logística para el Desarrollo Rural y Productivo,DG Seguimiento/Logística,Poder Ejecutivo,Dirección General,bien-sub-inc,Subsecretaría de Inclusión Productiva y Desarrollo Rural,5,MOG Bienestar 2024,MOG_BIENESTAR_2024,Manual de Organización General de la Secretaría de Bienestar,https://dof.gob.mx/abrirPDF.php?anio=2024&archivo=19062024-MAT.pdf&repo=,2024-06-19,Sí,Estructura verificada en fuente oficial,,,,,2026-09-28,,,,,,Federal,Federal,,,Vigente,,Verificado / cobertura amplia,Derechos y bienestar,0,0,0,0,1,0,1
bien-dg-agro,Dirección General de Instrumentación de Programas de Agroforestería,DG Agroforestería,Poder Ejecutivo,Dirección General,bien-sub-inc,Subsecretaría de Inclusión Productiva y Desarrollo Rural,5,MOG Bienestar 2024,MOG_BIENESTAR_2024,Manual de Organización General de la Secretaría de Bienestar,https://dof.gob.mx/abrirPDF.php?anio=2024&archivo=19062024-MAT.pdf&repo=,2024-06-19,Sí,Estructura verificada en fuente oficial,,,,,2026-09-28,,,,,,Federal,Federal,,,Vigente,,Verificado / cobertura amplia,Derechos y bienestar,0,0,0,0,1,0,1
bien-dg-vincrur,Dirección General de Vinculación y Estrategias de Programas de Desarrollo Rural,DG Vinculación Rural,Poder Ejecutivo,Dirección General,bien-sub-inc,Subsecretaría de Inclusión Productiva y Desarrollo Rural,5,MOG Bienestar 2024,MOG_BIENESTAR_2024,Manual de Organización General de la Secretaría de Bienestar,https://dof.gob.mx/abrirPDF.php?anio=2024&archivo=19062024-MAT.pdf&repo=,2024-06-19,Sí,Estructura verificada en fuente oficial,,,,,2026-09-28,,,,,,Federal,Federal,,,Vigente,,Verificado / cobertura amplia,Derechos y bienestar,0,0,0,0,1,0,1
bien-dg-pp,Dirección General de Programación y Presupuesto,DG Programación/Presupuesto,Poder Ejecutivo,Dirección General,bien-uaf,Unidad de Administración y Finanzas,5,MOG Bienestar 2024,MOG_BIENESTAR_2024,Manual de Organización General de la Secretaría de Bienestar,https://dof.gob.mx/abrirPDF.php?anio=2024&archivo=19062024-MAT.pdf&repo=,2024-06-19,Sí,Estructura verificada en fuente oficial,,,,,2026-09-28,,,,,,Federal,Federal,,,Vigente,,Verificado / cobertura amplia,Derechos y bienestar,0,0,0,0,1,0,1
bien-dg-rm,Dirección General de Recursos Materiales,DG Recursos Materiales,Poder Ejecutivo,Dirección General,bien-uaf,Unidad de Administración y Finanzas,5,MOG Bienestar 2024,MOG_BIENESTAR_2024,Manual de Organización General de la Secretaría de Bienestar,https://dof.gob.mx/abrirPDF.php?anio=2024&archivo=19062024-MAT.pdf&repo=,2024-06-19,Sí,Estructura verificada en fuente oficial,,,,,2026-09-28,,,,,,Federal,Federal,,,Vigente,,Verificado / cobertura amplia,Derechos y bienestar,0,0,0,0,1,0,1
bien-dg-rh,Dirección General de Recursos Humanos,DG Recursos Humanos,Poder Ejecutivo,Dirección General,bien-uaf,Unidad de Administración y Finanzas,5,MOG Bienestar 2024,MOG_BIENESTAR_2024,Manual de Organización General de la Secretaría de Bienestar,https://dof.gob.mx/abrirPDF.php?anio=2024&archivo=19062024-MAT.pdf&repo=,2024-06-19,Sí,Estructura verificada en fuente oficial,,,,,2026-09-28,,,,,,Federal,Federal,,,Vigente,,Verificado / cobertura amplia,Derechos y bienestar,0,0,0,0,1,0,1
bien-dg-ti,Dirección General de Tecnologías de la Información y Comunicaciones,DG TIC,Poder Ejecutivo,Dirección General,bien-uaf,Unidad de Administración y Finanzas,5,MOG Bienestar 2024,MOG_BIENESTAR_2024,Manual de Organización General de la Secretaría de Bienestar,https://dof.gob.mx/abrirPDF.php?anio=2024&archivo=19062024-MAT.pdf&repo=,2024-06-19,Sí,Estructura verificada en fuente oficial,,,,,2026-09-28,,,,,,Federal,Federal,,,Vigente,,Verificado / cobertura amplia,Derechos y bienestar,0,0,0,0,1,0,1
bien-dg-proc,Dirección General de Procesos y Estructuras Organizacionales,DG Procesos/Estructuras,Poder Ejecutivo,Dirección General,bien-uaf,Unidad de Administración y Finanzas,5,MOG Bienestar 2024,MOG_BIENESTAR_2024,Manual de Organización General de la Secretaría de Bienestar,https://dof.gob.mx/abrirPDF.php?anio=2024&archivo=19062024-MAT.pdf&repo=,2024-06-19,Sí,Estructura verificada en fuente oficial,,,,,2026-09-28,,,,,,Federal,Federal,,,Vigente,,Verificado / cobertura amplia,Derechos y bienestar,0,0,0,0,1,0,1
bien-dg-norm,Dirección General de Normatividad y Asuntos Contenciosos,DG Normatividad/Contencioso,Poder Ejecutivo,Dirección General,bien-uagct,Unidad del Abogado General y Comisionado para la Transparencia,5,MOG Bienestar 2024,MOG_BIENESTAR_2024,Manual de Organización General de la Secretaría de Bienestar,https://dof.gob.mx/abrirPDF.php?anio=2024&archivo=19062024-MAT.pdf&repo=,2024-06-19,Sí,Estructura verificada en fuente oficial,,,,,2026-09-28,,,,,,Federal,Federal,,,Vigente,,Verificado / cobertura amplia,Derechos y bienestar,0,0,0,0,1,0,1
bien-dg-mon,Dirección General de Monitoreo y Evaluación para el Desarrollo,DG Monitoreo/Evaluación,Poder Ejecutivo,Dirección General,bien-u-plan,Unidad de Planeación y Evaluación de Programas para el Desarrollo,5,MOG Bienestar 2024,MOG_BIENESTAR_2024,Manual de Organización General de la Secretaría de Bienestar,https://dof.gob.mx/abrirPDF.php?anio=2024&archivo=19062024-MAT.pdf&repo=,2024-06-19,Sí,Estructura verificada en fuente oficial,,,,,2026-09-28,,,,,,Federal,Federal,,,Vigente,,Verificado / cobertura amplia,Derechos y bienestar,0,0,0,0,1,0,1
bien-dg-plan,Dirección General de Planeación y Análisis,DG Planeación/Análisis,Poder Ejecutivo,Dirección General,bien-u-plan,Unidad de Planeación y Evaluación de Programas para el Desarrollo,5,MOG Bienestar 2024,MOG_BIENESTAR_2024,Manual de Organización General de la Secretaría de Bienestar,https://dof.gob.mx/abrirPDF.php?anio=2024&archivo=19062024-MAT.pdf&repo=,2024-06-19,Sí,Estructura verificada en fuente oficial,,,,,2026-09-28,,,,,,Federal,Federal,,,Vigente,,Verificado / cobertura amplia,Derechos y bienestar,0,0,0,0,1,0,1
bien-dg-pad,Dirección General de Padrones de Beneficiarios,DG Padrones,Poder Ejecutivo,Dirección General,bien-u-plan,Unidad de Planeación y Evaluación de Programas para el Desarrollo,5,MOG Bienestar 2024,MOG_BIENESTAR_2024,Manual de Organización General de la Secretaría de Bienestar,https://dof.gob.mx/abrirPDF.php?anio=2024&archivo=19062024-MAT.pdf&repo=,2024-06-19,Sí,Estructura verificada en fuente oficial,,,,,2026-09-28,,,,,,Federal,Federal,,,Vigente,,Verificado / cobertura amplia,Derechos y bienestar,0,0,0,0,1,0,1
eco-sub-ind,Subsecretaría de Industria y Comercio,Sub. Industria/Comercio,Poder Ejecutivo,Subsecretaría,sec-9,Secretaría de Economía,4,Acuerdo de adscripción Secretaría de Economía 10-04-2024,ADS_ECONOMIA_2024,Acuerdo por el que se adscriben orgánicamente las unidades administrativas de la Secretaría de Economía,https://www.dof.gob.mx/abrirPDF.php?anio=2024&archivo=10042024-MAT.pdf&repo=,2024-04-10,Sí,Estructura verificada en fuente oficial,,,,,2026-09-28,Estructura v0.4 conciliada con MOG 2022 y reforma reglamentaria 2025; revisión exhaustiva pendiente.,,,,,Federal,Federal,,,Vigente,,Verificado / cobertura amplia,Hacienda y economía,6,12,0,0,2,2,7
eco-sub-ext,Subsecretaría de Comercio Exterior,Sub. Comercio Exterior,Poder Ejecutivo,Subsecretaría,sec-9,Secretaría de Economía,4,Acuerdo de adscripción Secretaría de Economía 10-04-2024,ADS_ECONOMIA_2024,Acuerdo por el que se adscriben orgánicamente las unidades administrativas de la Secretaría de Economía,https://www.dof.gob.mx/abrirPDF.php?anio=2024&archivo=10042024-MAT.pdf&repo=,2024-04-10,Sí,Estructura verificada en fuente oficial,,,,,2026-09-28,Estructura v0.4 conciliada con MOG 2022 y reforma reglamentaria 2025; revisión exhaustiva pendiente.,,,,,Federal,Federal,,,Vigente,,Verificado / cobertura amplia,Hacienda y economía,7,12,0,0,2,2,8
eco-uaf,Unidad de Administración y Finanzas,UAF,Poder Ejecutivo,Unidad,sec-9,Secretaría de Economía,4,Acuerdo de adscripción Secretaría de Economía 10-04-2024,ADS_ECONOMIA_2024,Acuerdo por el que se adscriben orgánicamente las unidades administrativas de la Secretaría de Economía,https://www.dof.gob.mx/abrirPDF.php?anio=2024&archivo=10042024-MAT.pdf&repo=,2024-04-10,Sí,Estructura verificada en fuente oficial,,,,,2026-09-28,Estructura v0.4 conciliada con MOG 2022 y reforma reglamentaria 2025; revisión exhaustiva pendiente.,,,,,Federal,Federal,,,Vigente,,Verificado / cobertura amplia,Hacienda y economía,4,4,0,0,2,1,5
eco-uaj,Unidad de Apoyo Jurídico,UAJ,Poder Ejecutivo,Unidad,sec-9,Secretaría de Economía,4,Acuerdo de adscripción Secretaría de Economía 10-04-2024,ADS_ECONOMIA_2024,Acuerdo por el que se adscriben orgánicamente las unidades administrativas de la Secretaría de Economía,https://www.dof.gob.mx/abrirPDF.php?anio=2024&archivo=10042024-MAT.pdf&repo=,2024-04-10,Sí,Estructura verificada en fuente oficial,,,,,2026-09-28,Estructura v0.4 conciliada con MOG 2022 y reforma reglamentaria 2025; revisión exhaustiva pendiente.,,,,,Federal,Federal,,,Vigente,,Verificado / cobertura amplia,Hacienda y economía,4,4,0,0,2,1,5
eco-u-norm,"Unidad de Normatividad, Competitividad y Competencia",Normatividad/Competencia,Poder Ejecutivo,Unidad,sec-9,Secretaría de Economía,4,Acuerdo de adscripción Secretaría de Economía 10-04-2024,ADS_ECONOMIA_2024,Acuerdo por el que se adscriben orgánicamente las unidades administrativas de la Secretaría de Economía,https://www.dof.gob.mx/abrirPDF.php?anio=2024&archivo=10042024-MAT.pdf&repo=,2024-04-10,Sí,Estructura verificada en fuente oficial,,,,,2026-09-28,Estructura v0.4 conciliada con MOG 2022 y reforma reglamentaria 2025; revisión exhaustiva pendiente.,,,,,Federal,Federal,,,Vigente,,Verificado / cobertura amplia,Hacienda y economía,4,6,0,0,2,2,5
eco-u-ext,Unidad de Coordinación de Actividades Extractivas,Actividades Extractivas,Poder Ejecutivo,Unidad,sec-9,Secretaría de Economía,4,Acuerdo de adscripción Secretaría de Economía 10-04-2024,ADS_ECONOMIA_2024,Acuerdo por el que se adscriben orgánicamente las unidades administrativas de la Secretaría de Economía,https://www.dof.gob.mx/abrirPDF.php?anio=2024&archivo=10042024-MAT.pdf&repo=,2024-04-10,Sí,Estructura verificada en fuente oficial,,,,,2026-09-28,Estructura v0.4 conciliada con MOG 2022 y reforma reglamentaria 2025; revisión exhaustiva pendiente.,,,,,Federal,Federal,,,Vigente,,Verificado / cobertura amplia,Hacienda y economía,2,2,0,0,2,1,3
eco-u-plan,"Unidad de Prospectiva, Planeación y Evaluación",Prospectiva/Planeación,Poder Ejecutivo,Unidad,sec-9,Secretaría de Economía,4,Acuerdo de adscripción Secretaría de Economía 10-04-2024,ADS_ECONOMIA_2024,Acuerdo por el que se adscriben orgánicamente las unidades administrativas de la Secretaría de Economía,https://www.dof.gob.mx/abrirPDF.php?anio=2024&archivo=10042024-MAT.pdf&repo=,2024-04-10,Sí,Estructura verificada en fuente oficial,,,,,2026-09-28,Estructura v0.4 conciliada con MOG 2022 y reforma reglamentaria 2025; revisión exhaustiva pendiente.,,,,,Federal,Federal,,,Vigente,,Verificado / cobertura amplia,Hacienda y economía,3,4,0,0,3,2,4
eco-dg-vinc,Dirección General de Vinculación con el Sector Coordinado,DG Vinculación Sector,Poder Ejecutivo,Dirección General,sec-9,Secretaría de Economía,4,Acuerdo de adscripción Secretaría de Economía 10-04-2024,ADS_ECONOMIA_2024,Acuerdo por el que se adscriben orgánicamente las unidades administrativas de la Secretaría de Economía,https://www.dof.gob.mx/abrirPDF.php?anio=2024&archivo=10042024-MAT.pdf&repo=,2024-04-10,Sí,Estructura verificada en fuente oficial,,,,,2026-09-28,Estructura v0.4 conciliada con MOG 2022 y reforma reglamentaria 2025; revisión exhaustiva pendiente.,,,,,Federal,Federal,,,Vigente,,Verificado / cobertura amplia,Hacienda y economía,0,0,0,0,1,0,1
eco-ocs,Oficina de Comunicación Social,Comunicación Social,Poder Ejecutivo,Oficina,sec-9,Secretaría de Economía,4,Acuerdo de adscripción Secretaría de Economía 10-04-2024,ADS_ECONOMIA_2024,Acuerdo por el que se adscriben orgánicamente las unidades administrativas de la Secretaría de Economía,https://www.dof.gob.mx/abrirPDF.php?anio=2024&archivo=10042024-MAT.pdf&repo=,2024-04-10,Sí,Estructura verificada en fuente oficial,,,,,2026-09-28,Estructura v0.4 conciliada con MOG 2022 y reforma reglamentaria 2025; revisión exhaustiva pendiente.,,,,,Federal,Federal,,,Vigente,,Verificado / cobertura amplia,Hacienda y economía,0,0,0,0,1,0,1
eco-oel,Oficina de Enlace Legislativo,Enlace Legislativo,Poder Ejecutivo,Oficina,sec-9,Secretaría de Economía,4,Acuerdo de adscripción Secretaría de Economía 10-04-2024,ADS_ECONOMIA_2024,Acuerdo por el que se adscriben orgánicamente las unidades administrativas de la Secretaría de Economía,https://www.dof.gob.mx/abrirPDF.php?anio=2024&archivo=10042024-MAT.pdf&repo=,2024-04-10,Sí,Estructura verificada en fuente oficial,,,,,2026-09-28,Estructura v0.4 conciliada con MOG 2022 y reforma reglamentaria 2025; revisión exhaustiva pendiente.,,,,,Federal,Federal,,,Vigente,,Verificado / cobertura amplia,Hacienda y economía,0,0,0,0,1,0,1
eco-dg-ppc,"Dirección General de Programación, Presupuesto y Contabilidad",DG Programación/Presupuesto,Poder Ejecutivo,Dirección General,eco-uaf,Unidad de Administración y Finanzas,5,Estructura SE: MOG 2022 + adscripción 2024 + reforma 2025,MOG_ECONOMIA_2022,Manual de Organización General de la Secretaría de Economía,https://dof.gob.mx/nota_detalle.php?codigo=5641872&fecha=02/02/2022,2022-02-02,Sí,Estructura verificada en fuente oficial,,,,,2026-09-28,La conciliación de todas las modificaciones 2022–2025 continúa en v0.4.,,,,,Federal,Federal,,,Vigente,,Verificado / cobertura amplia,Hacienda y economía,0,0,0,0,1,0,1
eco-dg-rh,Dirección General de Recursos Humanos,DG Recursos Humanos,Poder Ejecutivo,Dirección General,eco-uaf,Unidad de Administración y Finanzas,5,Estructura SE: MOG 2022 + adscripción 2024 + reforma 2025,MOG_ECONOMIA_2022,Manual de Organización General de la Secretaría de Economía,https://dof.gob.mx/nota_detalle.php?codigo=5641872&fecha=02/02/2022,2022-02-02,Sí,Estructura verificada en fuente oficial,,,,,2026-09-28,La conciliación de todas las modificaciones 2022–2025 continúa en v0.4.,,,,,Federal,Federal,,,Vigente,,Verificado / cobertura amplia,Hacienda y economía,0,0,0,0,1,0,1
eco-dg-rma,Dirección General de Recursos Materiales y Archivo,DG Recursos/Archivo,Poder Ejecutivo,Dirección General,eco-uaf,Unidad de Administración y Finanzas,5,Estructura SE: MOG 2022 + adscripción 2024 + reforma 2025,MOG_ECONOMIA_2022,Manual de Organización General de la Secretaría de Economía,https://dof.gob.mx/nota_detalle.php?codigo=5641872&fecha=02/02/2022,2022-02-02,Sí,Estructura verificada en fuente oficial,,,,,2026-09-28,La conciliación de todas las modificaciones 2022–2025 continúa en v0.4.,,,,,Federal,Federal,,,Vigente,,Verificado / cobertura amplia,Hacienda y economía,0,0,0,0,1,0,1
eco-dg-ti,Dirección General de Tecnologías de la Información,DG TI,Poder Ejecutivo,Dirección General,eco-uaf,Unidad de Administración y Finanzas,5,Estructura SE: MOG 2022 + adscripción 2024 + reforma 2025,MOG_ECONOMIA_2022,Manual de Organización General de la Secretaría de Economía,https://dof.gob.mx/nota_detalle.php?codigo=5641872&fecha=02/02/2022,2022-02-02,Sí,Estructura verificada en fuente oficial,,,,,2026-09-28,La conciliación de todas las modificaciones 2022–2025 continúa en v0.4.,,,,,Federal,Federal,,,Vigente,,Verificado / cobertura amplia,Hacienda y economía,0,0,0,0,1,0,1
eco-coord-conv,Coordinación de Convenios y Contratos,Coord. Convenios,Poder Ejecutivo,Coordinación,eco-uaj,Unidad de Apoyo Jurídico,5,Estructura SE: MOG 2022 + adscripción 2024 + reforma 2025,MOG_ECONOMIA_2022,Manual de Organización General de la Secretaría de Economía,https://dof.gob.mx/nota_detalle.php?codigo=5641872&fecha=02/02/2022,2022-02-02,Sí,Estructura verificada en fuente oficial,,,,,2026-09-28,La conciliación de todas las modificaciones 2022–2025 continúa en v0.4.,,,,,Federal,Federal,,,Vigente,,Verificado / cobertura amplia,Hacienda y economía,0,0,0,0,1,0,1
eco-coord-cont,Coordinación de lo Contencioso,Coord. Contencioso,Poder Ejecutivo,Coordinación,eco-uaj,Unidad de Apoyo Jurídico,5,Estructura SE: MOG 2022 + adscripción 2024 + reforma 2025,MOG_ECONOMIA_2022,Manual de Organización General de la Secretaría de Economía,https://dof.gob.mx/nota_detalle.php?codigo=5641872&fecha=02/02/2022,2022-02-02,Sí,Estructura verificada en fuente oficial,,,,,2026-09-28,La conciliación de todas las modificaciones 2022–2025 continúa en v0.4.,,,,,Federal,Federal,,,Vigente,,Verificado / cobertura amplia,Hacienda y economía,0,0,0,0,1,0,1
eco-dg-leg,Dirección General de Legislación y Consulta,DG Legislación/Consulta,Poder Ejecutivo,Dirección General,eco-uaj,Unidad de Apoyo Jurídico,5,Estructura SE: MOG 2022 + adscripción 2024 + reforma 2025,MOG_ECONOMIA_2022,Manual de Organización General de la Secretaría de Economía,https://dof.gob.mx/nota_detalle.php?codigo=5641872&fecha=02/02/2022,2022-02-02,Sí,Estructura verificada en fuente oficial,,,,,2026-09-28,La conciliación de todas las modificaciones 2022–2025 continúa en v0.4.,,,,,Federal,Federal,,,Vigente,,Verificado / cobertura amplia,Hacienda y economía,0,0,0,0,1,0,1
eco-dg-proc,Dirección General de Procedimientos Constitucionales y Legales,DG Proc. Constitucionales,Poder Ejecutivo,Dirección General,eco-uaj,Unidad de Apoyo Jurídico,5,Estructura SE: MOG 2022 + adscripción 2024 + reforma 2025,MOG_ECONOMIA_2022,Manual de Organización General de la Secretaría de Economía,https://dof.gob.mx/nota_detalle.php?codigo=5641872&fecha=02/02/2022,2022-02-02,Sí,Estructura verificada en fuente oficial,,,,,2026-09-28,La conciliación de todas las modificaciones 2022–2025 continúa en v0.4.,,,,,Federal,Federal,,,Vigente,,Verificado / cobertura amplia,Hacienda y economía,0,0,0,0,1,0,1
eco-dg-normas,Dirección General de Normas,DG Normas,Poder Ejecutivo,Dirección General,eco-u-norm,"Unidad de Normatividad, Competitividad y Competencia",5,Estructura SE: MOG 2022 + adscripción 2024 + reforma 2025,MOG_ECONOMIA_2022,Manual de Organización General de la Secretaría de Economía,https://dof.gob.mx/nota_detalle.php?codigo=5641872&fecha=02/02/2022,2022-02-02,Sí,Estructura verificada en fuente oficial,,,,,2026-09-28,La conciliación de todas las modificaciones 2022–2025 continúa en v0.4.,,,,,Federal,Federal,,,Vigente,,Verificado / cobertura amplia,Hacienda y economía,1,1,0,0,1,1,2
eco-dg-normmerc,Dirección General de Normatividad Mercantil,DG Normatividad Mercantil,Poder Ejecutivo,Dirección General,eco-u-norm,"Unidad de Normatividad, Competitividad y Competencia",5,Estructura SE: MOG 2022 + adscripción 2024 + reforma 2025,MOG_ECONOMIA_2022,Manual de Organización General de la Secretaría de Economía,https://dof.gob.mx/nota_detalle.php?codigo=5641872&fecha=02/02/2022,2022-02-02,Sí,Estructura verificada en fuente oficial,,,,,2026-09-28,La conciliación de todas las modificaciones 2022–2025 continúa en v0.4.,,,,,Federal,Federal,,,Vigente,,Verificado / cobertura amplia,Hacienda y economía,1,1,0,0,1,1,2
eco-dg-comp,Dirección General de Competitividad y Competencia,DG Competitividad,Poder Ejecutivo,Dirección General,eco-u-norm,"Unidad de Normatividad, Competitividad y Competencia",5,Estructura SE: MOG 2022 + adscripción 2024 + reforma 2025,MOG_ECONOMIA_2022,Manual de Organización General de la Secretaría de Economía,https://dof.gob.mx/nota_detalle.php?codigo=5641872&fecha=02/02/2022,2022-02-02,Sí,Estructura verificada en fuente oficial,,,,,2026-09-28,La conciliación de todas las modificaciones 2022–2025 continúa en v0.4.,,,,,Federal,Federal,,,Vigente,,Verificado / cobertura amplia,Hacienda y economía,0,0,0,0,1,0,1
eco-dg-apoyo,Dirección General de Apoyo Técnico,DG Apoyo Técnico,Poder Ejecutivo,Dirección General,eco-u-norm,"Unidad de Normatividad, Competitividad y Competencia",5,Estructura SE: MOG 2022 + adscripción 2024 + reforma 2025,MOG_ECONOMIA_2022,Manual de Organización General de la Secretaría de Economía,https://dof.gob.mx/nota_detalle.php?codigo=5641872&fecha=02/02/2022,2022-02-02,Sí,Estructura verificada en fuente oficial,,,,,2026-09-28,La conciliación de todas las modificaciones 2022–2025 continúa en v0.4.,,,,,Federal,Federal,,,Vigente,,Verificado / cobertura amplia,Hacienda y economía,0,0,0,0,1,0,1
eco-dg-minero,Dirección General de Desarrollo Minero,DG Desarrollo Minero,Poder Ejecutivo,Dirección General,eco-u-ext,Unidad de Coordinación de Actividades Extractivas,5,Estructura SE: MOG 2022 + adscripción 2024 + reforma 2025,MOG_ECONOMIA_2022,Manual de Organización General de la Secretaría de Economía,https://dof.gob.mx/nota_detalle.php?codigo=5641872&fecha=02/02/2022,2022-02-02,Sí,Estructura verificada en fuente oficial,,,,,2026-09-28,La conciliación de todas las modificaciones 2022–2025 continúa en v0.4.,,,,,Federal,Federal,,,Vigente,,Verificado / cobertura amplia,Hacienda y economía,0,0,0,0,1,0,1
eco-dg-minas,Dirección General de Minas,DG Minas,Poder Ejecutivo,Dirección General,eco-u-ext,Unidad de Coordinación de Actividades Extractivas,5,Estructura SE: MOG 2022 + adscripción 2024 + reforma 2025,MOG_ECONOMIA_2022,Manual de Organización General de la Secretaría de Economía,https://dof.gob.mx/nota_detalle.php?codigo=5641872&fecha=02/02/2022,2022-02-02,Sí,Estructura verificada en fuente oficial,,,,,2026-09-28,La conciliación de todas las modificaciones 2022–2025 continúa en v0.4.,,,,,Federal,Federal,,,Vigente,,Verificado / cobertura amplia,Hacienda y economía,0,0,0,0,1,0,1
eco-dg-innov,Dirección General de Innovación de Trámites,DG Innovación Trámites,Poder Ejecutivo,Dirección General,eco-u-plan,"Unidad de Prospectiva, Planeación y Evaluación",5,Estructura SE: MOG 2022 + adscripción 2024 + reforma 2025,MOG_ECONOMIA_2022,Manual de Organización General de la Secretaría de Economía,https://dof.gob.mx/nota_detalle.php?codigo=5641872&fecha=02/02/2022,2022-02-02,Sí,Estructura verificada en fuente oficial,,,,,2026-09-28,La conciliación de todas las modificaciones 2022–2025 continúa en v0.4.,,,,,Federal,Federal,,,Vigente,,Verificado / cobertura amplia,Hacienda y economía,0,0,0,0,1,0,1
eco-dg-planev,Dirección General de Planeación y Evaluación,DG Planeación/Evaluación,Poder Ejecutivo,Dirección General,eco-u-plan,"Unidad de Prospectiva, Planeación y Evaluación",5,Estructura SE: MOG 2022 + adscripción 2024 + reforma 2025,MOG_ECONOMIA_2022,Manual de Organización General de la Secretaría de Economía,https://dof.gob.mx/nota_detalle.php?codigo=5641872&fecha=02/02/2022,2022-02-02,Sí,Estructura verificada en fuente oficial,,,,,2026-09-28,La conciliación de todas las modificaciones 2022–2025 continúa en v0.4.,,,,,Federal,Federal,,,Vigente,,Verificado / cobertura amplia,Hacienda y economía,0,0,0,0,1,0,1
eco-dg-territ,Dirección General de Coordinación Territorial de los Centros de Fomento Económico para el Bienestar,DG Coord. Territorial CFEB,Poder Ejecutivo,Dirección General,eco-u-plan,"Unidad de Prospectiva, Planeación y Evaluación",5,Estructura SE: MOG 2022 + adscripción 2024 + reforma 2025,RI_ECONOMIA_REF_2025,Reforma al Reglamento Interior de la Secretaría de Economía,https://www.dof.gob.mx/abrirPDF.php?anio=2025&archivo=14032025-MAT.pdf&repo=,2025-03-14,Sí,Estructura verificada en fuente oficial,,,,,2026-09-28,La conciliación de todas las modificaciones 2022–2025 continúa en v0.4.,,,,,Federal,Federal,,,Vigente,,Verificado / cobertura amplia,Hacienda y economía,1,1,0,0,1,1,2
eco-u-fom,Unidad de Fomento y Crecimiento Económico,Fomento/Crecimiento,Poder Ejecutivo,Unidad,eco-sub-ind,Subsecretaría de Industria y Comercio,5,Estructura SE: MOG 2022 + adscripción 2024 + reforma 2025,MOG_ECONOMIA_2022,Manual de Organización General de la Secretaría de Economía,https://dof.gob.mx/nota_detalle.php?codigo=5641872&fecha=02/02/2022,2022-02-02,Sí,Estructura verificada en fuente oficial,,,,,2026-09-28,La conciliación de todas las modificaciones 2022–2025 continúa en v0.4.,,,,,Federal,Federal,,,Vigente,,Verificado / cobertura amplia,Hacienda y economía,0,0,0,0,1,0,1
eco-u-pci,Unidad de Prácticas Comerciales Internacionales,Prácticas Comerciales,Poder Ejecutivo,Unidad,eco-sub-ind,Subsecretaría de Industria y Comercio,5,Estructura SE: MOG 2022 + adscripción 2024 + reforma 2025,MOG_ECONOMIA_2022,Manual de Organización General de la Secretaría de Economía,https://dof.gob.mx/nota_detalle.php?codigo=5641872&fecha=02/02/2022,2022-02-02,Sí,Estructura verificada en fuente oficial,,,,,2026-09-28,La conciliación de todas las modificaciones 2022–2025 continúa en v0.4.,,,,,Federal,Federal,,,Vigente,,Verificado / cobertura amplia,Hacienda y economía,6,6,0,0,1,1,7
eco-dg-cn,Dirección General de Contenido Nacional y Fomento en el Sector Energético,DG Contenido Nacional,Poder Ejecutivo,Dirección General,eco-sub-ind,Subsecretaría de Industria y Comercio,5,Estructura SE: MOG 2022 + adscripción 2024 + reforma 2025,MOG_ECONOMIA_2022,Manual de Organización General de la Secretaría de Economía,https://dof.gob.mx/nota_detalle.php?codigo=5641872&fecha=02/02/2022,2022-02-02,Sí,Estructura verificada en fuente oficial,,,,,2026-09-28,La conciliación de todas las modificaciones 2022–2025 continúa en v0.4.,,,,,Federal,Federal,,,Vigente,,Verificado / cobertura amplia,Hacienda y economía,0,0,0,0,1,0,1
eco-dg-lig,Dirección General de Industrias Ligeras,DG Industrias Ligeras,Poder Ejecutivo,Dirección General,eco-sub-ind,Subsecretaría de Industria y Comercio,5,Estructura SE: MOG 2022 + adscripción 2024 + reforma 2025,MOG_ECONOMIA_2022,Manual de Organización General de la Secretaría de Economía,https://dof.gob.mx/nota_detalle.php?codigo=5641872&fecha=02/02/2022,2022-02-02,Sí,Estructura verificada en fuente oficial,,,,,2026-09-28,La conciliación de todas las modificaciones 2022–2025 continúa en v0.4.,,,,,Federal,Federal,,,Vigente,,Verificado / cobertura amplia,Hacienda y economía,0,0,0,0,1,0,1
eco-dg-pes,Dirección General de Industrias Pesadas y de Alta Tecnología,DG Industrias Pesadas,Poder Ejecutivo,Dirección General,eco-sub-ind,Subsecretaría de Industria y Comercio,5,Estructura SE: MOG 2022 + adscripción 2024 + reforma 2025,MOG_ECONOMIA_2022,Manual de Organización General de la Secretaría de Economía,https://dof.gob.mx/nota_detalle.php?codigo=5641872&fecha=02/02/2022,2022-02-02,Sí,Estructura verificada en fuente oficial,,,,,2026-09-28,La conciliación de todas las modificaciones 2022–2025 continúa en v0.4.,,,,,Federal,Federal,,,Vigente,,Verificado / cobertura amplia,Hacienda y economía,0,0,0,0,1,0,1
eco-dg-isc,"Dirección General de Innovación, Servicios y Comercio Interior",DG Innovación/Servicios,Poder Ejecutivo,Dirección General,eco-sub-ind,Subsecretaría de Industria y Comercio,5,Estructura SE: MOG 2022 + adscripción 2024 + reforma 2025,MOG_ECONOMIA_2022,Manual de Organización General de la Secretaría de Economía,https://dof.gob.mx/nota_detalle.php?codigo=5641872&fecha=02/02/2022,2022-02-02,Sí,Estructura verificada en fuente oficial,,,,,2026-09-28,La conciliación de todas las modificaciones 2022–2025 continúa en v0.4.,,,,,Federal,Federal,,,Vigente,,Verificado / cobertura amplia,Hacienda y economía,0,0,0,0,1,0,1
eco-u-ieg,Unidad de Inteligencia Económica Global,Inteligencia Económica,Poder Ejecutivo,Unidad,eco-sub-ext,Subsecretaría de Comercio Exterior,5,Estructura SE: MOG 2022 + adscripción 2024 + reforma 2025,MOG_ECONOMIA_2022,Manual de Organización General de la Secretaría de Economía,https://dof.gob.mx/nota_detalle.php?codigo=5641872&fecha=02/02/2022,2022-02-02,Sí,Estructura verificada en fuente oficial,,,,,2026-09-28,La conciliación de todas las modificaciones 2022–2025 continúa en v0.4.,,,,,Federal,Federal,,,Vigente,,Verificado / cobertura amplia,Hacienda y economía,2,2,0,0,1,1,3
eco-u-neg,Unidad de Negociaciones Comerciales Internacionales,Negociaciones Comerciales,Poder Ejecutivo,Unidad,eco-sub-ext,Subsecretaría de Comercio Exterior,5,Estructura SE: MOG 2022 + adscripción 2024 + reforma 2025,MOG_ECONOMIA_2022,Manual de Organización General de la Secretaría de Economía,https://dof.gob.mx/nota_detalle.php?codigo=5641872&fecha=02/02/2022,2022-02-02,Sí,Estructura verificada en fuente oficial,,,,,2026-09-28,La conciliación de todas las modificaciones 2022–2025 continúa en v0.4.,,,,,Federal,Federal,,,Vigente,,Verificado / cobertura amplia,Hacienda y economía,3,3,0,0,1,1,4
eco-dg-acceso,Dirección General de Acceso a Mercados de Bienes,DG Acceso Mercados,Poder Ejecutivo,Dirección General,eco-sub-ext,Subsecretaría de Comercio Exterior,5,Estructura SE: MOG 2022 + adscripción 2024 + reforma 2025,MOG_ECONOMIA_2022,Manual de Organización General de la Secretaría de Economía,https://dof.gob.mx/nota_detalle.php?codigo=5641872&fecha=02/02/2022,2022-02-02,Sí,Estructura verificada en fuente oficial,,,,,2026-09-28,La conciliación de todas las modificaciones 2022–2025 continúa en v0.4.,,,,,Federal,Federal,,,Vigente,,Verificado / cobertura amplia,Hacienda y economía,0,0,0,0,1,0,1
eco-dg-conscom,Dirección General de Consultoría Jurídica de Comercio Internacional,DG Consultoría Comercio,Poder Ejecutivo,Dirección General,eco-sub-ext,Subsecretaría de Comercio Exterior,5,Estructura SE: MOG 2022 + adscripción 2024 + reforma 2025,MOG_ECONOMIA_2022,Manual de Organización General de la Secretaría de Economía,https://dof.gob.mx/nota_detalle.php?codigo=5641872&fecha=02/02/2022,2022-02-02,Sí,Estructura verificada en fuente oficial,,,,,2026-09-28,La conciliación de todas las modificaciones 2022–2025 continúa en v0.4.,,,,,Federal,Federal,,,Vigente,,Verificado / cobertura amplia,Hacienda y economía,0,0,0,0,1,0,1
eco-dg-planneg,Dirección General de Planeación y Estrategias de Negociación,DG Estrategias Negociación,Poder Ejecutivo,Dirección General,eco-sub-ext,Subsecretaría de Comercio Exterior,5,Estructura SE: MOG 2022 + adscripción 2024 + reforma 2025,MOG_ECONOMIA_2022,Manual de Organización General de la Secretaría de Economía,https://dof.gob.mx/nota_detalle.php?codigo=5641872&fecha=02/02/2022,2022-02-02,Sí,Estructura verificada en fuente oficial,,,,,2026-09-28,La conciliación de todas las modificaciones 2022–2025 continúa en v0.4.,,,,,Federal,Federal,,,Vigente,,Verificado / cobertura amplia,Hacienda y economía,0,0,0,0,1,0,1
eco-dg-trat,"Dirección General de Seguimiento, Administración y Supervisión del Cumplimiento de Tratados Comerciales",DG Tratados,Poder Ejecutivo,Dirección General,eco-sub-ext,Subsecretaría de Comercio Exterior,5,Estructura SE: MOG 2022 + adscripción 2024 + reforma 2025,MOG_ECONOMIA_2022,Manual de Organización General de la Secretaría de Economía,https://dof.gob.mx/nota_detalle.php?codigo=5641872&fecha=02/02/2022,2022-02-02,Sí,Estructura verificada en fuente oficial,,,,,2026-09-28,La conciliación de todas las modificaciones 2022–2025 continúa en v0.4.,,,,,Federal,Federal,,,Vigente,,Verificado / cobertura amplia,Hacienda y economía,0,0,0,0,1,0,1
eco-dg-fac,Dirección General de Facilitación Comercial y de Comercio Exterior,DG Facilitación Comercio,Poder Ejecutivo,Dirección General,eco-sub-ext,Subsecretaría de Comercio Exterior,5,Estructura SE: MOG 2022 + adscripción 2024 + reforma 2025,MOG_ECONOMIA_2022,Manual de Organización General de la Secretaría de Economía,https://dof.gob.mx/nota_detalle.php?codigo=5641872&fecha=02/02/2022,2022-02-02,Sí,Estructura verificada en fuente oficial,,,,,2026-09-28,La conciliación de todas las modificaciones 2022–2025 continúa en v0.4.,,,,,Federal,Federal,,,Vigente,,Verificado / cobertura amplia,Hacienda y economía,0,0,0,0,1,0,1
eco-coord-cal,Coordinación de la Infraestructura de la Calidad,Coord. Infraestructura Calidad,Poder Ejecutivo,Coordinación,eco-dg-normas,Dirección General de Normas,6,Estructura SE: MOG 2022 + adscripción 2024 + reforma 2025,MOG_ECONOMIA_2022,Manual de Organización General de la Secretaría de Economía,https://dof.gob.mx/nota_detalle.php?codigo=5641872&fecha=02/02/2022,2022-02-02,Sí,Estructura verificada en fuente oficial,,,,,2026-09-28,,,,,,Federal,Federal,,,Vigente,,Verificado / cobertura amplia,Hacienda y economía,0,0,0,0,1,0,1
eco-coord-pol,Coordinación de Política Mercantil,Coord. Política Mercantil,Poder Ejecutivo,Coordinación,eco-dg-normmerc,Dirección General de Normatividad Mercantil,6,Estructura SE: MOG 2022 + adscripción 2024 + reforma 2025,MOG_ECONOMIA_2022,Manual de Organización General de la Secretaría de Economía,https://dof.gob.mx/nota_detalle.php?codigo=5641872&fecha=02/02/2022,2022-02-02,Sí,Estructura verificada en fuente oficial,,,,,2026-09-28,,,,,,Federal,Federal,,,Vigente,,Verificado / cobertura amplia,Hacienda y economía,0,0,0,0,1,0,1
eco-dg-def,Dirección General de Defensa Comercial Internacional,DG Defensa Comercial,Poder Ejecutivo,Dirección General,eco-u-pci,Unidad de Prácticas Comerciales Internacionales,6,Estructura SE: MOG 2022 + adscripción 2024 + reforma 2025,MOG_ECONOMIA_2022,Manual de Organización General de la Secretaría de Economía,https://dof.gob.mx/nota_detalle.php?codigo=5641872&fecha=02/02/2022,2022-02-02,Sí,Estructura verificada en fuente oficial,,,,,2026-09-28,,,,,,Federal,Federal,,,Vigente,,Verificado / cobertura amplia,Hacienda y economía,0,0,0,0,1,0,1
eco-coord-afc,Coordinación de Análisis Financiero y Contable,Coord. Análisis Financiero,Poder Ejecutivo,Coordinación,eco-u-pci,Unidad de Prácticas Comerciales Internacionales,6,Estructura SE: MOG 2022 + adscripción 2024 + reforma 2025,MOG_ECONOMIA_2022,Manual de Organización General de la Secretaría de Economía,https://dof.gob.mx/nota_detalle.php?codigo=5641872&fecha=02/02/2022,2022-02-02,Sí,Estructura verificada en fuente oficial,,,,,2026-09-28,,,,,,Federal,Federal,,,Vigente,,Verificado / cobertura amplia,Hacienda y economía,0,0,0,0,1,0,1
eco-coord-dano,Coordinación de Daño y Salvaguardas,Coord. Daño/Salvaguardas,Poder Ejecutivo,Coordinación,eco-u-pci,Unidad de Prácticas Comerciales Internacionales,6,Estructura SE: MOG 2022 + adscripción 2024 + reforma 2025,MOG_ECONOMIA_2022,Manual de Organización General de la Secretaría de Economía,https://dof.gob.mx/nota_detalle.php?codigo=5641872&fecha=02/02/2022,2022-02-02,Sí,Estructura verificada en fuente oficial,,,,,2026-09-28,,,,,,Federal,Federal,,,Vigente,,Verificado / cobertura amplia,Hacienda y economía,0,0,0,0,1,0,1
eco-coord-dump,Coordinación de Dumping y Subvenciones,Coord. Dumping,Poder Ejecutivo,Coordinación,eco-u-pci,Unidad de Prácticas Comerciales Internacionales,6,Estructura SE: MOG 2022 + adscripción 2024 + reforma 2025,MOG_ECONOMIA_2022,Manual de Organización General de la Secretaría de Economía,https://dof.gob.mx/nota_detalle.php?codigo=5641872&fecha=02/02/2022,2022-02-02,Sí,Estructura verificada en fuente oficial,,,,,2026-09-28,,,,,,Federal,Federal,,,Vigente,,Verificado / cobertura amplia,Hacienda y economía,0,0,0,0,1,0,1
eco-coord-jur,Coordinación Jurídica,Coord. Jurídica,Poder Ejecutivo,Coordinación,eco-u-pci,Unidad de Prácticas Comerciales Internacionales,6,Estructura SE: MOG 2022 + adscripción 2024 + reforma 2025,MOG_ECONOMIA_2022,Manual de Organización General de la Secretaría de Economía,https://dof.gob.mx/nota_detalle.php?codigo=5641872&fecha=02/02/2022,2022-02-02,Sí,Estructura verificada en fuente oficial,,,,,2026-09-28,,,,,,Federal,Federal,,,Vigente,,Verificado / cobertura amplia,Hacienda y economía,0,0,0,0,1,0,1
eco-coord-juri,Coordinación Jurídica Internacional,Coord. Jurídica Int.,Poder Ejecutivo,Coordinación,eco-u-pci,Unidad de Prácticas Comerciales Internacionales,6,Estructura SE: MOG 2022 + adscripción 2024 + reforma 2025,MOG_ECONOMIA_2022,Manual de Organización General de la Secretaría de Economía,https://dof.gob.mx/nota_detalle.php?codigo=5641872&fecha=02/02/2022,2022-02-02,Sí,Estructura verificada en fuente oficial,,,,,2026-09-28,,,,,,Federal,Federal,,,Vigente,,Verificado / cobertura amplia,Hacienda y economía,0,0,0,0,1,0,1
eco-dg-inv,Dirección General de Inversión Extranjera,DG Inversión Extranjera,Poder Ejecutivo,Dirección General,eco-u-ieg,Unidad de Inteligencia Económica Global,6,Estructura SE: MOG 2022 + adscripción 2024 + reforma 2025,MOG_ECONOMIA_2022,Manual de Organización General de la Secretaría de Economía,https://dof.gob.mx/nota_detalle.php?codigo=5641872&fecha=02/02/2022,2022-02-02,Sí,Estructura verificada en fuente oficial,,,,,2026-09-28,,,,,,Federal,Federal,,,Vigente,,Verificado / cobertura amplia,Hacienda y economía,0,0,0,0,1,0,1
eco-dg-prom,Dirección General de Política de Promoción de Inversiones y Exportación,DG Promoción Inversiones,Poder Ejecutivo,Dirección General,eco-u-ieg,Unidad de Inteligencia Económica Global,6,Estructura SE: MOG 2022 + adscripción 2024 + reforma 2025,MOG_ECONOMIA_2022,Manual de Organización General de la Secretaría de Economía,https://dof.gob.mx/nota_detalle.php?codigo=5641872&fecha=02/02/2022,2022-02-02,Sí,Estructura verificada en fuente oficial,,,,,2026-09-28,,,,,,Federal,Federal,,,Vigente,,Verificado / cobertura amplia,Hacienda y economía,0,0,0,0,1,0,1
eco-dg-servinv,Dirección General de Comercio Internacional de Servicios e Inversión,DG Servicios/Inversión,Poder Ejecutivo,Dirección General,eco-u-neg,Unidad de Negociaciones Comerciales Internacionales,6,Estructura SE: MOG 2022 + adscripción 2024 + reforma 2025,MOG_ECONOMIA_2022,Manual de Organización General de la Secretaría de Economía,https://dof.gob.mx/nota_detalle.php?codigo=5641872&fecha=02/02/2022,2022-02-02,Sí,Estructura verificada en fuente oficial,,,,,2026-09-28,,,,,,Federal,Federal,,,Vigente,,Verificado / cobertura amplia,Hacienda y economía,0,0,0,0,1,0,1
eco-dg-disc,Dirección General de Disciplinas de Comercio Internacional,DG Disciplinas,Poder Ejecutivo,Dirección General,eco-u-neg,Unidad de Negociaciones Comerciales Internacionales,6,Estructura SE: MOG 2022 + adscripción 2024 + reforma 2025,MOG_ECONOMIA_2022,Manual de Organización General de la Secretaría de Economía,https://dof.gob.mx/nota_detalle.php?codigo=5641872&fecha=02/02/2022,2022-02-02,Sí,Estructura verificada en fuente oficial,,,,,2026-09-28,,,,,,Federal,Federal,,,Vigente,,Verificado / cobertura amplia,Hacienda y economía,0,0,0,0,1,0,1
eco-dg-est,Dirección General de Sistemas de Información Estadística de Comercio Internacional,DG Estadística Comercio,Poder Ejecutivo,Dirección General,eco-u-neg,Unidad de Negociaciones Comerciales Internacionales,6,Estructura SE: MOG 2022 + adscripción 2024 + reforma 2025,MOG_ECONOMIA_2022,Manual de Organización General de la Secretaría de Economía,https://dof.gob.mx/nota_detalle.php?codigo=5641872&fecha=02/02/2022,2022-02-02,Sí,Estructura verificada en fuente oficial,,,,,2026-09-28,,,,,,Federal,Federal,,,Vigente,,Verificado / cobertura amplia,Hacienda y economía,0,0,0,0,1,0,1
eco-centros,Centros de Fomento Económico para el Bienestar en las entidades federativas,Centros Fomento Económico,Poder Ejecutivo,Red territorial,eco-dg-territ,Dirección General de Coordinación Territorial de los Centros de Fomento Económico para el Bienestar,6,Estructura SE: MOG 2022 + adscripción 2024 + reforma 2025,RI_ECONOMIA_REF_2025,Reforma al Reglamento Interior de la Secretaría de Economía,https://www.dof.gob.mx/abrirPDF.php?anio=2025&archivo=14032025-MAT.pdf&repo=,2025-03-14,Sí,Estructura verificada en fuente oficial,,,,,2026-09-28,,,,,,Federal,Federal,,,Vigente,,Nodo agregado o clasificación,Hacienda y economía,0,0,0,0,1,0,1
agri-sub,Subsecretaría de Agricultura y Desarrollo Rural,Sub. Agricultura/Desarrollo,Poder Ejecutivo,Subsecretaría,sec-10,Secretaría de Agricultura y Desarrollo Rural,4,"Reglamento Interior Agricultura 31-12-2025, art. 2",RI_AGRICULTURA_2025DIC,Reglamento Interior de la Secretaría de Agricultura y Desarrollo Rural,https://www.dof.gob.mx/abrirPDF.php?anio=2025&archivo=31122025-MAT.pdf&repo=,2025-12-31,Sí,Estructura verificada en fuente oficial,,,,,2026-09-28,,,,,,Federal,Federal,,,Vigente,,Verificado / cobertura amplia,"Ambiente, energía y recursos",2,7,0,0,1,2,3
agri-cg,"Coordinación General de Producción, Comercialización, Sustentabilidad e Innovación",CG Producción/Innovación,Poder Ejecutivo,Coordinación General,sec-10,Secretaría de Agricultura y Desarrollo Rural,4,"Reglamento Interior Agricultura 31-12-2025, art. 2",RI_AGRICULTURA_2025DIC,Reglamento Interior de la Secretaría de Agricultura y Desarrollo Rural,https://www.dof.gob.mx/abrirPDF.php?anio=2025&archivo=31122025-MAT.pdf&repo=,2025-12-31,Sí,Estructura verificada en fuente oficial,,,,,2026-09-28,,,,,,Federal,Federal,,,Vigente,,Verificado / cobertura amplia,"Ambiente, energía y recursos",2,8,0,0,1,2,3
agri-u-bien,Unidad de Bienestar para el Campo,Bienestar para el Campo,Poder Ejecutivo,Unidad,agri-sub,Subsecretaría de Agricultura y Desarrollo Rural,5,"Reglamento Interior Agricultura 31-12-2025, art. 2",RI_AGRICULTURA_2025DIC,Reglamento Interior de la Secretaría de Agricultura y Desarrollo Rural,https://www.dof.gob.mx/abrirPDF.php?anio=2025&archivo=31122025-MAT.pdf&repo=,2025-12-31,Sí,Estructura verificada en fuente oficial,,,,,2026-09-28,,,,,,Federal,Federal,,,Vigente,,Verificado / cobertura amplia,"Ambiente, energía y recursos",2,2,0,0,1,1,3
agri-u-oper,Unidad de Operación Territorial y Eficiencia Hídrica Agroalimentaria,Operación/Eficiencia Hídrica,Poder Ejecutivo,Unidad,agri-sub,Subsecretaría de Agricultura y Desarrollo Rural,5,"Reglamento Interior Agricultura 31-12-2025, art. 2",RI_AGRICULTURA_2025DIC,Reglamento Interior de la Secretaría de Agricultura y Desarrollo Rural,https://www.dof.gob.mx/abrirPDF.php?anio=2025&archivo=31122025-MAT.pdf&repo=,2025-12-31,Sí,Estructura verificada en fuente oficial,,,,,2026-09-28,,,,,,Federal,Federal,,,Vigente,,Verificado / cobertura amplia,"Ambiente, energía y recursos",3,3,0,0,1,1,4
agri-u-innov,"Unidad de Innovación, Sustentabilidad y Resiliencia Climática",Innovación/Sustentabilidad,Poder Ejecutivo,Unidad,agri-cg,"Coordinación General de Producción, Comercialización, Sustentabilidad e Innovación",5,"Reglamento Interior Agricultura 31-12-2025, art. 2",RI_AGRICULTURA_2025DIC,Reglamento Interior de la Secretaría de Agricultura y Desarrollo Rural,https://www.dof.gob.mx/abrirPDF.php?anio=2025&archivo=31122025-MAT.pdf&repo=,2025-12-31,Sí,Estructura verificada en fuente oficial,,,,,2026-09-28,,,,,,Federal,Federal,,,Vigente,,Verificado / cobertura amplia,"Ambiente, energía y recursos",2,2,0,0,1,1,3
agri-u-prod,"Unidad de Producción, Comercialización y Financiamiento",Producción/Comercialización,Poder Ejecutivo,Unidad,agri-cg,"Coordinación General de Producción, Comercialización, Sustentabilidad e Innovación",5,"Reglamento Interior Agricultura 31-12-2025, art. 2",RI_AGRICULTURA_2025DIC,Reglamento Interior de la Secretaría de Agricultura y Desarrollo Rural,https://www.dof.gob.mx/abrirPDF.php?anio=2025&archivo=31122025-MAT.pdf&repo=,2025-12-31,Sí,Estructura verificada en fuente oficial,,,,,2026-09-28,,,,,,Federal,Federal,,,Vigente,,Verificado / cobertura amplia,"Ambiente, energía y recursos",4,4,0,0,1,1,5
agri-dg-fert,Dirección General de Fertilizantes,DG Fertilizantes,Poder Ejecutivo,Dirección General,agri-u-bien,Unidad de Bienestar para el Campo,6,"Reglamento Interior Agricultura 31-12-2025, art. 2",RI_AGRICULTURA_2025DIC,Reglamento Interior de la Secretaría de Agricultura y Desarrollo Rural,https://www.dof.gob.mx/abrirPDF.php?anio=2025&archivo=31122025-MAT.pdf&repo=,2025-12-31,Sí,Estructura verificada en fuente oficial,,,,,2026-09-28,,,,,,Federal,Federal,,,Vigente,,Verificado / cobertura amplia,"Ambiente, energía y recursos",0,0,0,0,1,0,1
agri-dg-pbien,Dirección General de Producción para el Bienestar,DG Producción Bienestar,Poder Ejecutivo,Dirección General,agri-u-bien,Unidad de Bienestar para el Campo,6,"Reglamento Interior Agricultura 31-12-2025, art. 2",RI_AGRICULTURA_2025DIC,Reglamento Interior de la Secretaría de Agricultura y Desarrollo Rural,https://www.dof.gob.mx/abrirPDF.php?anio=2025&archivo=31122025-MAT.pdf&repo=,2025-12-31,Sí,Estructura verificada en fuente oficial,,,,,2026-09-28,,,,,,Federal,Federal,,,Vigente,,Verificado / cobertura amplia,"Ambiente, energía y recursos",0,0,0,0,1,0,1
agri-dg-hid,Dirección General de Eficiencia Hídrica en Riego y Temporal,DG Eficiencia Hídrica,Poder Ejecutivo,Dirección General,agri-u-oper,Unidad de Operación Territorial y Eficiencia Hídrica Agroalimentaria,6,"Reglamento Interior Agricultura 31-12-2025, art. 2",RI_AGRICULTURA_2025DIC,Reglamento Interior de la Secretaría de Agricultura y Desarrollo Rural,https://www.dof.gob.mx/abrirPDF.php?anio=2025&archivo=31122025-MAT.pdf&repo=,2025-12-31,Sí,Estructura verificada en fuente oficial,,,,,2026-09-28,,,,,,Federal,Federal,,,Vigente,,Verificado / cobertura amplia,"Ambiente, energía y recursos",0,0,0,0,1,0,1
agri-dg-ter,Dirección General de Intervención Territorial Estratégica,DG Intervención Territorial,Poder Ejecutivo,Dirección General,agri-u-oper,Unidad de Operación Territorial y Eficiencia Hídrica Agroalimentaria,6,"Reglamento Interior Agricultura 31-12-2025, art. 2",RI_AGRICULTURA_2025DIC,Reglamento Interior de la Secretaría de Agricultura y Desarrollo Rural,https://www.dof.gob.mx/abrirPDF.php?anio=2025&archivo=31122025-MAT.pdf&repo=,2025-12-31,Sí,Estructura verificada en fuente oficial,,,,,2026-09-28,,,,,,Federal,Federal,,,Vigente,,Verificado / cobertura amplia,"Ambiente, energía y recursos",0,0,0,0,1,0,1
agri-dg-des,Dirección General de Desarrollo e Innovación,DG Desarrollo/Innovación,Poder Ejecutivo,Dirección General,agri-u-innov,"Unidad de Innovación, Sustentabilidad y Resiliencia Climática",6,"Reglamento Interior Agricultura 31-12-2025, art. 2",RI_AGRICULTURA_2025DIC,Reglamento Interior de la Secretaría de Agricultura y Desarrollo Rural,https://www.dof.gob.mx/abrirPDF.php?anio=2025&archivo=31122025-MAT.pdf&repo=,2025-12-31,Sí,Estructura verificada en fuente oficial,,,,,2026-09-28,,,,,,Federal,Federal,,,Vigente,,Verificado / cobertura amplia,"Ambiente, energía y recursos",0,0,0,0,1,0,1
agri-dg-res,Dirección General de Sustentabilidad y Resiliencia Climática,DG Sustentabilidad/Resiliencia,Poder Ejecutivo,Dirección General,agri-u-innov,"Unidad de Innovación, Sustentabilidad y Resiliencia Climática",6,"Reglamento Interior Agricultura 31-12-2025, art. 2",RI_AGRICULTURA_2025DIC,Reglamento Interior de la Secretaría de Agricultura y Desarrollo Rural,https://www.dof.gob.mx/abrirPDF.php?anio=2025&archivo=31122025-MAT.pdf&repo=,2025-12-31,Sí,Estructura verificada en fuente oficial,,,,,2026-09-28,,,,,,Federal,Federal,,,Vigente,,Verificado / cobertura amplia,"Ambiente, energía y recursos",0,0,0,0,1,0,1
agri-dg-pa,Dirección General de Producción Agrícola,DG Producción Agrícola,Poder Ejecutivo,Dirección General,agri-u-prod,"Unidad de Producción, Comercialización y Financiamiento",6,"Reglamento Interior Agricultura 31-12-2025, art. 2",RI_AGRICULTURA_2025DIC,Reglamento Interior de la Secretaría de Agricultura y Desarrollo Rural,https://www.dof.gob.mx/abrirPDF.php?anio=2025&archivo=31122025-MAT.pdf&repo=,2025-12-31,Sí,Estructura verificada en fuente oficial,,,,,2026-09-28,,,,,,Federal,Federal,,,Vigente,,Verificado / cobertura amplia,"Ambiente, energía y recursos",0,0,0,0,1,0,1
agri-dg-gan,"Dirección General de Producción Ganadera, Pesquera y Acuícola",DG Ganadera/Pesquera,Poder Ejecutivo,Dirección General,agri-u-prod,"Unidad de Producción, Comercialización y Financiamiento",6,"Reglamento Interior Agricultura 31-12-2025, art. 2",RI_AGRICULTURA_2025DIC,Reglamento Interior de la Secretaría de Agricultura y Desarrollo Rural,https://www.dof.gob.mx/abrirPDF.php?anio=2025&archivo=31122025-MAT.pdf&repo=,2025-12-31,Sí,Estructura verificada en fuente oficial,,,,,2026-09-28,,,,,,Federal,Federal,,,Vigente,,Verificado / cobertura amplia,"Ambiente, energía y recursos",0,0,0,0,1,0,1
agri-dg-pre,"Dirección General de Precios, Ordenamiento Comercial y Valor Agregado",DG Precios/Valor Agregado,Poder Ejecutivo,Dirección General,agri-u-prod,"Unidad de Producción, Comercialización y Financiamiento",6,"Reglamento Interior Agricultura 31-12-2025, art. 2",RI_AGRICULTURA_2025DIC,Reglamento Interior de la Secretaría de Agricultura y Desarrollo Rural,https://www.dof.gob.mx/abrirPDF.php?anio=2025&archivo=31122025-MAT.pdf&repo=,2025-12-31,Sí,Estructura verificada en fuente oficial,,,,,2026-09-28,,,,,,Federal,Federal,,,Vigente,,Verificado / cobertura amplia,"Ambiente, energía y recursos",0,0,0,0,1,0,1
agri-dg-fin,Dirección General de Financiamiento y Gestión de Riesgos,DG Financiamiento/Riesgos,Poder Ejecutivo,Dirección General,agri-u-prod,"Unidad de Producción, Comercialización y Financiamiento",6,"Reglamento Interior Agricultura 31-12-2025, art. 2",RI_AGRICULTURA_2025DIC,Reglamento Interior de la Secretaría de Agricultura y Desarrollo Rural,https://www.dof.gob.mx/abrirPDF.php?anio=2025&archivo=31122025-MAT.pdf&repo=,2025-12-31,Sí,Estructura verificada en fuente oficial,,,,,2026-09-28,,,,,,Federal,Federal,,,Vigente,,Verificado / cobertura amplia,"Ambiente, energía y recursos",0,0,0,0,1,0,1
agri-red-ter,"Oficinas, distritos y centros territoriales previstos en la estructura operativa",Red territorial,Poder Ejecutivo,Red territorial,agri-u-oper,Unidad de Operación Territorial y Eficiencia Hídrica Agroalimentaria,6,Reglamento Interior Agricultura 31-12-2025,RI_AGRICULTURA_2025DIC,Reglamento Interior de la Secretaría de Agricultura y Desarrollo Rural,https://www.dof.gob.mx/abrirPDF.php?anio=2025&archivo=31122025-MAT.pdf&repo=,2025-12-31,Sí,Estructura verificada en fuente oficial,,,,,2026-09-28,"Nodo agregado; no representa un conteo exhaustivo de oficinas, distritos o centros.",,,,,Federal,Federal,,,Vigente,,Nodo agregado o clasificación,"Ambiente, energía y recursos",0,0,0,0,1,0,1
secihti-sub-cyh,Subsecretaría de Ciencia y Humanidades,Sub. Ciencia/Humanidades,Poder Ejecutivo,Subsecretaría,sec-14,"Secretaría de Ciencia, Humanidades, Tecnología e Innovación",4,"Reglamento Interior SECIHTI, art. 3",RI_SECIHTI_2025,"Reglamento Interior de la Secretaría de Ciencia, Humanidades, Tecnología e Innovación",https://dof.gob.mx/nota_detalle.php?codigo=5747752&fecha=24/01/2025,2025-01-24,Sí,Estructura verificada en fuente oficial,,,,,2026-09-28,,,,,,Federal,Federal,,,Vigente,,Verificado / cobertura amplia,"Educación, ciencia y cultura",3,3,0,0,1,1,4
secihti-sub-dt,"Subsecretaría de Desarrollo Tecnológico, Vinculación e Innovación",Sub. Desarrollo Tecnológico,Poder Ejecutivo,Subsecretaría,sec-14,"Secretaría de Ciencia, Humanidades, Tecnología e Innovación",4,"Reglamento Interior SECIHTI, art. 3",RI_SECIHTI_2025,"Reglamento Interior de la Secretaría de Ciencia, Humanidades, Tecnología e Innovación",https://dof.gob.mx/nota_detalle.php?codigo=5747752&fecha=24/01/2025,2025-01-24,Sí,Estructura verificada en fuente oficial,,,,,2026-09-28,,,,,,Federal,Federal,,,Vigente,,Verificado / cobertura amplia,"Educación, ciencia y cultura",4,4,0,0,1,1,5
secihti-u-pol,Unidad de Políticas Transversales,Políticas Transversales,Poder Ejecutivo,Unidad,sec-14,"Secretaría de Ciencia, Humanidades, Tecnología e Innovación",4,"Reglamento Interior SECIHTI, art. 3",RI_SECIHTI_2025,"Reglamento Interior de la Secretaría de Ciencia, Humanidades, Tecnología e Innovación",https://dof.gob.mx/nota_detalle.php?codigo=5747752&fecha=24/01/2025,2025-01-24,Sí,Estructura verificada en fuente oficial,,,,,2026-09-28,,,,,,Federal,Federal,,,Vigente,,Verificado / cobertura amplia,"Educación, ciencia y cultura",2,2,0,0,1,1,3
secihti-uaf,Unidad de Administración y Finanzas,UAF,Poder Ejecutivo,Unidad,sec-14,"Secretaría de Ciencia, Humanidades, Tecnología e Innovación",4,"Reglamento Interior SECIHTI, art. 3",RI_SECIHTI_2025,"Reglamento Interior de la Secretaría de Ciencia, Humanidades, Tecnología e Innovación",https://dof.gob.mx/nota_detalle.php?codigo=5747752&fecha=24/01/2025,2025-01-24,Sí,Estructura verificada en fuente oficial,,,,,2026-09-28,,,,,,Federal,Federal,,,Vigente,,Verificado / cobertura amplia,"Educación, ciencia y cultura",3,3,0,0,1,1,4
secihti-uaj,Unidad de Asuntos Jurídicos,UAJ,Poder Ejecutivo,Unidad,sec-14,"Secretaría de Ciencia, Humanidades, Tecnología e Innovación",4,"Reglamento Interior SECIHTI, art. 3",RI_SECIHTI_2025,"Reglamento Interior de la Secretaría de Ciencia, Humanidades, Tecnología e Innovación",https://dof.gob.mx/nota_detalle.php?codigo=5747752&fecha=24/01/2025,2025-01-24,Sí,Estructura verificada en fuente oficial,,,,,2026-09-28,,,,,,Federal,Federal,,,Vigente,,Verificado / cobertura amplia,"Educación, ciencia y cultura",2,2,0,0,1,1,3
secihti-cibiogem,Secretaría Ejecutiva de la Comisión Intersecretarial de Bioseguridad de los Organismos Genéticamente Modificados,Secretaría Ejecutiva CIBIOGEM,Poder Ejecutivo,Secretaría Ejecutiva,sec-14,"Secretaría de Ciencia, Humanidades, Tecnología e Innovación",4,"Reglamento Interior SECIHTI, art. 3",RI_SECIHTI_2025,"Reglamento Interior de la Secretaría de Ciencia, Humanidades, Tecnología e Innovación",https://dof.gob.mx/nota_detalle.php?codigo=5747752&fecha=24/01/2025,2025-01-24,Sí,Estructura verificada en fuente oficial,,,,,2026-09-28,,,,,,Federal,Federal,,,Vigente,,Verificado / cobertura amplia,"Educación, ciencia y cultura",0,0,0,0,1,0,1
secihti-dg-inv,Dirección General de Investigación Científica y Humanística,DG Investigación,Poder Ejecutivo,Dirección General,secihti-sub-cyh,Subsecretaría de Ciencia y Humanidades,5,"Reglamento Interior SECIHTI, art. 3",RI_SECIHTI_2025,"Reglamento Interior de la Secretaría de Ciencia, Humanidades, Tecnología e Innovación",https://dof.gob.mx/nota_detalle.php?codigo=5747752&fecha=24/01/2025,2025-01-24,Sí,Estructura verificada en fuente oficial,,,,,2026-09-28,,,,,,Federal,Federal,,,Vigente,,Verificado / cobertura amplia,"Educación, ciencia y cultura",0,0,0,0,1,0,1
secihti-dg-becas,Dirección General de Becas y Apoyos a la Comunidad Científica y Humanística,DG Becas/Apoyos,Poder Ejecutivo,Dirección General,secihti-sub-cyh,Subsecretaría de Ciencia y Humanidades,5,"Reglamento Interior SECIHTI, art. 3",RI_SECIHTI_2025,"Reglamento Interior de la Secretaría de Ciencia, Humanidades, Tecnología e Innovación",https://dof.gob.mx/nota_detalle.php?codigo=5747752&fecha=24/01/2025,2025-01-24,Sí,Estructura verificada en fuente oficial,,,,,2026-09-28,,,,,,Federal,Federal,,,Vigente,,Verificado / cobertura amplia,"Educación, ciencia y cultura",0,0,0,0,1,0,1
secihti-dg-prom,Dirección General de Promoción e Incidencia de la Ciencia y las Humanidades,DG Promoción/Incidencia,Poder Ejecutivo,Dirección General,secihti-sub-cyh,Subsecretaría de Ciencia y Humanidades,5,"Reglamento Interior SECIHTI, art. 3",RI_SECIHTI_2025,"Reglamento Interior de la Secretaría de Ciencia, Humanidades, Tecnología e Innovación",https://dof.gob.mx/nota_detalle.php?codigo=5747752&fecha=24/01/2025,2025-01-24,Sí,Estructura verificada en fuente oficial,,,,,2026-09-28,,,,,,Federal,Federal,,,Vigente,,Verificado / cobertura amplia,"Educación, ciencia y cultura",0,0,0,0,1,0,1
secihti-dg-trans,"Dirección General de Desarrollo, Transferencia de Tecnología e Innovación",DG Transferencia/Innovación,Poder Ejecutivo,Dirección General,secihti-sub-dt,"Subsecretaría de Desarrollo Tecnológico, Vinculación e Innovación",5,"Reglamento Interior SECIHTI, art. 3",RI_SECIHTI_2025,"Reglamento Interior de la Secretaría de Ciencia, Humanidades, Tecnología e Innovación",https://dof.gob.mx/nota_detalle.php?codigo=5747752&fecha=24/01/2025,2025-01-24,Sí,Estructura verificada en fuente oficial,,,,,2026-09-28,,,,,,Federal,Federal,,,Vigente,,Verificado / cobertura amplia,"Educación, ciencia y cultura",0,0,0,0,1,0,1
secihti-dg-centros,Dirección General de Centros Públicos de Investigación y Laboratorios Nacionales,DG CPI/Laboratorios,Poder Ejecutivo,Dirección General,secihti-sub-dt,"Subsecretaría de Desarrollo Tecnológico, Vinculación e Innovación",5,"Reglamento Interior SECIHTI, art. 3",RI_SECIHTI_2025,"Reglamento Interior de la Secretaría de Ciencia, Humanidades, Tecnología e Innovación",https://dof.gob.mx/nota_detalle.php?codigo=5747752&fecha=24/01/2025,2025-01-24,Sí,Estructura verificada en fuente oficial,,,,,2026-09-28,,,,,,Federal,Federal,,,Vigente,,Verificado / cobertura amplia,"Educación, ciencia y cultura",0,0,0,0,1,0,1
secihti-dg-prio,Dirección General de Programas Prioritarios,DG Programas Prioritarios,Poder Ejecutivo,Dirección General,secihti-sub-dt,"Subsecretaría de Desarrollo Tecnológico, Vinculación e Innovación",5,"Reglamento Interior SECIHTI, art. 3",RI_SECIHTI_2025,"Reglamento Interior de la Secretaría de Ciencia, Humanidades, Tecnología e Innovación",https://dof.gob.mx/nota_detalle.php?codigo=5747752&fecha=24/01/2025,2025-01-24,Sí,Estructura verificada en fuente oficial,,,,,2026-09-28,,,,,,Federal,Federal,,,Vigente,,Verificado / cobertura amplia,"Educación, ciencia y cultura",0,0,0,0,1,0,1
secihti-dg-sist,Dirección General de Sistemas Nacionales de Información Científica,DG Sistemas Información,Poder Ejecutivo,Dirección General,secihti-sub-dt,"Subsecretaría de Desarrollo Tecnológico, Vinculación e Innovación",5,"Reglamento Interior SECIHTI, art. 3",RI_SECIHTI_2025,"Reglamento Interior de la Secretaría de Ciencia, Humanidades, Tecnología e Innovación",https://dof.gob.mx/nota_detalle.php?codigo=5747752&fecha=24/01/2025,2025-01-24,Sí,Estructura verificada en fuente oficial,,,,,2026-09-28,,,,,,Federal,Federal,,,Vigente,,Verificado / cobertura amplia,"Educación, ciencia y cultura",0,0,0,0,1,0,1
secihti-dg-coop,Dirección General de Cooperación Institucional y Sectorial,DG Cooperación,Poder Ejecutivo,Dirección General,secihti-u-pol,Unidad de Políticas Transversales,5,"Reglamento Interior SECIHTI, art. 3",RI_SECIHTI_2025,"Reglamento Interior de la Secretaría de Ciencia, Humanidades, Tecnología e Innovación",https://dof.gob.mx/nota_detalle.php?codigo=5747752&fecha=24/01/2025,2025-01-24,Sí,Estructura verificada en fuente oficial,,,,,2026-09-28,,,,,,Federal,Federal,,,Vigente,,Verificado / cobertura amplia,"Educación, ciencia y cultura",0,0,0,0,1,0,1
secihti-dg-plan,Dirección General de Planeación y Evaluación,DG Planeación/Evaluación,Poder Ejecutivo,Dirección General,secihti-u-pol,Unidad de Políticas Transversales,5,"Reglamento Interior SECIHTI, art. 3",RI_SECIHTI_2025,"Reglamento Interior de la Secretaría de Ciencia, Humanidades, Tecnología e Innovación",https://dof.gob.mx/nota_detalle.php?codigo=5747752&fecha=24/01/2025,2025-01-24,Sí,Estructura verificada en fuente oficial,,,,,2026-09-28,,,,,,Federal,Federal,,,Vigente,,Verificado / cobertura amplia,"Educación, ciencia y cultura",0,0,0,0,1,0,1
secihti-dg-rho,Dirección General de Recursos Humanos y Organización,DG RH/Organización,Poder Ejecutivo,Dirección General,secihti-uaf,Unidad de Administración y Finanzas,5,"Reglamento Interior SECIHTI, art. 3",RI_SECIHTI_2025,"Reglamento Interior de la Secretaría de Ciencia, Humanidades, Tecnología e Innovación",https://dof.gob.mx/nota_detalle.php?codigo=5747752&fecha=24/01/2025,2025-01-24,Sí,Estructura verificada en fuente oficial,,,,,2026-09-28,,,,,,Federal,Federal,,,Vigente,,Verificado / cobertura amplia,"Educación, ciencia y cultura",0,0,0,0,1,0,1
secihti-dg-rmsg,Dirección General de Recursos Materiales y Servicios Generales,DG Recursos/Servicios,Poder Ejecutivo,Dirección General,secihti-uaf,Unidad de Administración y Finanzas,5,"Reglamento Interior SECIHTI, art. 3",RI_SECIHTI_2025,"Reglamento Interior de la Secretaría de Ciencia, Humanidades, Tecnología e Innovación",https://dof.gob.mx/nota_detalle.php?codigo=5747752&fecha=24/01/2025,2025-01-24,Sí,Estructura verificada en fuente oficial,,,,,2026-09-28,,,,,,Federal,Federal,,,Vigente,,Verificado / cobertura amplia,"Educación, ciencia y cultura",0,0,0,0,1,0,1
secihti-dg-prf,Dirección General de Presupuesto y Recursos Financieros,DG Presupuesto/Finanzas,Poder Ejecutivo,Dirección General,secihti-uaf,Unidad de Administración y Finanzas,5,"Reglamento Interior SECIHTI, art. 3",RI_SECIHTI_2025,"Reglamento Interior de la Secretaría de Ciencia, Humanidades, Tecnología e Innovación",https://dof.gob.mx/nota_detalle.php?codigo=5747752&fecha=24/01/2025,2025-01-24,Sí,Estructura verificada en fuente oficial,,,,,2026-09-28,,,,,,Federal,Federal,,,Vigente,,Verificado / cobertura amplia,"Educación, ciencia y cultura",0,0,0,0,1,0,1
secihti-dg-cons,Dirección General de Consulta y Estudios Normativos,DG Consulta/Normativa,Poder Ejecutivo,Dirección General,secihti-uaj,Unidad de Asuntos Jurídicos,5,"Reglamento Interior SECIHTI, art. 3",RI_SECIHTI_2025,"Reglamento Interior de la Secretaría de Ciencia, Humanidades, Tecnología e Innovación",https://dof.gob.mx/nota_detalle.php?codigo=5747752&fecha=24/01/2025,2025-01-24,Sí,Estructura verificada en fuente oficial,,,,,2026-09-28,,,,,,Federal,Federal,,,Vigente,,Verificado / cobertura amplia,"Educación, ciencia y cultura",0,0,0,0,1,0,1
secihti-dg-jud,Dirección General de Estrategias y Procedimientos Judiciales,DG Estrategias Judiciales,Poder Ejecutivo,Dirección General,secihti-uaj,Unidad de Asuntos Jurídicos,5,"Reglamento Interior SECIHTI, art. 3",RI_SECIHTI_2025,"Reglamento Interior de la Secretaría de Ciencia, Humanidades, Tecnología e Innovación",https://dof.gob.mx/nota_detalle.php?codigo=5747752&fecha=24/01/2025,2025-01-24,Sí,Estructura verificada en fuente oficial,,,,,2026-09-28,,,,,,Federal,Federal,,,Vigente,,Verificado / cobertura amplia,"Educación, ciencia y cultura",0,0,0,0,1,0,1
pres-secretaria,Secretaría Particular del Presidente,Secretaría Particular,Poder Ejecutivo,Secretaría Particular,presidencia,Oficina de la Presidencia de la República,4,"Calendario de gasto Ramo 02, unidades responsables",PRES_PRESIDENCIA_2025,"Calendario de gasto autorizado al Ramo 02 Oficina de la Presidencia de la República, ejercicio fiscal 2025",https://www.dof.gob.mx/abrirPDF.php?anio=2025&archivo=16012025-MAT.pdf&repo=repositorio%2F,2025-01-16,Sí,Unidades responsables individualizadas en fuente presupuestaria oficial.,,,,,2026-09-28,Se usa como evidencia organizacional; no se infieren unidades subalternas no publicadas.,,,,,Federal,Federal,,Secretaría Particular,Vigente,,Verificado / cobertura amplia,Coordinación ejecutiva,0,0,0,0,1,0,1
pres-uaf,Unidad de Administración y Finanzas,UAF,Poder Ejecutivo,Unidad,presidencia,Oficina de la Presidencia de la República,4,"Calendario de gasto Ramo 02, unidades responsables",PRES_PRESIDENCIA_2025,"Calendario de gasto autorizado al Ramo 02 Oficina de la Presidencia de la República, ejercicio fiscal 2025",https://www.dof.gob.mx/abrirPDF.php?anio=2025&archivo=16012025-MAT.pdf&repo=repositorio%2F,2025-01-16,Sí,Unidades responsables individualizadas en fuente presupuestaria oficial.,,,,,2026-09-28,Se usa como evidencia organizacional; no se infieren unidades subalternas no publicadas.,,,,,Federal,Federal,,Unidad,Vigente,,Verificado / cobertura amplia,Coordinación ejecutiva,0,0,0,0,1,0,1
pres-sub-innov,Subjefatura de Innovación y Análisis,Subjefatura Innovación,Poder Ejecutivo,Subjefatura,presidencia,Oficina de la Presidencia de la República,4,"Calendario de gasto Ramo 02, unidades responsables",PRES_PRESIDENCIA_2025,"Calendario de gasto autorizado al Ramo 02 Oficina de la Presidencia de la República, ejercicio fiscal 2025",https://www.dof.gob.mx/abrirPDF.php?anio=2025&archivo=16012025-MAT.pdf&repo=repositorio%2F,2025-01-16,Sí,Unidades responsables individualizadas en fuente presupuestaria oficial.,,,,,2026-09-28,Se usa como evidencia organizacional; no se infieren unidades subalternas no publicadas.,,,,,Federal,Federal,,Subjefatura,Vigente,,Verificado / cobertura amplia,Coordinación ejecutiva,0,0,0,0,1,0,1
pres-comsoc,Coordinación General de Comunicación Social y Vocería del Gobierno de la República,Comunicación Social/Vocería,Poder Ejecutivo,Coordinación General,presidencia,Oficina de la Presidencia de la República,4,"Calendario de gasto Ramo 02, unidades responsables",PRES_PRESIDENCIA_2025,"Calendario de gasto autorizado al Ramo 02 Oficina de la Presidencia de la República, ejercicio fiscal 2025",https://www.dof.gob.mx/abrirPDF.php?anio=2025&archivo=16012025-MAT.pdf&repo=repositorio%2F,2025-01-16,Sí,Unidades responsables individualizadas en fuente presupuestaria oficial.,,,,,2026-09-28,Se usa como evidencia organizacional; no se infieren unidades subalternas no publicadas.,,,,,Federal,Federal,,Coordinación General,Vigente,,Verificado / cobertura amplia,Coordinación ejecutiva,0,0,0,0,1,0,1
pres-sec-gab,Secretaría Técnica del Gabinete,Secretaría Técnica Gabinete,Poder Ejecutivo,Secretaría Técnica,presidencia,Oficina de la Presidencia de la República,4,"Calendario de gasto Ramo 02, unidades responsables",PRES_PRESIDENCIA_2025,"Calendario de gasto autorizado al Ramo 02 Oficina de la Presidencia de la República, ejercicio fiscal 2025",https://www.dof.gob.mx/abrirPDF.php?anio=2025&archivo=16012025-MAT.pdf&repo=repositorio%2F,2025-01-16,Sí,Unidades responsables individualizadas en fuente presupuestaria oficial.,,,,,2026-09-28,Se usa como evidencia organizacional; no se infieren unidades subalternas no publicadas.,,,,,Federal,Federal,,Secretaría Técnica,Vigente,,Verificado / cobertura amplia,Coordinación ejecutiva,0,0,0,0,1,0,1
pres-ases,Coordinación de Asesores del Presidente,Coordinación de Asesores,Poder Ejecutivo,Coordinación,presidencia,Oficina de la Presidencia de la República,4,"Calendario de gasto Ramo 02, unidades responsables",PRES_PRESIDENCIA_2025,"Calendario de gasto autorizado al Ramo 02 Oficina de la Presidencia de la República, ejercicio fiscal 2025",https://www.dof.gob.mx/abrirPDF.php?anio=2025&archivo=16012025-MAT.pdf&repo=repositorio%2F,2025-01-16,Sí,Unidades responsables individualizadas en fuente presupuestaria oficial.,,,,,2026-09-28,Se usa como evidencia organizacional; no se infieren unidades subalternas no publicadas.,,,,,Federal,Federal,,Coordinación,Vigente,,Verificado / cobertura amplia,Coordinación ejecutiva,0,0,0,0,1,0,1
pres-jef,Jefatura de la Oficina de la Presidencia,Jefatura Oficina Presidencia,Poder Ejecutivo,Jefatura,presidencia,Oficina de la Presidencia de la República,4,"Calendario de gasto Ramo 02, unidades responsables",PRES_PRESIDENCIA_2025,"Calendario de gasto autorizado al Ramo 02 Oficina de la Presidencia de la República, ejercicio fiscal 2025",https://www.dof.gob.mx/abrirPDF.php?anio=2025&archivo=16012025-MAT.pdf&repo=repositorio%2F,2025-01-16,Sí,Unidades responsables individualizadas en fuente presupuestaria oficial.,,,,,2026-09-28,Se usa como evidencia organizacional; no se infieren unidades subalternas no publicadas.,,,,,Federal,Federal,,Jefatura,Vigente,,Verificado / cobertura amplia,Coordinación ejecutiva,0,0,0,0,1,0,1
pres-subjef,Subjefatura de la Oficina de la Presidencia,Subjefatura Oficina,Poder Ejecutivo,Subjefatura,presidencia,Oficina de la Presidencia de la República,4,"Calendario de gasto Ramo 02, unidades responsables",PRES_PRESIDENCIA_2025,"Calendario de gasto autorizado al Ramo 02 Oficina de la Presidencia de la República, ejercicio fiscal 2025",https://www.dof.gob.mx/abrirPDF.php?anio=2025&archivo=16012025-MAT.pdf&repo=repositorio%2F,2025-01-16,Sí,Unidades responsables individualizadas en fuente presupuestaria oficial.,,,,,2026-09-28,Se usa como evidencia organizacional; no se infieren unidades subalternas no publicadas.,,,,,Federal,Federal,,Subjefatura,Vigente,,Verificado / cobertura amplia,Coordinación ejecutiva,0,0,0,0,1,0,1
pres-int,Subjefatura de Asuntos Internacionales e Interlocución con Sectores Productivos,Asuntos Internacionales/Sectores,Poder Ejecutivo,Subjefatura,presidencia,Oficina de la Presidencia de la República,4,"Calendario de gasto Ramo 02, unidades responsables",PRES_PRESIDENCIA_2025,"Calendario de gasto autorizado al Ramo 02 Oficina de la Presidencia de la República, ejercicio fiscal 2025",https://www.dof.gob.mx/abrirPDF.php?anio=2025&archivo=16012025-MAT.pdf&repo=repositorio%2F,2025-01-16,Sí,Unidades responsables individualizadas en fuente presupuestaria oficial.,,,,,2026-09-28,Se usa como evidencia organizacional; no se infieren unidades subalternas no publicadas.,,,,,Federal,Federal,,Subjefatura,Vigente,,Verificado / cobertura amplia,Coordinación ejecutiva,0,0,0,0,1,0,1
pres-pol,Coordinación General de Política y Gobierno,Política y Gobierno,Poder Ejecutivo,Coordinación General,presidencia,Oficina de la Presidencia de la República,4,"Calendario de gasto Ramo 02, unidades responsables",PRES_PRESIDENCIA_2025,"Calendario de gasto autorizado al Ramo 02 Oficina de la Presidencia de la República, ejercicio fiscal 2025",https://www.dof.gob.mx/abrirPDF.php?anio=2025&archivo=16012025-MAT.pdf&repo=repositorio%2F,2025-01-16,Sí,Unidades responsables individualizadas en fuente presupuestaria oficial.,,,,,2026-09-28,Se usa como evidencia organizacional; no se infieren unidades subalternas no publicadas.,,,,,Federal,Federal,,Coordinación General,Vigente,,Verificado / cobertura amplia,Coordinación ejecutiva,0,0,0,0,1,0,1
pres-prog,Coordinación General de Programas para el Desarrollo,Programas para el Desarrollo,Poder Ejecutivo,Coordinación General,presidencia,Oficina de la Presidencia de la República,4,"Calendario de gasto Ramo 02, unidades responsables",PRES_PRESIDENCIA_2025,"Calendario de gasto autorizado al Ramo 02 Oficina de la Presidencia de la República, ejercicio fiscal 2025",https://www.dof.gob.mx/abrirPDF.php?anio=2025&archivo=16012025-MAT.pdf&repo=repositorio%2F,2025-01-16,Sí,Unidades responsables individualizadas en fuente presupuestaria oficial.,,,,,2026-09-28,Se usa como evidencia organizacional; no se infieren unidades subalternas no publicadas.,,,,,Federal,Federal,,Coordinación General,Vigente,,Verificado / cobertura amplia,Coordinación ejecutiva,0,0,0,0,1,0,1
cjef-cons,Consejería Adjunta de Consulta y Estudios Constitucionales,Consulta/Estudios Constitucionales,Poder Ejecutivo,Consejería Adjunta,cjer,Consejería Jurídica del Ejecutivo Federal,4,"RI CJEF, art. 4",RI_CJEF_2025,Reglamento Interior de la Consejería Jurídica del Ejecutivo Federal,https://dof.gob.mx/nota_detalle.php?codigo=5769301&fecha=06/10/2025,2025-10-06,Sí,Estructura reglamentaria vigente.,,,,,2026-09-28,,,,,,Federal,Federal,,Consejería Adjunta,Vigente,,Verificado / cobertura amplia,Coordinación ejecutiva,0,0,0,0,1,0,1
cjef-leg,Consejería Adjunta de Legislación y Estudios Normativos,Legislación/Estudios Normativos,Poder Ejecutivo,Consejería Adjunta,cjer,Consejería Jurídica del Ejecutivo Federal,4,"RI CJEF, art. 4",RI_CJEF_2025,Reglamento Interior de la Consejería Jurídica del Ejecutivo Federal,https://dof.gob.mx/nota_detalle.php?codigo=5769301&fecha=06/10/2025,2025-10-06,Sí,Estructura reglamentaria vigente.,,,,,2026-09-28,,,,,,Federal,Federal,,Consejería Adjunta,Vigente,,Verificado / cobertura amplia,Coordinación ejecutiva,0,0,0,0,1,0,1
cjef-cont,Consejería Adjunta de Control Constitucional y de lo Contencioso,Control Constitucional/Contencioso,Poder Ejecutivo,Consejería Adjunta,cjer,Consejería Jurídica del Ejecutivo Federal,4,"RI CJEF, art. 4",RI_CJEF_2025,Reglamento Interior de la Consejería Jurídica del Ejecutivo Federal,https://dof.gob.mx/nota_detalle.php?codigo=5769301&fecha=06/10/2025,2025-10-06,Sí,Estructura reglamentaria vigente.,,,,,2026-09-28,,,,,,Federal,Federal,,Consejería Adjunta,Vigente,,Verificado / cobertura amplia,Coordinación ejecutiva,2,2,0,0,1,1,3
cjef-uaf,Unidad de Administración y Finanzas,UAF,Poder Ejecutivo,Unidad,cjer,Consejería Jurídica del Ejecutivo Federal,4,"RI CJEF, art. 4",RI_CJEF_2025,Reglamento Interior de la Consejería Jurídica del Ejecutivo Federal,https://dof.gob.mx/nota_detalle.php?codigo=5769301&fecha=06/10/2025,2025-10-06,Sí,Estructura reglamentaria vigente.,,,,,2026-09-28,,,,,,Federal,Federal,,Unidad,Vigente,,Verificado / cobertura amplia,Coordinación ejecutiva,0,0,0,0,1,0,1
cjef-dgcc,Dirección General de Control Constitucional,DG Control Constitucional,Poder Ejecutivo,Dirección General,cjef-cont,Consejería Adjunta de Control Constitucional y de lo Contencioso,5,"RI CJEF, art. 15",RI_CJEF_2025,Reglamento Interior de la Consejería Jurídica del Ejecutivo Federal,https://dof.gob.mx/nota_detalle.php?codigo=5769301&fecha=06/10/2025,2025-10-06,Sí,Dirección General expresamente prevista como apoyo de la Consejería Adjunta de Control Constitucional y de lo Contencioso.,,,,,2026-09-28,,,,,,Federal,Federal,,Dirección General,Vigente,,Verificado / cobertura amplia,Coordinación ejecutiva,0,0,0,0,1,0,1
cjef-dgdef,Dirección General de Defensa Jurídica Federal,DG Defensa Jurídica Federal,Poder Ejecutivo,Dirección General,cjef-cont,Consejería Adjunta de Control Constitucional y de lo Contencioso,5,"RI CJEF, art. 15",RI_CJEF_2025,Reglamento Interior de la Consejería Jurídica del Ejecutivo Federal,https://dof.gob.mx/nota_detalle.php?codigo=5769301&fecha=06/10/2025,2025-10-06,Sí,Dirección General expresamente prevista como apoyo de la Consejería Adjunta de Control Constitucional y de lo Contencioso.,,,,,2026-09-28,,,,,,Federal,Federal,,Dirección General,Vigente,,Verificado / cobertura amplia,Coordinación ejecutiva,0,0,0,0,1,0,1
def-tsm,Tribunal Superior Militar,Tribunal Superior Militar,Poder Ejecutivo,Órgano de justicia militar,sec-2,Secretaría de la Defensa Nacional,4,"MOG Defensa 2026, estructura orgánica",MOG_DEFENSA_2026,Manual de Organización General de la Secretaría de la Defensa Nacional,https://sidof.segob.gob.mx/notas/5791257,2026-06-22,Sí,Estructura vigente hasta nivel Dirección General según el Manual 2026.,,,,,2026-09-28,,,,,,Federal,Federal,,Órgano de justicia militar,Vigente,,Verificado / cobertura amplia,Seguridad y defensa,0,0,0,0,1,0,1
def-fgjm,Fiscalía General de Justicia Militar,Fiscalía Justicia Militar,Poder Ejecutivo,Fiscalía,sec-2,Secretaría de la Defensa Nacional,4,"MOG Defensa 2026, estructura orgánica",MOG_DEFENSA_2026,Manual de Organización General de la Secretaría de la Defensa Nacional,https://sidof.segob.gob.mx/notas/5791257,2026-06-22,Sí,Estructura vigente hasta nivel Dirección General según el Manual 2026.,,,,,2026-09-28,,,,,,Federal,Federal,,Fiscalía,Vigente,,Verificado / cobertura amplia,Seguridad y defensa,0,0,0,0,1,0,1
def-dom,Defensoría de Oficio Militar,Defensoría Oficio Militar,Poder Ejecutivo,Defensoría,sec-2,Secretaría de la Defensa Nacional,4,"MOG Defensa 2026, estructura orgánica",MOG_DEFENSA_2026,Manual de Organización General de la Secretaría de la Defensa Nacional,https://sidof.segob.gob.mx/notas/5791257,2026-06-22,Sí,Estructura vigente hasta nivel Dirección General según el Manual 2026.,,,,,2026-09-28,,,,,,Federal,Federal,,Defensoría,Vigente,,Verificado / cobertura amplia,Seguridad y defensa,0,0,0,0,1,0,1
def-uaj,Unidad de Asuntos Jurídicos,UAJ,Poder Ejecutivo,Unidad,sec-2,Secretaría de la Defensa Nacional,4,"MOG Defensa 2026, estructura orgánica",MOG_DEFENSA_2026,Manual de Organización General de la Secretaría de la Defensa Nacional,https://sidof.segob.gob.mx/notas/5791257,2026-06-22,Sí,Estructura vigente hasta nivel Dirección General según el Manual 2026.,,,,,2026-09-28,,,,,,Federal,Federal,,Unidad,Vigente,,Verificado / cobertura amplia,Seguridad y defensa,0,0,0,0,1,0,1
def-sub,Subsecretaría de la Defensa Nacional,Subsecretaría,Poder Ejecutivo,Subsecretaría,sec-2,Secretaría de la Defensa Nacional,4,"MOG Defensa 2026, estructura orgánica",MOG_DEFENSA_2026,Manual de Organización General de la Secretaría de la Defensa Nacional,https://sidof.segob.gob.mx/notas/5791257,2026-06-22,Sí,Estructura vigente hasta nivel Dirección General según el Manual 2026.,,,,,2026-09-28,,,,,,Federal,Federal,,Subsecretaría,Vigente,,Verificado / cobertura amplia,Seguridad y defensa,7,8,0,0,1,2,8
def-emc,Estado Mayor Conjunto de la Defensa Nacional,Estado Mayor Conjunto,Poder Ejecutivo,Estado Mayor,sec-2,Secretaría de la Defensa Nacional,4,"MOG Defensa 2026, estructura orgánica",MOG_DEFENSA_2026,Manual de Organización General de la Secretaría de la Defensa Nacional,https://sidof.segob.gob.mx/notas/5791257,2026-06-22,Sí,Estructura vigente hasta nivel Dirección General según el Manual 2026.,,,,,2026-09-28,,,,,,Federal,Federal,,Estado Mayor,Vigente,,Verificado / cobertura amplia,Seguridad y defensa,5,24,0,0,1,2,6
def-om,Oficialía Mayor,Oficialía Mayor,Poder Ejecutivo,Oficialía Mayor,sec-2,Secretaría de la Defensa Nacional,4,"MOG Defensa 2026, estructura orgánica",MOG_DEFENSA_2026,Manual de Organización General de la Secretaría de la Defensa Nacional,https://sidof.segob.gob.mx/notas/5791257,2026-06-22,Sí,Estructura vigente hasta nivel Dirección General según el Manual 2026.,,,,,2026-09-28,,,,,,Federal,Federal,,Oficialía Mayor,Vigente,,Verificado / cobertura amplia,Seguridad y defensa,11,11,0,0,1,1,12
def-icg,"Inspección y Contraloría General del Ejército, Fuerza Aérea y Guardia Nacional",Inspección y Contraloría,Poder Ejecutivo,Inspección y Contraloría,sec-2,Secretaría de la Defensa Nacional,4,"MOG Defensa 2026, estructura orgánica",MOG_DEFENSA_2026,Manual de Organización General de la Secretaría de la Defensa Nacional,https://sidof.segob.gob.mx/notas/5791257,2026-06-22,Sí,Estructura vigente hasta nivel Dirección General según el Manual 2026.,,,,,2026-09-28,,,,,,Federal,Federal,,Inspección y Contraloría,Vigente,,Verificado / cobertura amplia,Seguridad y defensa,0,0,0,0,1,0,1
def-dg-edu,"Dirección General de Educación Militar y Rectoría de la Universidad del Ejército, Fuerza Aérea y Guardia Nacional",DG Educación Militar,Poder Ejecutivo,Dirección General,def-sub,Subsecretaría de la Defensa Nacional,5,"MOG Defensa 2026, estructura orgánica",MOG_DEFENSA_2026,Manual de Organización General de la Secretaría de la Defensa Nacional,https://sidof.segob.gob.mx/notas/5791257,2026-06-22,Sí,Estructura verificada en fuente oficial,,,,,2026-09-28,,,,,,Federal,Federal,,Dirección General,Vigente,,Verificado / cobertura amplia,Seguridad y defensa,0,0,0,0,1,0,1
def-dg-ss,Dirección General de Seguridad Social Militar,DG Seguridad Social Militar,Poder Ejecutivo,Dirección General,def-sub,Subsecretaría de la Defensa Nacional,5,"MOG Defensa 2026, estructura orgánica",MOG_DEFENSA_2026,Manual de Organización General de la Secretaría de la Defensa Nacional,https://sidof.segob.gob.mx/notas/5791257,2026-06-22,Sí,Estructura verificada en fuente oficial,,,,,2026-09-28,,,,,,Federal,Federal,,Dirección General,Vigente,,Verificado / cobertura amplia,Seguridad y defensa,0,0,0,0,1,0,1
def-dg-smn,Dirección General del Servicio Militar Nacional,DG Servicio Militar Nacional,Poder Ejecutivo,Dirección General,def-sub,Subsecretaría de la Defensa Nacional,5,"MOG Defensa 2026, estructura orgánica",MOG_DEFENSA_2026,Manual de Organización General de la Secretaría de la Defensa Nacional,https://sidof.segob.gob.mx/notas/5791257,2026-06-22,Sí,Estructura verificada en fuente oficial,,,,,2026-09-28,,,,,,Federal,Federal,,Dirección General,Vigente,,Verificado / cobertura amplia,Seguridad y defensa,0,0,0,0,1,0,1
def-dg-armas,Dirección General del Registro Federal de Armas de Fuego y Control de Explosivos,DG Armas/Explosivos,Poder Ejecutivo,Dirección General,def-sub,Subsecretaría de la Defensa Nacional,5,"MOG Defensa 2026, estructura orgánica",MOG_DEFENSA_2026,Manual de Organización General de la Secretaría de la Defensa Nacional,https://sidof.segob.gob.mx/notas/5791257,2026-06-22,Sí,Estructura verificada en fuente oficial,,,,,2026-09-28,,,,,,Federal,Federal,,Dirección General,Vigente,,Verificado / cobertura amplia,Seguridad y defensa,0,0,0,0,1,0,1
def-dg-ddhh,Dirección General de Derechos Humanos,DG Derechos Humanos,Poder Ejecutivo,Dirección General,def-sub,Subsecretaría de la Defensa Nacional,5,"MOG Defensa 2026, estructura orgánica",MOG_DEFENSA_2026,Manual de Organización General de la Secretaría de la Defensa Nacional,https://sidof.segob.gob.mx/notas/5791257,2026-06-22,Sí,Estructura verificada en fuente oficial,,,,,2026-09-28,,,,,,Federal,Federal,,Dirección General,Vigente,,Verificado / cobertura amplia,Seguridad y defensa,0,0,0,0,1,0,1
def-dg-cart,Dirección General de Cartografía,DG Cartografía,Poder Ejecutivo,Dirección General,def-sub,Subsecretaría de la Defensa Nacional,5,"MOG Defensa 2026, estructura orgánica",MOG_DEFENSA_2026,Manual de Organización General de la Secretaría de la Defensa Nacional,https://sidof.segob.gob.mx/notas/5791257,2026-06-22,Sí,Estructura verificada en fuente oficial,,,,,2026-09-28,,,,,,Federal,Federal,,Dirección General,Vigente,,Verificado / cobertura amplia,Seguridad y defensa,0,0,0,0,1,0,1
def-dg-jm,Dirección General de Justicia Militar,DG Justicia Militar,Poder Ejecutivo,Dirección General,def-sub,Subsecretaría de la Defensa Nacional,5,"MOG Defensa 2026, estructura orgánica",MOG_DEFENSA_2026,Manual de Organización General de la Secretaría de la Defensa Nacional,https://sidof.segob.gob.mx/notas/5791257,2026-06-22,Sí,Estructura verificada en fuente oficial,,,,,2026-09-28,,,,,,Federal,Federal,,Dirección General,Vigente,,Verificado / cobertura amplia,Seguridad y defensa,1,1,0,0,1,1,2
def-pericial,Coordinación de Servicios Periciales y Ciencias Forenses,Servicios Periciales,Poder Ejecutivo,Coordinación,def-dg-jm,Dirección General de Justicia Militar,6,"MOG Defensa 2026, estructura orgánica",MOG_DEFENSA_2026,Manual de Organización General de la Secretaría de la Defensa Nacional,https://sidof.segob.gob.mx/notas/5791257,2026-06-22,Sí,Estructura verificada en fuente oficial,,,,,2026-09-28,,,,,,Federal,Federal,,Coordinación,Vigente,,Verificado / cobertura amplia,Seguridad y defensa,0,0,0,0,1,0,1
def-cenavi,Centro Nacional de Vigilancia y Protección del Espacio Aéreo,CENAVI,Poder Ejecutivo,Centro,def-emc,Estado Mayor Conjunto de la Defensa Nacional,5,"MOG Defensa 2026, estructura orgánica",MOG_DEFENSA_2026,Manual de Organización General de la Secretaría de la Defensa Nacional,https://sidof.segob.gob.mx/notas/5791257,2026-06-22,Sí,Estructura verificada en fuente oficial,,,,,2026-09-28,,,,,,Federal,Federal,,Centro,Vigente,,Verificado / cobertura amplia,Seguridad y defensa,0,0,0,0,1,0,1
def-dg-com,Dirección General de Comunicación Social,DG Comunicación Social,Poder Ejecutivo,Dirección General,def-emc,Estado Mayor Conjunto de la Defensa Nacional,5,"MOG Defensa 2026, estructura orgánica",MOG_DEFENSA_2026,Manual de Organización General de la Secretaría de la Defensa Nacional,https://sidof.segob.gob.mx/notas/5791257,2026-06-22,Sí,Estructura verificada en fuente oficial,,,,,2026-09-28,,,,,,Federal,Federal,,Dirección General,Vigente,,Verificado / cobertura amplia,Seguridad y defensa,0,0,0,0,1,0,1
def-ej,Comandancia del Ejército Mexicano,Comandancia Ejército,Poder Ejecutivo,Comandancia,def-emc,Estado Mayor Conjunto de la Defensa Nacional,5,"MOG Defensa 2026, estructura orgánica",MOG_DEFENSA_2026,Manual de Organización General de la Secretaría de la Defensa Nacional,https://sidof.segob.gob.mx/notas/5791257,2026-06-22,Sí,Estructura verificada en fuente oficial,,,,,2026-09-28,,,,,,Federal,Federal,,Comandancia,Vigente,,Verificado / cobertura amplia,Seguridad y defensa,8,8,0,0,1,1,9
def-fam,Comandancia de la Fuerza Aérea Mexicana,Comandancia FAM,Poder Ejecutivo,Comandancia,def-emc,Estado Mayor Conjunto de la Defensa Nacional,5,"MOG Defensa 2026, estructura orgánica",MOG_DEFENSA_2026,Manual de Organización General de la Secretaría de la Defensa Nacional,https://sidof.segob.gob.mx/notas/5791257,2026-06-22,Sí,Estructura verificada en fuente oficial,,,,,2026-09-28,,,,,,Federal,Federal,,Comandancia,Vigente,,Verificado / cobertura amplia,Seguridad y defensa,9,9,0,0,1,1,10
def-gn,Comandancia de la Guardia Nacional,Comandancia Guardia Nacional,Poder Ejecutivo,Comandancia,def-emc,Estado Mayor Conjunto de la Defensa Nacional,5,"MOG Defensa 2026, estructura orgánica",MOG_DEFENSA_2026,Manual de Organización General de la Secretaría de la Defensa Nacional,https://sidof.segob.gob.mx/notas/5791257,2026-06-22,Sí,Estructura verificada en fuente oficial,,,,,2026-09-28,,,,,,Federal,Federal,,Comandancia,Vigente,,Verificado / cobertura amplia,Seguridad y defensa,2,2,0,0,1,1,3
def-em-ej,Estado Mayor del Ejército,Estado Mayor Ejército,Poder Ejecutivo,Estado Mayor,def-ej,Comandancia del Ejército Mexicano,6,"MOG Defensa 2026, estructura orgánica",MOG_DEFENSA_2026,Manual de Organización General de la Secretaría de la Defensa Nacional,https://sidof.segob.gob.mx/notas/5791257,2026-06-22,Sí,Estructura verificada en fuente oficial,,,,,2026-09-28,,,,,,Federal,Federal,,Estado Mayor,Vigente,,Verificado / cobertura amplia,Seguridad y defensa,0,0,0,0,1,0,1
def-dg-inf,Dirección General de Infantería,DG Infantería,Poder Ejecutivo,Dirección General,def-ej,Comandancia del Ejército Mexicano,6,"MOG Defensa 2026, estructura orgánica",MOG_DEFENSA_2026,Manual de Organización General de la Secretaría de la Defensa Nacional,https://sidof.segob.gob.mx/notas/5791257,2026-06-22,Sí,Estructura verificada en fuente oficial,,,,,2026-09-28,,,,,,Federal,Federal,,Dirección General,Vigente,,Verificado / cobertura amplia,Seguridad y defensa,0,0,0,0,1,0,1
def-dg-cab,Dirección General de Caballería,DG Caballería,Poder Ejecutivo,Dirección General,def-ej,Comandancia del Ejército Mexicano,6,"MOG Defensa 2026, estructura orgánica",MOG_DEFENSA_2026,Manual de Organización General de la Secretaría de la Defensa Nacional,https://sidof.segob.gob.mx/notas/5791257,2026-06-22,Sí,Estructura verificada en fuente oficial,,,,,2026-09-28,,,,,,Federal,Federal,,Dirección General,Vigente,,Verificado / cobertura amplia,Seguridad y defensa,0,0,0,0,1,0,1
def-dg-art,Dirección General de Artillería,DG Artillería,Poder Ejecutivo,Dirección General,def-ej,Comandancia del Ejército Mexicano,6,"MOG Defensa 2026, estructura orgánica",MOG_DEFENSA_2026,Manual de Organización General de la Secretaría de la Defensa Nacional,https://sidof.segob.gob.mx/notas/5791257,2026-06-22,Sí,Estructura verificada en fuente oficial,,,,,2026-09-28,,,,,,Federal,Federal,,Dirección General,Vigente,,Verificado / cobertura amplia,Seguridad y defensa,0,0,0,0,1,0,1
def-dg-blind,Dirección General del Arma Blindada,DG Arma Blindada,Poder Ejecutivo,Dirección General,def-ej,Comandancia del Ejército Mexicano,6,"MOG Defensa 2026, estructura orgánica",MOG_DEFENSA_2026,Manual de Organización General de la Secretaría de la Defensa Nacional,https://sidof.segob.gob.mx/notas/5791257,2026-06-22,Sí,Estructura verificada en fuente oficial,,,,,2026-09-28,,,,,,Federal,Federal,,Dirección General,Vigente,,Verificado / cobertura amplia,Seguridad y defensa,0,0,0,0,1,0,1
def-dg-ing,Dirección General de Ingenieros,DG Ingenieros,Poder Ejecutivo,Dirección General,def-ej,Comandancia del Ejército Mexicano,6,"MOG Defensa 2026, estructura orgánica",MOG_DEFENSA_2026,Manual de Organización General de la Secretaría de la Defensa Nacional,https://sidof.segob.gob.mx/notas/5791257,2026-06-22,Sí,Estructura verificada en fuente oficial,,,,,2026-09-28,,,,,,Federal,Federal,,Dirección General,Vigente,,Verificado / cobertura amplia,Seguridad y defensa,0,0,0,0,1,0,1
def-dg-pm,Dirección General de Policía Militar,DG Policía Militar,Poder Ejecutivo,Dirección General,def-ej,Comandancia del Ejército Mexicano,6,"MOG Defensa 2026, estructura orgánica",MOG_DEFENSA_2026,Manual de Organización General de la Secretaría de la Defensa Nacional,https://sidof.segob.gob.mx/notas/5791257,2026-06-22,Sí,Estructura verificada en fuente oficial,,,,,2026-09-28,,,,,,Federal,Federal,,Dirección General,Vigente,,Verificado / cobertura amplia,Seguridad y defensa,0,0,0,0,1,0,1
def-dg-dr,Dirección General de Defensas Rurales,DG Defensas Rurales,Poder Ejecutivo,Dirección General,def-ej,Comandancia del Ejército Mexicano,6,"MOG Defensa 2026, estructura orgánica",MOG_DEFENSA_2026,Manual de Organización General de la Secretaría de la Defensa Nacional,https://sidof.segob.gob.mx/notas/5791257,2026-06-22,Sí,Estructura verificada en fuente oficial,,,,,2026-09-28,,,,,,Federal,Federal,,Dirección General,Vigente,,Verificado / cobertura amplia,Seguridad y defensa,0,0,0,0,1,0,1
def-em-fam,Estado Mayor de la Fuerza Aérea,Estado Mayor FAM,Poder Ejecutivo,Estado Mayor,def-fam,Comandancia de la Fuerza Aérea Mexicana,6,"MOG Defensa 2026, estructura orgánica",MOG_DEFENSA_2026,Manual de Organización General de la Secretaría de la Defensa Nacional,https://sidof.segob.gob.mx/notas/5791257,2026-06-22,Sí,Estructura verificada en fuente oficial,,,,,2026-09-28,,,,,,Federal,Federal,,Estado Mayor,Vigente,,Verificado / cobertura amplia,Seguridad y defensa,0,0,0,0,1,0,1
def-pilotos,Dirección de Pilotos Aviadores,Pilotos Aviadores,Poder Ejecutivo,Dirección,def-fam,Comandancia de la Fuerza Aérea Mexicana,6,"MOG Defensa 2026, estructura orgánica",MOG_DEFENSA_2026,Manual de Organización General de la Secretaría de la Defensa Nacional,https://sidof.segob.gob.mx/notas/5791257,2026-06-22,Sí,Estructura verificada en fuente oficial,,,,,2026-09-28,,,,,,Federal,Federal,,Dirección,Vigente,,Verificado / cobertura amplia,Seguridad y defensa,0,0,0,0,1,0,1
def-meteo,Dirección del Servicio Meteorológico,Servicio Meteorológico,Poder Ejecutivo,Dirección,def-fam,Comandancia de la Fuerza Aérea Mexicana,6,"MOG Defensa 2026, estructura orgánica",MOG_DEFENSA_2026,Manual de Organización General de la Secretaría de la Defensa Nacional,https://sidof.segob.gob.mx/notas/5791257,2026-06-22,Sí,Estructura verificada en fuente oficial,,,,,2026-09-28,,,,,,Federal,Federal,,Dirección,Vigente,,Verificado / cobertura amplia,Seguridad y defensa,0,0,0,0,1,0,1
def-defa,Dirección de Defensa Aérea,Defensa Aérea,Poder Ejecutivo,Dirección,def-fam,Comandancia de la Fuerza Aérea Mexicana,6,"MOG Defensa 2026, estructura orgánica",MOG_DEFENSA_2026,Manual de Organización General de la Secretaría de la Defensa Nacional,https://sidof.segob.gob.mx/notas/5791257,2026-06-22,Sí,Estructura verificada en fuente oficial,,,,,2026-09-28,,,,,,Federal,Federal,,Dirección,Vigente,,Verificado / cobertura amplia,Seguridad y defensa,0,0,0,0,1,0,1
def-matbel,Dirección de Material Bélico de la Fuerza Aérea,Material Bélico FAM,Poder Ejecutivo,Dirección,def-fam,Comandancia de la Fuerza Aérea Mexicana,6,"MOG Defensa 2026, estructura orgánica",MOG_DEFENSA_2026,Manual de Organización General de la Secretaría de la Defensa Nacional,https://sidof.segob.gob.mx/notas/5791257,2026-06-22,Sí,Estructura verificada en fuente oficial,,,,,2026-09-28,,,,,,Federal,Federal,,Dirección,Vigente,,Verificado / cobertura amplia,Seguridad y defensa,0,0,0,0,1,0,1
def-log,Dirección de Logística Aérea,Logística Aérea,Poder Ejecutivo,Dirección,def-fam,Comandancia de la Fuerza Aérea Mexicana,6,"MOG Defensa 2026, estructura orgánica",MOG_DEFENSA_2026,Manual de Organización General de la Secretaría de la Defensa Nacional,https://sidof.segob.gob.mx/notas/5791257,2026-06-22,Sí,Estructura verificada en fuente oficial,,,,,2026-09-28,,,,,,Federal,Federal,,Dirección,Vigente,,Verificado / cobertura amplia,Seguridad y defensa,0,0,0,0,1,0,1
def-mant,Dirección de Mantenimiento de Material Aéreo,Mantenimiento Material Aéreo,Poder Ejecutivo,Dirección,def-fam,Comandancia de la Fuerza Aérea Mexicana,6,"MOG Defensa 2026, estructura orgánica",MOG_DEFENSA_2026,Manual de Organización General de la Secretaría de la Defensa Nacional,https://sidof.segob.gob.mx/notas/5791257,2026-06-22,Sí,Estructura verificada en fuente oficial,,,,,2026-09-28,,,,,,Federal,Federal,,Dirección,Vigente,,Verificado / cobertura amplia,Seguridad y defensa,0,0,0,0,1,0,1
def-elec,Dirección de Material Aéreo Electrónico,Material Aéreo Electrónico,Poder Ejecutivo,Dirección,def-fam,Comandancia de la Fuerza Aérea Mexicana,6,"MOG Defensa 2026, estructura orgánica",MOG_DEFENSA_2026,Manual de Organización General de la Secretaría de la Defensa Nacional,https://sidof.segob.gob.mx/notas/5791257,2026-06-22,Sí,Estructura verificada en fuente oficial,,,,,2026-09-28,,,,,,Federal,Federal,,Dirección,Vigente,,Verificado / cobertura amplia,Seguridad y defensa,0,0,0,0,1,0,1
def-adq,Dirección de Adquisiciones de la Fuerza Aérea Mexicana,Adquisiciones FAM,Poder Ejecutivo,Dirección,def-fam,Comandancia de la Fuerza Aérea Mexicana,6,"MOG Defensa 2026, estructura orgánica",MOG_DEFENSA_2026,Manual de Organización General de la Secretaría de la Defensa Nacional,https://sidof.segob.gob.mx/notas/5791257,2026-06-22,Sí,Estructura verificada en fuente oficial,,,,,2026-09-28,,,,,,Federal,Federal,,Dirección,Vigente,,Verificado / cobertura amplia,Seguridad y defensa,0,0,0,0,1,0,1
def-gn-jef,Jefatura General de Coordinación Policial,Jefatura Coord. Policial,Poder Ejecutivo,Jefatura,def-gn,Comandancia de la Guardia Nacional,6,"MOG Defensa 2026, estructura orgánica",MOG_DEFENSA_2026,Manual de Organización General de la Secretaría de la Defensa Nacional,https://sidof.segob.gob.mx/notas/5791257,2026-06-22,Sí,Estructura verificada en fuente oficial,,,,,2026-09-28,,,,,,Federal,Federal,,Jefatura,Vigente,,Verificado / cobertura amplia,Seguridad y defensa,0,0,0,0,1,0,1
def-gn-dg,Dirección General de Guardia Nacional,DG Guardia Nacional,Poder Ejecutivo,Dirección General,def-gn,Comandancia de la Guardia Nacional,6,"MOG Defensa 2026, estructura orgánica",MOG_DEFENSA_2026,Manual de Organización General de la Secretaría de la Defensa Nacional,https://sidof.segob.gob.mx/notas/5791257,2026-06-22,Sí,Estructura verificada en fuente oficial,,,,,2026-09-28,,,,,,Federal,Federal,,Dirección General,Vigente,,Verificado / cobertura amplia,Seguridad y defensa,0,0,0,0,1,0,1
def-dg-pers,Dirección General de Personal,DG Personal,Poder Ejecutivo,Dirección General,def-om,Oficialía Mayor,5,"MOG Defensa 2026, estructura orgánica",MOG_DEFENSA_2026,Manual de Organización General de la Secretaría de la Defensa Nacional,https://sidof.segob.gob.mx/notas/5791257,2026-06-22,Sí,Estructura verificada en fuente oficial,,,,,2026-09-28,,,,,,Federal,Federal,,Dirección General,Vigente,,Verificado / cobertura amplia,Seguridad y defensa,0,0,0,0,1,0,1
def-dg-arch,Dirección General de Archivo e Historia,DG Archivo e Historia,Poder Ejecutivo,Dirección General,def-om,Oficialía Mayor,5,"MOG Defensa 2026, estructura orgánica",MOG_DEFENSA_2026,Manual de Organización General de la Secretaría de la Defensa Nacional,https://sidof.segob.gob.mx/notas/5791257,2026-06-22,Sí,Estructura verificada en fuente oficial,,,,,2026-09-28,,,,,,Federal,Federal,,Dirección General,Vigente,,Verificado / cobertura amplia,Seguridad y defensa,0,0,0,0,1,0,1
def-dg-ind,Dirección General de Industria Militar,DG Industria Militar,Poder Ejecutivo,Dirección General,def-om,Oficialía Mayor,5,"MOG Defensa 2026, estructura orgánica",MOG_DEFENSA_2026,Manual de Organización General de la Secretaría de la Defensa Nacional,https://sidof.segob.gob.mx/notas/5791257,2026-06-22,Sí,Estructura verificada en fuente oficial,,,,,2026-09-28,,,,,,Federal,Federal,,Dirección General,Vigente,,Verificado / cobertura amplia,Seguridad y defensa,0,0,0,0,1,0,1
def-dg-fab,Dirección General de Fábricas de Vestuario y Equipo,DG Fábricas Vestuario/Equipo,Poder Ejecutivo,Dirección General,def-om,Oficialía Mayor,5,"MOG Defensa 2026, estructura orgánica",MOG_DEFENSA_2026,Manual de Organización General de la Secretaría de la Defensa Nacional,https://sidof.segob.gob.mx/notas/5791257,2026-06-22,Sí,Estructura verificada en fuente oficial,,,,,2026-09-28,,,,,,Federal,Federal,,Dirección General,Vigente,,Verificado / cobertura amplia,Seguridad y defensa,0,0,0,0,1,0,1
def-dg-adm,Dirección General de Administración,DG Administración,Poder Ejecutivo,Dirección General,def-om,Oficialía Mayor,5,"MOG Defensa 2026, estructura orgánica",MOG_DEFENSA_2026,Manual de Organización General de la Secretaría de la Defensa Nacional,https://sidof.segob.gob.mx/notas/5791257,2026-06-22,Sí,Estructura verificada en fuente oficial,,,,,2026-09-28,,,,,,Federal,Federal,,Dirección General,Vigente,,Verificado / cobertura amplia,Seguridad y defensa,0,0,0,0,1,0,1
def-dg-san,Dirección General de Sanidad,DG Sanidad,Poder Ejecutivo,Dirección General,def-om,Oficialía Mayor,5,"MOG Defensa 2026, estructura orgánica",MOG_DEFENSA_2026,Manual de Organización General de la Secretaría de la Defensa Nacional,https://sidof.segob.gob.mx/notas/5791257,2026-06-22,Sí,Estructura verificada en fuente oficial,,,,,2026-09-28,,,,,,Federal,Federal,,Dirección General,Vigente,,Verificado / cobertura amplia,Seguridad y defensa,0,0,0,0,1,0,1
def-dg-trans,Dirección General de Transportes Militares,DG Transportes Militares,Poder Ejecutivo,Dirección General,def-om,Oficialía Mayor,5,"MOG Defensa 2026, estructura orgánica",MOG_DEFENSA_2026,Manual de Organización General de la Secretaría de la Defensa Nacional,https://sidof.segob.gob.mx/notas/5791257,2026-06-22,Sí,Estructura verificada en fuente oficial,,,,,2026-09-28,,,,,,Federal,Federal,,Dirección General,Vigente,,Verificado / cobertura amplia,Seguridad y defensa,0,0,0,0,1,0,1
def-dg-matg,Dirección General de Materiales de Guerra,DG Materiales de Guerra,Poder Ejecutivo,Dirección General,def-om,Oficialía Mayor,5,"MOG Defensa 2026, estructura orgánica",MOG_DEFENSA_2026,Manual de Organización General de la Secretaría de la Defensa Nacional,https://sidof.segob.gob.mx/notas/5791257,2026-06-22,Sí,Estructura verificada en fuente oficial,,,,,2026-09-28,,,,,,Federal,Federal,,Dirección General,Vigente,,Verificado / cobertura amplia,Seguridad y defensa,0,0,0,0,1,0,1
def-dg-int,Dirección General de Intendencia,DG Intendencia,Poder Ejecutivo,Dirección General,def-om,Oficialía Mayor,5,"MOG Defensa 2026, estructura orgánica",MOG_DEFENSA_2026,Manual de Organización General de la Secretaría de la Defensa Nacional,https://sidof.segob.gob.mx/notas/5791257,2026-06-22,Sí,Estructura verificada en fuente oficial,,,,,2026-09-28,,,,,,Federal,Federal,,Dirección General,Vigente,,Verificado / cobertura amplia,Seguridad y defensa,0,0,0,0,1,0,1
def-dg-vet,Dirección General de Veterinaria y Remonta,DG Veterinaria/Remonta,Poder Ejecutivo,Dirección General,def-om,Oficialía Mayor,5,"MOG Defensa 2026, estructura orgánica",MOG_DEFENSA_2026,Manual de Organización General de la Secretaría de la Defensa Nacional,https://sidof.segob.gob.mx/notas/5791257,2026-06-22,Sí,Estructura verificada en fuente oficial,,,,,2026-09-28,,,,,,Federal,Federal,,Dirección General,Vigente,,Verificado / cobertura amplia,Seguridad y defensa,0,0,0,0,1,0,1
def-dg-tic,Dirección General de Tecnologías de la Información y Comunicaciones,DG TIC,Poder Ejecutivo,Dirección General,def-om,Oficialía Mayor,5,"MOG Defensa 2026, estructura orgánica",MOG_DEFENSA_2026,Manual de Organización General de la Secretaría de la Defensa Nacional,https://sidof.segob.gob.mx/notas/5791257,2026-06-22,Sí,Estructura verificada en fuente oficial,,,,,2026-09-28,,,,,,Federal,Federal,,Dirección General,Vigente,,Verificado / cobertura amplia,Seguridad y defensa,0,0,0,0,1,0,1
mar-u-jur,Unidad Jurídica,Unidad Jurídica,Poder Ejecutivo,Unidad,sec-3,Secretaría de Marina,4,Reglamento Interior Marina 11-12-2025,RI_MARINA_2025,Reglamento Interior de la Secretaría de Marina,https://www.dof.gob.mx/abrirPDF.php?anio=2025&archivo=11122025-VES.pdf&repo=,2025-12-11,Sí,Nivel superior verificado en el Reglamento vigente.,,,,,2026-09-28,,,,,,Federal,Federal,,Unidad,Vigente,,Verificado / cobertura parcial,Seguridad y defensa,0,0,0,0,1,0,1
mar-u-igual,"Unidad de Igualdad de Género, Derechos Humanos e Inclusión",Igualdad/DDHH/Inclusión,Poder Ejecutivo,Unidad,sec-3,Secretaría de Marina,4,Reglamento Interior Marina 11-12-2025,RI_MARINA_2025,Reglamento Interior de la Secretaría de Marina,https://www.dof.gob.mx/abrirPDF.php?anio=2025&archivo=11122025-VES.pdf&repo=,2025-12-11,Sí,Nivel superior verificado en el Reglamento vigente.,,,,,2026-09-28,,,,,,Federal,Federal,,Unidad,Vigente,,Verificado / cobertura parcial,Seguridad y defensa,0,0,0,0,1,0,1
mar-sub,Subsecretaría de Marina,Subsecretaría Marina,Poder Ejecutivo,Subsecretaría,sec-3,Secretaría de Marina,4,Reglamento Interior Marina 11-12-2025,RI_MARINA_2025,Reglamento Interior de la Secretaría de Marina,https://www.dof.gob.mx/abrirPDF.php?anio=2025&archivo=11122025-VES.pdf&repo=,2025-12-11,Sí,Nivel superior verificado en el Reglamento vigente.,,,,,2026-09-28,,,,,,Federal,Federal,,Subsecretaría,Vigente,,Verificado / cobertura parcial,Seguridad y defensa,4,4,0,0,1,1,5
mar-sub-amp,Subsecretaría de Asuntos Marítimos y Portuarios,Sub. Asuntos Marítimos/Portuarios,Poder Ejecutivo,Subsecretaría,sec-3,Secretaría de Marina,4,Reglamento Interior Marina 11-12-2025,RI_MARINA_2025,Reglamento Interior de la Secretaría de Marina,https://www.dof.gob.mx/abrirPDF.php?anio=2025&archivo=11122025-VES.pdf&repo=,2025-12-11,Sí,Nivel superior verificado en el Reglamento vigente.,,,,,2026-09-28,,,,,,Federal,Federal,,Subsecretaría,Vigente,,Verificado / cobertura parcial,Seguridad y defensa,2,9,0,0,1,3,3
mar-om,Oficialía Mayor,Oficialía Mayor,Poder Ejecutivo,Oficialía Mayor,sec-3,Secretaría de Marina,4,Reglamento Interior Marina 11-12-2025,RI_MARINA_2025,Reglamento Interior de la Secretaría de Marina,https://www.dof.gob.mx/abrirPDF.php?anio=2025&archivo=11122025-VES.pdf&repo=,2025-12-11,Sí,Nivel superior verificado en el Reglamento vigente.,,,,,2026-09-28,,,,,,Federal,Federal,,Oficialía Mayor,Vigente,,Verificado / cobertura parcial,Seguridad y defensa,4,4,0,0,1,1,5
mar-jon,Jefatura de Operaciones Navales,Jefatura Operaciones Navales,Poder Ejecutivo,Jefatura,sec-3,Secretaría de Marina,4,Reglamento Interior Marina 11-12-2025,RI_MARINA_2025,Reglamento Interior de la Secretaría de Marina,https://www.dof.gob.mx/abrirPDF.php?anio=2025&archivo=11122025-VES.pdf&repo=,2025-12-11,Sí,Nivel superior verificado en el Reglamento vigente.,,,,,2026-09-28,,,,,,Federal,Federal,,Jefatura,Vigente,,Verificado / cobertura parcial,Seguridad y defensa,0,0,0,0,1,0,1
mar-emga,Estado Mayor General de la Armada,Estado Mayor Armada,Poder Ejecutivo,Estado Mayor,sec-3,Secretaría de Marina,4,Reglamento Interior Marina 11-12-2025,RI_MARINA_2025,Reglamento Interior de la Secretaría de Marina,https://www.dof.gob.mx/abrirPDF.php?anio=2025&archivo=11122025-VES.pdf&repo=,2025-12-11,Sí,Nivel superior verificado en el Reglamento vigente.,,,,,2026-09-28,,,,,,Federal,Federal,,Estado Mayor,Vigente,,Verificado / cobertura parcial,Seguridad y defensa,0,0,0,0,1,0,1
mar-icg,Inspección y Contraloría General de Marina,Inspección y Contraloría,Poder Ejecutivo,Inspección y Contraloría,sec-3,Secretaría de Marina,4,Reglamento Interior Marina 11-12-2025,RI_MARINA_2025,Reglamento Interior de la Secretaría de Marina,https://www.dof.gob.mx/abrirPDF.php?anio=2025&archivo=11122025-VES.pdf&repo=,2025-12-11,Sí,Nivel superior verificado en el Reglamento vigente.,,,,,2026-09-28,,,,,,Federal,Federal,,Inspección y Contraloría,Vigente,,Verificado / cobertura parcial,Seguridad y defensa,0,0,0,0,1,0,1
mar-uin,Unidad de Inteligencia Naval,Inteligencia Naval,Poder Ejecutivo,Unidad,sec-3,Secretaría de Marina,4,Reglamento Interior Marina 11-12-2025,RI_MARINA_2025,Reglamento Interior de la Secretaría de Marina,https://www.dof.gob.mx/abrirPDF.php?anio=2025&archivo=11122025-VES.pdf&repo=,2025-12-11,Sí,Nivel superior verificado en el Reglamento vigente.,,,,,2026-09-28,,,,,,Federal,Federal,,Unidad,Vigente,,Verificado / cobertura parcial,Seguridad y defensa,0,0,0,0,1,0,1
mar-dg-cons,Dirección General de Construcciones Navales,DG Construcciones Navales,Poder Ejecutivo,Dirección General,mar-sub,Subsecretaría de Marina,5,Reglamento Interior Marina 2025,RI_MARINA_2025,Reglamento Interior de la Secretaría de Marina,https://www.dof.gob.mx/abrirPDF.php?anio=2025&archivo=11122025-VES.pdf&repo=,2025-12-11,Sí,Estructura verificada en fuente oficial,,,,,2026-09-28,,,,,,Federal,Federal,,Dirección General,Vigente,,Verificado / cobertura amplia,Seguridad y defensa,0,0,0,0,1,0,1
mar-dg-ind,Dirección General de Industria Naval,DG Industria Naval,Poder Ejecutivo,Dirección General,mar-sub,Subsecretaría de Marina,5,Reglamento Interior Marina 2025,RI_MARINA_2025,Reglamento Interior de la Secretaría de Marina,https://www.dof.gob.mx/abrirPDF.php?anio=2025&archivo=11122025-VES.pdf&repo=,2025-12-11,Sí,Estructura verificada en fuente oficial,,,,,2026-09-28,,,,,,Federal,Federal,,Dirección General,Vigente,,Verificado / cobertura amplia,Seguridad y defensa,0,0,0,0,1,0,1
mar-dg-tec,Dirección General de Servicios Técnicos y Científicos,DG Servicios Técnicos/Científicos,Poder Ejecutivo,Dirección General,mar-sub,Subsecretaría de Marina,5,Reglamento Interior Marina 2025,RI_MARINA_2025,Reglamento Interior de la Secretaría de Marina,https://www.dof.gob.mx/abrirPDF.php?anio=2025&archivo=11122025-VES.pdf&repo=,2025-12-11,Sí,Estructura verificada en fuente oficial,,,,,2026-09-28,,,,,,Federal,Federal,,Dirección General,Vigente,,Verificado / cobertura amplia,Seguridad y defensa,0,0,0,0,1,0,1
mar-dg-obras,Dirección General de Obras y Dragado,DG Obras y Dragado,Poder Ejecutivo,Dirección General,mar-sub,Subsecretaría de Marina,5,Reglamento Interior Marina 2025,RI_MARINA_2025,Reglamento Interior de la Secretaría de Marina,https://www.dof.gob.mx/abrirPDF.php?anio=2025&archivo=11122025-VES.pdf&repo=,2025-12-11,Sí,Estructura verificada en fuente oficial,,,,,2026-09-28,,,,,,Federal,Federal,,Dirección General,Vigente,,Verificado / cobertura amplia,Seguridad y defensa,0,0,0,0,1,0,1
mar-u-amn,Unidad de la Autoridad Marítima Nacional,Autoridad Marítima Nacional,Poder Ejecutivo,Unidad,mar-sub-amp,Subsecretaría de Asuntos Marítimos y Portuarios,5,Reglamento Interior Marina 2025,RI_MARINA_2025,Reglamento Interior de la Secretaría de Marina,https://www.dof.gob.mx/abrirPDF.php?anio=2025&archivo=11122025-VES.pdf&repo=,2025-12-11,Sí,Estructura verificada en fuente oficial,,,,,2026-09-28,,,,,,Federal,Federal,,Unidad,Vigente,,Verificado / cobertura amplia,Seguridad y defensa,3,4,0,0,1,2,4
mar-u-pmm,Unidad de Puertos y Marina Mercante,Puertos y Marina Mercante,Poder Ejecutivo,Unidad,mar-sub-amp,Subsecretaría de Asuntos Marítimos y Portuarios,5,Reglamento Interior Marina 2025,RI_MARINA_2025,Reglamento Interior de la Secretaría de Marina,https://www.dof.gob.mx/abrirPDF.php?anio=2025&archivo=11122025-VES.pdf&repo=,2025-12-11,Sí,Estructura verificada en fuente oficial,,,,,2026-09-28,,,,,,Federal,Federal,,Unidad,Vigente,,Verificado / cobertura amplia,Seguridad y defensa,3,3,0,0,1,1,4
mar-dg-cap,Dirección General de Capitanías de Puerto,DG Capitanías de Puerto,Poder Ejecutivo,Dirección General,mar-u-amn,Unidad de la Autoridad Marítima Nacional,6,Reglamento Interior Marina 2025,RI_MARINA_2025,Reglamento Interior de la Secretaría de Marina,https://www.dof.gob.mx/abrirPDF.php?anio=2025&archivo=11122025-VES.pdf&repo=,2025-12-11,Sí,Estructura verificada en fuente oficial,,,,,2026-09-28,,,,,,Federal,Federal,,Dirección General,Vigente,,Verificado / cobertura amplia,Seguridad y defensa,1,1,0,0,1,1,2
mar-dg-prot,Dirección General de Protección y Certificación Marítima,DG Protección/Certificación,Poder Ejecutivo,Dirección General,mar-u-amn,Unidad de la Autoridad Marítima Nacional,6,Reglamento Interior Marina 2025,RI_MARINA_2025,Reglamento Interior de la Secretaría de Marina,https://www.dof.gob.mx/abrirPDF.php?anio=2025&archivo=11122025-VES.pdf&repo=,2025-12-11,Sí,Estructura verificada en fuente oficial,,,,,2026-09-28,,,,,,Federal,Federal,,Dirección General,Vigente,,Verificado / cobertura amplia,Seguridad y defensa,0,0,0,0,1,0,1
mar-dg-enl,Dirección General de Enlace y Asuntos Marítimos,DG Enlace/Asuntos Marítimos,Poder Ejecutivo,Dirección General,mar-u-amn,Unidad de la Autoridad Marítima Nacional,6,Reglamento Interior Marina 2025,RI_MARINA_2025,Reglamento Interior de la Secretaría de Marina,https://www.dof.gob.mx/abrirPDF.php?anio=2025&archivo=11122025-VES.pdf&repo=,2025-12-11,Sí,Estructura verificada en fuente oficial,,,,,2026-09-28,,,,,,Federal,Federal,,Dirección General,Vigente,,Verificado / cobertura amplia,Seguridad y defensa,0,0,0,0,1,0,1
mar-dg-puertos,Dirección General de Puertos,DG Puertos,Poder Ejecutivo,Dirección General,mar-u-pmm,Unidad de Puertos y Marina Mercante,6,Reglamento Interior Marina 2025,RI_MARINA_2025,Reglamento Interior de la Secretaría de Marina,https://www.dof.gob.mx/abrirPDF.php?anio=2025&archivo=11122025-VES.pdf&repo=,2025-12-11,Sí,Estructura verificada en fuente oficial,,,,,2026-09-28,,,,,,Federal,Federal,,Dirección General,Vigente,,Verificado / cobertura amplia,Seguridad y defensa,0,0,0,0,1,0,1
mar-dg-mm,Dirección General de Marina Mercante,DG Marina Mercante,Poder Ejecutivo,Dirección General,mar-u-pmm,Unidad de Puertos y Marina Mercante,6,Reglamento Interior Marina 2025,RI_MARINA_2025,Reglamento Interior de la Secretaría de Marina,https://www.dof.gob.mx/abrirPDF.php?anio=2025&archivo=11122025-VES.pdf&repo=,2025-12-11,Sí,Estructura verificada en fuente oficial,,,,,2026-09-28,,,,,,Federal,Federal,,Dirección General,Vigente,,Verificado / cobertura amplia,Seguridad y defensa,0,0,0,0,1,0,1
mar-dg-fap,Dirección General de Fomento y Administración Portuaria,DG Fomento Portuario,Poder Ejecutivo,Dirección General,mar-u-pmm,Unidad de Puertos y Marina Mercante,6,Reglamento Interior Marina 2025,RI_MARINA_2025,Reglamento Interior de la Secretaría de Marina,https://www.dof.gob.mx/abrirPDF.php?anio=2025&archivo=11122025-VES.pdf&repo=,2025-12-11,Sí,Estructura verificada en fuente oficial,,,,,2026-09-28,,,,,,Federal,Federal,,Dirección General,Vigente,,Verificado / cobertura amplia,Seguridad y defensa,0,0,0,0,1,0,1
mar-cap-red,Capitanías de Puerto,Capitanías de Puerto,Poder Ejecutivo,Red territorial,mar-dg-cap,Dirección General de Capitanías de Puerto,7,Reglamento Interior Marina 2025,RI_MARINA_2025,Reglamento Interior de la Secretaría de Marina,https://www.dof.gob.mx/abrirPDF.php?anio=2025&archivo=11122025-VES.pdf&repo=,2025-12-11,Sí,"Nodo agregado: representa la red de capitanías, no una enumeración individual.",,,,,2026-09-28,,,,,,Federal,Federal,,Red territorial,Vigente,,Nodo agregado o clasificación,Seguridad y defensa,0,0,0,0,1,0,1
mar-dg-rh,Dirección General de Recursos Humanos,DG Recursos Humanos,Poder Ejecutivo,Dirección General,mar-om,Oficialía Mayor,5,Reglamento Interior Marina 2025,RI_MARINA_2025,Reglamento Interior de la Secretaría de Marina,https://www.dof.gob.mx/abrirPDF.php?anio=2025&archivo=11122025-VES.pdf&repo=,2025-12-11,Sí,Estructura verificada en fuente oficial,,,,,2026-09-28,,,,,,Federal,Federal,,Dirección General,Vigente,,Verificado / cobertura amplia,Seguridad y defensa,0,0,0,0,1,0,1
mar-dg-pop,"Dirección General de Programación, Organización y Presupuesto",DG Programación/Presupuesto,Poder Ejecutivo,Dirección General,mar-om,Oficialía Mayor,5,Reglamento Interior Marina 2025,RI_MARINA_2025,Reglamento Interior de la Secretaría de Marina,https://www.dof.gob.mx/abrirPDF.php?anio=2025&archivo=11122025-VES.pdf&repo=,2025-12-11,Sí,Estructura verificada en fuente oficial,,,,,2026-09-28,,,,,,Federal,Federal,,Dirección General,Vigente,,Verificado / cobertura amplia,Seguridad y defensa,0,0,0,0,1,0,1
mar-dg-adm,Dirección General de Administración,DG Administración,Poder Ejecutivo,Dirección General,mar-om,Oficialía Mayor,5,Reglamento Interior Marina 2025,RI_MARINA_2025,Reglamento Interior de la Secretaría de Marina,https://www.dof.gob.mx/abrirPDF.php?anio=2025&archivo=11122025-VES.pdf&repo=,2025-12-11,Sí,Estructura verificada en fuente oficial,,,,,2026-09-28,,,,,,Federal,Federal,,Dirección General,Vigente,,Verificado / cobertura amplia,Seguridad y defensa,0,0,0,0,1,0,1
mar-unav,Universidad Naval,Universidad Naval,Poder Ejecutivo,Universidad,mar-om,Oficialía Mayor,5,Reglamento Interior Marina 2025,RI_MARINA_2025,Reglamento Interior de la Secretaría de Marina,https://www.dof.gob.mx/abrirPDF.php?anio=2025&archivo=11122025-VES.pdf&repo=,2025-12-11,Sí,Estructura verificada en fuente oficial,,,,,2026-09-28,,,,,,Federal,Federal,,Universidad,Vigente,,Verificado / cobertura amplia,Seguridad y defensa,0,0,0,0,1,0,1
stps-sub,Subsecretaría de Empleo y Productividad Laboral,Sub. Empleo/Productividad,Poder Ejecutivo,Subsecretaría,sec-16,Secretaría del Trabajo y Previsión Social,4,"MOG STPS 2023, estructura orgánica",MOG_STPS_2023,Manual de Organización General de la Secretaría del Trabajo y Previsión Social,https://dof.gob.mx/nota_detalle_popup.php?codigo=5722805,2023-08-04,Sí,El Manual incorpora la reforma del Reglamento Interior de 05/06/2023.,,,,,2026-09-28,,,,,,Federal,Federal,,Subsecretaría,Vigente,,Verificado / cobertura amplia,Trabajo y empleo,2,2,0,0,1,1,3
stps-u-pol,Unidad de Política Laboral y Relaciones Institucionales,Política Laboral,Poder Ejecutivo,Unidad,sec-16,Secretaría del Trabajo y Previsión Social,4,"MOG STPS 2023, estructura orgánica",MOG_STPS_2023,Manual de Organización General de la Secretaría del Trabajo y Previsión Social,https://dof.gob.mx/nota_detalle_popup.php?codigo=5722805,2023-08-04,Sí,El Manual incorpora la reforma del Reglamento Interior de 05/06/2023.,,,,,2026-09-28,,,,,,Federal,Federal,,Unidad,Vigente,,Verificado / cobertura amplia,Trabajo y empleo,2,2,0,0,1,1,3
stps-u-digno,Unidad de Trabajo Digno,Trabajo Digno,Poder Ejecutivo,Unidad,sec-16,Secretaría del Trabajo y Previsión Social,4,"MOG STPS 2023, estructura orgánica",MOG_STPS_2023,Manual de Organización General de la Secretaría del Trabajo y Previsión Social,https://dof.gob.mx/nota_detalle_popup.php?codigo=5722805,2023-08-04,Sí,El Manual incorpora la reforma del Reglamento Interior de 05/06/2023.,,,,,2026-09-28,,,,,,Federal,Federal,,Unidad,Vigente,,Verificado / cobertura amplia,Trabajo y empleo,3,3,0,0,1,1,4
stps-uaf,Unidad de Administración y Finanzas,UAF,Poder Ejecutivo,Unidad,sec-16,Secretaría del Trabajo y Previsión Social,4,"MOG STPS 2023, estructura orgánica",MOG_STPS_2023,Manual de Organización General de la Secretaría del Trabajo y Previsión Social,https://dof.gob.mx/nota_detalle_popup.php?codigo=5722805,2023-08-04,Sí,El Manual incorpora la reforma del Reglamento Interior de 05/06/2023.,,,,,2026-09-28,,,,,,Federal,Federal,,Unidad,Vigente,,Verificado / cobertura amplia,Trabajo y empleo,4,4,0,0,1,1,5
stps-sne,Unidad del Servicio Nacional de Empleo,Servicio Nacional Empleo,Poder Ejecutivo,Unidad,stps-sub,Subsecretaría de Empleo y Productividad Laboral,5,"MOG STPS 2023, estructura orgánica",MOG_STPS_2023,Manual de Organización General de la Secretaría del Trabajo y Previsión Social,https://dof.gob.mx/nota_detalle_popup.php?codigo=5722805,2023-08-04,Sí,El Manual incorpora la reforma del Reglamento Interior de 05/06/2023.,,,,,2026-09-28,,,,,,Federal,Federal,,Unidad,Vigente,,Verificado / cobertura amplia,Trabajo y empleo,0,0,0,0,1,0,1
stps-jcf,Unidad del Programa Jóvenes Construyendo el Futuro,Jóvenes Construyendo Futuro,Poder Ejecutivo,Unidad,stps-sub,Subsecretaría de Empleo y Productividad Laboral,5,"MOG STPS 2023, estructura orgánica",MOG_STPS_2023,Manual de Organización General de la Secretaría del Trabajo y Previsión Social,https://dof.gob.mx/nota_detalle_popup.php?codigo=5722805,2023-08-04,Sí,El Manual incorpora la reforma del Reglamento Interior de 05/06/2023.,,,,,2026-09-28,,,,,,Federal,Federal,,Unidad,Vigente,,Verificado / cobertura amplia,Trabajo y empleo,0,0,0,0,1,0,1
stps-dg-aj,Dirección General de Asuntos Jurídicos,DG Asuntos Jurídicos,Poder Ejecutivo,Dirección General,sec-16,Secretaría del Trabajo y Previsión Social,4,"MOG STPS 2023, estructura orgánica",MOG_STPS_2023,Manual de Organización General de la Secretaría del Trabajo y Previsión Social,https://dof.gob.mx/nota_detalle_popup.php?codigo=5722805,2023-08-04,Sí,El Manual incorpora la reforma del Reglamento Interior de 05/06/2023.,,,,,2026-09-28,,,,,,Federal,Federal,,Dirección General,Vigente,,Verificado / cobertura amplia,Trabajo y empleo,0,0,0,0,1,0,1
stps-dg-est,Dirección General de Investigación y Estadísticas del Trabajo,DG Investigación/Estadísticas,Poder Ejecutivo,Dirección General,sec-16,Secretaría del Trabajo y Previsión Social,4,"MOG STPS 2023, estructura orgánica",MOG_STPS_2023,Manual de Organización General de la Secretaría del Trabajo y Previsión Social,https://dof.gob.mx/nota_detalle_popup.php?codigo=5722805,2023-08-04,Sí,El Manual incorpora la reforma del Reglamento Interior de 05/06/2023.,,,,,2026-09-28,,,,,,Federal,Federal,,Dirección General,Vigente,,Verificado / cobertura amplia,Trabajo y empleo,0,0,0,0,1,0,1
stps-dg-conc,Dirección General de Concertación Social,DG Concertación Social,Poder Ejecutivo,Dirección General,sec-16,Secretaría del Trabajo y Previsión Social,4,"MOG STPS 2023, estructura orgánica",MOG_STPS_2023,Manual de Organización General de la Secretaría del Trabajo y Previsión Social,https://dof.gob.mx/nota_detalle_popup.php?codigo=5722805,2023-08-04,Sí,El Manual incorpora la reforma del Reglamento Interior de 05/06/2023.,,,,,2026-09-28,,,,,,Federal,Federal,,Dirección General,Vigente,,Verificado / cobertura amplia,Trabajo y empleo,0,0,0,0,1,0,1
stps-dg-pol,Dirección General de Políticas Públicas y Órganos de Gobierno,DG Políticas Públicas,Poder Ejecutivo,Dirección General,stps-u-pol,Unidad de Política Laboral y Relaciones Institucionales,5,"MOG STPS 2023, estructura orgánica",MOG_STPS_2023,Manual de Organización General de la Secretaría del Trabajo y Previsión Social,https://dof.gob.mx/nota_detalle_popup.php?codigo=5722805,2023-08-04,Sí,Estructura verificada en fuente oficial,,,,,2026-09-28,,,,,,Federal,Federal,,Dirección General,Vigente,,Verificado / cobertura amplia,Trabajo y empleo,0,0,0,0,1,0,1
stps-dg-rel,Dirección General de Relaciones Institucionales,DG Relaciones Institucionales,Poder Ejecutivo,Dirección General,stps-u-pol,Unidad de Política Laboral y Relaciones Institucionales,5,"MOG STPS 2023, estructura orgánica",MOG_STPS_2023,Manual de Organización General de la Secretaría del Trabajo y Previsión Social,https://dof.gob.mx/nota_detalle_popup.php?codigo=5722805,2023-08-04,Sí,Estructura verificada en fuente oficial,,,,,2026-09-28,,,,,,Federal,Federal,,Dirección General,Vigente,,Verificado / cobertura amplia,Trabajo y empleo,0,0,0,0,1,0,1
stps-dg-insp,Dirección General de Inspección Federal del Trabajo,DG Inspección Federal,Poder Ejecutivo,Dirección General,stps-u-digno,Unidad de Trabajo Digno,5,"MOG STPS 2023, estructura orgánica",MOG_STPS_2023,Manual de Organización General de la Secretaría del Trabajo y Previsión Social,https://dof.gob.mx/nota_detalle_popup.php?codigo=5722805,2023-08-04,Sí,Estructura verificada en fuente oficial,,,,,2026-09-28,,,,,,Federal,Federal,,Dirección General,Vigente,,Verificado / cobertura amplia,Trabajo y empleo,0,0,0,0,1,0,1
stps-dg-prev,Dirección General de Previsión Social,DG Previsión Social,Poder Ejecutivo,Dirección General,stps-u-digno,Unidad de Trabajo Digno,5,"MOG STPS 2023, estructura orgánica",MOG_STPS_2023,Manual de Organización General de la Secretaría del Trabajo y Previsión Social,https://dof.gob.mx/nota_detalle_popup.php?codigo=5722805,2023-08-04,Sí,Estructura verificada en fuente oficial,,,,,2026-09-28,,,,,,Federal,Federal,,Dirección General,Vigente,,Verificado / cobertura amplia,Trabajo y empleo,0,0,0,0,1,0,1
stps-dg-cap,Dirección General de Capacitación Laboral,DG Capacitación Laboral,Poder Ejecutivo,Dirección General,stps-u-digno,Unidad de Trabajo Digno,5,"MOG STPS 2023, estructura orgánica",MOG_STPS_2023,Manual de Organización General de la Secretaría del Trabajo y Previsión Social,https://dof.gob.mx/nota_detalle_popup.php?codigo=5722805,2023-08-04,Sí,Estructura verificada en fuente oficial,,,,,2026-09-28,,,,,,Federal,Federal,,Dirección General,Vigente,,Verificado / cobertura amplia,Trabajo y empleo,0,0,0,0,1,0,1
stps-dg-rh,Dirección General de Recursos Humanos,DG Recursos Humanos,Poder Ejecutivo,Dirección General,stps-uaf,Unidad de Administración y Finanzas,5,"MOG STPS 2023, estructura orgánica",MOG_STPS_2023,Manual de Organización General de la Secretaría del Trabajo y Previsión Social,https://dof.gob.mx/nota_detalle_popup.php?codigo=5722805,2023-08-04,Sí,Estructura verificada en fuente oficial,,,,,2026-09-28,,,,,,Federal,Federal,,Dirección General,Vigente,,Verificado / cobertura amplia,Trabajo y empleo,0,0,0,0,1,0,1
stps-dg-pp,Dirección General de Programación y Presupuesto,DG Programación/Presupuesto,Poder Ejecutivo,Dirección General,stps-uaf,Unidad de Administración y Finanzas,5,"MOG STPS 2023, estructura orgánica",MOG_STPS_2023,Manual de Organización General de la Secretaría del Trabajo y Previsión Social,https://dof.gob.mx/nota_detalle_popup.php?codigo=5722805,2023-08-04,Sí,Estructura verificada en fuente oficial,,,,,2026-09-28,,,,,,Federal,Federal,,Dirección General,Vigente,,Verificado / cobertura amplia,Trabajo y empleo,0,0,0,0,1,0,1
stps-dg-rm,Dirección General de Recursos Materiales y Servicios Generales,DG Recursos/Servicios,Poder Ejecutivo,Dirección General,stps-uaf,Unidad de Administración y Finanzas,5,"MOG STPS 2023, estructura orgánica",MOG_STPS_2023,Manual de Organización General de la Secretaría del Trabajo y Previsión Social,https://dof.gob.mx/nota_detalle_popup.php?codigo=5722805,2023-08-04,Sí,Estructura verificada en fuente oficial,,,,,2026-09-28,,,,,,Federal,Federal,,Dirección General,Vigente,,Verificado / cobertura amplia,Trabajo y empleo,0,0,0,0,1,0,1
stps-dg-ti,Dirección General de Tecnologías de la Información,DG TI,Poder Ejecutivo,Dirección General,stps-uaf,Unidad de Administración y Finanzas,5,"MOG STPS 2023, estructura orgánica",MOG_STPS_2023,Manual de Organización General de la Secretaría del Trabajo y Previsión Social,https://dof.gob.mx/nota_detalle_popup.php?codigo=5722805,2023-08-04,Sí,Estructura verificada en fuente oficial,,,,,2026-09-28,,,,,,Federal,Federal,,Dirección General,Vigente,,Verificado / cobertura amplia,Trabajo y empleo,0,0,0,0,1,0,1
stps-profedet,Procuraduría Federal de la Defensa del Trabajo,PROFEDET,Poder Ejecutivo,Órgano administrativo desconcentrado,sec-16,Secretaría del Trabajo y Previsión Social,4,"MOG STPS 2023, estructura orgánica",MOG_STPS_2023,Manual de Organización General de la Secretaría del Trabajo y Previsión Social,https://dof.gob.mx/nota_detalle_popup.php?codigo=5722805,2023-08-04,Sí,La JFCA se conserva como registro de transición para asuntos residuales conforme al Manual; no se equipara a un órgano del nuevo modelo laboral.,,,,,2026-09-28,,,,,,Federal,Federal,,Órgano administrativo desconcentrado,Vigente,,Verificado / cobertura amplia,Trabajo y empleo,0,0,0,0,1,0,1
stps-jfca,Junta Federal de Conciliación y Arbitraje,JFCA,Poder Ejecutivo,Órgano en transición,sec-16,Secretaría del Trabajo y Previsión Social,4,"MOG STPS 2023, estructura orgánica",MOG_STPS_2023,Manual de Organización General de la Secretaría del Trabajo y Previsión Social,https://dof.gob.mx/nota_detalle_popup.php?codigo=5722805,2023-08-04,Sí,La JFCA se conserva como registro de transición para asuntos residuales conforme al Manual; no se equipara a un órgano del nuevo modelo laboral.,,,,,2026-09-28,,,,,,Federal,Federal,,Órgano en transición,Transición/residual,,Transición / histórico,Trabajo y empleo,0,0,0,0,1,0,1
stps-coord-reg,Direcciones de Coordinación Regional,Coordinaciones Regionales,Poder Ejecutivo,Red territorial,sec-16,Secretaría del Trabajo y Previsión Social,4,"MOG STPS 2023, estructura orgánica",MOG_STPS_2023,Manual de Organización General de la Secretaría del Trabajo y Previsión Social,https://dof.gob.mx/nota_detalle_popup.php?codigo=5722805,2023-08-04,Sí,La JFCA se conserva como registro de transición para asuntos residuales conforme al Manual; no se equipara a un órgano del nuevo modelo laboral.,,,,,2026-09-28,,,,,,Federal,Federal,,Red territorial,Vigente,,Nodo agregado o clasificación,Trabajo y empleo,0,0,0,0,1,0,1
stps-of-rep,Oficinas de Representación Federal del Trabajo,Oficinas Representación Federal,Poder Ejecutivo,Red territorial,sec-16,Secretaría del Trabajo y Previsión Social,4,"MOG STPS 2023, estructura orgánica",MOG_STPS_2023,Manual de Organización General de la Secretaría del Trabajo y Previsión Social,https://dof.gob.mx/nota_detalle_popup.php?codigo=5722805,2023-08-04,Sí,La JFCA se conserva como registro de transición para asuntos residuales conforme al Manual; no se equipara a un órgano del nuevo modelo laboral.,,,,,2026-09-28,,,,,,Federal,Federal,,Red territorial,Vigente,,Nodo agregado o clasificación,Trabajo y empleo,0,0,0,0,1,0,1
sedatu-sub-ot,"Subsecretaría de Ordenamiento Territorial, Urbano y Vivienda",Sub. OTUV,Poder Ejecutivo,Subsecretaría,sec-17,"Secretaría de Desarrollo Agrario, Territorial y Urbano",4,RI SEDATU 17-01-2025,RI_SEDATU_2025,"Reglamento Interior de la Secretaría de Desarrollo Agrario, Territorial y Urbano",https://dof.gob.mx/index.php?day=17&edicion=MAT&month=01&year=2025,2025-01-17,Sí,Jerarquía limitada a unidades verificadas por el Reglamento y actos oficiales 2025-2026; no se infieren unidades no corroboradas.,,,,,2026-09-28,,,,,,Federal,Federal,,Subsecretaría,Vigente,,Verificado / cobertura amplia,Territorio y vivienda,5,5,0,0,1,1,6
sedatu-sub-ag,Subsecretaría de Ordenamiento Agrario e Inventarios de la Propiedad,Sub. Agrario/Inventarios,Poder Ejecutivo,Subsecretaría,sec-17,"Secretaría de Desarrollo Agrario, Territorial y Urbano",4,RI SEDATU 17-01-2025,RI_SEDATU_2025,"Reglamento Interior de la Secretaría de Desarrollo Agrario, Territorial y Urbano",https://dof.gob.mx/index.php?day=17&edicion=MAT&month=01&year=2025,2025-01-17,Sí,Jerarquía limitada a unidades verificadas por el Reglamento y actos oficiales 2025-2026; no se infieren unidades no corroboradas.,,,,,2026-09-28,,,,,,Federal,Federal,,Subsecretaría,Vigente,,Verificado / cobertura amplia,Territorio y vivienda,1,1,0,0,1,1,2
sedatu-uaf,Unidad de Administración y Finanzas,UAF,Poder Ejecutivo,Unidad,sec-17,"Secretaría de Desarrollo Agrario, Territorial y Urbano",4,RI SEDATU 17-01-2025,RI_SEDATU_2025,"Reglamento Interior de la Secretaría de Desarrollo Agrario, Territorial y Urbano",https://dof.gob.mx/index.php?day=17&edicion=MAT&month=01&year=2025,2025-01-17,Sí,Jerarquía limitada a unidades verificadas por el Reglamento y actos oficiales 2025-2026; no se infieren unidades no corroboradas.,,,,,2026-09-28,,,,,,Federal,Federal,,Unidad,Vigente,,Verificado / cobertura amplia,Territorio y vivienda,0,0,0,0,1,0,1
sedatu-uaj,Unidad de Asuntos Jurídicos,UAJ,Poder Ejecutivo,Unidad,sec-17,"Secretaría de Desarrollo Agrario, Territorial y Urbano",4,RI SEDATU 17-01-2025,RI_SEDATU_2025,"Reglamento Interior de la Secretaría de Desarrollo Agrario, Territorial y Urbano",https://dof.gob.mx/index.php?day=17&edicion=MAT&month=01&year=2025,2025-01-17,Sí,Jerarquía limitada a unidades verificadas por el Reglamento y actos oficiales 2025-2026; no se infieren unidades no corroboradas.,,,,,2026-09-28,,,,,,Federal,Federal,,Unidad,Vigente,,Verificado / cobertura amplia,Territorio y vivienda,0,0,0,0,1,0,1
sedatu-dg-plan,Dirección General de Planeación y Desarrollo Institucional,DG Planeación/Desarrollo,Poder Ejecutivo,Dirección General,sec-17,"Secretaría de Desarrollo Agrario, Territorial y Urbano",4,RI SEDATU 17-01-2025,RI_SEDATU_2025,"Reglamento Interior de la Secretaría de Desarrollo Agrario, Territorial y Urbano",https://dof.gob.mx/index.php?day=17&edicion=MAT&month=01&year=2025,2025-01-17,Sí,Jerarquía limitada a unidades verificadas por el Reglamento y actos oficiales 2025-2026; no se infieren unidades no corroboradas.,,,,,2026-09-28,,,,,,Federal,Federal,,Dirección General,Vigente,,Verificado / cobertura amplia,Territorio y vivienda,0,0,0,0,1,0,1
sedatu-dg-obras,Dirección General de Obras Comunitarias,DG Obras Comunitarias,Poder Ejecutivo,Dirección General,sedatu-sub-ot,"Subsecretaría de Ordenamiento Territorial, Urbano y Vivienda",5,RI SEDATU 17-01-2025,RI_SEDATU_2025,"Reglamento Interior de la Secretaría de Desarrollo Agrario, Territorial y Urbano",https://dof.gob.mx/index.php?day=17&edicion=MAT&month=01&year=2025,2025-01-17,Sí,Jerarquía limitada a unidades verificadas por el Reglamento y actos oficiales 2025-2026; no se infieren unidades no corroboradas.,,,,,2026-09-28,,,,,,Federal,Federal,,Dirección General,Vigente,,Verificado / cobertura amplia,Territorio y vivienda,0,0,0,0,1,0,1
sedatu-dg-infra,Dirección General de Infraestructura y Equipamiento,DG Infraestructura/Equipamiento,Poder Ejecutivo,Dirección General,sedatu-sub-ot,"Subsecretaría de Ordenamiento Territorial, Urbano y Vivienda",5,RI SEDATU 17-01-2025,RI_SEDATU_2025,"Reglamento Interior de la Secretaría de Desarrollo Agrario, Territorial y Urbano",https://dof.gob.mx/index.php?day=17&edicion=MAT&month=01&year=2025,2025-01-17,Sí,Jerarquía limitada a unidades verificadas por el Reglamento y actos oficiales 2025-2026; no se infieren unidades no corroboradas.,,,,,2026-09-28,,,,,,Federal,Federal,,Dirección General,Vigente,,Verificado / cobertura amplia,Territorio y vivienda,0,0,0,0,1,0,1
sedatu-dg-riesgos,Dirección General de Gestión Integral de Riesgos de Desastres y Cambio Climático,DG Riesgos/Cambio Climático,Poder Ejecutivo,Dirección General,sedatu-sub-ot,"Subsecretaría de Ordenamiento Territorial, Urbano y Vivienda",5,RI SEDATU 17-01-2025,RI_SEDATU_2025,"Reglamento Interior de la Secretaría de Desarrollo Agrario, Territorial y Urbano",https://dof.gob.mx/index.php?day=17&edicion=MAT&month=01&year=2025,2025-01-17,Sí,Jerarquía limitada a unidades verificadas por el Reglamento y actos oficiales 2025-2026; no se infieren unidades no corroboradas.,,,,,2026-09-28,,,,,,Federal,Federal,,Dirección General,Vigente,,Verificado / cobertura amplia,Territorio y vivienda,0,0,0,0,1,0,1
sedatu-dg-pol,Dirección General de Política Territorial y Movilidad,DG Política Territorial/Movilidad,Poder Ejecutivo,Dirección General,sedatu-sub-ot,"Subsecretaría de Ordenamiento Territorial, Urbano y Vivienda",5,RI SEDATU 17-01-2025,RI_SEDATU_2025,"Reglamento Interior de la Secretaría de Desarrollo Agrario, Territorial y Urbano",https://dof.gob.mx/index.php?day=17&edicion=MAT&month=01&year=2025,2025-01-17,Sí,Jerarquía limitada a unidades verificadas por el Reglamento y actos oficiales 2025-2026; no se infieren unidades no corroboradas.,,,,,2026-09-28,,,,,,Federal,Federal,,Dirección General,Vigente,,Verificado / cobertura amplia,Territorio y vivienda,0,0,0,0,1,0,1
sedatu-dg-otu,Dirección General de Ordenamiento Territorial y Urbano,DG Ordenamiento Territorial,Poder Ejecutivo,Dirección General,sedatu-sub-ot,"Subsecretaría de Ordenamiento Territorial, Urbano y Vivienda",5,RI SEDATU 17-01-2025,RI_SEDATU_2025,"Reglamento Interior de la Secretaría de Desarrollo Agrario, Territorial y Urbano",https://dof.gob.mx/index.php?day=17&edicion=MAT&month=01&year=2025,2025-01-17,Sí,Jerarquía limitada a unidades verificadas por el Reglamento y actos oficiales 2025-2026; no se infieren unidades no corroboradas.,,,,,2026-09-28,,,,,,Federal,Federal,,Dirección General,Vigente,,Verificado / cobertura amplia,Territorio y vivienda,0,0,0,0,1,0,1
sedatu-dg-rep,Dirección General de Coordinación de Oficinas de Representación,DG Coord. Oficinas,Poder Ejecutivo,Dirección General,sec-17,"Secretaría de Desarrollo Agrario, Territorial y Urbano",4,RI SEDATU 17-01-2025,RI_SEDATU_2025,"Reglamento Interior de la Secretaría de Desarrollo Agrario, Territorial y Urbano",https://dof.gob.mx/index.php?day=17&edicion=MAT&month=01&year=2025,2025-01-17,Sí,Jerarquía limitada a unidades verificadas por el Reglamento y actos oficiales 2025-2026; no se infieren unidades no corroboradas.,,,,,2026-09-28,,,,,,Federal,Federal,,Dirección General,Vigente,,Verificado / cobertura amplia,Territorio y vivienda,0,0,0,0,1,0,1
sedatu-dg-cat,Dirección General de Inventarios y Modernización Registral y Catastral,DG Inventarios/Modernización,Poder Ejecutivo,Dirección General,sedatu-sub-ag,Subsecretaría de Ordenamiento Agrario e Inventarios de la Propiedad,5,"RI SEDATU, arts. 11 y 14",RI_SEDATU_2025,"Reglamento Interior de la Secretaría de Desarrollo Agrario, Territorial y Urbano",https://dof.gob.mx/index.php?day=17&edicion=MAT&month=01&year=2025,2025-01-17,Sí,Estructura verificada en fuente oficial,,,,,2026-09-28,,,,,,Federal,Federal,,Dirección General,Vigente,,Verificado / cobertura amplia,Territorio y vivienda,0,0,0,0,1,0,1
sedatu-ran,Registro Agrario Nacional,RAN,Poder Ejecutivo,Órgano administrativo desconcentrado,sec-17,"Secretaría de Desarrollo Agrario, Territorial y Urbano",4,"Reglamento Interior del Registro Agrario Nacional, art. 1",RI_RAN_2024,Reglamento Interior del Registro Agrario Nacional,https://www.dof.gob.mx/nota_detalle.php?codigo=5714535&fecha=17/01/2024,2024-01-17,Sí,Órgano administrativo desconcentrado de SEDATU con autonomía técnica.,,,,,2026-09-28,,,,,,Federal,Federal,,Órgano administrativo desconcentrado,Vigente,,Verificado / cobertura amplia,Territorio y vivienda,1,1,0,0,1,1,2
sedatu-ran-rep,Oficinas de representación del Registro Agrario Nacional en las entidades federativas,Oficinas RAN,Poder Ejecutivo,Red territorial,sedatu-ran,Registro Agrario Nacional,5,Reglamento Interior RAN,RI_RAN_2024,Reglamento Interior del Registro Agrario Nacional,https://www.dof.gob.mx/nota_detalle.php?codigo=5714535&fecha=17/01/2024,2024-01-17,Sí,Nodo agregado: representa las oficinas de representación; no se duplican 32 nodos en el panorama central.,,,,,2026-09-28,,,,,,Federal,Federal,,Red territorial,Vigente,,Nodo agregado o clasificación,Territorio y vivienda,0,0,0,0,1,0,1
cult-sub,Subsecretaría de Desarrollo Cultural,Sub. Desarrollo Cultural,Poder Ejecutivo,Subsecretaría,sec-18,Secretaría de Cultura,4,"RI Cultura, art. 2",RI_CULTURA_2025,Reglamento Interior de la Secretaría de Cultura,https://dof.gob.mx/nota_detalle.php?codigo=5763480&fecha=22/07/2025,2025-07-22,Sí,Estructura verificada en fuente oficial,,,,,2026-09-28,,,,,,Federal,Federal,,Subsecretaría,Vigente,,Verificado / cobertura amplia,"Educación, ciencia y cultura",6,6,0,0,1,1,7
cult-uaf,Unidad de Administración y Finanzas,UAF,Poder Ejecutivo,Unidad,sec-18,Secretaría de Cultura,4,"RI Cultura, art. 2",RI_CULTURA_2025,Reglamento Interior de la Secretaría de Cultura,https://dof.gob.mx/nota_detalle.php?codigo=5763480&fecha=22/07/2025,2025-07-22,Sí,Estructura verificada en fuente oficial,,,,,2026-09-28,,,,,,Federal,Federal,,Unidad,Vigente,,Verificado / cobertura amplia,"Educación, ciencia y cultura",4,4,0,0,1,1,5
cult-uaj,Unidad de Asuntos Jurídicos,UAJ,Poder Ejecutivo,Unidad,sec-18,Secretaría de Cultura,4,"RI Cultura, art. 2",RI_CULTURA_2025,Reglamento Interior de la Secretaría de Cultura,https://dof.gob.mx/nota_detalle.php?codigo=5763480&fecha=22/07/2025,2025-07-22,Sí,Estructura verificada en fuente oficial,,,,,2026-09-28,,,,,,Federal,Federal,,Unidad,Vigente,,Verificado / cobertura amplia,"Educación, ciencia y cultura",0,0,0,0,1,0,1
cult-u-cv,"Unidad de Culturas Vivas, Patrimonio Inmaterial e Interculturalidad",Culturas Vivas/Patrimonio,Poder Ejecutivo,Unidad,sec-18,Secretaría de Cultura,4,"RI Cultura, art. 2",RI_CULTURA_2025,Reglamento Interior de la Secretaría de Cultura,https://dof.gob.mx/nota_detalle.php?codigo=5763480&fecha=22/07/2025,2025-07-22,Sí,Estructura verificada en fuente oficial,,,,,2026-09-28,,,,,,Federal,Federal,,Unidad,Vigente,,Verificado / cobertura amplia,"Educación, ciencia y cultura",2,2,0,0,1,1,3
cult-dg-bib,Dirección General de Bibliotecas,DG Bibliotecas,Poder Ejecutivo,Dirección General,cult-sub,Subsecretaría de Desarrollo Cultural,5,"RI Cultura, art. 2",RI_CULTURA_2025,Reglamento Interior de la Secretaría de Cultura,https://dof.gob.mx/nota_detalle.php?codigo=5763480&fecha=22/07/2025,2025-07-22,Sí,Estructura verificada en fuente oficial,,,,,2026-09-28,,,,,,Federal,Federal,,Dirección General,Vigente,,Verificado / cobertura amplia,"Educación, ciencia y cultura",0,0,0,0,1,0,1
cult-dg-apoy,Dirección General de Sistema de Apoyos a la Creación de Proyectos Culturales,DG Apoyos Creación,Poder Ejecutivo,Dirección General,cult-sub,Subsecretaría de Desarrollo Cultural,5,"RI Cultura, art. 2",RI_CULTURA_2025,Reglamento Interior de la Secretaría de Cultura,https://dof.gob.mx/nota_detalle.php?codigo=5763480&fecha=22/07/2025,2025-07-22,Sí,Estructura verificada en fuente oficial,,,,,2026-09-28,,,,,,Federal,Federal,,Dirección General,Vigente,,Verificado / cobertura amplia,"Educación, ciencia y cultura",0,0,0,0,1,0,1
cult-dg-circ,Dirección General de Circuitos y Festivales,DG Circuitos/Festivales,Poder Ejecutivo,Dirección General,cult-sub,Subsecretaría de Desarrollo Cultural,5,"RI Cultura, art. 2",RI_CULTURA_2025,Reglamento Interior de la Secretaría de Cultura,https://dof.gob.mx/nota_detalle.php?codigo=5763480&fecha=22/07/2025,2025-07-22,Sí,Estructura verificada en fuente oficial,,,,,2026-09-28,,,,,,Federal,Federal,,Dirección General,Vigente,,Verificado / cobertura amplia,"Educación, ciencia y cultura",0,0,0,0,1,0,1
cult-dg-vinc,Dirección General de Vinculación Cultural,DG Vinculación Cultural,Poder Ejecutivo,Dirección General,cult-sub,Subsecretaría de Desarrollo Cultural,5,"RI Cultura, art. 2",RI_CULTURA_2025,Reglamento Interior de la Secretaría de Cultura,https://dof.gob.mx/nota_detalle.php?codigo=5763480&fecha=22/07/2025,2025-07-22,Sí,Estructura verificada en fuente oficial,,,,,2026-09-28,,,,,,Federal,Federal,,Dirección General,Vigente,,Verificado / cobertura amplia,"Educación, ciencia y cultura",0,0,0,0,1,0,1
cult-dg-sit,Dirección General de Sitios y Monumentos del Patrimonio Cultural,DG Sitios/Monumentos,Poder Ejecutivo,Dirección General,cult-sub,Subsecretaría de Desarrollo Cultural,5,"RI Cultura, art. 2",RI_CULTURA_2025,Reglamento Interior de la Secretaría de Cultura,https://dof.gob.mx/nota_detalle.php?codigo=5763480&fecha=22/07/2025,2025-07-22,Sí,Estructura verificada en fuente oficial,,,,,2026-09-28,,,,,,Federal,Federal,,Dirección General,Vigente,,Verificado / cobertura amplia,"Educación, ciencia y cultura",0,0,0,0,1,0,1
cult-dif,Dirección de Difusión Cultural,Difusión Cultural,Poder Ejecutivo,Dirección,cult-sub,Subsecretaría de Desarrollo Cultural,5,"RI Cultura, art. 2",RI_CULTURA_2025,Reglamento Interior de la Secretaría de Cultura,https://dof.gob.mx/nota_detalle.php?codigo=5763480&fecha=22/07/2025,2025-07-22,Sí,Estructura verificada en fuente oficial,,,,,2026-09-28,,,,,,Federal,Federal,,Dirección,Vigente,,Verificado / cobertura amplia,"Educación, ciencia y cultura",0,0,0,0,1,0,1
cult-dg-accion,Dirección General de Acción Territorial y Promoción Comunitaria,DG Acción Territorial,Poder Ejecutivo,Dirección General,cult-u-cv,"Unidad de Culturas Vivas, Patrimonio Inmaterial e Interculturalidad",5,"RI Cultura, arts. 2 y 11",RI_CULTURA_2025,Reglamento Interior de la Secretaría de Cultura,https://dof.gob.mx/nota_detalle.php?codigo=5763480&fecha=22/07/2025,2025-07-22,Sí,Estructura verificada en fuente oficial,,,,,2026-09-28,,,,,,Federal,Federal,,Dirección General,Vigente,,Verificado / cobertura amplia,"Educación, ciencia y cultura",0,0,0,0,1,0,1
cult-dg-pop,Dirección General Técnica y de Investigación de las Culturas Populares,DG Culturas Populares,Poder Ejecutivo,Dirección General,cult-u-cv,"Unidad de Culturas Vivas, Patrimonio Inmaterial e Interculturalidad",5,"RI Cultura, arts. 2 y 11",RI_CULTURA_2025,Reglamento Interior de la Secretaría de Cultura,https://dof.gob.mx/nota_detalle.php?codigo=5763480&fecha=22/07/2025,2025-07-22,Sí,Estructura verificada en fuente oficial,,,,,2026-09-28,,,,,,Federal,Federal,,Dirección General,Vigente,,Verificado / cobertura amplia,"Educación, ciencia y cultura",0,0,0,0,1,0,1
cult-uaf-rm,Coordinación de Recursos Materiales y Servicios Generales,Coord. Recursos/Servicios,Poder Ejecutivo,Coordinación,cult-uaf,Unidad de Administración y Finanzas,5,"RI Cultura, art. 9",RI_CULTURA_2025,Reglamento Interior de la Secretaría de Cultura,https://dof.gob.mx/nota_detalle.php?codigo=5763480&fecha=22/07/2025,2025-07-22,Sí,Estructura verificada en fuente oficial,,,,,2026-09-28,,,,,,Federal,Federal,,Coordinación,Vigente,,Verificado / cobertura amplia,"Educación, ciencia y cultura",0,0,0,0,1,0,1
cult-uaf-pr,Coordinación de Presupuesto y Recursos Financieros,Coord. Presupuesto/Finanzas,Poder Ejecutivo,Coordinación,cult-uaf,Unidad de Administración y Finanzas,5,"RI Cultura, art. 9",RI_CULTURA_2025,Reglamento Interior de la Secretaría de Cultura,https://dof.gob.mx/nota_detalle.php?codigo=5763480&fecha=22/07/2025,2025-07-22,Sí,Estructura verificada en fuente oficial,,,,,2026-09-28,,,,,,Federal,Federal,,Coordinación,Vigente,,Verificado / cobertura amplia,"Educación, ciencia y cultura",0,0,0,0,1,0,1
cult-uaf-rh,Coordinación de Recursos Humanos,Coord. Recursos Humanos,Poder Ejecutivo,Coordinación,cult-uaf,Unidad de Administración y Finanzas,5,"RI Cultura, art. 9",RI_CULTURA_2025,Reglamento Interior de la Secretaría de Cultura,https://dof.gob.mx/nota_detalle.php?codigo=5763480&fecha=22/07/2025,2025-07-22,Sí,Estructura verificada en fuente oficial,,,,,2026-09-28,,,,,,Federal,Federal,,Coordinación,Vigente,,Verificado / cobertura amplia,"Educación, ciencia y cultura",0,0,0,0,1,0,1
cult-uaf-tic,Coordinación de Tecnologías de la Información y Comunicaciones,Coord. TIC,Poder Ejecutivo,Coordinación,cult-uaf,Unidad de Administración y Finanzas,5,"RI Cultura, art. 9",RI_CULTURA_2025,Reglamento Interior de la Secretaría de Cultura,https://dof.gob.mx/nota_detalle.php?codigo=5763480&fecha=22/07/2025,2025-07-22,Sí,Estructura verificada en fuente oficial,,,,,2026-09-28,,,,,,Federal,Federal,,Coordinación,Vigente,,Verificado / cobertura amplia,"Educación, ciencia y cultura",0,0,0,0,1,0,1
cult-inah,Instituto Nacional de Antropología e Historia,INAH,Poder Ejecutivo,Órgano administrativo desconcentrado,sec-18,Secretaría de Cultura,4,"RI Cultura, art. 2",RI_CULTURA_2025,Reglamento Interior de la Secretaría de Cultura,https://dof.gob.mx/nota_detalle.php?codigo=5763480&fecha=22/07/2025,2025-07-22,Sí,INEHRM no se duplica aquí: la Relación Paraestatal 2026 lo registra sectorizado a SECIHTI.,,,,,2026-09-28,,,,,,Federal,Federal,,Órgano administrativo desconcentrado,Vigente,,Verificado / cobertura amplia,"Educación, ciencia y cultura",0,0,0,0,1,0,1
cult-inbal,Instituto Nacional de Bellas Artes y Literatura,INBAL,Poder Ejecutivo,Órgano administrativo desconcentrado,sec-18,Secretaría de Cultura,4,"RI Cultura, art. 2",RI_CULTURA_2025,Reglamento Interior de la Secretaría de Cultura,https://dof.gob.mx/nota_detalle.php?codigo=5763480&fecha=22/07/2025,2025-07-22,Sí,INEHRM no se duplica aquí: la Relación Paraestatal 2026 lo registra sectorizado a SECIHTI.,,,,,2026-09-28,,,,,,Federal,Federal,,Órgano administrativo desconcentrado,Vigente,,Verificado / cobertura amplia,"Educación, ciencia y cultura",0,0,0,0,1,0,1
cult-indautor,Instituto Nacional del Derecho de Autor,INDAUTOR,Poder Ejecutivo,Órgano administrativo desconcentrado,sec-18,Secretaría de Cultura,4,"RI Cultura, art. 2",RI_CULTURA_2025,Reglamento Interior de la Secretaría de Cultura,https://dof.gob.mx/nota_detalle.php?codigo=5763480&fecha=22/07/2025,2025-07-22,Sí,INEHRM no se duplica aquí: la Relación Paraestatal 2026 lo registra sectorizado a SECIHTI.,,,,,2026-09-28,,,,,,Federal,Federal,,Órgano administrativo desconcentrado,Vigente,,Verificado / cobertura amplia,"Educación, ciencia y cultura",0,0,0,0,1,0,1
cult-radio,Radio Educación,Radio Educación,Poder Ejecutivo,Órgano administrativo desconcentrado,sec-18,Secretaría de Cultura,4,"RI Cultura, art. 2",RI_CULTURA_2025,Reglamento Interior de la Secretaría de Cultura,https://dof.gob.mx/nota_detalle.php?codigo=5763480&fecha=22/07/2025,2025-07-22,Sí,INEHRM no se duplica aquí: la Relación Paraestatal 2026 lo registra sectorizado a SECIHTI.,,,,,2026-09-28,,,,,,Federal,Federal,,Órgano administrativo desconcentrado,Vigente,,Verificado / cobertura amplia,"Educación, ciencia y cultura",0,0,0,0,1,0,1
tur-dg-aj,Dirección General de Asuntos Jurídicos,DG Asuntos Jurídicos,Poder Ejecutivo,Dirección General,sec-19,Secretaría de Turismo,4,"Calendario Ramo 21 Turismo 2026, unidades responsables",PRES_TURISMO_2026,"Calendario de Presupuesto autorizado al Ramo 21 Turismo, ejercicio fiscal 2026",https://dof.gob.mx/nota_detalle_popup.php?codigo=5776542,2025-12-18,Sí,La fuente presupuestaria 2026 confirma la existencia de las unidades; no se infieren unidades subalternas no explicitadas.,,,,,2026-09-28,,,,,,Federal,Federal,,Dirección General,Vigente,,Verificado / cobertura amplia,Turismo,0,0,0,0,1,0,1
tur-sub,Subsecretaría de Turismo,Subsecretaría Turismo,Poder Ejecutivo,Subsecretaría,sec-19,Secretaría de Turismo,4,"Calendario Ramo 21 Turismo 2026, unidades responsables",PRES_TURISMO_2026,"Calendario de Presupuesto autorizado al Ramo 21 Turismo, ejercicio fiscal 2026",https://dof.gob.mx/nota_detalle_popup.php?codigo=5776542,2025-12-18,Sí,La fuente presupuestaria 2026 confirma la existencia de las unidades; no se infieren unidades subalternas no explicitadas.,,,,,2026-09-28,,,,,,Federal,Federal,,Subsecretaría,Vigente,,Verificado / cobertura amplia,Turismo,8,9,0,0,1,2,9
tur-dg-prom,Dirección General de Promoción y Asuntos Internacionales,DG Promoción/Internacionales,Poder Ejecutivo,Dirección General,tur-sub,Subsecretaría de Turismo,5,"Calendario Ramo 21 Turismo 2026, unidades responsables",PRES_TURISMO_2026,"Calendario de Presupuesto autorizado al Ramo 21 Turismo, ejercicio fiscal 2026",https://dof.gob.mx/nota_detalle_popup.php?codigo=5776542,2025-12-18,Sí,La fuente presupuestaria 2026 confirma la existencia de las unidades; no se infieren unidades subalternas no explicitadas.,,,,,2026-09-28,,,,,,Federal,Federal,,Dirección General,Vigente,,Verificado / cobertura amplia,Turismo,0,0,0,0,1,0,1
tur-dg-inv,Dirección General de Inversión Turística,DG Inversión Turística,Poder Ejecutivo,Dirección General,tur-sub,Subsecretaría de Turismo,5,"Calendario Ramo 21 Turismo 2026, unidades responsables",PRES_TURISMO_2026,"Calendario de Presupuesto autorizado al Ramo 21 Turismo, ejercicio fiscal 2026",https://dof.gob.mx/nota_detalle_popup.php?codigo=5776542,2025-12-18,Sí,La fuente presupuestaria 2026 confirma la existencia de las unidades; no se infieren unidades subalternas no explicitadas.,,,,,2026-09-28,,,,,,Federal,Federal,,Dirección General,Vigente,,Verificado / cobertura amplia,Turismo,0,0,0,0,1,0,1
tur-dg-cert,Dirección General de Certificación Turística,DG Certificación,Poder Ejecutivo,Dirección General,tur-sub,Subsecretaría de Turismo,5,"Calendario Ramo 21 Turismo 2026, unidades responsables",PRES_TURISMO_2026,"Calendario de Presupuesto autorizado al Ramo 21 Turismo, ejercicio fiscal 2026",https://dof.gob.mx/nota_detalle_popup.php?codigo=5776542,2025-12-18,Sí,La fuente presupuestaria 2026 confirma la existencia de las unidades; no se infieren unidades subalternas no explicitadas.,,,,,2026-09-28,,,,,,Federal,Federal,,Dirección General,Vigente,,Verificado / cobertura amplia,Turismo,0,0,0,0,1,0,1
tur-dg-des,Dirección General de Desarrollo Regional y Fomento Turístico,DG Desarrollo/Fomento,Poder Ejecutivo,Dirección General,tur-sub,Subsecretaría de Turismo,5,"Calendario Ramo 21 Turismo 2026, unidades responsables",PRES_TURISMO_2026,"Calendario de Presupuesto autorizado al Ramo 21 Turismo, ejercicio fiscal 2026",https://dof.gob.mx/nota_detalle_popup.php?codigo=5776542,2025-12-18,Sí,La fuente presupuestaria 2026 confirma la existencia de las unidades; no se infieren unidades subalternas no explicitadas.,,,,,2026-09-28,,,,,,Federal,Federal,,Dirección General,Vigente,,Verificado / cobertura amplia,Turismo,0,0,0,0,1,0,1
tur-dg-norm,Dirección General de Normalización y Verificación,DG Normalización/Verificación,Poder Ejecutivo,Dirección General,tur-sub,Subsecretaría de Turismo,5,"Calendario Ramo 21 Turismo 2026, unidades responsables",PRES_TURISMO_2026,"Calendario de Presupuesto autorizado al Ramo 21 Turismo, ejercicio fiscal 2026",https://dof.gob.mx/nota_detalle_popup.php?codigo=5776542,2025-12-18,Sí,La fuente presupuestaria 2026 confirma la existencia de las unidades; no se infieren unidades subalternas no explicitadas.,,,,,2026-09-28,,,,,,Federal,Federal,,Dirección General,Vigente,,Verificado / cobertura amplia,Turismo,0,0,0,0,1,0,1
tur-dg-sust,Dirección General de Sustentabilidad Turística,DG Sustentabilidad,Poder Ejecutivo,Dirección General,tur-sub,Subsecretaría de Turismo,5,"Calendario Ramo 21 Turismo 2026, unidades responsables",PRES_TURISMO_2026,"Calendario de Presupuesto autorizado al Ramo 21 Turismo, ejercicio fiscal 2026",https://dof.gob.mx/nota_detalle_popup.php?codigo=5776542,2025-12-18,Sí,La fuente presupuestaria 2026 confirma la existencia de las unidades; no se infieren unidades subalternas no explicitadas.,,,,,2026-09-28,,,,,,Federal,Federal,,Dirección General,Vigente,,Verificado / cobertura amplia,Turismo,0,0,0,0,1,0,1
tur-dg-prof,Dirección General de Profesionalización y Competitividad Turística,DG Profesionalización,Poder Ejecutivo,Dirección General,tur-sub,Subsecretaría de Turismo,5,"Calendario Ramo 21 Turismo 2026, unidades responsables",PRES_TURISMO_2026,"Calendario de Presupuesto autorizado al Ramo 21 Turismo, ejercicio fiscal 2026",https://dof.gob.mx/nota_detalle_popup.php?codigo=5776542,2025-12-18,Sí,La fuente presupuestaria 2026 confirma la existencia de las unidades; no se infieren unidades subalternas no explicitadas.,,,,,2026-09-28,,,,,,Federal,Federal,,Dirección General,Vigente,,Verificado / cobertura amplia,Turismo,0,0,0,0,1,0,1
tur-dg-av,Dirección General de Servicios al Turista Ángeles Verdes,DG Ángeles Verdes,Poder Ejecutivo,Dirección General,tur-sub,Subsecretaría de Turismo,5,"Calendario Ramo 21 Turismo 2026, unidades responsables",PRES_TURISMO_2026,"Calendario de Presupuesto autorizado al Ramo 21 Turismo, ejercicio fiscal 2026",https://dof.gob.mx/nota_detalle_popup.php?codigo=5776542,2025-12-18,Sí,La fuente presupuestaria 2026 confirma la existencia de las unidades; no se infieren unidades subalternas no explicitadas.,,,,,2026-09-28,,,,,,Federal,Federal,,Dirección General,Vigente,,Verificado / cobertura amplia,Turismo,1,1,0,0,1,1,2
tur-uaf,Unidad de Administración y Finanzas,UAF,Poder Ejecutivo,Unidad,sec-19,Secretaría de Turismo,4,"Calendario Ramo 21 Turismo 2026, unidades responsables",PRES_TURISMO_2026,"Calendario de Presupuesto autorizado al Ramo 21 Turismo, ejercicio fiscal 2026",https://dof.gob.mx/nota_detalle_popup.php?codigo=5776542,2025-12-18,Sí,La fuente presupuestaria 2026 confirma la existencia de las unidades; no se infieren unidades subalternas no explicitadas.,,,,,2026-09-28,,,,,,Federal,Federal,,Unidad,Vigente,,Verificado / cobertura amplia,Turismo,0,0,0,0,1,0,1
tur-av-red,Jefaturas de Servicios de Auxilio Turístico de Ángeles Verdes,Jefaturas Ángeles Verdes,Poder Ejecutivo,Red territorial,tur-dg-av,Dirección General de Servicios al Turista Ángeles Verdes,6,Estructura operativa de Ángeles Verdes,PRES_TURISMO_2026,"Calendario de Presupuesto autorizado al Ramo 21 Turismo, ejercicio fiscal 2026",https://dof.gob.mx/nota_detalle_popup.php?codigo=5776542,2025-12-18,Sí,Nodo agregado de la red territorial; no se individualizan aquí todas las jefaturas.,,,,,2026-09-28,,,,,,Federal,Federal,,Red territorial,Vigente,,Nodo agregado o clasificación,Turismo,0,0,0,0,1,0,1
para-cat-od-sec,Organismos descentralizados sectorizados,OD sectorizados,Poder Ejecutivo,Categoría paraestatal,apf-para,Administración Pública Federal Paraestatal,3,"Relación anual de Entidades Paraestatales, DOF 12-08-2026",REL_PARA_2026,Relación de las Entidades Paraestatales de la Administración Pública Federal,https://dof.gob.mx/nota_detalle.php?codigo=5796062&fecha=12/08/2026,2026-08-12,Sí,Nodo de clasificación; no es una entidad paraestatal individual.,,,,,2026-09-28,,,,,,Federal,Federal,,Organismos descentralizados sectorizados,Categoría,,Nodo agregado o clasificación,Otros,62,62,0,0,1,1,63
para-cat-od-no,Organismos descentralizados no sectorizados,OD no sectorizados,Poder Ejecutivo,Categoría paraestatal,apf-para,Administración Pública Federal Paraestatal,3,"Relación anual de Entidades Paraestatales, DOF 12-08-2026",REL_PARA_2026,Relación de las Entidades Paraestatales de la Administración Pública Federal,https://dof.gob.mx/nota_detalle.php?codigo=5796062&fecha=12/08/2026,2026-08-12,Sí,Nodo de clasificación; no es una entidad paraestatal individual.,,,,,2026-09-28,,,,,,Federal,Federal,,Organismos descentralizados no sectorizados,Categoría,,Nodo agregado o clasificación,Otros,12,12,0,0,1,1,13
para-cat-insalud,Institutos Nacionales de Salud,Institutos Salud,Poder Ejecutivo,Categoría paraestatal,apf-para,Administración Pública Federal Paraestatal,3,"Relación anual de Entidades Paraestatales, DOF 12-08-2026",REL_PARA_2026,Relación de las Entidades Paraestatales de la Administración Pública Federal,https://dof.gob.mx/nota_detalle.php?codigo=5796062&fecha=12/08/2026,2026-08-12,Sí,Nodo de clasificación; no es una entidad paraestatal individual.,,,,,2026-09-28,,,,,,Federal,Federal,,Institutos Nacionales de Salud,Categoría,,Nodo agregado o clasificación,Otros,13,13,0,0,1,1,14
para-cat-cpi-od,Organismos descentralizados considerados Centros Públicos de Investigación,CPI · OD,Poder Ejecutivo,Categoría paraestatal,apf-para,Administración Pública Federal Paraestatal,3,"Relación anual de Entidades Paraestatales, DOF 12-08-2026",REL_PARA_2026,Relación de las Entidades Paraestatales de la Administración Pública Federal,https://dof.gob.mx/nota_detalle.php?codigo=5796062&fecha=12/08/2026,2026-08-12,Sí,Nodo de clasificación; no es una entidad paraestatal individual.,,,,,2026-09-28,,,,,,Federal,Federal,,Organismos descentralizados considerados Centros Públicos de Investigación,Categoría,,Nodo agregado o clasificación,Otros,12,12,0,0,1,1,13
para-cat-epem,Empresas de participación estatal mayoritaria,EPEM,Poder Ejecutivo,Categoría paraestatal,apf-para,Administración Pública Federal Paraestatal,3,"Relación anual de Entidades Paraestatales, DOF 12-08-2026",REL_PARA_2026,Relación de las Entidades Paraestatales de la Administración Pública Federal,https://dof.gob.mx/nota_detalle.php?codigo=5796062&fecha=12/08/2026,2026-08-12,Sí,Nodo de clasificación; no es una entidad paraestatal individual.,,,,,2026-09-28,,,,,,Federal,Federal,,Empresas de participación estatal mayoritaria,Categoría,,Nodo agregado o clasificación,Otros,38,38,0,0,1,1,39
para-cat-banca,Instituciones de banca de desarrollo,Banca desarrollo,Poder Ejecutivo,Categoría paraestatal,apf-para,Administración Pública Federal Paraestatal,3,"Relación anual de Entidades Paraestatales, DOF 12-08-2026",REL_PARA_2026,Relación de las Entidades Paraestatales de la Administración Pública Federal,https://dof.gob.mx/nota_detalle.php?codigo=5796062&fecha=12/08/2026,2026-08-12,Sí,Nodo de clasificación; no es una entidad paraestatal individual.,,,,,2026-09-28,,,,,,Federal,Federal,,Instituciones de banca de desarrollo,Categoría,,Nodo agregado o clasificación,Otros,6,6,0,0,1,1,7
para-cat-seguros,Instituciones nacionales de seguros,Seguros,Poder Ejecutivo,Categoría paraestatal,apf-para,Administración Pública Federal Paraestatal,3,"Relación anual de Entidades Paraestatales, DOF 12-08-2026",REL_PARA_2026,Relación de las Entidades Paraestatales de la Administración Pública Federal,https://dof.gob.mx/nota_detalle.php?codigo=5796062&fecha=12/08/2026,2026-08-12,Sí,Nodo de clasificación; no es una entidad paraestatal individual.,,,,,2026-09-28,,,,,,Federal,Federal,,Instituciones nacionales de seguros,Categoría,,Nodo agregado o clasificación,Otros,2,2,0,0,1,1,3
para-cat-cpi-epem,Empresas de participación estatal mayoritaria consideradas Centros Públicos de Investigación,CPI · EPEM,Poder Ejecutivo,Categoría paraestatal,apf-para,Administración Pública Federal Paraestatal,3,"Relación anual de Entidades Paraestatales, DOF 12-08-2026",REL_PARA_2026,Relación de las Entidades Paraestatales de la Administración Pública Federal,https://dof.gob.mx/nota_detalle.php?codigo=5796062&fecha=12/08/2026,2026-08-12,Sí,Nodo de clasificación; no es una entidad paraestatal individual.,,,,,2026-09-28,,,,,,Federal,Federal,,Empresas de participación estatal mayoritaria consideradas Centros Públicos de Investigación,Categoría,,Nodo agregado o clasificación,Otros,18,18,0,0,1,1,19
para-cat-fid,Fideicomisos públicos,Fideicomisos,Poder Ejecutivo,Categoría paraestatal,apf-para,Administración Pública Federal Paraestatal,3,"Relación anual de Entidades Paraestatales, DOF 12-08-2026",REL_PARA_2026,Relación de las Entidades Paraestatales de la Administración Pública Federal,https://dof.gob.mx/nota_detalle.php?codigo=5796062&fecha=12/08/2026,2026-08-12,Sí,Nodo de clasificación; no es una entidad paraestatal individual.,,,,,2026-09-28,,,,,,Federal,Federal,,Fideicomisos públicos,Categoría,,Nodo agregado o clasificación,Otros,8,8,0,0,1,1,9
para-cat-fid-cpi,Fideicomisos considerados Centros Públicos de Investigación,Fideicomisos CPI,Poder Ejecutivo,Categoría paraestatal,apf-para,Administración Pública Federal Paraestatal,3,"Relación anual de Entidades Paraestatales, DOF 12-08-2026",REL_PARA_2026,Relación de las Entidades Paraestatales de la Administración Pública Federal,https://dof.gob.mx/nota_detalle.php?codigo=5796062&fecha=12/08/2026,2026-08-12,Sí,Nodo de clasificación; no es una entidad paraestatal individual.,,,,,2026-09-28,,,,,,Federal,Federal,,Fideicomisos considerados Centros Públicos de Investigación,Categoría,,Nodo agregado o clasificación,Otros,2,2,0,0,1,1,3
para-cat-fid-banca,Fideicomisos del Sistema Bancario Mexicano,Fideicomisos bancarios,Poder Ejecutivo,Categoría paraestatal,apf-para,Administración Pública Federal Paraestatal,3,"Relación anual de Entidades Paraestatales, DOF 12-08-2026",REL_PARA_2026,Relación de las Entidades Paraestatales de la Administración Pública Federal,https://dof.gob.mx/nota_detalle.php?codigo=5796062&fecha=12/08/2026,2026-08-12,Sí,Nodo de clasificación; no es una entidad paraestatal individual.,,,,,2026-09-28,,,,,,Federal,Federal,,Fideicomisos del Sistema Bancario Mexicano,Categoría,,Nodo agregado o clasificación,Otros,6,6,0,0,1,1,7
para-cat-epe,Empresas Públicas del Estado,Empresas públicas,Poder Ejecutivo,Categoría paraestatal,apf-para,Administración Pública Federal Paraestatal,3,"Relación anual de Entidades Paraestatales, DOF 12-08-2026",REL_PARA_2026,Relación de las Entidades Paraestatales de la Administración Pública Federal,https://dof.gob.mx/nota_detalle.php?codigo=5796062&fecha=12/08/2026,2026-08-12,Sí,Nodo de clasificación; no es una entidad paraestatal individual.,,,,,2026-09-28,,,,,,Federal,Federal,,Empresas Públicas del Estado,Categoría,,Nodo agregado o clasificación,Otros,2,2,0,0,1,1,3
para-cat-desinc,Entidades en proceso de desincorporación,En desincorporación,Poder Ejecutivo,Categoría paraestatal,apf-para,Administración Pública Federal Paraestatal,3,"Relación anual de Entidades Paraestatales, DOF 12-08-2026",REL_PARA_2026,Relación de las Entidades Paraestatales de la Administración Pública Federal,https://dof.gob.mx/nota_detalle.php?codigo=5796062&fecha=12/08/2026,2026-08-12,Sí,Nodo de clasificación; no es una entidad paraestatal individual.,,,,,2026-09-28,,,,,,Federal,Federal,,Entidades en proceso de desincorporación,Categoría,,Nodo agregado o clasificación,Otros,11,11,0,0,1,1,12
para-cat-exclusion,Entidades en exclusión de proceso de desincorporación,Exclusión desincorp.,Poder Ejecutivo,Categoría paraestatal,apf-para,Administración Pública Federal Paraestatal,3,"Relación anual de Entidades Paraestatales, DOF 12-08-2026",REL_PARA_2026,Relación de las Entidades Paraestatales de la Administración Pública Federal,https://dof.gob.mx/nota_detalle.php?codigo=5796062&fecha=12/08/2026,2026-08-12,Sí,Nodo de clasificación; no es una entidad paraestatal individual.,,,,,2026-09-28,,,,,,Federal,Federal,,Entidades en exclusión de proceso de desincorporación,Categoría,,Nodo agregado o clasificación,Otros,1,1,0,0,1,1,2
para-active-001,Consejo Nacional para Prevenir la Discriminación,Consejo Nacional para Prevenir la Discrimi,Poder Ejecutivo,Organismo descentralizado sectorizado,para-cat-od-sec,Organismos descentralizados sectorizados,4,"Relación de Entidades Paraestatales APF, DOF 12-08-2026",REL_PARA_2026,Relación de las Entidades Paraestatales de la Administración Pública Federal,https://dof.gob.mx/nota_detalle.php?codigo=5796062&fecha=12/08/2026,2026-08-12,Sí,Entidad incluida en la relación anual oficial 2026.,,,,,2026-09-28,,,,,,Federal,Federal,Secretaría de Gobernación,Organismo descentralizado sectorizado,Activa,1,Entidad verificada · estructura interna no desagregada,Gobernanza y política interior,0,0,0,0,1,0,2
para-active-002,Talleres Gráficos de México,Talleres Gráficos de México,Poder Ejecutivo,Organismo descentralizado sectorizado,para-cat-od-sec,Organismos descentralizados sectorizados,4,"Relación de Entidades Paraestatales APF, DOF 12-08-2026",REL_PARA_2026,Relación de las Entidades Paraestatales de la Administración Pública Federal,https://dof.gob.mx/nota_detalle.php?codigo=5796062&fecha=12/08/2026,2026-08-12,Sí,Entidad incluida en la relación anual oficial 2026.,,,,,2026-09-28,,,,,,Federal,Federal,Secretaría de Gobernación,Organismo descentralizado sectorizado,Activa,2,Entidad verificada · estructura interna no desagregada,Gobernanza y política interior,0,0,0,0,1,0,2
para-active-003,Instituto de Seguridad Social para las Fuerzas Armadas Mexicanas,Instituto de Seguridad Social para las Fue,Poder Ejecutivo,Organismo descentralizado sectorizado,para-cat-od-sec,Organismos descentralizados sectorizados,4,"Relación de Entidades Paraestatales APF, DOF 12-08-2026",REL_PARA_2026,Relación de las Entidades Paraestatales de la Administración Pública Federal,https://dof.gob.mx/nota_detalle.php?codigo=5796062&fecha=12/08/2026,2026-08-12,Sí,Entidad incluida en la relación anual oficial 2026.,,,,,2026-09-28,,,,,,Federal,Federal,Secretaría de la Defensa Nacional,Organismo descentralizado sectorizado,Activa,3,Entidad verificada · estructura interna no desagregada,Seguridad y defensa,0,0,0,0,1,0,2
para-active-004,Corredor Interoceánico del Istmo de Tehuantepec,Corredor Interoceánico del Istmo de Tehuan,Poder Ejecutivo,Organismo descentralizado sectorizado,para-cat-od-sec,Organismos descentralizados sectorizados,4,"Relación de Entidades Paraestatales APF, DOF 12-08-2026",REL_PARA_2026,Relación de las Entidades Paraestatales de la Administración Pública Federal,https://dof.gob.mx/nota_detalle.php?codigo=5796062&fecha=12/08/2026,2026-08-12,Sí,Entidad incluida en la relación anual oficial 2026.,,,,,2026-09-28,,,,,,Federal,Federal,Secretaría de Marina,Organismo descentralizado sectorizado,Activa,4,Entidad verificada · estructura interna no desagregada,Seguridad y defensa,0,0,0,0,1,0,2
para-active-005,Casa de Moneda de México,Casa de Moneda de México,Poder Ejecutivo,Organismo descentralizado sectorizado,para-cat-od-sec,Organismos descentralizados sectorizados,4,"Relación de Entidades Paraestatales APF, DOF 12-08-2026",REL_PARA_2026,Relación de las Entidades Paraestatales de la Administración Pública Federal,https://dof.gob.mx/nota_detalle.php?codigo=5796062&fecha=12/08/2026,2026-08-12,Sí,Entidad incluida en la relación anual oficial 2026.,,,,,2026-09-28,,,,,,Federal,Federal,Secretaría de Hacienda y Crédito Público,Organismo descentralizado sectorizado,Activa,5,Entidad verificada · estructura interna no desagregada,Hacienda y economía,0,0,0,0,1,0,2
para-active-006,Comisión Nacional para la Protección y Defensa de los Usuarios de Servicios Financieros,Comisión Nacional para la Protección y Def,Poder Ejecutivo,Organismo descentralizado sectorizado,para-cat-od-sec,Organismos descentralizados sectorizados,4,"Relación de Entidades Paraestatales APF, DOF 12-08-2026",REL_PARA_2026,Relación de las Entidades Paraestatales de la Administración Pública Federal,https://dof.gob.mx/nota_detalle.php?codigo=5796062&fecha=12/08/2026,2026-08-12,Sí,Entidad incluida en la relación anual oficial 2026.,,,,,2026-09-28,,,,,,Federal,Federal,Secretaría de Hacienda y Crédito Público,Organismo descentralizado sectorizado,Activa,6,Entidad verificada · estructura interna no desagregada,Hacienda y economía,0,0,0,0,1,0,2
para-active-007,Financiera para el Bienestar,Financiera para el Bienestar,Poder Ejecutivo,Organismo descentralizado sectorizado,para-cat-od-sec,Organismos descentralizados sectorizados,4,"Relación de Entidades Paraestatales APF, DOF 12-08-2026",REL_PARA_2026,Relación de las Entidades Paraestatales de la Administración Pública Federal,https://dof.gob.mx/nota_detalle.php?codigo=5796062&fecha=12/08/2026,2026-08-12,Sí,Entidad incluida en la relación anual oficial 2026.,,,,,2026-09-28,,,,,,Federal,Federal,Secretaría de Hacienda y Crédito Público,Organismo descentralizado sectorizado,Activa,7,Entidad verificada · estructura interna no desagregada,Hacienda y economía,0,0,0,0,1,0,2
para-active-008,Instituto para Devolver al Pueblo lo Robado,Instituto para Devolver al Pueblo lo Robad,Poder Ejecutivo,Organismo descentralizado sectorizado,para-cat-od-sec,Organismos descentralizados sectorizados,4,"Relación de Entidades Paraestatales APF, DOF 12-08-2026",REL_PARA_2026,Relación de las Entidades Paraestatales de la Administración Pública Federal,https://dof.gob.mx/nota_detalle.php?codigo=5796062&fecha=12/08/2026,2026-08-12,Sí,Entidad incluida en la relación anual oficial 2026.,,,,,2026-09-28,,,,,,Federal,Federal,Secretaría de Hacienda y Crédito Público,Organismo descentralizado sectorizado,Activa,8,Entidad verificada · estructura interna no desagregada,Hacienda y economía,0,0,0,0,1,0,2
para-active-009,Instituto para el Desarrollo Técnico de las Haciendas Públicas,Instituto para el Desarrollo Técnico de la,Poder Ejecutivo,Organismo descentralizado sectorizado,para-cat-od-sec,Organismos descentralizados sectorizados,4,"Relación de Entidades Paraestatales APF, DOF 12-08-2026",REL_PARA_2026,Relación de las Entidades Paraestatales de la Administración Pública Federal,https://dof.gob.mx/nota_detalle.php?codigo=5796062&fecha=12/08/2026,2026-08-12,Sí,Entidad incluida en la relación anual oficial 2026.,,,,,2026-09-28,,,,,,Federal,Federal,Secretaría de Hacienda y Crédito Público,Organismo descentralizado sectorizado,Activa,9,Entidad verificada · estructura interna no desagregada,Hacienda y economía,0,0,0,0,1,0,2
para-active-010,Instituto para la Protección al Ahorro Bancario,Instituto para la Protección al Ahorro Ban,Poder Ejecutivo,Organismo descentralizado sectorizado,para-cat-od-sec,Organismos descentralizados sectorizados,4,"Relación de Entidades Paraestatales APF, DOF 12-08-2026",REL_PARA_2026,Relación de las Entidades Paraestatales de la Administración Pública Federal,https://dof.gob.mx/nota_detalle.php?codigo=5796062&fecha=12/08/2026,2026-08-12,Sí,Entidad incluida en la relación anual oficial 2026.,,,,,2026-09-28,,,,,,Federal,Federal,Secretaría de Hacienda y Crédito Público,Organismo descentralizado sectorizado,Activa,10,Entidad verificada · estructura interna no desagregada,Hacienda y economía,0,0,0,0,1,0,2
para-active-011,Lotería Nacional,Lotería Nacional,Poder Ejecutivo,Organismo descentralizado sectorizado,para-cat-od-sec,Organismos descentralizados sectorizados,4,"Relación de Entidades Paraestatales APF, DOF 12-08-2026",REL_PARA_2026,Relación de las Entidades Paraestatales de la Administración Pública Federal,https://dof.gob.mx/nota_detalle.php?codigo=5796062&fecha=12/08/2026,2026-08-12,Sí,Entidad incluida en la relación anual oficial 2026.,,,,,2026-09-28,,,,,,Federal,Federal,Secretaría de Hacienda y Crédito Público,Organismo descentralizado sectorizado,Activa,11,Entidad verificada · estructura interna no desagregada,Hacienda y economía,0,0,0,0,1,0,2
para-active-012,Consejo Nacional para el Desarrollo y la Inclusión de las Personas con Discapacidad,Consejo Nacional para el Desarrollo y la I,Poder Ejecutivo,Organismo descentralizado sectorizado,para-cat-od-sec,Organismos descentralizados sectorizados,4,"Relación de Entidades Paraestatales APF, DOF 12-08-2026",REL_PARA_2026,Relación de las Entidades Paraestatales de la Administración Pública Federal,https://dof.gob.mx/nota_detalle.php?codigo=5796062&fecha=12/08/2026,2026-08-12,Sí,Entidad incluida en la relación anual oficial 2026.,,,,,2026-09-28,,,,,,Federal,Federal,Secretaría de Bienestar,Organismo descentralizado sectorizado,Activa,12,Entidad verificada · estructura interna no desagregada,Derechos y bienestar,0,0,0,0,1,0,2
para-active-013,Instituto Nacional de las Personas Adultas Mayores,Instituto Nacional de las Personas Adultas,Poder Ejecutivo,Organismo descentralizado sectorizado,para-cat-od-sec,Organismos descentralizados sectorizados,4,"Relación de Entidades Paraestatales APF, DOF 12-08-2026",REL_PARA_2026,Relación de las Entidades Paraestatales de la Administración Pública Federal,https://dof.gob.mx/nota_detalle.php?codigo=5796062&fecha=12/08/2026,2026-08-12,Sí,Entidad incluida en la relación anual oficial 2026.,,,,,2026-09-28,,,,,,Federal,Federal,Secretaría de Bienestar,Organismo descentralizado sectorizado,Activa,13,Entidad verificada · estructura interna no desagregada,Derechos y bienestar,0,0,0,0,1,0,2
para-active-014,Comisión Nacional Forestal,Comisión Nacional Forestal,Poder Ejecutivo,Organismo descentralizado sectorizado,para-cat-od-sec,Organismos descentralizados sectorizados,4,"Relación de Entidades Paraestatales APF, DOF 12-08-2026",REL_PARA_2026,Relación de las Entidades Paraestatales de la Administración Pública Federal,https://dof.gob.mx/nota_detalle.php?codigo=5796062&fecha=12/08/2026,2026-08-12,Sí,Entidad incluida en la relación anual oficial 2026.,,,,,2026-09-28,,,,,,Federal,Federal,Secretaría de Medio Ambiente y Recursos Naturales,Organismo descentralizado sectorizado,Activa,14,Entidad verificada · estructura interna no desagregada,"Ambiente, energía y recursos",0,0,0,0,1,0,2
para-active-015,Instituto Nacional de Ecología y Cambio Climático,Instituto Nacional de Ecología y Cambio Cl,Poder Ejecutivo,Organismo descentralizado sectorizado,para-cat-od-sec,Organismos descentralizados sectorizados,4,"Relación de Entidades Paraestatales APF, DOF 12-08-2026",REL_PARA_2026,Relación de las Entidades Paraestatales de la Administración Pública Federal,https://dof.gob.mx/nota_detalle.php?codigo=5796062&fecha=12/08/2026,2026-08-12,Sí,Entidad incluida en la relación anual oficial 2026.,,,,,2026-09-28,,,,,,Federal,Federal,Secretaría de Medio Ambiente y Recursos Naturales,Organismo descentralizado sectorizado,Activa,15,Entidad verificada · estructura interna no desagregada,"Ambiente, energía y recursos",0,0,0,0,1,0,2
para-active-016,Centro Nacional de Control de Energía,Centro Nacional de Control de Energía,Poder Ejecutivo,Organismo descentralizado sectorizado,para-cat-od-sec,Organismos descentralizados sectorizados,4,"Relación de Entidades Paraestatales APF, DOF 12-08-2026",REL_PARA_2026,Relación de las Entidades Paraestatales de la Administración Pública Federal,https://dof.gob.mx/nota_detalle.php?codigo=5796062&fecha=12/08/2026,2026-08-12,Sí,Entidad incluida en la relación anual oficial 2026.,,,,,2026-09-28,,,,,,Federal,Federal,Secretaría de Energía,Organismo descentralizado sectorizado,Activa,16,Entidad verificada · estructura interna no desagregada,"Ambiente, energía y recursos",0,0,0,0,1,0,2
para-active-017,Centro Nacional de Control del Gas Natural,Centro Nacional de Control del Gas Natural,Poder Ejecutivo,Organismo descentralizado sectorizado,para-cat-od-sec,Organismos descentralizados sectorizados,4,"Relación de Entidades Paraestatales APF, DOF 12-08-2026",REL_PARA_2026,Relación de las Entidades Paraestatales de la Administración Pública Federal,https://dof.gob.mx/nota_detalle.php?codigo=5796062&fecha=12/08/2026,2026-08-12,Sí,Entidad incluida en la relación anual oficial 2026.,,,,,2026-09-28,,,,,,Federal,Federal,Secretaría de Energía,Organismo descentralizado sectorizado,Activa,17,Entidad verificada · estructura interna no desagregada,"Ambiente, energía y recursos",0,0,0,0,1,0,2
para-active-018,Instituto Nacional de Investigaciones Nucleares,Instituto Nacional de Investigaciones Nucl,Poder Ejecutivo,Organismo descentralizado sectorizado,para-cat-od-sec,Organismos descentralizados sectorizados,4,"Relación de Entidades Paraestatales APF, DOF 12-08-2026",REL_PARA_2026,Relación de las Entidades Paraestatales de la Administración Pública Federal,https://dof.gob.mx/nota_detalle.php?codigo=5796062&fecha=12/08/2026,2026-08-12,Sí,Entidad incluida en la relación anual oficial 2026.,,,,,2026-09-28,,,,,,Federal,Federal,Secretaría de Energía,Organismo descentralizado sectorizado,Activa,18,Entidad verificada · estructura interna no desagregada,"Ambiente, energía y recursos",0,0,0,0,1,0,2
para-active-019,Litio para México,Litio para México,Poder Ejecutivo,Organismo descentralizado sectorizado,para-cat-od-sec,Organismos descentralizados sectorizados,4,"Relación de Entidades Paraestatales APF, DOF 12-08-2026",REL_PARA_2026,Relación de las Entidades Paraestatales de la Administración Pública Federal,https://dof.gob.mx/nota_detalle.php?codigo=5796062&fecha=12/08/2026,2026-08-12,Sí,Entidad incluida en la relación anual oficial 2026.,,,,,2026-09-28,,,,,,Federal,Federal,Secretaría de Energía,Organismo descentralizado sectorizado,Activa,19,Entidad verificada · estructura interna no desagregada,"Ambiente, energía y recursos",0,0,0,0,1,0,2
para-active-020,Centro Nacional de Metrología,Centro Nacional de Metrología,Poder Ejecutivo,Organismo descentralizado sectorizado,para-cat-od-sec,Organismos descentralizados sectorizados,4,"Relación de Entidades Paraestatales APF, DOF 12-08-2026",REL_PARA_2026,Relación de las Entidades Paraestatales de la Administración Pública Federal,https://dof.gob.mx/nota_detalle.php?codigo=5796062&fecha=12/08/2026,2026-08-12,Sí,Entidad incluida en la relación anual oficial 2026.,,,,,2026-09-28,,,,,,Federal,Federal,Secretaría de Economía,Organismo descentralizado sectorizado,Activa,20,Entidad verificada · estructura interna no desagregada,Hacienda y economía,0,0,0,0,1,0,2
para-active-021,Comisión Nacional Antimonopolio,Comisión Nacional Antimonopolio,Poder Ejecutivo,Organismo descentralizado sectorizado,para-cat-od-sec,Organismos descentralizados sectorizados,4,"Relación de Entidades Paraestatales APF, DOF 12-08-2026",REL_PARA_2026,Relación de las Entidades Paraestatales de la Administración Pública Federal,https://dof.gob.mx/nota_detalle.php?codigo=5796062&fecha=12/08/2026,2026-08-12,Sí,Entidad incluida en la relación anual oficial 2026.,,,,,2026-09-28,,,,,,Federal,Federal,Secretaría de Economía,Organismo descentralizado sectorizado,Activa,21,Entidad verificada · estructura interna no desagregada,Hacienda y economía,0,0,0,0,1,0,2
para-active-022,Instituto Mexicano de la Propiedad Industrial,Instituto Mexicano de la Propiedad Industr,Poder Ejecutivo,Organismo descentralizado sectorizado,para-cat-od-sec,Organismos descentralizados sectorizados,4,"Relación de Entidades Paraestatales APF, DOF 12-08-2026",REL_PARA_2026,Relación de las Entidades Paraestatales de la Administración Pública Federal,https://dof.gob.mx/nota_detalle.php?codigo=5796062&fecha=12/08/2026,2026-08-12,Sí,Entidad incluida en la relación anual oficial 2026.,,,,,2026-09-28,,,,,,Federal,Federal,Secretaría de Economía,Organismo descentralizado sectorizado,Activa,22,Entidad verificada · estructura interna no desagregada,Hacienda y economía,0,0,0,0,1,0,2
para-active-023,Procuraduría Federal del Consumidor,Procuraduría Federal del Consumidor,Poder Ejecutivo,Organismo descentralizado sectorizado,para-cat-od-sec,Organismos descentralizados sectorizados,4,"Relación de Entidades Paraestatales APF, DOF 12-08-2026",REL_PARA_2026,Relación de las Entidades Paraestatales de la Administración Pública Federal,https://dof.gob.mx/nota_detalle.php?codigo=5796062&fecha=12/08/2026,2026-08-12,Sí,Entidad incluida en la relación anual oficial 2026.,,,,,2026-09-28,,,,,,Federal,Federal,Secretaría de Economía,Organismo descentralizado sectorizado,Activa,23,Entidad verificada · estructura interna no desagregada,Hacienda y economía,0,0,0,0,1,0,2
para-active-024,Servicio Geológico Mexicano,Servicio Geológico Mexicano,Poder Ejecutivo,Organismo descentralizado sectorizado,para-cat-od-sec,Organismos descentralizados sectorizados,4,"Relación de Entidades Paraestatales APF, DOF 12-08-2026",REL_PARA_2026,Relación de las Entidades Paraestatales de la Administración Pública Federal,https://dof.gob.mx/nota_detalle.php?codigo=5796062&fecha=12/08/2026,2026-08-12,Sí,Entidad incluida en la relación anual oficial 2026.,,,,,2026-09-28,,,,,,Federal,Federal,Secretaría de Economía,Organismo descentralizado sectorizado,Activa,24,Entidad verificada · estructura interna no desagregada,Hacienda y economía,0,0,0,0,1,0,2
para-active-025,Comité Nacional para el Desarrollo Sustentable de la Caña de Azúcar,Comité Nacional para el Desarrollo Sustent,Poder Ejecutivo,Organismo descentralizado sectorizado,para-cat-od-sec,Organismos descentralizados sectorizados,4,"Relación de Entidades Paraestatales APF, DOF 12-08-2026",REL_PARA_2026,Relación de las Entidades Paraestatales de la Administración Pública Federal,https://dof.gob.mx/nota_detalle.php?codigo=5796062&fecha=12/08/2026,2026-08-12,Sí,Entidad incluida en la relación anual oficial 2026.,,,,,2026-09-28,,,,,,Federal,Federal,Secretaría de Agricultura y Desarrollo Rural,Organismo descentralizado sectorizado,Activa,25,Entidad verificada · estructura interna no desagregada,"Ambiente, energía y recursos",0,0,0,0,1,0,2
para-active-026,Instituto Mexicano de Investigación en Pesca y Acuacultura Sustentables,Instituto Mexicano de Investigación en Pes,Poder Ejecutivo,Organismo descentralizado sectorizado,para-cat-od-sec,Organismos descentralizados sectorizados,4,"Relación de Entidades Paraestatales APF, DOF 12-08-2026",REL_PARA_2026,Relación de las Entidades Paraestatales de la Administración Pública Federal,https://dof.gob.mx/nota_detalle.php?codigo=5796062&fecha=12/08/2026,2026-08-12,Sí,Entidad incluida en la relación anual oficial 2026.,,,,,2026-09-28,,,,,,Federal,Federal,Secretaría de Agricultura y Desarrollo Rural,Organismo descentralizado sectorizado,Activa,26,Entidad verificada · estructura interna no desagregada,"Ambiente, energía y recursos",0,0,0,0,1,0,2
para-active-027,"Productora de Semillas para el Bienestar ""PROSEBIEN""","Productora de Semillas para el Bienestar """,Poder Ejecutivo,Organismo descentralizado sectorizado,para-cat-od-sec,Organismos descentralizados sectorizados,4,"Relación de Entidades Paraestatales APF, DOF 12-08-2026",REL_PARA_2026,Relación de las Entidades Paraestatales de la Administración Pública Federal,https://dof.gob.mx/nota_detalle.php?codigo=5796062&fecha=12/08/2026,2026-08-12,Sí,Entidad incluida en la relación anual oficial 2026.,,,,,2026-09-28,,,,,,Federal,Federal,Secretaría de Agricultura y Desarrollo Rural,Organismo descentralizado sectorizado,Activa,27,Entidad verificada · estructura interna no desagregada,"Ambiente, energía y recursos",0,0,0,0,1,0,2
para-active-028,Productora Nacional de Biológicos Veterinarios,Productora Nacional de Biológicos Veterina,Poder Ejecutivo,Organismo descentralizado sectorizado,para-cat-od-sec,Organismos descentralizados sectorizados,4,"Relación de Entidades Paraestatales APF, DOF 12-08-2026",REL_PARA_2026,Relación de las Entidades Paraestatales de la Administración Pública Federal,https://dof.gob.mx/nota_detalle.php?codigo=5796062&fecha=12/08/2026,2026-08-12,Sí,Entidad incluida en la relación anual oficial 2026.,,,,,2026-09-28,,,,,,Federal,Federal,Secretaría de Agricultura y Desarrollo Rural,Organismo descentralizado sectorizado,Activa,28,Entidad verificada · estructura interna no desagregada,"Ambiente, energía y recursos",0,0,0,0,1,0,2
para-active-029,Aeropuertos y Servicios Auxiliares,Aeropuertos y Servicios Auxiliares,Poder Ejecutivo,Organismo descentralizado sectorizado,para-cat-od-sec,Organismos descentralizados sectorizados,4,"Relación de Entidades Paraestatales APF, DOF 12-08-2026",REL_PARA_2026,Relación de las Entidades Paraestatales de la Administración Pública Federal,https://dof.gob.mx/nota_detalle.php?codigo=5796062&fecha=12/08/2026,2026-08-12,Sí,Entidad incluida en la relación anual oficial 2026.,,,,,2026-09-28,,,,,,Federal,Federal,"Secretaría de Infraestructura, Comunicaciones y Transportes",Organismo descentralizado sectorizado,Activa,29,Entidad verificada · estructura interna no desagregada,Infraestructura y conectividad,0,0,0,0,1,0,2
para-active-030,Agencia de Trenes y Transporte Público Integrado,Agencia de Trenes y Transporte Público Int,Poder Ejecutivo,Organismo descentralizado sectorizado,para-cat-od-sec,Organismos descentralizados sectorizados,4,"Relación de Entidades Paraestatales APF, DOF 12-08-2026",REL_PARA_2026,Relación de las Entidades Paraestatales de la Administración Pública Federal,https://dof.gob.mx/nota_detalle.php?codigo=5796062&fecha=12/08/2026,2026-08-12,Sí,Entidad incluida en la relación anual oficial 2026.,,,,,2026-09-28,,,,,,Federal,Federal,"Secretaría de Infraestructura, Comunicaciones y Transportes",Organismo descentralizado sectorizado,Activa,30,Entidad verificada · estructura interna no desagregada,Infraestructura y conectividad,0,0,0,0,1,0,2
para-active-031,Caminos y Puentes Federales de Ingresos y Servicios Conexos,Caminos y Puentes Federales de Ingresos y ,Poder Ejecutivo,Organismo descentralizado sectorizado,para-cat-od-sec,Organismos descentralizados sectorizados,4,"Relación de Entidades Paraestatales APF, DOF 12-08-2026",REL_PARA_2026,Relación de las Entidades Paraestatales de la Administración Pública Federal,https://dof.gob.mx/nota_detalle.php?codigo=5796062&fecha=12/08/2026,2026-08-12,Sí,Entidad incluida en la relación anual oficial 2026.,,,,,2026-09-28,,,,,,Federal,Federal,"Secretaría de Infraestructura, Comunicaciones y Transportes",Organismo descentralizado sectorizado,Activa,31,Entidad verificada · estructura interna no desagregada,Infraestructura y conectividad,0,0,0,0,1,0,2
para-active-032,Organismo Promotor de Inversiones en Telecomunicaciones,Organismo Promotor de Inversiones en Telec,Poder Ejecutivo,Organismo descentralizado sectorizado,para-cat-od-sec,Organismos descentralizados sectorizados,4,"Relación de Entidades Paraestatales APF, DOF 12-08-2026",REL_PARA_2026,Relación de las Entidades Paraestatales de la Administración Pública Federal,https://dof.gob.mx/nota_detalle.php?codigo=5796062&fecha=12/08/2026,2026-08-12,Sí,Entidad incluida en la relación anual oficial 2026.,,,,,2026-09-28,,,,,,Federal,Federal,"Secretaría de Infraestructura, Comunicaciones y Transportes",Organismo descentralizado sectorizado,Activa,32,Entidad verificada · estructura interna no desagregada,Infraestructura y conectividad,0,0,0,0,1,0,2
para-active-033,Centro de Enseñanza Técnica Industrial,Centro de Enseñanza Técnica Industrial,Poder Ejecutivo,Organismo descentralizado sectorizado,para-cat-od-sec,Organismos descentralizados sectorizados,4,"Relación de Entidades Paraestatales APF, DOF 12-08-2026",REL_PARA_2026,Relación de las Entidades Paraestatales de la Administración Pública Federal,https://dof.gob.mx/nota_detalle.php?codigo=5796062&fecha=12/08/2026,2026-08-12,Sí,Entidad incluida en la relación anual oficial 2026.,,,,,2026-09-28,,,,,,Federal,Federal,Secretaría de Educación Pública,Organismo descentralizado sectorizado,Activa,33,Entidad verificada · estructura interna no desagregada,"Educación, ciencia y cultura",0,0,0,0,1,0,2
para-active-034,Centro de Investigación y de Estudios Avanzados del Instituto Politécnico Nacional,Centro de Investigación y de Estudios Avan,Poder Ejecutivo,Organismo descentralizado sectorizado,para-cat-od-sec,Organismos descentralizados sectorizados,4,"Relación de Entidades Paraestatales APF, DOF 12-08-2026",REL_PARA_2026,Relación de las Entidades Paraestatales de la Administración Pública Federal,https://dof.gob.mx/nota_detalle.php?codigo=5796062&fecha=12/08/2026,2026-08-12,Sí,Entidad incluida en la relación anual oficial 2026.,,,,,2026-09-28,,,,,,Federal,Federal,Secretaría de Educación Pública,Organismo descentralizado sectorizado,Activa,34,Entidad verificada · estructura interna no desagregada,"Educación, ciencia y cultura",0,0,0,0,1,0,2
para-active-035,Colegio de Bachilleres,Colegio de Bachilleres,Poder Ejecutivo,Organismo descentralizado sectorizado,para-cat-od-sec,Organismos descentralizados sectorizados,4,"Relación de Entidades Paraestatales APF, DOF 12-08-2026",REL_PARA_2026,Relación de las Entidades Paraestatales de la Administración Pública Federal,https://dof.gob.mx/nota_detalle.php?codigo=5796062&fecha=12/08/2026,2026-08-12,Sí,Entidad incluida en la relación anual oficial 2026.,,,,,2026-09-28,,,,,,Federal,Federal,Secretaría de Educación Pública,Organismo descentralizado sectorizado,Activa,35,Entidad verificada · estructura interna no desagregada,"Educación, ciencia y cultura",0,0,0,0,1,0,2
para-active-036,Colegio Nacional de Educación Profesional Técnica,Colegio Nacional de Educación Profesional ,Poder Ejecutivo,Organismo descentralizado sectorizado,para-cat-od-sec,Organismos descentralizados sectorizados,4,"Relación de Entidades Paraestatales APF, DOF 12-08-2026",REL_PARA_2026,Relación de las Entidades Paraestatales de la Administración Pública Federal,https://dof.gob.mx/nota_detalle.php?codigo=5796062&fecha=12/08/2026,2026-08-12,Sí,Entidad incluida en la relación anual oficial 2026.,,,,,2026-09-28,,,,,,Federal,Federal,Secretaría de Educación Pública,Organismo descentralizado sectorizado,Activa,36,Entidad verificada · estructura interna no desagregada,"Educación, ciencia y cultura",0,0,0,0,1,0,2
para-active-037,Comisión de Operación y Fomento de Actividades Académicas del Instituto Politécnico Nacional,Comisión de Operación y Fomento de Activid,Poder Ejecutivo,Organismo descentralizado sectorizado,para-cat-od-sec,Organismos descentralizados sectorizados,4,"Relación de Entidades Paraestatales APF, DOF 12-08-2026",REL_PARA_2026,Relación de las Entidades Paraestatales de la Administración Pública Federal,https://dof.gob.mx/nota_detalle.php?codigo=5796062&fecha=12/08/2026,2026-08-12,Sí,Entidad incluida en la relación anual oficial 2026.,,,,,2026-09-28,,,,,,Federal,Federal,Secretaría de Educación Pública,Organismo descentralizado sectorizado,Activa,37,Entidad verificada · estructura interna no desagregada,"Educación, ciencia y cultura",0,0,0,0,1,0,2
para-active-038,Comisión Nacional de Cultura Física y Deporte,Comisión Nacional de Cultura Física y Depo,Poder Ejecutivo,Organismo descentralizado sectorizado,para-cat-od-sec,Organismos descentralizados sectorizados,4,"Relación de Entidades Paraestatales APF, DOF 12-08-2026",REL_PARA_2026,Relación de las Entidades Paraestatales de la Administración Pública Federal,https://dof.gob.mx/nota_detalle.php?codigo=5796062&fecha=12/08/2026,2026-08-12,Sí,Entidad incluida en la relación anual oficial 2026.,,,,,2026-09-28,,,,,,Federal,Federal,Secretaría de Educación Pública,Organismo descentralizado sectorizado,Activa,38,Entidad verificada · estructura interna no desagregada,"Educación, ciencia y cultura",0,0,0,0,1,0,2
para-active-039,Comisión Nacional de Libros de Texto Gratuitos,Comisión Nacional de Libros de Texto Gratu,Poder Ejecutivo,Organismo descentralizado sectorizado,para-cat-od-sec,Organismos descentralizados sectorizados,4,"Relación de Entidades Paraestatales APF, DOF 12-08-2026",REL_PARA_2026,Relación de las Entidades Paraestatales de la Administración Pública Federal,https://dof.gob.mx/nota_detalle.php?codigo=5796062&fecha=12/08/2026,2026-08-12,Sí,Entidad incluida en la relación anual oficial 2026.,,,,,2026-09-28,,,,,,Federal,Federal,Secretaría de Educación Pública,Organismo descentralizado sectorizado,Activa,39,Entidad verificada · estructura interna no desagregada,"Educación, ciencia y cultura",0,0,0,0,1,0,2
para-active-040,Consejo Nacional de Fomento Educativo,Consejo Nacional de Fomento Educativo,Poder Ejecutivo,Organismo descentralizado sectorizado,para-cat-od-sec,Organismos descentralizados sectorizados,4,"Relación de Entidades Paraestatales APF, DOF 12-08-2026",REL_PARA_2026,Relación de las Entidades Paraestatales de la Administración Pública Federal,https://dof.gob.mx/nota_detalle.php?codigo=5796062&fecha=12/08/2026,2026-08-12,Sí,Entidad incluida en la relación anual oficial 2026.,,,,,2026-09-28,,,,,,Federal,Federal,Secretaría de Educación Pública,Organismo descentralizado sectorizado,Activa,40,Entidad verificada · estructura interna no desagregada,"Educación, ciencia y cultura",0,0,0,0,1,0,2
para-active-041,Fondo de Cultura Económica,Fondo de Cultura Económica,Poder Ejecutivo,Organismo descentralizado sectorizado,para-cat-od-sec,Organismos descentralizados sectorizados,4,"Relación de Entidades Paraestatales APF, DOF 12-08-2026",REL_PARA_2026,Relación de las Entidades Paraestatales de la Administración Pública Federal,https://dof.gob.mx/nota_detalle.php?codigo=5796062&fecha=12/08/2026,2026-08-12,Sí,Entidad incluida en la relación anual oficial 2026.,,,,,2026-09-28,,,,,,Federal,Federal,Secretaría de Educación Pública,Organismo descentralizado sectorizado,Activa,41,Entidad verificada · estructura interna no desagregada,"Educación, ciencia y cultura",0,0,0,0,1,0,2
para-active-042,Instituto Nacional para la Educación de los Adultos,Instituto Nacional para la Educación de lo,Poder Ejecutivo,Organismo descentralizado sectorizado,para-cat-od-sec,Organismos descentralizados sectorizados,4,"Relación de Entidades Paraestatales APF, DOF 12-08-2026",REL_PARA_2026,Relación de las Entidades Paraestatales de la Administración Pública Federal,https://dof.gob.mx/nota_detalle.php?codigo=5796062&fecha=12/08/2026,2026-08-12,Sí,Entidad incluida en la relación anual oficial 2026.,,,,,2026-09-28,,,,,,Federal,Federal,Secretaría de Educación Pública,Organismo descentralizado sectorizado,Activa,42,Entidad verificada · estructura interna no desagregada,"Educación, ciencia y cultura",0,0,0,0,1,0,2
para-active-043,Organismo Coordinador de las Universidades para el Bienestar Benito Juárez García,Organismo Coordinador de las Universidades,Poder Ejecutivo,Organismo descentralizado sectorizado,para-cat-od-sec,Organismos descentralizados sectorizados,4,"Relación de Entidades Paraestatales APF, DOF 12-08-2026",REL_PARA_2026,Relación de las Entidades Paraestatales de la Administración Pública Federal,https://dof.gob.mx/nota_detalle.php?codigo=5796062&fecha=12/08/2026,2026-08-12,Sí,Entidad incluida en la relación anual oficial 2026.,,,,,2026-09-28,,,,,,Federal,Federal,Secretaría de Educación Pública,Organismo descentralizado sectorizado,Activa,43,Entidad verificada · estructura interna no desagregada,"Educación, ciencia y cultura",0,0,0,0,1,0,2
para-active-044,Patronato de Obras e Instalaciones del Instituto Politécnico Nacional,Patronato de Obras e Instalaciones del Ins,Poder Ejecutivo,Organismo descentralizado sectorizado,para-cat-od-sec,Organismos descentralizados sectorizados,4,"Relación de Entidades Paraestatales APF, DOF 12-08-2026",REL_PARA_2026,Relación de las Entidades Paraestatales de la Administración Pública Federal,https://dof.gob.mx/nota_detalle.php?codigo=5796062&fecha=12/08/2026,2026-08-12,Sí,Entidad incluida en la relación anual oficial 2026.,,,,,2026-09-28,,,,,,Federal,Federal,Secretaría de Educación Pública,Organismo descentralizado sectorizado,Activa,44,Entidad verificada · estructura interna no desagregada,"Educación, ciencia y cultura",0,0,0,0,1,0,2
para-active-045,"Universidad de las Lenguas Indígenas de México ""ULIM""",Universidad de las Lenguas Indígenas de Mé,Poder Ejecutivo,Organismo descentralizado sectorizado,para-cat-od-sec,Organismos descentralizados sectorizados,4,"Relación de Entidades Paraestatales APF, DOF 12-08-2026",REL_PARA_2026,Relación de las Entidades Paraestatales de la Administración Pública Federal,https://dof.gob.mx/nota_detalle.php?codigo=5796062&fecha=12/08/2026,2026-08-12,Sí,Entidad incluida en la relación anual oficial 2026.,,,,,2026-09-28,,,,,,Federal,Federal,Secretaría de Educación Pública,Organismo descentralizado sectorizado,Activa,45,Entidad verificada · estructura interna no desagregada,"Educación, ciencia y cultura",0,0,0,0,1,0,2
para-active-046,Instituto Nacional de Estudios Históricos de las Revoluciones de México,Instituto Nacional de Estudios Históricos ,Poder Ejecutivo,Organismo descentralizado sectorizado,para-cat-od-sec,Organismos descentralizados sectorizados,4,"Relación de Entidades Paraestatales APF, DOF 12-08-2026",REL_PARA_2026,Relación de las Entidades Paraestatales de la Administración Pública Federal,https://dof.gob.mx/nota_detalle.php?codigo=5796062&fecha=12/08/2026,2026-08-12,Sí,Entidad incluida en la relación anual oficial 2026.,,,,,2026-09-28,,,,,,Federal,Federal,"Secretaría de Ciencia, Humanidades, Tecnología e Innovación",Organismo descentralizado sectorizado,Activa,46,Entidad verificada · estructura interna no desagregada,"Educación, ciencia y cultura",0,0,0,0,1,0,2
para-active-047,Universidad Nacional Rosario Castellanos,Universidad Nacional Rosario Castellanos,Poder Ejecutivo,Organismo descentralizado sectorizado,para-cat-od-sec,Organismos descentralizados sectorizados,4,"Relación de Entidades Paraestatales APF, DOF 12-08-2026",REL_PARA_2026,Relación de las Entidades Paraestatales de la Administración Pública Federal,https://dof.gob.mx/nota_detalle.php?codigo=5796062&fecha=12/08/2026,2026-08-12,Sí,Entidad incluida en la relación anual oficial 2026.,,,,,2026-09-28,,,,,,Federal,Federal,"Secretaría de Ciencia, Humanidades, Tecnología e Innovación",Organismo descentralizado sectorizado,Activa,47,Entidad verificada · estructura interna no desagregada,"Educación, ciencia y cultura",0,0,0,0,1,0,2
para-active-048,"Hospital General de México ""Dr. Eduardo Liceaga""","Hospital General de México ""Dr. Eduardo Li",Poder Ejecutivo,Organismo descentralizado sectorizado,para-cat-od-sec,Organismos descentralizados sectorizados,4,"Relación de Entidades Paraestatales APF, DOF 12-08-2026",REL_PARA_2026,Relación de las Entidades Paraestatales de la Administración Pública Federal,https://dof.gob.mx/nota_detalle.php?codigo=5796062&fecha=12/08/2026,2026-08-12,Sí,Entidad incluida en la relación anual oficial 2026.,,,,,2026-09-28,,,,,,Federal,Federal,Secretaría de Salud,Organismo descentralizado sectorizado,Activa,48,Entidad verificada · estructura interna no desagregada,Salud,0,0,0,0,1,0,2
para-active-049,"Hospital General ""Dr. Manuel Gea González""","Hospital General ""Dr. Manuel Gea González""",Poder Ejecutivo,Organismo descentralizado sectorizado,para-cat-od-sec,Organismos descentralizados sectorizados,4,"Relación de Entidades Paraestatales APF, DOF 12-08-2026",REL_PARA_2026,Relación de las Entidades Paraestatales de la Administración Pública Federal,https://dof.gob.mx/nota_detalle.php?codigo=5796062&fecha=12/08/2026,2026-08-12,Sí,Entidad incluida en la relación anual oficial 2026.,,,,,2026-09-28,,,,,,Federal,Federal,Secretaría de Salud,Organismo descentralizado sectorizado,Activa,49,Entidad verificada · estructura interna no desagregada,Salud,0,0,0,0,1,0,2
para-active-050,Hospital Juárez de México,Hospital Juárez de México,Poder Ejecutivo,Organismo descentralizado sectorizado,para-cat-od-sec,Organismos descentralizados sectorizados,4,"Relación de Entidades Paraestatales APF, DOF 12-08-2026",REL_PARA_2026,Relación de las Entidades Paraestatales de la Administración Pública Federal,https://dof.gob.mx/nota_detalle.php?codigo=5796062&fecha=12/08/2026,2026-08-12,Sí,Entidad incluida en la relación anual oficial 2026.,,,,,2026-09-28,,,,,,Federal,Federal,Secretaría de Salud,Organismo descentralizado sectorizado,Activa,50,Entidad verificada · estructura interna no desagregada,Salud,0,0,0,0,1,0,2
para-active-051,Sistema Nacional para el Desarrollo Integral de la Familia,Sistema Nacional para el Desarrollo Integr,Poder Ejecutivo,Organismo descentralizado sectorizado,para-cat-od-sec,Organismos descentralizados sectorizados,4,"Relación de Entidades Paraestatales APF, DOF 12-08-2026",REL_PARA_2026,Relación de las Entidades Paraestatales de la Administración Pública Federal,https://dof.gob.mx/nota_detalle.php?codigo=5796062&fecha=12/08/2026,2026-08-12,Sí,Entidad incluida en la relación anual oficial 2026.,,,,,2026-09-28,,,,,,Federal,Federal,Secretaría de Salud,Organismo descentralizado sectorizado,Activa,51,Entidad verificada · estructura interna no desagregada,Salud,0,0,0,0,1,0,2
para-active-052,Centro Federal de Conciliación y Registro Laboral,Centro Federal de Conciliación y Registro ,Poder Ejecutivo,Organismo descentralizado sectorizado,para-cat-od-sec,Organismos descentralizados sectorizados,4,"Relación de Entidades Paraestatales APF, DOF 12-08-2026",REL_PARA_2026,Relación de las Entidades Paraestatales de la Administración Pública Federal,https://dof.gob.mx/nota_detalle.php?codigo=5796062&fecha=12/08/2026,2026-08-12,Sí,Entidad incluida en la relación anual oficial 2026.,,,,,2026-09-28,,,,,,Federal,Federal,Secretaría del Trabajo y Previsión Social,Organismo descentralizado sectorizado,Activa,52,Entidad verificada · estructura interna no desagregada,Trabajo y empleo,0,0,0,0,1,0,2
para-active-053,Comisión Nacional de los Salarios Mínimos,Comisión Nacional de los Salarios Mínimos,Poder Ejecutivo,Organismo descentralizado sectorizado,para-cat-od-sec,Organismos descentralizados sectorizados,4,"Relación de Entidades Paraestatales APF, DOF 12-08-2026",REL_PARA_2026,Relación de las Entidades Paraestatales de la Administración Pública Federal,https://dof.gob.mx/nota_detalle.php?codigo=5796062&fecha=12/08/2026,2026-08-12,Sí,Entidad incluida en la relación anual oficial 2026.,,,,,2026-09-28,,,,,,Federal,Federal,Secretaría del Trabajo y Previsión Social,Organismo descentralizado sectorizado,Activa,53,Entidad verificada · estructura interna no desagregada,Trabajo y empleo,0,0,0,0,1,0,2
para-active-054,Instituto del Fondo Nacional para el Consumo de los Trabajadores,Instituto del Fondo Nacional para el Consu,Poder Ejecutivo,Organismo descentralizado sectorizado,para-cat-od-sec,Organismos descentralizados sectorizados,4,"Relación de Entidades Paraestatales APF, DOF 12-08-2026",REL_PARA_2026,Relación de las Entidades Paraestatales de la Administración Pública Federal,https://dof.gob.mx/nota_detalle.php?codigo=5796062&fecha=12/08/2026,2026-08-12,Sí,Entidad incluida en la relación anual oficial 2026.,,,,,2026-09-28,,,,,,Federal,Federal,Secretaría del Trabajo y Previsión Social,Organismo descentralizado sectorizado,Activa,54,Entidad verificada · estructura interna no desagregada,Trabajo y empleo,0,0,0,0,1,0,2
para-active-055,Instituto Mexicano de la Juventud,Instituto Mexicano de la Juventud,Poder Ejecutivo,Organismo descentralizado sectorizado,para-cat-od-sec,Organismos descentralizados sectorizados,4,"Relación de Entidades Paraestatales APF, DOF 12-08-2026",REL_PARA_2026,Relación de las Entidades Paraestatales de la Administración Pública Federal,https://dof.gob.mx/nota_detalle.php?codigo=5796062&fecha=12/08/2026,2026-08-12,Sí,Entidad incluida en la relación anual oficial 2026.,,,,,2026-09-28,,,,,,Federal,Federal,Secretaría del Trabajo y Previsión Social,Organismo descentralizado sectorizado,Activa,55,Entidad verificada · estructura interna no desagregada,Trabajo y empleo,0,0,0,0,1,0,2
para-active-056,Comisión Nacional de Vivienda,Comisión Nacional de Vivienda,Poder Ejecutivo,Organismo descentralizado sectorizado,para-cat-od-sec,Organismos descentralizados sectorizados,4,"Relación de Entidades Paraestatales APF, DOF 12-08-2026",REL_PARA_2026,Relación de las Entidades Paraestatales de la Administración Pública Federal,https://dof.gob.mx/nota_detalle.php?codigo=5796062&fecha=12/08/2026,2026-08-12,Sí,Entidad incluida en la relación anual oficial 2026.,,,,,2026-09-28,,,,,,Federal,Federal,"Secretaría de Desarrollo Agrario, Territorial y Urbano",Organismo descentralizado sectorizado,Activa,56,Entidad verificada · estructura interna no desagregada,Territorio y vivienda,0,0,0,0,1,0,2
para-active-057,Instituto Nacional del Suelo Sustentable,Instituto Nacional del Suelo Sustentable,Poder Ejecutivo,Organismo descentralizado sectorizado,para-cat-od-sec,Organismos descentralizados sectorizados,4,"Relación de Entidades Paraestatales APF, DOF 12-08-2026",REL_PARA_2026,Relación de las Entidades Paraestatales de la Administración Pública Federal,https://dof.gob.mx/nota_detalle.php?codigo=5796062&fecha=12/08/2026,2026-08-12,Sí,Entidad incluida en la relación anual oficial 2026.,,,,,2026-09-28,,,,,,Federal,Federal,"Secretaría de Desarrollo Agrario, Territorial y Urbano",Organismo descentralizado sectorizado,Activa,57,Entidad verificada · estructura interna no desagregada,Territorio y vivienda,0,0,0,0,1,0,2
para-active-058,Procuraduría Agraria,Procuraduría Agraria,Poder Ejecutivo,Organismo descentralizado sectorizado,para-cat-od-sec,Organismos descentralizados sectorizados,4,"Relación de Entidades Paraestatales APF, DOF 12-08-2026",REL_PARA_2026,Relación de las Entidades Paraestatales de la Administración Pública Federal,https://dof.gob.mx/nota_detalle.php?codigo=5796062&fecha=12/08/2026,2026-08-12,Sí,Entidad incluida en la relación anual oficial 2026.,,,,,2026-09-28,,,,,,Federal,Federal,"Secretaría de Desarrollo Agrario, Territorial y Urbano",Organismo descentralizado sectorizado,Activa,58,Entidad verificada · estructura interna no desagregada,Territorio y vivienda,0,0,0,0,1,0,2
para-active-059,Instituto Mexicano de Cinematografía,Instituto Mexicano de Cinematografía,Poder Ejecutivo,Organismo descentralizado sectorizado,para-cat-od-sec,Organismos descentralizados sectorizados,4,"Relación de Entidades Paraestatales APF, DOF 12-08-2026",REL_PARA_2026,Relación de las Entidades Paraestatales de la Administración Pública Federal,https://dof.gob.mx/nota_detalle.php?codigo=5796062&fecha=12/08/2026,2026-08-12,Sí,Entidad incluida en la relación anual oficial 2026.,,,,,2026-09-28,,,,,,Federal,Federal,Secretaría de Cultura,Organismo descentralizado sectorizado,Activa,59,Entidad verificada · estructura interna no desagregada,"Educación, ciencia y cultura",0,0,0,0,1,0,2
para-active-060,Instituto Nacional de Lenguas Indígenas,Instituto Nacional de Lenguas Indígenas,Poder Ejecutivo,Organismo descentralizado sectorizado,para-cat-od-sec,Organismos descentralizados sectorizados,4,"Relación de Entidades Paraestatales APF, DOF 12-08-2026",REL_PARA_2026,Relación de las Entidades Paraestatales de la Administración Pública Federal,https://dof.gob.mx/nota_detalle.php?codigo=5796062&fecha=12/08/2026,2026-08-12,Sí,Entidad incluida en la relación anual oficial 2026.,,,,,2026-09-28,,,,,,Federal,Federal,Secretaría de Cultura,Organismo descentralizado sectorizado,Activa,60,Entidad verificada · estructura interna no desagregada,"Educación, ciencia y cultura",0,0,0,0,1,0,2
para-active-061,Agencia Espacial Mexicana,Agencia Espacial Mexicana,Poder Ejecutivo,Organismo descentralizado sectorizado,para-cat-od-sec,Organismos descentralizados sectorizados,4,"Relación de Entidades Paraestatales APF, DOF 12-08-2026",REL_PARA_2026,Relación de las Entidades Paraestatales de la Administración Pública Federal,https://dof.gob.mx/nota_detalle.php?codigo=5796062&fecha=12/08/2026,2026-08-12,Sí,Entidad incluida en la relación anual oficial 2026.,,,,,2026-09-28,,,,,,Federal,Federal,Agencia de Transformación Digital y Telecomunicaciones,Organismo descentralizado sectorizado,Activa,61,Entidad verificada · estructura interna no desagregada,Infraestructura y conectividad,0,0,0,0,1,0,2
para-active-062,Servicio Postal Mexicano,Servicio Postal Mexicano,Poder Ejecutivo,Organismo descentralizado sectorizado,para-cat-od-sec,Organismos descentralizados sectorizados,4,"Relación de Entidades Paraestatales APF, DOF 12-08-2026",REL_PARA_2026,Relación de las Entidades Paraestatales de la Administración Pública Federal,https://dof.gob.mx/nota_detalle.php?codigo=5796062&fecha=12/08/2026,2026-08-12,Sí,Entidad incluida en la relación anual oficial 2026.,,,,,2026-09-28,,,,,,Federal,Federal,Agencia de Transformación Digital y Telecomunicaciones,Organismo descentralizado sectorizado,Activa,62,Entidad verificada · estructura interna no desagregada,Infraestructura y conectividad,0,0,0,0,1,0,2
para-active-063,Archivo General de la Nación,Archivo General de la Nación,Poder Ejecutivo,Organismo descentralizado no sectorizado,para-cat-od-no,Organismos descentralizados no sectorizados,4,"Relación de Entidades Paraestatales APF, DOF 12-08-2026",REL_PARA_2026,Relación de las Entidades Paraestatales de la Administración Pública Federal,https://dof.gob.mx/nota_detalle.php?codigo=5796062&fecha=12/08/2026,2026-08-12,Sí,Entidad incluida en la relación anual oficial 2026.,,,,,2026-09-28,,,,,,Federal,Federal,No sectorizada,Organismo descentralizado no sectorizado,Activa,63,Entidad verificada · estructura interna no desagregada,Entidades no sectorizadas,0,0,0,0,1,0,1
para-active-064,Comisión Ejecutiva de Atención a Víctimas,Comisión Ejecutiva de Atención a Víctimas,Poder Ejecutivo,Organismo descentralizado no sectorizado,para-cat-od-no,Organismos descentralizados no sectorizados,4,"Relación de Entidades Paraestatales APF, DOF 12-08-2026",REL_PARA_2026,Relación de las Entidades Paraestatales de la Administración Pública Federal,https://dof.gob.mx/nota_detalle.php?codigo=5796062&fecha=12/08/2026,2026-08-12,Sí,Entidad incluida en la relación anual oficial 2026.,,,,,2026-09-28,,,,,,Federal,Federal,No sectorizada,Organismo descentralizado no sectorizado,Activa,64,Entidad verificada · estructura interna no desagregada,Entidades no sectorizadas,0,0,0,0,1,0,1
para-active-065,Comisión Nacional para la Mejora Continua de la Educación,Comisión Nacional para la Mejora Continua ,Poder Ejecutivo,Organismo descentralizado no sectorizado,para-cat-od-no,Organismos descentralizados no sectorizados,4,"Relación de Entidades Paraestatales APF, DOF 12-08-2026",REL_PARA_2026,Relación de las Entidades Paraestatales de la Administración Pública Federal,https://dof.gob.mx/nota_detalle.php?codigo=5796062&fecha=12/08/2026,2026-08-12,Sí,Entidad incluida en la relación anual oficial 2026.,,,,,2026-09-28,,,,,,Federal,Federal,No sectorizada,Organismo descentralizado no sectorizado,Activa,65,Entidad verificada · estructura interna no desagregada,Entidades no sectorizadas,0,0,0,0,1,0,1
para-active-066,Instituto del Fondo Nacional de la Vivienda para los Trabajadores,Instituto del Fondo Nacional de la Viviend,Poder Ejecutivo,Organismo descentralizado no sectorizado,para-cat-od-no,Organismos descentralizados no sectorizados,4,"Relación de Entidades Paraestatales APF, DOF 12-08-2026",REL_PARA_2026,Relación de las Entidades Paraestatales de la Administración Pública Federal,https://dof.gob.mx/nota_detalle.php?codigo=5796062&fecha=12/08/2026,2026-08-12,Sí,Entidad incluida en la relación anual oficial 2026.,,,,,2026-09-28,,,,,,Federal,Federal,No sectorizada,Organismo descentralizado no sectorizado,Activa,66,Entidad verificada · estructura interna no desagregada,Entidades no sectorizadas,0,0,0,0,1,0,1
para-active-067,Instituto de Seguridad y Servicios Sociales de los Trabajadores del Estado,Instituto de Seguridad y Servicios Sociale,Poder Ejecutivo,Organismo descentralizado no sectorizado,para-cat-od-no,Organismos descentralizados no sectorizados,4,"Relación de Entidades Paraestatales APF, DOF 12-08-2026",REL_PARA_2026,Relación de las Entidades Paraestatales de la Administración Pública Federal,https://dof.gob.mx/nota_detalle.php?codigo=5796062&fecha=12/08/2026,2026-08-12,Sí,Entidad incluida en la relación anual oficial 2026.,,,,,2026-09-28,,,,,,Federal,Federal,No sectorizada,Organismo descentralizado no sectorizado,Activa,67,Entidad verificada · estructura interna no desagregada,Entidades no sectorizadas,0,0,0,0,1,0,1
para-active-068,Instituto Mexicano de la Radio,Instituto Mexicano de la Radio,Poder Ejecutivo,Organismo descentralizado no sectorizado,para-cat-od-no,Organismos descentralizados no sectorizados,4,"Relación de Entidades Paraestatales APF, DOF 12-08-2026",REL_PARA_2026,Relación de las Entidades Paraestatales de la Administración Pública Federal,https://dof.gob.mx/nota_detalle.php?codigo=5796062&fecha=12/08/2026,2026-08-12,Sí,Entidad incluida en la relación anual oficial 2026.,,,,,2026-09-28,,,,,,Federal,Federal,No sectorizada,Organismo descentralizado no sectorizado,Activa,68,Entidad verificada · estructura interna no desagregada,Entidades no sectorizadas,0,0,0,0,1,0,1
para-active-069,Instituto Mexicano del Seguro Social,Instituto Mexicano del Seguro Social,Poder Ejecutivo,Organismo descentralizado no sectorizado,para-cat-od-no,Organismos descentralizados no sectorizados,4,"Relación de Entidades Paraestatales APF, DOF 12-08-2026",REL_PARA_2026,Relación de las Entidades Paraestatales de la Administración Pública Federal,https://dof.gob.mx/nota_detalle.php?codigo=5796062&fecha=12/08/2026,2026-08-12,Sí,Entidad incluida en la relación anual oficial 2026.,,,,,2026-09-28,,,,,,Federal,Federal,No sectorizada,Organismo descentralizado no sectorizado,Activa,69,Entidad verificada · estructura interna no desagregada,Entidades no sectorizadas,0,0,0,0,1,0,1
para-active-070,Instituto Nacional de los Pueblos Indígenas,Instituto Nacional de los Pueblos Indígena,Poder Ejecutivo,Organismo descentralizado no sectorizado,para-cat-od-no,Organismos descentralizados no sectorizados,4,"Relación de Entidades Paraestatales APF, DOF 12-08-2026",REL_PARA_2026,Relación de las Entidades Paraestatales de la Administración Pública Federal,https://dof.gob.mx/nota_detalle.php?codigo=5796062&fecha=12/08/2026,2026-08-12,Sí,Entidad incluida en la relación anual oficial 2026.,,,,,2026-09-28,,,,,,Federal,Federal,No sectorizada,Organismo descentralizado no sectorizado,Activa,70,Entidad verificada · estructura interna no desagregada,Entidades no sectorizadas,0,0,0,0,1,0,1
para-active-071,Procuraduría de la Defensa del Contribuyente,Procuraduría de la Defensa del Contribuyen,Poder Ejecutivo,Organismo descentralizado no sectorizado,para-cat-od-no,Organismos descentralizados no sectorizados,4,"Relación de Entidades Paraestatales APF, DOF 12-08-2026",REL_PARA_2026,Relación de las Entidades Paraestatales de la Administración Pública Federal,https://dof.gob.mx/nota_detalle.php?codigo=5796062&fecha=12/08/2026,2026-08-12,Sí,Entidad incluida en la relación anual oficial 2026.,,,,,2026-09-28,,,,,,Federal,Federal,No sectorizada,Organismo descentralizado no sectorizado,Activa,71,Entidad verificada · estructura interna no desagregada,Entidades no sectorizadas,0,0,0,0,1,0,1
para-active-072,Secretaría Ejecutiva del Sistema Nacional Anticorrupción,Secretaría Ejecutiva del Sistema Nacional ,Poder Ejecutivo,Organismo descentralizado no sectorizado,para-cat-od-no,Organismos descentralizados no sectorizados,4,"Relación de Entidades Paraestatales APF, DOF 12-08-2026",REL_PARA_2026,Relación de las Entidades Paraestatales de la Administración Pública Federal,https://dof.gob.mx/nota_detalle.php?codigo=5796062&fecha=12/08/2026,2026-08-12,Sí,Entidad incluida en la relación anual oficial 2026.,,,,,2026-09-28,,,,,,Federal,Federal,No sectorizada,Organismo descentralizado no sectorizado,Activa,72,Entidad verificada · estructura interna no desagregada,Entidades no sectorizadas,0,0,0,0,1,0,1
para-active-073,Servicios de Salud del Instituto Mexicano del Seguro Social para el Bienestar (IMSS-BIENESTAR),Servicios de Salud del Instituto Mexicano ,Poder Ejecutivo,Organismo descentralizado no sectorizado,para-cat-od-no,Organismos descentralizados no sectorizados,4,"Relación de Entidades Paraestatales APF, DOF 12-08-2026",REL_PARA_2026,Relación de las Entidades Paraestatales de la Administración Pública Federal,https://dof.gob.mx/nota_detalle.php?codigo=5796062&fecha=12/08/2026,2026-08-12,Sí,Entidad incluida en la relación anual oficial 2026.,,,,,2026-09-28,,,,,,Federal,Federal,No sectorizada,Organismo descentralizado no sectorizado,Activa,73,Entidad verificada · estructura interna no desagregada,Entidades no sectorizadas,0,0,0,0,1,0,1
para-active-074,Sistema Público de Radiodifusión del Estado Mexicano,Sistema Público de Radiodifusión del Estad,Poder Ejecutivo,Organismo descentralizado no sectorizado,para-cat-od-no,Organismos descentralizados no sectorizados,4,"Relación de Entidades Paraestatales APF, DOF 12-08-2026",REL_PARA_2026,Relación de las Entidades Paraestatales de la Administración Pública Federal,https://dof.gob.mx/nota_detalle.php?codigo=5796062&fecha=12/08/2026,2026-08-12,Sí,Entidad incluida en la relación anual oficial 2026.,,,,,2026-09-28,,,,,,Federal,Federal,No sectorizada,Organismo descentralizado no sectorizado,Activa,74,Entidad verificada · estructura interna no desagregada,Entidades no sectorizadas,0,0,0,0,1,0,1
para-active-075,"Hospital Infantil de México ""Federico Gómez""","Hospital Infantil de México ""Federico Góme",Poder Ejecutivo,Organismo descentralizado considerado Instituto Nacional de Salud,para-cat-insalud,Institutos Nacionales de Salud,4,"Relación de Entidades Paraestatales APF, DOF 12-08-2026",REL_PARA_2026,Relación de las Entidades Paraestatales de la Administración Pública Federal,https://dof.gob.mx/nota_detalle.php?codigo=5796062&fecha=12/08/2026,2026-08-12,Sí,Entidad incluida en la relación anual oficial 2026.,,,,,2026-09-28,,,,,,Federal,Federal,Secretaría de Salud,Organismo descentralizado considerado Instituto Nacional de Salud,Activa,75,Entidad verificada · estructura interna no desagregada,Salud,0,0,0,0,1,0,2
para-active-076,Instituto Nacional de Cancerología,Instituto Nacional de Cancerología,Poder Ejecutivo,Organismo descentralizado considerado Instituto Nacional de Salud,para-cat-insalud,Institutos Nacionales de Salud,4,"Relación de Entidades Paraestatales APF, DOF 12-08-2026",REL_PARA_2026,Relación de las Entidades Paraestatales de la Administración Pública Federal,https://dof.gob.mx/nota_detalle.php?codigo=5796062&fecha=12/08/2026,2026-08-12,Sí,Entidad incluida en la relación anual oficial 2026.,,,,,2026-09-28,,,,,,Federal,Federal,Secretaría de Salud,Organismo descentralizado considerado Instituto Nacional de Salud,Activa,76,Entidad verificada · estructura interna no desagregada,Salud,0,0,0,0,1,0,2
para-active-077,"Instituto Nacional de Cardiología ""Ignacio Chávez""","Instituto Nacional de Cardiología ""Ignacio",Poder Ejecutivo,Organismo descentralizado considerado Instituto Nacional de Salud,para-cat-insalud,Institutos Nacionales de Salud,4,"Relación de Entidades Paraestatales APF, DOF 12-08-2026",REL_PARA_2026,Relación de las Entidades Paraestatales de la Administración Pública Federal,https://dof.gob.mx/nota_detalle.php?codigo=5796062&fecha=12/08/2026,2026-08-12,Sí,Entidad incluida en la relación anual oficial 2026.,,,,,2026-09-28,,,,,,Federal,Federal,Secretaría de Salud,Organismo descentralizado considerado Instituto Nacional de Salud,Activa,77,Entidad verificada · estructura interna no desagregada,Salud,0,0,0,0,1,0,2
para-active-078,"Instituto Nacional de Ciencias Médicas y Nutrición ""Salvador Zubirán""",Instituto Nacional de Ciencias Médicas y N,Poder Ejecutivo,Organismo descentralizado considerado Instituto Nacional de Salud,para-cat-insalud,Institutos Nacionales de Salud,4,"Relación de Entidades Paraestatales APF, DOF 12-08-2026",REL_PARA_2026,Relación de las Entidades Paraestatales de la Administración Pública Federal,https://dof.gob.mx/nota_detalle.php?codigo=5796062&fecha=12/08/2026,2026-08-12,Sí,Entidad incluida en la relación anual oficial 2026.,,,,,2026-09-28,,,,,,Federal,Federal,Secretaría de Salud,Organismo descentralizado considerado Instituto Nacional de Salud,Activa,78,Entidad verificada · estructura interna no desagregada,Salud,0,0,0,0,1,0,2
para-active-079,"Instituto Nacional de Enfermedades Respiratorias ""Ismael Cosío Villegas""",Instituto Nacional de Enfermedades Respira,Poder Ejecutivo,Organismo descentralizado considerado Instituto Nacional de Salud,para-cat-insalud,Institutos Nacionales de Salud,4,"Relación de Entidades Paraestatales APF, DOF 12-08-2026",REL_PARA_2026,Relación de las Entidades Paraestatales de la Administración Pública Federal,https://dof.gob.mx/nota_detalle.php?codigo=5796062&fecha=12/08/2026,2026-08-12,Sí,Entidad incluida en la relación anual oficial 2026.,,,,,2026-09-28,,,,,,Federal,Federal,Secretaría de Salud,Organismo descentralizado considerado Instituto Nacional de Salud,Activa,79,Entidad verificada · estructura interna no desagregada,Salud,0,0,0,0,1,0,2
para-active-080,Instituto Nacional de Geriatría,Instituto Nacional de Geriatría,Poder Ejecutivo,Organismo descentralizado considerado Instituto Nacional de Salud,para-cat-insalud,Institutos Nacionales de Salud,4,"Relación de Entidades Paraestatales APF, DOF 12-08-2026",REL_PARA_2026,Relación de las Entidades Paraestatales de la Administración Pública Federal,https://dof.gob.mx/nota_detalle.php?codigo=5796062&fecha=12/08/2026,2026-08-12,Sí,Entidad incluida en la relación anual oficial 2026.,,,,,2026-09-28,,,,,,Federal,Federal,Secretaría de Salud,Organismo descentralizado considerado Instituto Nacional de Salud,Activa,80,Entidad verificada · estructura interna no desagregada,Salud,0,0,0,0,1,0,2
para-active-081,Instituto Nacional de Medicina Genómica,Instituto Nacional de Medicina Genómica,Poder Ejecutivo,Organismo descentralizado considerado Instituto Nacional de Salud,para-cat-insalud,Institutos Nacionales de Salud,4,"Relación de Entidades Paraestatales APF, DOF 12-08-2026",REL_PARA_2026,Relación de las Entidades Paraestatales de la Administración Pública Federal,https://dof.gob.mx/nota_detalle.php?codigo=5796062&fecha=12/08/2026,2026-08-12,Sí,Entidad incluida en la relación anual oficial 2026.,,,,,2026-09-28,,,,,,Federal,Federal,Secretaría de Salud,Organismo descentralizado considerado Instituto Nacional de Salud,Activa,81,Entidad verificada · estructura interna no desagregada,Salud,0,0,0,0,1,0,2
para-active-082,"Instituto Nacional de Neurología y Neurocirugía ""Manuel Velasco Suárez""",Instituto Nacional de Neurología y Neuroci,Poder Ejecutivo,Organismo descentralizado considerado Instituto Nacional de Salud,para-cat-insalud,Institutos Nacionales de Salud,4,"Relación de Entidades Paraestatales APF, DOF 12-08-2026",REL_PARA_2026,Relación de las Entidades Paraestatales de la Administración Pública Federal,https://dof.gob.mx/nota_detalle.php?codigo=5796062&fecha=12/08/2026,2026-08-12,Sí,Entidad incluida en la relación anual oficial 2026.,,,,,2026-09-28,,,,,,Federal,Federal,Secretaría de Salud,Organismo descentralizado considerado Instituto Nacional de Salud,Activa,82,Entidad verificada · estructura interna no desagregada,Salud,0,0,0,0,1,0,2
para-active-083,Instituto Nacional de Pediatría,Instituto Nacional de Pediatría,Poder Ejecutivo,Organismo descentralizado considerado Instituto Nacional de Salud,para-cat-insalud,Institutos Nacionales de Salud,4,"Relación de Entidades Paraestatales APF, DOF 12-08-2026",REL_PARA_2026,Relación de las Entidades Paraestatales de la Administración Pública Federal,https://dof.gob.mx/nota_detalle.php?codigo=5796062&fecha=12/08/2026,2026-08-12,Sí,Entidad incluida en la relación anual oficial 2026.,,,,,2026-09-28,,,,,,Federal,Federal,Secretaría de Salud,Organismo descentralizado considerado Instituto Nacional de Salud,Activa,83,Entidad verificada · estructura interna no desagregada,Salud,0,0,0,0,1,0,2
para-active-084,"Instituto Nacional de Perinatología ""Isidro Espinosa de los Reyes""","Instituto Nacional de Perinatología ""Isidr",Poder Ejecutivo,Organismo descentralizado considerado Instituto Nacional de Salud,para-cat-insalud,Institutos Nacionales de Salud,4,"Relación de Entidades Paraestatales APF, DOF 12-08-2026",REL_PARA_2026,Relación de las Entidades Paraestatales de la Administración Pública Federal,https://dof.gob.mx/nota_detalle.php?codigo=5796062&fecha=12/08/2026,2026-08-12,Sí,Entidad incluida en la relación anual oficial 2026.,,,,,2026-09-28,,,,,,Federal,Federal,Secretaría de Salud,Organismo descentralizado considerado Instituto Nacional de Salud,Activa,84,Entidad verificada · estructura interna no desagregada,Salud,0,0,0,0,1,0,2
para-active-085,"Instituto Nacional de Psiquiatría ""Ramón de la Fuente Muñiz""","Instituto Nacional de Psiquiatría ""Ramón d",Poder Ejecutivo,Organismo descentralizado considerado Instituto Nacional de Salud,para-cat-insalud,Institutos Nacionales de Salud,4,"Relación de Entidades Paraestatales APF, DOF 12-08-2026",REL_PARA_2026,Relación de las Entidades Paraestatales de la Administración Pública Federal,https://dof.gob.mx/nota_detalle.php?codigo=5796062&fecha=12/08/2026,2026-08-12,Sí,Entidad incluida en la relación anual oficial 2026.,,,,,2026-09-28,,,,,,Federal,Federal,Secretaría de Salud,Organismo descentralizado considerado Instituto Nacional de Salud,Activa,85,Entidad verificada · estructura interna no desagregada,Salud,0,0,0,0,1,0,2
para-active-086,"Instituto Nacional de Rehabilitación ""Luis Guillermo Ibarra Ibarra""","Instituto Nacional de Rehabilitación ""Luis",Poder Ejecutivo,Organismo descentralizado considerado Instituto Nacional de Salud,para-cat-insalud,Institutos Nacionales de Salud,4,"Relación de Entidades Paraestatales APF, DOF 12-08-2026",REL_PARA_2026,Relación de las Entidades Paraestatales de la Administración Pública Federal,https://dof.gob.mx/nota_detalle.php?codigo=5796062&fecha=12/08/2026,2026-08-12,Sí,Entidad incluida en la relación anual oficial 2026.,,,,,2026-09-28,,,,,,Federal,Federal,Secretaría de Salud,Organismo descentralizado considerado Instituto Nacional de Salud,Activa,86,Entidad verificada · estructura interna no desagregada,Salud,0,0,0,0,1,0,2
para-active-087,Instituto Nacional de Salud Pública,Instituto Nacional de Salud Pública,Poder Ejecutivo,Organismo descentralizado considerado Instituto Nacional de Salud,para-cat-insalud,Institutos Nacionales de Salud,4,"Relación de Entidades Paraestatales APF, DOF 12-08-2026",REL_PARA_2026,Relación de las Entidades Paraestatales de la Administración Pública Federal,https://dof.gob.mx/nota_detalle.php?codigo=5796062&fecha=12/08/2026,2026-08-12,Sí,Entidad incluida en la relación anual oficial 2026.,,,,,2026-09-28,,,,,,Federal,Federal,Secretaría de Salud,Organismo descentralizado considerado Instituto Nacional de Salud,Activa,87,Entidad verificada · estructura interna no desagregada,Salud,0,0,0,0,1,0,2
para-active-088,Instituto Mexicano de Tecnología del Agua,Instituto Mexicano de Tecnología del Agua,Poder Ejecutivo,Organismo descentralizado considerado Centro Público de Investigación,para-cat-cpi-od,Organismos descentralizados considerados Centros Públicos de Investigación,4,"Relación de Entidades Paraestatales APF, DOF 12-08-2026",REL_PARA_2026,Relación de las Entidades Paraestatales de la Administración Pública Federal,https://dof.gob.mx/nota_detalle.php?codigo=5796062&fecha=12/08/2026,2026-08-12,Sí,Entidad incluida en la relación anual oficial 2026.,,,,,2026-09-28,,,,,,Federal,Federal,Secretaría de Medio Ambiente y Recursos Naturales,Organismo descentralizado considerado Centro Público de Investigación,Activa,88,Entidad verificada · estructura interna no desagregada,"Ambiente, energía y recursos",0,0,0,0,1,0,2
para-active-089,Instituto Mexicano del Petróleo,Instituto Mexicano del Petróleo,Poder Ejecutivo,Organismo descentralizado considerado Centro Público de Investigación,para-cat-cpi-od,Organismos descentralizados considerados Centros Públicos de Investigación,4,"Relación de Entidades Paraestatales APF, DOF 12-08-2026",REL_PARA_2026,Relación de las Entidades Paraestatales de la Administración Pública Federal,https://dof.gob.mx/nota_detalle.php?codigo=5796062&fecha=12/08/2026,2026-08-12,Sí,Entidad incluida en la relación anual oficial 2026.,,,,,2026-09-28,,,,,,Federal,Federal,Secretaría de Energía,Organismo descentralizado considerado Centro Público de Investigación,Activa,89,Entidad verificada · estructura interna no desagregada,"Ambiente, energía y recursos",0,0,0,0,1,0,2
para-active-090,Instituto Nacional de Electricidad y Energías Limpias,Instituto Nacional de Electricidad y Energ,Poder Ejecutivo,Organismo descentralizado considerado Centro Público de Investigación,para-cat-cpi-od,Organismos descentralizados considerados Centros Públicos de Investigación,4,"Relación de Entidades Paraestatales APF, DOF 12-08-2026",REL_PARA_2026,Relación de las Entidades Paraestatales de la Administración Pública Federal,https://dof.gob.mx/nota_detalle.php?codigo=5796062&fecha=12/08/2026,2026-08-12,Sí,Entidad incluida en la relación anual oficial 2026.,,,,,2026-09-28,,,,,,Federal,Federal,Secretaría de Energía,Organismo descentralizado considerado Centro Público de Investigación,Activa,90,Entidad verificada · estructura interna no desagregada,"Ambiente, energía y recursos",0,0,0,0,1,0,2
para-active-091,Colegio de Postgraduados,Colegio de Postgraduados,Poder Ejecutivo,Organismo descentralizado considerado Centro Público de Investigación,para-cat-cpi-od,Organismos descentralizados considerados Centros Públicos de Investigación,4,"Relación de Entidades Paraestatales APF, DOF 12-08-2026",REL_PARA_2026,Relación de las Entidades Paraestatales de la Administración Pública Federal,https://dof.gob.mx/nota_detalle.php?codigo=5796062&fecha=12/08/2026,2026-08-12,Sí,Entidad incluida en la relación anual oficial 2026.,,,,,2026-09-28,,,,,,Federal,Federal,Secretaría de Agricultura y Desarrollo Rural,Organismo descentralizado considerado Centro Público de Investigación,Activa,91,Entidad verificada · estructura interna no desagregada,"Ambiente, energía y recursos",0,0,0,0,1,0,2
para-active-092,"Instituto Nacional de Investigaciones Forestales, Agrícolas y Pecuarias",Instituto Nacional de Investigaciones Fore,Poder Ejecutivo,Organismo descentralizado considerado Centro Público de Investigación,para-cat-cpi-od,Organismos descentralizados considerados Centros Públicos de Investigación,4,"Relación de Entidades Paraestatales APF, DOF 12-08-2026",REL_PARA_2026,Relación de las Entidades Paraestatales de la Administración Pública Federal,https://dof.gob.mx/nota_detalle.php?codigo=5796062&fecha=12/08/2026,2026-08-12,Sí,Entidad incluida en la relación anual oficial 2026.,,,,,2026-09-28,,,,,,Federal,Federal,Secretaría de Agricultura y Desarrollo Rural,Organismo descentralizado considerado Centro Público de Investigación,Activa,92,Entidad verificada · estructura interna no desagregada,"Ambiente, energía y recursos",0,0,0,0,1,0,2
para-active-093,Centro de Ingeniería y Desarrollo Industrial,Centro de Ingeniería y Desarrollo Industri,Poder Ejecutivo,Organismo descentralizado considerado Centro Público de Investigación,para-cat-cpi-od,Organismos descentralizados considerados Centros Públicos de Investigación,4,"Relación de Entidades Paraestatales APF, DOF 12-08-2026",REL_PARA_2026,Relación de las Entidades Paraestatales de la Administración Pública Federal,https://dof.gob.mx/nota_detalle.php?codigo=5796062&fecha=12/08/2026,2026-08-12,Sí,Entidad incluida en la relación anual oficial 2026.,,,,,2026-09-28,,,,,,Federal,Federal,"Secretaría de Ciencia, Humanidades, Tecnología e Innovación",Organismo descentralizado considerado Centro Público de Investigación,Activa,93,Entidad verificada · estructura interna no desagregada,"Educación, ciencia y cultura",0,0,0,0,1,0,2
para-active-094,"Centro de Investigación Científica y de Educación Superior de Ensenada, Baja California",Centro de Investigación Científica y de Ed,Poder Ejecutivo,Organismo descentralizado considerado Centro Público de Investigación,para-cat-cpi-od,Organismos descentralizados considerados Centros Públicos de Investigación,4,"Relación de Entidades Paraestatales APF, DOF 12-08-2026",REL_PARA_2026,Relación de las Entidades Paraestatales de la Administración Pública Federal,https://dof.gob.mx/nota_detalle.php?codigo=5796062&fecha=12/08/2026,2026-08-12,Sí,Entidad incluida en la relación anual oficial 2026.,,,,,2026-09-28,,,,,,Federal,Federal,"Secretaría de Ciencia, Humanidades, Tecnología e Innovación",Organismo descentralizado considerado Centro Público de Investigación,Activa,94,Entidad verificada · estructura interna no desagregada,"Educación, ciencia y cultura",0,0,0,0,1,0,2
para-active-095,Centro de Investigación en Química Aplicada,Centro de Investigación en Química Aplicad,Poder Ejecutivo,Organismo descentralizado considerado Centro Público de Investigación,para-cat-cpi-od,Organismos descentralizados considerados Centros Públicos de Investigación,4,"Relación de Entidades Paraestatales APF, DOF 12-08-2026",REL_PARA_2026,Relación de las Entidades Paraestatales de la Administración Pública Federal,https://dof.gob.mx/nota_detalle.php?codigo=5796062&fecha=12/08/2026,2026-08-12,Sí,Entidad incluida en la relación anual oficial 2026.,,,,,2026-09-28,,,,,,Federal,Federal,"Secretaría de Ciencia, Humanidades, Tecnología e Innovación",Organismo descentralizado considerado Centro Público de Investigación,Activa,95,Entidad verificada · estructura interna no desagregada,"Educación, ciencia y cultura",0,0,0,0,1,0,2
para-active-096,Centro de Investigaciones y Estudios Superiores en Antropología Social,Centro de Investigaciones y Estudios Super,Poder Ejecutivo,Organismo descentralizado considerado Centro Público de Investigación,para-cat-cpi-od,Organismos descentralizados considerados Centros Públicos de Investigación,4,"Relación de Entidades Paraestatales APF, DOF 12-08-2026",REL_PARA_2026,Relación de las Entidades Paraestatales de la Administración Pública Federal,https://dof.gob.mx/nota_detalle.php?codigo=5796062&fecha=12/08/2026,2026-08-12,Sí,Entidad incluida en la relación anual oficial 2026.,,,,,2026-09-28,,,,,,Federal,Federal,"Secretaría de Ciencia, Humanidades, Tecnología e Innovación",Organismo descentralizado considerado Centro Público de Investigación,Activa,96,Entidad verificada · estructura interna no desagregada,"Educación, ciencia y cultura",0,0,0,0,1,0,2
para-active-097,El Colegio de la Frontera Sur,El Colegio de la Frontera Sur,Poder Ejecutivo,Organismo descentralizado considerado Centro Público de Investigación,para-cat-cpi-od,Organismos descentralizados considerados Centros Públicos de Investigación,4,"Relación de Entidades Paraestatales APF, DOF 12-08-2026",REL_PARA_2026,Relación de las Entidades Paraestatales de la Administración Pública Federal,https://dof.gob.mx/nota_detalle.php?codigo=5796062&fecha=12/08/2026,2026-08-12,Sí,Entidad incluida en la relación anual oficial 2026.,,,,,2026-09-28,,,,,,Federal,Federal,"Secretaría de Ciencia, Humanidades, Tecnología e Innovación",Organismo descentralizado considerado Centro Público de Investigación,Activa,97,Entidad verificada · estructura interna no desagregada,"Educación, ciencia y cultura",0,0,0,0,1,0,2
para-active-098,"Instituto de Investigaciones ""Dr. José María Luis Mora""","Instituto de Investigaciones ""Dr. José Mar",Poder Ejecutivo,Organismo descentralizado considerado Centro Público de Investigación,para-cat-cpi-od,Organismos descentralizados considerados Centros Públicos de Investigación,4,"Relación de Entidades Paraestatales APF, DOF 12-08-2026",REL_PARA_2026,Relación de las Entidades Paraestatales de la Administración Pública Federal,https://dof.gob.mx/nota_detalle.php?codigo=5796062&fecha=12/08/2026,2026-08-12,Sí,Entidad incluida en la relación anual oficial 2026.,,,,,2026-09-28,,,,,,Federal,Federal,"Secretaría de Ciencia, Humanidades, Tecnología e Innovación",Organismo descentralizado considerado Centro Público de Investigación,Activa,98,Entidad verificada · estructura interna no desagregada,"Educación, ciencia y cultura",0,0,0,0,1,0,2
para-active-099,"Instituto Nacional de Astrofísica, Óptica y Electrónica","Instituto Nacional de Astrofísica, Óptica ",Poder Ejecutivo,Organismo descentralizado considerado Centro Público de Investigación,para-cat-cpi-od,Organismos descentralizados considerados Centros Públicos de Investigación,4,"Relación de Entidades Paraestatales APF, DOF 12-08-2026",REL_PARA_2026,Relación de las Entidades Paraestatales de la Administración Pública Federal,https://dof.gob.mx/nota_detalle.php?codigo=5796062&fecha=12/08/2026,2026-08-12,Sí,Entidad incluida en la relación anual oficial 2026.,,,,,2026-09-28,,,,,,Federal,Federal,"Secretaría de Ciencia, Humanidades, Tecnología e Innovación",Organismo descentralizado considerado Centro Público de Investigación,Activa,99,Entidad verificada · estructura interna no desagregada,"Educación, ciencia y cultura",0,0,0,0,1,0,2
para-active-100,"Aeropuerto Internacional Felipe Ángeles, S.A. de C.V.","Aeropuerto Internacional Felipe Ángeles, S",Poder Ejecutivo,Empresa de participación estatal mayoritaria,para-cat-epem,Empresas de participación estatal mayoritaria,4,"Relación de Entidades Paraestatales APF, DOF 12-08-2026",REL_PARA_2026,Relación de las Entidades Paraestatales de la Administración Pública Federal,https://dof.gob.mx/nota_detalle.php?codigo=5796062&fecha=12/08/2026,2026-08-12,Sí,Entidad incluida en la relación anual oficial 2026.,,,,,2026-09-28,,,,,,Federal,Federal,Secretaría de la Defensa Nacional,Empresa de participación estatal mayoritaria,Activa,100,Entidad verificada · estructura interna no desagregada,Seguridad y defensa,0,0,0,0,1,0,2
para-active-101,"Grupo Aeroportuario, Ferroviario, de Servicios Auxiliares y Conexos, Olmeca-Maya-Mexica, S.A. de C.V.","Grupo Aeroportuario, Ferroviario, de Servi",Poder Ejecutivo,Empresa de participación estatal mayoritaria,para-cat-epem,Empresas de participación estatal mayoritaria,4,"Relación de Entidades Paraestatales APF, DOF 12-08-2026",REL_PARA_2026,Relación de las Entidades Paraestatales de la Administración Pública Federal,https://dof.gob.mx/nota_detalle.php?codigo=5796062&fecha=12/08/2026,2026-08-12,Sí,Entidad incluida en la relación anual oficial 2026.,,,,,2026-09-28,,,,,,Federal,Federal,Secretaría de la Defensa Nacional,Empresa de participación estatal mayoritaria,Activa,101,Entidad verificada · estructura interna no desagregada,Seguridad y defensa,0,0,0,0,1,0,2
para-active-102,"Tren Maya, S.A. de C.V.","Tren Maya, S.A. de C.V.",Poder Ejecutivo,Empresa de participación estatal mayoritaria,para-cat-epem,Empresas de participación estatal mayoritaria,4,"Relación de Entidades Paraestatales APF, DOF 12-08-2026",REL_PARA_2026,Relación de las Entidades Paraestatales de la Administración Pública Federal,https://dof.gob.mx/nota_detalle.php?codigo=5796062&fecha=12/08/2026,2026-08-12,Sí,Entidad incluida en la relación anual oficial 2026.,,,,,2026-09-28,,,,,,Federal,Federal,Secretaría de la Defensa Nacional,Empresa de participación estatal mayoritaria,Activa,102,Entidad verificada · estructura interna no desagregada,Seguridad y defensa,0,0,0,0,1,0,2
para-active-103,"Administración del Sistema Portuario Nacional Acapulco, S.A. de C.V.",Administración del Sistema Portuario Nacio,Poder Ejecutivo,Empresa de participación estatal mayoritaria,para-cat-epem,Empresas de participación estatal mayoritaria,4,"Relación de Entidades Paraestatales APF, DOF 12-08-2026",REL_PARA_2026,Relación de las Entidades Paraestatales de la Administración Pública Federal,https://dof.gob.mx/nota_detalle.php?codigo=5796062&fecha=12/08/2026,2026-08-12,Sí,Entidad incluida en la relación anual oficial 2026.,,,,,2026-09-28,,,,,,Federal,Federal,Secretaría de Marina,Empresa de participación estatal mayoritaria,Activa,103,Entidad verificada · estructura interna no desagregada,Seguridad y defensa,0,0,0,0,1,0,2
para-active-104,"Administración del Sistema Portuario Nacional Altamira, S.A. de C.V.",Administración del Sistema Portuario Nacio,Poder Ejecutivo,Empresa de participación estatal mayoritaria,para-cat-epem,Empresas de participación estatal mayoritaria,4,"Relación de Entidades Paraestatales APF, DOF 12-08-2026",REL_PARA_2026,Relación de las Entidades Paraestatales de la Administración Pública Federal,https://dof.gob.mx/nota_detalle.php?codigo=5796062&fecha=12/08/2026,2026-08-12,Sí,Entidad incluida en la relación anual oficial 2026.,,,,,2026-09-28,,,,,,Federal,Federal,Secretaría de Marina,Empresa de participación estatal mayoritaria,Activa,104,Entidad verificada · estructura interna no desagregada,Seguridad y defensa,0,0,0,0,1,0,2
para-active-105,"Administración del Sistema Portuario Nacional Cabo San Lucas, S.A. de C.V.",Administración del Sistema Portuario Nacio,Poder Ejecutivo,Empresa de participación estatal mayoritaria,para-cat-epem,Empresas de participación estatal mayoritaria,4,"Relación de Entidades Paraestatales APF, DOF 12-08-2026",REL_PARA_2026,Relación de las Entidades Paraestatales de la Administración Pública Federal,https://dof.gob.mx/nota_detalle.php?codigo=5796062&fecha=12/08/2026,2026-08-12,Sí,Entidad incluida en la relación anual oficial 2026.,,,,,2026-09-28,,,,,,Federal,Federal,Secretaría de Marina,Empresa de participación estatal mayoritaria,Activa,105,Entidad verificada · estructura interna no desagregada,Seguridad y defensa,0,0,0,0,1,0,2
para-active-106,"Administración del Sistema Portuario Nacional Coatzacoalcos, S.A. de C.V.",Administración del Sistema Portuario Nacio,Poder Ejecutivo,Empresa de participación estatal mayoritaria,para-cat-epem,Empresas de participación estatal mayoritaria,4,"Relación de Entidades Paraestatales APF, DOF 12-08-2026",REL_PARA_2026,Relación de las Entidades Paraestatales de la Administración Pública Federal,https://dof.gob.mx/nota_detalle.php?codigo=5796062&fecha=12/08/2026,2026-08-12,Sí,Entidad incluida en la relación anual oficial 2026.,,,,,2026-09-28,,,,,,Federal,Federal,Secretaría de Marina,Empresa de participación estatal mayoritaria,Activa,106,Entidad verificada · estructura interna no desagregada,Seguridad y defensa,0,0,0,0,1,0,2
para-active-107,"Administración del Sistema Portuario Nacional Dos Bocas, S.A. de C.V.",Administración del Sistema Portuario Nacio,Poder Ejecutivo,Empresa de participación estatal mayoritaria,para-cat-epem,Empresas de participación estatal mayoritaria,4,"Relación de Entidades Paraestatales APF, DOF 12-08-2026",REL_PARA_2026,Relación de las Entidades Paraestatales de la Administración Pública Federal,https://dof.gob.mx/nota_detalle.php?codigo=5796062&fecha=12/08/2026,2026-08-12,Sí,Entidad incluida en la relación anual oficial 2026.,,,,,2026-09-28,,,,,,Federal,Federal,Secretaría de Marina,Empresa de participación estatal mayoritaria,Activa,107,Entidad verificada · estructura interna no desagregada,Seguridad y defensa,0,0,0,0,1,0,2
para-active-108,"Administración del Sistema Portuario Nacional Ensenada, S.A. de C.V.",Administración del Sistema Portuario Nacio,Poder Ejecutivo,Empresa de participación estatal mayoritaria,para-cat-epem,Empresas de participación estatal mayoritaria,4,"Relación de Entidades Paraestatales APF, DOF 12-08-2026",REL_PARA_2026,Relación de las Entidades Paraestatales de la Administración Pública Federal,https://dof.gob.mx/nota_detalle.php?codigo=5796062&fecha=12/08/2026,2026-08-12,Sí,Entidad incluida en la relación anual oficial 2026.,,,,,2026-09-28,,,,,,Federal,Federal,Secretaría de Marina,Empresa de participación estatal mayoritaria,Activa,108,Entidad verificada · estructura interna no desagregada,Seguridad y defensa,0,0,0,0,1,0,2
para-active-109,"Administración del Sistema Portuario Nacional Guaymas, S.A. de C.V.",Administración del Sistema Portuario Nacio,Poder Ejecutivo,Empresa de participación estatal mayoritaria,para-cat-epem,Empresas de participación estatal mayoritaria,4,"Relación de Entidades Paraestatales APF, DOF 12-08-2026",REL_PARA_2026,Relación de las Entidades Paraestatales de la Administración Pública Federal,https://dof.gob.mx/nota_detalle.php?codigo=5796062&fecha=12/08/2026,2026-08-12,Sí,Entidad incluida en la relación anual oficial 2026.,,,,,2026-09-28,,,,,,Federal,Federal,Secretaría de Marina,Empresa de participación estatal mayoritaria,Activa,109,Entidad verificada · estructura interna no desagregada,Seguridad y defensa,0,0,0,0,1,0,2
para-active-110,"Administración del Sistema Portuario Nacional Lázaro Cárdenas, S.A. de C.V.",Administración del Sistema Portuario Nacio,Poder Ejecutivo,Empresa de participación estatal mayoritaria,para-cat-epem,Empresas de participación estatal mayoritaria,4,"Relación de Entidades Paraestatales APF, DOF 12-08-2026",REL_PARA_2026,Relación de las Entidades Paraestatales de la Administración Pública Federal,https://dof.gob.mx/nota_detalle.php?codigo=5796062&fecha=12/08/2026,2026-08-12,Sí,Entidad incluida en la relación anual oficial 2026.,,,,,2026-09-28,,,,,,Federal,Federal,Secretaría de Marina,Empresa de participación estatal mayoritaria,Activa,110,Entidad verificada · estructura interna no desagregada,Seguridad y defensa,0,0,0,0,1,0,2
para-active-111,"Administración del Sistema Portuario Nacional Manzanillo, S.A. de C.V.",Administración del Sistema Portuario Nacio,Poder Ejecutivo,Empresa de participación estatal mayoritaria,para-cat-epem,Empresas de participación estatal mayoritaria,4,"Relación de Entidades Paraestatales APF, DOF 12-08-2026",REL_PARA_2026,Relación de las Entidades Paraestatales de la Administración Pública Federal,https://dof.gob.mx/nota_detalle.php?codigo=5796062&fecha=12/08/2026,2026-08-12,Sí,Entidad incluida en la relación anual oficial 2026.,,,,,2026-09-28,,,,,,Federal,Federal,Secretaría de Marina,Empresa de participación estatal mayoritaria,Activa,111,Entidad verificada · estructura interna no desagregada,Seguridad y defensa,0,0,0,0,1,0,2
para-active-112,"Administración del Sistema Portuario Nacional Mazatlán, S.A. de C.V.",Administración del Sistema Portuario Nacio,Poder Ejecutivo,Empresa de participación estatal mayoritaria,para-cat-epem,Empresas de participación estatal mayoritaria,4,"Relación de Entidades Paraestatales APF, DOF 12-08-2026",REL_PARA_2026,Relación de las Entidades Paraestatales de la Administración Pública Federal,https://dof.gob.mx/nota_detalle.php?codigo=5796062&fecha=12/08/2026,2026-08-12,Sí,Entidad incluida en la relación anual oficial 2026.,,,,,2026-09-28,,,,,,Federal,Federal,Secretaría de Marina,Empresa de participación estatal mayoritaria,Activa,112,Entidad verificada · estructura interna no desagregada,Seguridad y defensa,0,0,0,0,1,0,2
para-active-113,"Administración del Sistema Portuario Nacional Progreso, S.A. de C.V.",Administración del Sistema Portuario Nacio,Poder Ejecutivo,Empresa de participación estatal mayoritaria,para-cat-epem,Empresas de participación estatal mayoritaria,4,"Relación de Entidades Paraestatales APF, DOF 12-08-2026",REL_PARA_2026,Relación de las Entidades Paraestatales de la Administración Pública Federal,https://dof.gob.mx/nota_detalle.php?codigo=5796062&fecha=12/08/2026,2026-08-12,Sí,Entidad incluida en la relación anual oficial 2026.,,,,,2026-09-28,,,,,,Federal,Federal,Secretaría de Marina,Empresa de participación estatal mayoritaria,Activa,113,Entidad verificada · estructura interna no desagregada,Seguridad y defensa,0,0,0,0,1,0,2
para-active-114,"Administración del Sistema Portuario Nacional Puerto Chiapas, S.A. de C.V.",Administración del Sistema Portuario Nacio,Poder Ejecutivo,Empresa de participación estatal mayoritaria,para-cat-epem,Empresas de participación estatal mayoritaria,4,"Relación de Entidades Paraestatales APF, DOF 12-08-2026",REL_PARA_2026,Relación de las Entidades Paraestatales de la Administración Pública Federal,https://dof.gob.mx/nota_detalle.php?codigo=5796062&fecha=12/08/2026,2026-08-12,Sí,Entidad incluida en la relación anual oficial 2026.,,,,,2026-09-28,,,,,,Federal,Federal,Secretaría de Marina,Empresa de participación estatal mayoritaria,Activa,114,Entidad verificada · estructura interna no desagregada,Seguridad y defensa,0,0,0,0,1,0,2
para-active-115,"Administración del Sistema Portuario Nacional Puerto Vallarta, S.A. de C.V.",Administración del Sistema Portuario Nacio,Poder Ejecutivo,Empresa de participación estatal mayoritaria,para-cat-epem,Empresas de participación estatal mayoritaria,4,"Relación de Entidades Paraestatales APF, DOF 12-08-2026",REL_PARA_2026,Relación de las Entidades Paraestatales de la Administración Pública Federal,https://dof.gob.mx/nota_detalle.php?codigo=5796062&fecha=12/08/2026,2026-08-12,Sí,Entidad incluida en la relación anual oficial 2026.,,,,,2026-09-28,,,,,,Federal,Federal,Secretaría de Marina,Empresa de participación estatal mayoritaria,Activa,115,Entidad verificada · estructura interna no desagregada,Seguridad y defensa,0,0,0,0,1,0,2
para-active-116,"Administración del Sistema Portuario Nacional Salina Cruz, S.A. de C.V.",Administración del Sistema Portuario Nacio,Poder Ejecutivo,Empresa de participación estatal mayoritaria,para-cat-epem,Empresas de participación estatal mayoritaria,4,"Relación de Entidades Paraestatales APF, DOF 12-08-2026",REL_PARA_2026,Relación de las Entidades Paraestatales de la Administración Pública Federal,https://dof.gob.mx/nota_detalle.php?codigo=5796062&fecha=12/08/2026,2026-08-12,Sí,Entidad incluida en la relación anual oficial 2026.,,,,,2026-09-28,,,,,,Federal,Federal,Secretaría de Marina,Empresa de participación estatal mayoritaria,Activa,116,Entidad verificada · estructura interna no desagregada,Seguridad y defensa,0,0,0,0,1,0,2
para-active-117,"Administración del Sistema Portuario Nacional Tampico, S.A. de C.V.",Administración del Sistema Portuario Nacio,Poder Ejecutivo,Empresa de participación estatal mayoritaria,para-cat-epem,Empresas de participación estatal mayoritaria,4,"Relación de Entidades Paraestatales APF, DOF 12-08-2026",REL_PARA_2026,Relación de las Entidades Paraestatales de la Administración Pública Federal,https://dof.gob.mx/nota_detalle.php?codigo=5796062&fecha=12/08/2026,2026-08-12,Sí,Entidad incluida en la relación anual oficial 2026.,,,,,2026-09-28,,,,,,Federal,Federal,Secretaría de Marina,Empresa de participación estatal mayoritaria,Activa,117,Entidad verificada · estructura interna no desagregada,Seguridad y defensa,0,0,0,0,1,0,2
para-active-118,"Administración del Sistema Portuario Nacional Topolobampo, S.A. de C.V.",Administración del Sistema Portuario Nacio,Poder Ejecutivo,Empresa de participación estatal mayoritaria,para-cat-epem,Empresas de participación estatal mayoritaria,4,"Relación de Entidades Paraestatales APF, DOF 12-08-2026",REL_PARA_2026,Relación de las Entidades Paraestatales de la Administración Pública Federal,https://dof.gob.mx/nota_detalle.php?codigo=5796062&fecha=12/08/2026,2026-08-12,Sí,Entidad incluida en la relación anual oficial 2026.,,,,,2026-09-28,,,,,,Federal,Federal,Secretaría de Marina,Empresa de participación estatal mayoritaria,Activa,118,Entidad verificada · estructura interna no desagregada,Seguridad y defensa,0,0,0,0,1,0,2
para-active-119,"Administración del Sistema Portuario Nacional Tuxpan, S.A. de C.V.",Administración del Sistema Portuario Nacio,Poder Ejecutivo,Empresa de participación estatal mayoritaria,para-cat-epem,Empresas de participación estatal mayoritaria,4,"Relación de Entidades Paraestatales APF, DOF 12-08-2026",REL_PARA_2026,Relación de las Entidades Paraestatales de la Administración Pública Federal,https://dof.gob.mx/nota_detalle.php?codigo=5796062&fecha=12/08/2026,2026-08-12,Sí,Entidad incluida en la relación anual oficial 2026.,,,,,2026-09-28,,,,,,Federal,Federal,Secretaría de Marina,Empresa de participación estatal mayoritaria,Activa,119,Entidad verificada · estructura interna no desagregada,Seguridad y defensa,0,0,0,0,1,0,2
para-active-120,"Administración del Sistema Portuario Nacional Veracruz, S.A. de C.V.",Administración del Sistema Portuario Nacio,Poder Ejecutivo,Empresa de participación estatal mayoritaria,para-cat-epem,Empresas de participación estatal mayoritaria,4,"Relación de Entidades Paraestatales APF, DOF 12-08-2026",REL_PARA_2026,Relación de las Entidades Paraestatales de la Administración Pública Federal,https://dof.gob.mx/nota_detalle.php?codigo=5796062&fecha=12/08/2026,2026-08-12,Sí,Entidad incluida en la relación anual oficial 2026.,,,,,2026-09-28,,,,,,Federal,Federal,Secretaría de Marina,Empresa de participación estatal mayoritaria,Activa,120,Entidad verificada · estructura interna no desagregada,Seguridad y defensa,0,0,0,0,1,0,2
para-active-121,"Aeropuerto Internacional de la Ciudad de México, S.A. de C.V.",Aeropuerto Internacional de la Ciudad de M,Poder Ejecutivo,Empresa de participación estatal mayoritaria,para-cat-epem,Empresas de participación estatal mayoritaria,4,"Relación de Entidades Paraestatales APF, DOF 12-08-2026",REL_PARA_2026,Relación de las Entidades Paraestatales de la Administración Pública Federal,https://dof.gob.mx/nota_detalle.php?codigo=5796062&fecha=12/08/2026,2026-08-12,Sí,Entidad incluida en la relación anual oficial 2026.,,,,,2026-09-28,,,,,,Federal,Federal,Secretaría de Marina,Empresa de participación estatal mayoritaria,Activa,121,Entidad verificada · estructura interna no desagregada,Seguridad y defensa,0,0,0,0,1,0,2
para-active-122,"Ferrocarril del Istmo de Tehuantepec, S.A. de C.V.","Ferrocarril del Istmo de Tehuantepec, S.A.",Poder Ejecutivo,Empresa de participación estatal mayoritaria,para-cat-epem,Empresas de participación estatal mayoritaria,4,"Relación de Entidades Paraestatales APF, DOF 12-08-2026",REL_PARA_2026,Relación de las Entidades Paraestatales de la Administración Pública Federal,https://dof.gob.mx/nota_detalle.php?codigo=5796062&fecha=12/08/2026,2026-08-12,Sí,Entidad incluida en la relación anual oficial 2026.,,,,,2026-09-28,,,,,,Federal,Federal,Secretaría de Marina,Empresa de participación estatal mayoritaria,Activa,122,Entidad verificada · estructura interna no desagregada,Seguridad y defensa,0,0,0,0,1,0,2
para-active-123,"Turística Integral Islas Marías, S.A. de C.V.","Turística Integral Islas Marías, S.A. de C",Poder Ejecutivo,Empresa de participación estatal mayoritaria,para-cat-epem,Empresas de participación estatal mayoritaria,4,"Relación de Entidades Paraestatales APF, DOF 12-08-2026",REL_PARA_2026,Relación de las Entidades Paraestatales de la Administración Pública Federal,https://dof.gob.mx/nota_detalle.php?codigo=5796062&fecha=12/08/2026,2026-08-12,Sí,Entidad incluida en la relación anual oficial 2026.,,,,,2026-09-28,,,,,,Federal,Federal,Secretaría de Marina,Empresa de participación estatal mayoritaria,Activa,123,Entidad verificada · estructura interna no desagregada,Seguridad y defensa,0,0,0,0,1,0,2
para-active-124,"Exportadora de Sal, S.A. de C.V.","Exportadora de Sal, S.A. de C.V.",Poder Ejecutivo,Empresa de participación estatal mayoritaria,para-cat-epem,Empresas de participación estatal mayoritaria,4,"Relación de Entidades Paraestatales APF, DOF 12-08-2026",REL_PARA_2026,Relación de las Entidades Paraestatales de la Administración Pública Federal,https://dof.gob.mx/nota_detalle.php?codigo=5796062&fecha=12/08/2026,2026-08-12,Sí,Entidad incluida en la relación anual oficial 2026.,,,,,2026-09-28,,,,,,Federal,Federal,Secretaría de Economía,Empresa de participación estatal mayoritaria,Activa,124,Entidad verificada · estructura interna no desagregada,Hacienda y economía,0,0,0,0,1,0,2
para-active-125,"Alimentación para el Bienestar, S.A. de C.V.","Alimentación para el Bienestar, S.A. de C.",Poder Ejecutivo,Empresa de participación estatal mayoritaria,para-cat-epem,Empresas de participación estatal mayoritaria,4,"Relación de Entidades Paraestatales APF, DOF 12-08-2026",REL_PARA_2026,Relación de las Entidades Paraestatales de la Administración Pública Federal,https://dof.gob.mx/nota_detalle.php?codigo=5796062&fecha=12/08/2026,2026-08-12,Sí,Entidad incluida en la relación anual oficial 2026.,,,,,2026-09-28,,,,,,Federal,Federal,Secretaría de Agricultura y Desarrollo Rural,Empresa de participación estatal mayoritaria,Activa,125,Entidad verificada · estructura interna no desagregada,"Ambiente, energía y recursos",0,0,0,0,1,0,2
para-active-126,"Leche para el Bienestar, S.A. de C.V.","Leche para el Bienestar, S.A. de C.V.",Poder Ejecutivo,Empresa de participación estatal mayoritaria,para-cat-epem,Empresas de participación estatal mayoritaria,4,"Relación de Entidades Paraestatales APF, DOF 12-08-2026",REL_PARA_2026,Relación de las Entidades Paraestatales de la Administración Pública Federal,https://dof.gob.mx/nota_detalle.php?codigo=5796062&fecha=12/08/2026,2026-08-12,Sí,Entidad incluida en la relación anual oficial 2026.,,,,,2026-09-28,,,,,,Federal,Federal,Secretaría de Agricultura y Desarrollo Rural,Empresa de participación estatal mayoritaria,Activa,126,Entidad verificada · estructura interna no desagregada,"Ambiente, energía y recursos",0,0,0,0,1,0,2
para-active-127,"Grupo Aeroportuario Turístico Mexicano, S.A. de C.V.","Grupo Aeroportuario Turístico Mexicano, S.",Poder Ejecutivo,Empresa de participación estatal mayoritaria,para-cat-epem,Empresas de participación estatal mayoritaria,4,"Relación de Entidades Paraestatales APF, DOF 12-08-2026",REL_PARA_2026,Relación de las Entidades Paraestatales de la Administración Pública Federal,https://dof.gob.mx/nota_detalle.php?codigo=5796062&fecha=12/08/2026,2026-08-12,Sí,Entidad incluida en la relación anual oficial 2026.,,,,,2026-09-28,,,,,,Federal,Federal,"Secretaría de Infraestructura, Comunicaciones y Transportes",Empresa de participación estatal mayoritaria,Activa,127,Entidad verificada · estructura interna no desagregada,Infraestructura y conectividad,0,0,0,0,1,0,2
para-active-128,"Educal, S.A. de C.V.","Educal, S.A. de C.V.",Poder Ejecutivo,Empresa de participación estatal mayoritaria,para-cat-epem,Empresas de participación estatal mayoritaria,4,"Relación de Entidades Paraestatales APF, DOF 12-08-2026",REL_PARA_2026,Relación de las Entidades Paraestatales de la Administración Pública Federal,https://dof.gob.mx/nota_detalle.php?codigo=5796062&fecha=12/08/2026,2026-08-12,Sí,Entidad incluida en la relación anual oficial 2026.,,,,,2026-09-28,,,,,,Federal,Federal,Secretaría de Educación Pública,Empresa de participación estatal mayoritaria,Activa,128,Entidad verificada · estructura interna no desagregada,"Educación, ciencia y cultura",0,0,0,0,1,0,2
para-active-129,"Impresora y Encuadernadora Progreso, S.A. de C.V.","Impresora y Encuadernadora Progreso, S.A. ",Poder Ejecutivo,Empresa de participación estatal mayoritaria,para-cat-epem,Empresas de participación estatal mayoritaria,4,"Relación de Entidades Paraestatales APF, DOF 12-08-2026",REL_PARA_2026,Relación de las Entidades Paraestatales de la Administración Pública Federal,https://dof.gob.mx/nota_detalle.php?codigo=5796062&fecha=12/08/2026,2026-08-12,Sí,Entidad incluida en la relación anual oficial 2026.,,,,,2026-09-28,,,,,,Federal,Federal,Secretaría de Educación Pública,Empresa de participación estatal mayoritaria,Activa,129,Entidad verificada · estructura interna no desagregada,"Educación, ciencia y cultura",0,0,0,0,1,0,2
para-active-130,"Centros de Integración Juvenil, A.C.","Centros de Integración Juvenil, A.C.",Poder Ejecutivo,Empresa de participación estatal mayoritaria,para-cat-epem,Empresas de participación estatal mayoritaria,4,"Relación de Entidades Paraestatales APF, DOF 12-08-2026",REL_PARA_2026,Relación de las Entidades Paraestatales de la Administración Pública Federal,https://dof.gob.mx/nota_detalle.php?codigo=5796062&fecha=12/08/2026,2026-08-12,Sí,Entidad incluida en la relación anual oficial 2026.,,,,,2026-09-28,,,,,,Federal,Federal,Secretaría de Salud,Empresa de participación estatal mayoritaria,Activa,130,Entidad verificada · estructura interna no desagregada,Salud,0,0,0,0,1,0,2
para-active-131,"Laboratorios de Biológicos y Reactivos de México, S.A. de C.V.",Laboratorios de Biológicos y Reactivos de ,Poder Ejecutivo,Empresa de participación estatal mayoritaria,para-cat-epem,Empresas de participación estatal mayoritaria,4,"Relación de Entidades Paraestatales APF, DOF 12-08-2026",REL_PARA_2026,Relación de las Entidades Paraestatales de la Administración Pública Federal,https://dof.gob.mx/nota_detalle.php?codigo=5796062&fecha=12/08/2026,2026-08-12,Sí,Entidad incluida en la relación anual oficial 2026.,,,,,2026-09-28,,,,,,Federal,Federal,Secretaría de Salud,Empresa de participación estatal mayoritaria,Activa,131,Entidad verificada · estructura interna no desagregada,Salud,0,0,0,0,1,0,2
para-active-132,"Centro de Capacitación Cinematográfica, A.C.","Centro de Capacitación Cinematográfica, A.",Poder Ejecutivo,Empresa de participación estatal mayoritaria,para-cat-epem,Empresas de participación estatal mayoritaria,4,"Relación de Entidades Paraestatales APF, DOF 12-08-2026",REL_PARA_2026,Relación de las Entidades Paraestatales de la Administración Pública Federal,https://dof.gob.mx/nota_detalle.php?codigo=5796062&fecha=12/08/2026,2026-08-12,Sí,Entidad incluida en la relación anual oficial 2026.,,,,,2026-09-28,,,,,,Federal,Federal,Secretaría de Cultura,Empresa de participación estatal mayoritaria,Activa,132,Entidad verificada · estructura interna no desagregada,"Educación, ciencia y cultura",0,0,0,0,1,0,2
para-active-133,"Compañía Operadora del Centro Cultural y Turístico de Tijuana, S.A. de C.V.",Compañía Operadora del Centro Cultural y T,Poder Ejecutivo,Empresa de participación estatal mayoritaria,para-cat-epem,Empresas de participación estatal mayoritaria,4,"Relación de Entidades Paraestatales APF, DOF 12-08-2026",REL_PARA_2026,Relación de las Entidades Paraestatales de la Administración Pública Federal,https://dof.gob.mx/nota_detalle.php?codigo=5796062&fecha=12/08/2026,2026-08-12,Sí,Entidad incluida en la relación anual oficial 2026.,,,,,2026-09-28,,,,,,Federal,Federal,Secretaría de Cultura,Empresa de participación estatal mayoritaria,Activa,133,Entidad verificada · estructura interna no desagregada,"Educación, ciencia y cultura",0,0,0,0,1,0,2
para-active-134,"Estudios Churubusco Azteca, S.A.","Estudios Churubusco Azteca, S.A.",Poder Ejecutivo,Empresa de participación estatal mayoritaria,para-cat-epem,Empresas de participación estatal mayoritaria,4,"Relación de Entidades Paraestatales APF, DOF 12-08-2026",REL_PARA_2026,Relación de las Entidades Paraestatales de la Administración Pública Federal,https://dof.gob.mx/nota_detalle.php?codigo=5796062&fecha=12/08/2026,2026-08-12,Sí,Entidad incluida en la relación anual oficial 2026.,,,,,2026-09-28,,,,,,Federal,Federal,Secretaría de Cultura,Empresa de participación estatal mayoritaria,Activa,134,Entidad verificada · estructura interna no desagregada,"Educación, ciencia y cultura",0,0,0,0,1,0,2
para-active-135,"Televisión Metropolitana, S.A. de C.V.","Televisión Metropolitana, S.A. de C.V.",Poder Ejecutivo,Empresa de participación estatal mayoritaria,para-cat-epem,Empresas de participación estatal mayoritaria,4,"Relación de Entidades Paraestatales APF, DOF 12-08-2026",REL_PARA_2026,Relación de las Entidades Paraestatales de la Administración Pública Federal,https://dof.gob.mx/nota_detalle.php?codigo=5796062&fecha=12/08/2026,2026-08-12,Sí,Entidad incluida en la relación anual oficial 2026.,,,,,2026-09-28,,,,,,Federal,Federal,Secretaría de Cultura,Empresa de participación estatal mayoritaria,Activa,135,Entidad verificada · estructura interna no desagregada,"Educación, ciencia y cultura",0,0,0,0,1,0,2
para-active-136,"FONATUR Constructora, S.A. de C.V.","FONATUR Constructora, S.A. de C.V.",Poder Ejecutivo,Empresa de participación estatal mayoritaria,para-cat-epem,Empresas de participación estatal mayoritaria,4,"Relación de Entidades Paraestatales APF, DOF 12-08-2026",REL_PARA_2026,Relación de las Entidades Paraestatales de la Administración Pública Federal,https://dof.gob.mx/nota_detalle.php?codigo=5796062&fecha=12/08/2026,2026-08-12,Sí,Entidad incluida en la relación anual oficial 2026.,,,,,2026-09-28,,,,,,Federal,Federal,Secretaría de Turismo,Empresa de participación estatal mayoritaria,Activa,136,Entidad verificada · estructura interna no desagregada,Turismo,0,0,0,0,1,0,2
para-active-137,"FONATUR Infraestructura, S.A. de C.V.","FONATUR Infraestructura, S.A. de C.V.",Poder Ejecutivo,Empresa de participación estatal mayoritaria,para-cat-epem,Empresas de participación estatal mayoritaria,4,"Relación de Entidades Paraestatales APF, DOF 12-08-2026",REL_PARA_2026,Relación de las Entidades Paraestatales de la Administración Pública Federal,https://dof.gob.mx/nota_detalle.php?codigo=5796062&fecha=12/08/2026,2026-08-12,Sí,Entidad incluida en la relación anual oficial 2026.,,,,,2026-09-28,,,,,,Federal,Federal,Secretaría de Turismo,Empresa de participación estatal mayoritaria,Activa,137,Entidad verificada · estructura interna no desagregada,Turismo,0,0,0,0,1,0,2
para-active-138,"Banco del Bienestar, S.N.C.","Banco del Bienestar, S.N.C.",Poder Ejecutivo,Institución de banca de desarrollo,para-cat-banca,Instituciones de banca de desarrollo,4,"Relación de Entidades Paraestatales APF, DOF 12-08-2026",REL_PARA_2026,Relación de las Entidades Paraestatales de la Administración Pública Federal,https://dof.gob.mx/nota_detalle.php?codigo=5796062&fecha=12/08/2026,2026-08-12,Sí,Entidad incluida en la relación anual oficial 2026.,,,,,2026-09-28,,,,,,Federal,Federal,Secretaría de Hacienda y Crédito Público,Institución de banca de desarrollo,Activa,138,Entidad verificada · estructura interna no desagregada,Hacienda y economía,0,0,0,0,1,0,2
para-active-139,"Banco Nacional de Comercio Exterior, S.N.C.","Banco Nacional de Comercio Exterior, S.N.C",Poder Ejecutivo,Institución de banca de desarrollo,para-cat-banca,Instituciones de banca de desarrollo,4,"Relación de Entidades Paraestatales APF, DOF 12-08-2026",REL_PARA_2026,Relación de las Entidades Paraestatales de la Administración Pública Federal,https://dof.gob.mx/nota_detalle.php?codigo=5796062&fecha=12/08/2026,2026-08-12,Sí,Entidad incluida en la relación anual oficial 2026.,,,,,2026-09-28,,,,,,Federal,Federal,Secretaría de Hacienda y Crédito Público,Institución de banca de desarrollo,Activa,139,Entidad verificada · estructura interna no desagregada,Hacienda y economía,0,0,0,0,1,0,2
para-active-140,"Banco Nacional de Obras y Servicios Públicos, S.N.C.",Banco Nacional de Obras y Servicios Públic,Poder Ejecutivo,Institución de banca de desarrollo,para-cat-banca,Instituciones de banca de desarrollo,4,"Relación de Entidades Paraestatales APF, DOF 12-08-2026",REL_PARA_2026,Relación de las Entidades Paraestatales de la Administración Pública Federal,https://dof.gob.mx/nota_detalle.php?codigo=5796062&fecha=12/08/2026,2026-08-12,Sí,Entidad incluida en la relación anual oficial 2026.,,,,,2026-09-28,,,,,,Federal,Federal,Secretaría de Hacienda y Crédito Público,Institución de banca de desarrollo,Activa,140,Entidad verificada · estructura interna no desagregada,Hacienda y economía,0,0,0,0,1,0,2
para-active-141,"Banco Nacional del Ejército, Fuerza Aérea y Armada, S.N.C.","Banco Nacional del Ejército, Fuerza Aérea ",Poder Ejecutivo,Institución de banca de desarrollo,para-cat-banca,Instituciones de banca de desarrollo,4,"Relación de Entidades Paraestatales APF, DOF 12-08-2026",REL_PARA_2026,Relación de las Entidades Paraestatales de la Administración Pública Federal,https://dof.gob.mx/nota_detalle.php?codigo=5796062&fecha=12/08/2026,2026-08-12,Sí,Entidad incluida en la relación anual oficial 2026.,,,,,2026-09-28,,,,,,Federal,Federal,Secretaría de Hacienda y Crédito Público,Institución de banca de desarrollo,Activa,141,Entidad verificada · estructura interna no desagregada,Hacienda y economía,0,0,0,0,1,0,2
para-active-142,"Nacional Financiera, S.N.C.","Nacional Financiera, S.N.C.",Poder Ejecutivo,Institución de banca de desarrollo,para-cat-banca,Instituciones de banca de desarrollo,4,"Relación de Entidades Paraestatales APF, DOF 12-08-2026",REL_PARA_2026,Relación de las Entidades Paraestatales de la Administración Pública Federal,https://dof.gob.mx/nota_detalle.php?codigo=5796062&fecha=12/08/2026,2026-08-12,Sí,Entidad incluida en la relación anual oficial 2026.,,,,,2026-09-28,,,,,,Federal,Federal,Secretaría de Hacienda y Crédito Público,Institución de banca de desarrollo,Activa,142,Entidad verificada · estructura interna no desagregada,Hacienda y economía,0,0,0,0,1,0,2
para-active-143,"Sociedad Hipotecaria Federal, S.N.C.","Sociedad Hipotecaria Federal, S.N.C.",Poder Ejecutivo,Institución de banca de desarrollo,para-cat-banca,Instituciones de banca de desarrollo,4,"Relación de Entidades Paraestatales APF, DOF 12-08-2026",REL_PARA_2026,Relación de las Entidades Paraestatales de la Administración Pública Federal,https://dof.gob.mx/nota_detalle.php?codigo=5796062&fecha=12/08/2026,2026-08-12,Sí,Entidad incluida en la relación anual oficial 2026.,,,,,2026-09-28,,,,,,Federal,Federal,Secretaría de Hacienda y Crédito Público,Institución de banca de desarrollo,Activa,143,Entidad verificada · estructura interna no desagregada,Hacienda y economía,0,0,0,0,1,0,2
para-active-144,"AGROASEMEX, S.A.","AGROASEMEX, S.A.",Poder Ejecutivo,Institución nacional de seguros,para-cat-seguros,Instituciones nacionales de seguros,4,"Relación de Entidades Paraestatales APF, DOF 12-08-2026",REL_PARA_2026,Relación de las Entidades Paraestatales de la Administración Pública Federal,https://dof.gob.mx/nota_detalle.php?codigo=5796062&fecha=12/08/2026,2026-08-12,Sí,Entidad incluida en la relación anual oficial 2026.,,,,,2026-09-28,,,,,,Federal,Federal,Secretaría de Hacienda y Crédito Público,Institución nacional de seguros,Activa,144,Entidad verificada · estructura interna no desagregada,Hacienda y economía,0,0,0,0,1,0,2
para-active-145,"Seguros de Crédito a la Vivienda SHF, S.A. de C.V.","Seguros de Crédito a la Vivienda SHF, S.A.",Poder Ejecutivo,Institución nacional de seguros,para-cat-seguros,Instituciones nacionales de seguros,4,"Relación de Entidades Paraestatales APF, DOF 12-08-2026",REL_PARA_2026,Relación de las Entidades Paraestatales de la Administración Pública Federal,https://dof.gob.mx/nota_detalle.php?codigo=5796062&fecha=12/08/2026,2026-08-12,Sí,Entidad incluida en la relación anual oficial 2026.,,,,,2026-09-28,,,,,,Federal,Federal,Secretaría de Hacienda y Crédito Público,Institución nacional de seguros,Activa,145,Entidad verificada · estructura interna no desagregada,Hacienda y economía,0,0,0,0,1,0,2
para-active-146,"Centro de Investigación Científica de Yucatán, A.C.",Centro de Investigación Científica de Yuca,Poder Ejecutivo,Empresa de participación estatal mayoritaria considerada Centro Público de Investigación,para-cat-cpi-epem,Empresas de participación estatal mayoritaria consideradas Centros Públicos de Investigación,4,"Relación de Entidades Paraestatales APF, DOF 12-08-2026",REL_PARA_2026,Relación de las Entidades Paraestatales de la Administración Pública Federal,https://dof.gob.mx/nota_detalle.php?codigo=5796062&fecha=12/08/2026,2026-08-12,Sí,Entidad incluida en la relación anual oficial 2026.,,,,,2026-09-28,,,,,,Federal,Federal,"Secretaría de Ciencia, Humanidades, Tecnología e Innovación",Empresa de participación estatal mayoritaria considerada Centro Público de Investigación,Activa,146,Entidad verificada · estructura interna no desagregada,"Educación, ciencia y cultura",0,0,0,0,1,0,2
para-active-147,"Centro de Investigación en Alimentación y Desarrollo, A.C.",Centro de Investigación en Alimentación y ,Poder Ejecutivo,Empresa de participación estatal mayoritaria considerada Centro Público de Investigación,para-cat-cpi-epem,Empresas de participación estatal mayoritaria consideradas Centros Públicos de Investigación,4,"Relación de Entidades Paraestatales APF, DOF 12-08-2026",REL_PARA_2026,Relación de las Entidades Paraestatales de la Administración Pública Federal,https://dof.gob.mx/nota_detalle.php?codigo=5796062&fecha=12/08/2026,2026-08-12,Sí,Entidad incluida en la relación anual oficial 2026.,,,,,2026-09-28,,,,,,Federal,Federal,"Secretaría de Ciencia, Humanidades, Tecnología e Innovación",Empresa de participación estatal mayoritaria considerada Centro Público de Investigación,Activa,147,Entidad verificada · estructura interna no desagregada,"Educación, ciencia y cultura",0,0,0,0,1,0,2
para-active-148,"Centro de Investigación en Ciencias de Información Geoespacial, A.C.",Centro de Investigación en Ciencias de Inf,Poder Ejecutivo,Empresa de participación estatal mayoritaria considerada Centro Público de Investigación,para-cat-cpi-epem,Empresas de participación estatal mayoritaria consideradas Centros Públicos de Investigación,4,"Relación de Entidades Paraestatales APF, DOF 12-08-2026",REL_PARA_2026,Relación de las Entidades Paraestatales de la Administración Pública Federal,https://dof.gob.mx/nota_detalle.php?codigo=5796062&fecha=12/08/2026,2026-08-12,Sí,Entidad incluida en la relación anual oficial 2026.,,,,,2026-09-28,,,,,,Federal,Federal,"Secretaría de Ciencia, Humanidades, Tecnología e Innovación",Empresa de participación estatal mayoritaria considerada Centro Público de Investigación,Activa,148,Entidad verificada · estructura interna no desagregada,"Educación, ciencia y cultura",0,0,0,0,1,0,2
para-active-149,"Centro de Investigación en Matemáticas, A.C.","Centro de Investigación en Matemáticas, A.",Poder Ejecutivo,Empresa de participación estatal mayoritaria considerada Centro Público de Investigación,para-cat-cpi-epem,Empresas de participación estatal mayoritaria consideradas Centros Públicos de Investigación,4,"Relación de Entidades Paraestatales APF, DOF 12-08-2026",REL_PARA_2026,Relación de las Entidades Paraestatales de la Administración Pública Federal,https://dof.gob.mx/nota_detalle.php?codigo=5796062&fecha=12/08/2026,2026-08-12,Sí,Entidad incluida en la relación anual oficial 2026.,,,,,2026-09-28,,,,,,Federal,Federal,"Secretaría de Ciencia, Humanidades, Tecnología e Innovación",Empresa de participación estatal mayoritaria considerada Centro Público de Investigación,Activa,149,Entidad verificada · estructura interna no desagregada,"Educación, ciencia y cultura",0,0,0,0,1,0,2
para-active-150,"Centro de Investigación en Materiales Avanzados, S.C.",Centro de Investigación en Materiales Avan,Poder Ejecutivo,Empresa de participación estatal mayoritaria considerada Centro Público de Investigación,para-cat-cpi-epem,Empresas de participación estatal mayoritaria consideradas Centros Públicos de Investigación,4,"Relación de Entidades Paraestatales APF, DOF 12-08-2026",REL_PARA_2026,Relación de las Entidades Paraestatales de la Administración Pública Federal,https://dof.gob.mx/nota_detalle.php?codigo=5796062&fecha=12/08/2026,2026-08-12,Sí,Entidad incluida en la relación anual oficial 2026.,,,,,2026-09-28,,,,,,Federal,Federal,"Secretaría de Ciencia, Humanidades, Tecnología e Innovación",Empresa de participación estatal mayoritaria considerada Centro Público de Investigación,Activa,150,Entidad verificada · estructura interna no desagregada,"Educación, ciencia y cultura",0,0,0,0,1,0,2
para-active-151,"Centro de Investigación y Asistencia en Tecnología y Diseño del Estado de Jalisco, A.C.",Centro de Investigación y Asistencia en Te,Poder Ejecutivo,Empresa de participación estatal mayoritaria considerada Centro Público de Investigación,para-cat-cpi-epem,Empresas de participación estatal mayoritaria consideradas Centros Públicos de Investigación,4,"Relación de Entidades Paraestatales APF, DOF 12-08-2026",REL_PARA_2026,Relación de las Entidades Paraestatales de la Administración Pública Federal,https://dof.gob.mx/nota_detalle.php?codigo=5796062&fecha=12/08/2026,2026-08-12,Sí,Entidad incluida en la relación anual oficial 2026.,,,,,2026-09-28,,,,,,Federal,Federal,"Secretaría de Ciencia, Humanidades, Tecnología e Innovación",Empresa de participación estatal mayoritaria considerada Centro Público de Investigación,Activa,151,Entidad verificada · estructura interna no desagregada,"Educación, ciencia y cultura",0,0,0,0,1,0,2
para-active-152,"Centro de Investigación y Desarrollo Tecnológico en Electroquímica, S.C.",Centro de Investigación y Desarrollo Tecno,Poder Ejecutivo,Empresa de participación estatal mayoritaria considerada Centro Público de Investigación,para-cat-cpi-epem,Empresas de participación estatal mayoritaria consideradas Centros Públicos de Investigación,4,"Relación de Entidades Paraestatales APF, DOF 12-08-2026",REL_PARA_2026,Relación de las Entidades Paraestatales de la Administración Pública Federal,https://dof.gob.mx/nota_detalle.php?codigo=5796062&fecha=12/08/2026,2026-08-12,Sí,Entidad incluida en la relación anual oficial 2026.,,,,,2026-09-28,,,,,,Federal,Federal,"Secretaría de Ciencia, Humanidades, Tecnología e Innovación",Empresa de participación estatal mayoritaria considerada Centro Público de Investigación,Activa,152,Entidad verificada · estructura interna no desagregada,"Educación, ciencia y cultura",0,0,0,0,1,0,2
para-active-153,"Centro de Investigación y Docencia Económicas, A.C.",Centro de Investigación y Docencia Económi,Poder Ejecutivo,Empresa de participación estatal mayoritaria considerada Centro Público de Investigación,para-cat-cpi-epem,Empresas de participación estatal mayoritaria consideradas Centros Públicos de Investigación,4,"Relación de Entidades Paraestatales APF, DOF 12-08-2026",REL_PARA_2026,Relación de las Entidades Paraestatales de la Administración Pública Federal,https://dof.gob.mx/nota_detalle.php?codigo=5796062&fecha=12/08/2026,2026-08-12,Sí,Entidad incluida en la relación anual oficial 2026.,,,,,2026-09-28,,,,,,Federal,Federal,"Secretaría de Ciencia, Humanidades, Tecnología e Innovación",Empresa de participación estatal mayoritaria considerada Centro Público de Investigación,Activa,153,Entidad verificada · estructura interna no desagregada,"Educación, ciencia y cultura",0,0,0,0,1,0,2
para-active-154,"Centro de Investigaciones Biológicas del Noroeste, S.C.",Centro de Investigaciones Biológicas del N,Poder Ejecutivo,Empresa de participación estatal mayoritaria considerada Centro Público de Investigación,para-cat-cpi-epem,Empresas de participación estatal mayoritaria consideradas Centros Públicos de Investigación,4,"Relación de Entidades Paraestatales APF, DOF 12-08-2026",REL_PARA_2026,Relación de las Entidades Paraestatales de la Administración Pública Federal,https://dof.gob.mx/nota_detalle.php?codigo=5796062&fecha=12/08/2026,2026-08-12,Sí,Entidad incluida en la relación anual oficial 2026.,,,,,2026-09-28,,,,,,Federal,Federal,"Secretaría de Ciencia, Humanidades, Tecnología e Innovación",Empresa de participación estatal mayoritaria considerada Centro Público de Investigación,Activa,154,Entidad verificada · estructura interna no desagregada,"Educación, ciencia y cultura",0,0,0,0,1,0,2
para-active-155,"Centro de Investigaciones en Óptica, A.C.","Centro de Investigaciones en Óptica, A.C.",Poder Ejecutivo,Empresa de participación estatal mayoritaria considerada Centro Público de Investigación,para-cat-cpi-epem,Empresas de participación estatal mayoritaria consideradas Centros Públicos de Investigación,4,"Relación de Entidades Paraestatales APF, DOF 12-08-2026",REL_PARA_2026,Relación de las Entidades Paraestatales de la Administración Pública Federal,https://dof.gob.mx/nota_detalle.php?codigo=5796062&fecha=12/08/2026,2026-08-12,Sí,Entidad incluida en la relación anual oficial 2026.,,,,,2026-09-28,,,,,,Federal,Federal,"Secretaría de Ciencia, Humanidades, Tecnología e Innovación",Empresa de participación estatal mayoritaria considerada Centro Público de Investigación,Activa,155,Entidad verificada · estructura interna no desagregada,"Educación, ciencia y cultura",0,0,0,0,1,0,2
para-active-156,"CIATEC, A.C. ""Centro de Innovación Aplicada en Tecnologías Competitivas""","CIATEC, A.C. ""Centro de Innovación Aplicad",Poder Ejecutivo,Empresa de participación estatal mayoritaria considerada Centro Público de Investigación,para-cat-cpi-epem,Empresas de participación estatal mayoritaria consideradas Centros Públicos de Investigación,4,"Relación de Entidades Paraestatales APF, DOF 12-08-2026",REL_PARA_2026,Relación de las Entidades Paraestatales de la Administración Pública Federal,https://dof.gob.mx/nota_detalle.php?codigo=5796062&fecha=12/08/2026,2026-08-12,Sí,Entidad incluida en la relación anual oficial 2026.,,,,,2026-09-28,,,,,,Federal,Federal,"Secretaría de Ciencia, Humanidades, Tecnología e Innovación",Empresa de participación estatal mayoritaria considerada Centro Público de Investigación,Activa,156,Entidad verificada · estructura interna no desagregada,"Educación, ciencia y cultura",0,0,0,0,1,0,2
para-active-157,"CIATEQ, A.C. ""Centro de Tecnología Avanzada""","CIATEQ, A.C. ""Centro de Tecnología Avanzad",Poder Ejecutivo,Empresa de participación estatal mayoritaria considerada Centro Público de Investigación,para-cat-cpi-epem,Empresas de participación estatal mayoritaria consideradas Centros Públicos de Investigación,4,"Relación de Entidades Paraestatales APF, DOF 12-08-2026",REL_PARA_2026,Relación de las Entidades Paraestatales de la Administración Pública Federal,https://dof.gob.mx/nota_detalle.php?codigo=5796062&fecha=12/08/2026,2026-08-12,Sí,Entidad incluida en la relación anual oficial 2026.,,,,,2026-09-28,,,,,,Federal,Federal,"Secretaría de Ciencia, Humanidades, Tecnología e Innovación",Empresa de participación estatal mayoritaria considerada Centro Público de Investigación,Activa,157,Entidad verificada · estructura interna no desagregada,"Educación, ciencia y cultura",0,0,0,0,1,0,2
para-active-158,"El Colegio de la Frontera Norte, A.C.","El Colegio de la Frontera Norte, A.C.",Poder Ejecutivo,Empresa de participación estatal mayoritaria considerada Centro Público de Investigación,para-cat-cpi-epem,Empresas de participación estatal mayoritaria consideradas Centros Públicos de Investigación,4,"Relación de Entidades Paraestatales APF, DOF 12-08-2026",REL_PARA_2026,Relación de las Entidades Paraestatales de la Administración Pública Federal,https://dof.gob.mx/nota_detalle.php?codigo=5796062&fecha=12/08/2026,2026-08-12,Sí,Entidad incluida en la relación anual oficial 2026.,,,,,2026-09-28,,,,,,Federal,Federal,"Secretaría de Ciencia, Humanidades, Tecnología e Innovación",Empresa de participación estatal mayoritaria considerada Centro Público de Investigación,Activa,158,Entidad verificada · estructura interna no desagregada,"Educación, ciencia y cultura",0,0,0,0,1,0,2
para-active-159,"El Colegio de Michoacán, A.C.","El Colegio de Michoacán, A.C.",Poder Ejecutivo,Empresa de participación estatal mayoritaria considerada Centro Público de Investigación,para-cat-cpi-epem,Empresas de participación estatal mayoritaria consideradas Centros Públicos de Investigación,4,"Relación de Entidades Paraestatales APF, DOF 12-08-2026",REL_PARA_2026,Relación de las Entidades Paraestatales de la Administración Pública Federal,https://dof.gob.mx/nota_detalle.php?codigo=5796062&fecha=12/08/2026,2026-08-12,Sí,Entidad incluida en la relación anual oficial 2026.,,,,,2026-09-28,,,,,,Federal,Federal,"Secretaría de Ciencia, Humanidades, Tecnología e Innovación",Empresa de participación estatal mayoritaria considerada Centro Público de Investigación,Activa,159,Entidad verificada · estructura interna no desagregada,"Educación, ciencia y cultura",0,0,0,0,1,0,2
para-active-160,"El Colegio de San Luis, A.C.","El Colegio de San Luis, A.C.",Poder Ejecutivo,Empresa de participación estatal mayoritaria considerada Centro Público de Investigación,para-cat-cpi-epem,Empresas de participación estatal mayoritaria consideradas Centros Públicos de Investigación,4,"Relación de Entidades Paraestatales APF, DOF 12-08-2026",REL_PARA_2026,Relación de las Entidades Paraestatales de la Administración Pública Federal,https://dof.gob.mx/nota_detalle.php?codigo=5796062&fecha=12/08/2026,2026-08-12,Sí,Entidad incluida en la relación anual oficial 2026.,,,,,2026-09-28,,,,,,Federal,Federal,"Secretaría de Ciencia, Humanidades, Tecnología e Innovación",Empresa de participación estatal mayoritaria considerada Centro Público de Investigación,Activa,160,Entidad verificada · estructura interna no desagregada,"Educación, ciencia y cultura",0,0,0,0,1,0,2
para-active-161,"InnovaBienestar de México, S.A.P.I. de C.V.","InnovaBienestar de México, S.A.P.I. de C.V",Poder Ejecutivo,Empresa de participación estatal mayoritaria considerada Centro Público de Investigación,para-cat-cpi-epem,Empresas de participación estatal mayoritaria consideradas Centros Públicos de Investigación,4,"Relación de Entidades Paraestatales APF, DOF 12-08-2026",REL_PARA_2026,Relación de las Entidades Paraestatales de la Administración Pública Federal,https://dof.gob.mx/nota_detalle.php?codigo=5796062&fecha=12/08/2026,2026-08-12,Sí,Entidad incluida en la relación anual oficial 2026.,,,,,2026-09-28,,,,,,Federal,Federal,"Secretaría de Ciencia, Humanidades, Tecnología e Innovación",Empresa de participación estatal mayoritaria considerada Centro Público de Investigación,Activa,161,Entidad verificada · estructura interna no desagregada,"Educación, ciencia y cultura",0,0,0,0,1,0,2
para-active-162,"Instituto de Ecología, A.C.","Instituto de Ecología, A.C.",Poder Ejecutivo,Empresa de participación estatal mayoritaria considerada Centro Público de Investigación,para-cat-cpi-epem,Empresas de participación estatal mayoritaria consideradas Centros Públicos de Investigación,4,"Relación de Entidades Paraestatales APF, DOF 12-08-2026",REL_PARA_2026,Relación de las Entidades Paraestatales de la Administración Pública Federal,https://dof.gob.mx/nota_detalle.php?codigo=5796062&fecha=12/08/2026,2026-08-12,Sí,Entidad incluida en la relación anual oficial 2026.,,,,,2026-09-28,,,,,,Federal,Federal,"Secretaría de Ciencia, Humanidades, Tecnología e Innovación",Empresa de participación estatal mayoritaria considerada Centro Público de Investigación,Activa,162,Entidad verificada · estructura interna no desagregada,"Educación, ciencia y cultura",0,0,0,0,1,0,2
para-active-163,"Instituto Potosino de Investigación Científica y Tecnológica, A.C.",Instituto Potosino de Investigación Cientí,Poder Ejecutivo,Empresa de participación estatal mayoritaria considerada Centro Público de Investigación,para-cat-cpi-epem,Empresas de participación estatal mayoritaria consideradas Centros Públicos de Investigación,4,"Relación de Entidades Paraestatales APF, DOF 12-08-2026",REL_PARA_2026,Relación de las Entidades Paraestatales de la Administración Pública Federal,https://dof.gob.mx/nota_detalle.php?codigo=5796062&fecha=12/08/2026,2026-08-12,Sí,Entidad incluida en la relación anual oficial 2026.,,,,,2026-09-28,,,,,,Federal,Federal,"Secretaría de Ciencia, Humanidades, Tecnología e Innovación",Empresa de participación estatal mayoritaria considerada Centro Público de Investigación,Activa,163,Entidad verificada · estructura interna no desagregada,"Educación, ciencia y cultura",0,0,0,0,1,0,2
para-active-164,Fideicomiso Universidad Marítima y Portuaria de México,Fideicomiso Universidad Marítima y Portuar,Poder Ejecutivo,Fideicomiso público,para-cat-fid,Fideicomisos públicos,4,"Relación de Entidades Paraestatales APF, DOF 12-08-2026",REL_PARA_2026,Relación de las Entidades Paraestatales de la Administración Pública Federal,https://dof.gob.mx/nota_detalle.php?codigo=5796062&fecha=12/08/2026,2026-08-12,Sí,Entidad incluida en la relación anual oficial 2026.,,,,,2026-09-28,,,,,,Federal,Federal,Secretaría de Marina,Fideicomiso público,Activa,164,Entidad verificada · estructura interna no desagregada,Seguridad y defensa,0,0,0,0,1,0,2
para-active-165,Fondo de Capitalización e Inversión del Sector Rural,Fondo de Capitalización e Inversión del Se,Poder Ejecutivo,Fideicomiso público,para-cat-fid,Fideicomisos públicos,4,"Relación de Entidades Paraestatales APF, DOF 12-08-2026",REL_PARA_2026,Relación de las Entidades Paraestatales de la Administración Pública Federal,https://dof.gob.mx/nota_detalle.php?codigo=5796062&fecha=12/08/2026,2026-08-12,Sí,Entidad incluida en la relación anual oficial 2026.,,,,,2026-09-28,,,,,,Federal,Federal,Secretaría de Hacienda y Crédito Público,Fideicomiso público,Activa,165,Entidad verificada · estructura interna no desagregada,Hacienda y economía,0,0,0,0,1,0,2
para-active-166,Fideicomiso de Riesgo Compartido,Fideicomiso de Riesgo Compartido,Poder Ejecutivo,Fideicomiso público,para-cat-fid,Fideicomisos públicos,4,"Relación de Entidades Paraestatales APF, DOF 12-08-2026",REL_PARA_2026,Relación de las Entidades Paraestatales de la Administración Pública Federal,https://dof.gob.mx/nota_detalle.php?codigo=5796062&fecha=12/08/2026,2026-08-12,Sí,Entidad incluida en la relación anual oficial 2026.,,,,,2026-09-28,,,,,,Federal,Federal,Secretaría de Agricultura y Desarrollo Rural,Fideicomiso público,Activa,166,Entidad verificada · estructura interna no desagregada,"Ambiente, energía y recursos",0,0,0,0,1,0,2
para-active-167,Fideicomiso de los Sistemas Normalizado de Competencia Laboral y de Certificación de Competencia Laboral,Fideicomiso de los Sistemas Normalizado de,Poder Ejecutivo,Fideicomiso público,para-cat-fid,Fideicomisos públicos,4,"Relación de Entidades Paraestatales APF, DOF 12-08-2026",REL_PARA_2026,Relación de las Entidades Paraestatales de la Administración Pública Federal,https://dof.gob.mx/nota_detalle.php?codigo=5796062&fecha=12/08/2026,2026-08-12,Sí,Entidad incluida en la relación anual oficial 2026.,,,,,2026-09-28,,,,,,Federal,Federal,Secretaría de Educación Pública,Fideicomiso público,Activa,167,Entidad verificada · estructura interna no desagregada,"Educación, ciencia y cultura",0,0,0,0,1,0,2
para-active-168,Fideicomiso Fondo Nacional de Fomento Ejidal,Fideicomiso Fondo Nacional de Fomento Ejid,Poder Ejecutivo,Fideicomiso público,para-cat-fid,Fideicomisos públicos,4,"Relación de Entidades Paraestatales APF, DOF 12-08-2026",REL_PARA_2026,Relación de las Entidades Paraestatales de la Administración Pública Federal,https://dof.gob.mx/nota_detalle.php?codigo=5796062&fecha=12/08/2026,2026-08-12,Sí,Entidad incluida en la relación anual oficial 2026.,,,,,2026-09-28,,,,,,Federal,Federal,"Secretaría de Desarrollo Agrario, Territorial y Urbano",Fideicomiso público,Activa,168,Entidad verificada · estructura interna no desagregada,Territorio y vivienda,0,0,0,0,1,0,2
para-active-169,Fideicomiso para la Cineteca Nacional,Fideicomiso para la Cineteca Nacional,Poder Ejecutivo,Fideicomiso público,para-cat-fid,Fideicomisos públicos,4,"Relación de Entidades Paraestatales APF, DOF 12-08-2026",REL_PARA_2026,Relación de las Entidades Paraestatales de la Administración Pública Federal,https://dof.gob.mx/nota_detalle.php?codigo=5796062&fecha=12/08/2026,2026-08-12,Sí,Entidad incluida en la relación anual oficial 2026.,,,,,2026-09-28,,,,,,Federal,Federal,Secretaría de Cultura,Fideicomiso público,Activa,169,Entidad verificada · estructura interna no desagregada,"Educación, ciencia y cultura",0,0,0,0,1,0,2
para-active-170,Fondo Nacional para el Fomento de las Artesanías,Fondo Nacional para el Fomento de las Arte,Poder Ejecutivo,Fideicomiso público,para-cat-fid,Fideicomisos públicos,4,"Relación de Entidades Paraestatales APF, DOF 12-08-2026",REL_PARA_2026,Relación de las Entidades Paraestatales de la Administración Pública Federal,https://dof.gob.mx/nota_detalle.php?codigo=5796062&fecha=12/08/2026,2026-08-12,Sí,Entidad incluida en la relación anual oficial 2026.,,,,,2026-09-28,,,,,,Federal,Federal,Secretaría de Cultura,Fideicomiso público,Activa,170,Entidad verificada · estructura interna no desagregada,"Educación, ciencia y cultura",0,0,0,0,1,0,2
para-active-171,Fondo Nacional de Fomento al Turismo,Fondo Nacional de Fomento al Turismo,Poder Ejecutivo,Fideicomiso público,para-cat-fid,Fideicomisos públicos,4,"Relación de Entidades Paraestatales APF, DOF 12-08-2026",REL_PARA_2026,Relación de las Entidades Paraestatales de la Administración Pública Federal,https://dof.gob.mx/nota_detalle.php?codigo=5796062&fecha=12/08/2026,2026-08-12,Sí,Entidad incluida en la relación anual oficial 2026.,,,,,2026-09-28,,,,,,Federal,Federal,Secretaría de Turismo,Fideicomiso público,Activa,171,Entidad verificada · estructura interna no desagregada,Turismo,0,0,0,0,1,0,2
para-active-172,Fondo para el Desarrollo de Recursos Humanos,Fondo para el Desarrollo de Recursos Human,Poder Ejecutivo,Fideicomiso considerado Centro Público de Investigación,para-cat-fid-cpi,Fideicomisos considerados Centros Públicos de Investigación,4,"Relación de Entidades Paraestatales APF, DOF 12-08-2026",REL_PARA_2026,Relación de las Entidades Paraestatales de la Administración Pública Federal,https://dof.gob.mx/nota_detalle.php?codigo=5796062&fecha=12/08/2026,2026-08-12,Sí,Entidad incluida en la relación anual oficial 2026.,,,,,2026-09-28,,,,,,Federal,Federal,"Secretaría de Ciencia, Humanidades, Tecnología e Innovación",Fideicomiso considerado Centro Público de Investigación,Activa,172,Entidad verificada · estructura interna no desagregada,"Educación, ciencia y cultura",0,0,0,0,1,0,2
para-active-173,INFOTEC Centro de Investigación e Innovación en Tecnologías de la Información y Comunicación,INFOTEC Centro de Investigación e Innovaci,Poder Ejecutivo,Fideicomiso considerado Centro Público de Investigación,para-cat-fid-cpi,Fideicomisos considerados Centros Públicos de Investigación,4,"Relación de Entidades Paraestatales APF, DOF 12-08-2026",REL_PARA_2026,Relación de las Entidades Paraestatales de la Administración Pública Federal,https://dof.gob.mx/nota_detalle.php?codigo=5796062&fecha=12/08/2026,2026-08-12,Sí,Entidad incluida en la relación anual oficial 2026.,,,,,2026-09-28,,,,,,Federal,Federal,Agencia de Transformación Digital y Telecomunicaciones,Fideicomiso considerado Centro Público de Investigación,Activa,173,Entidad verificada · estructura interna no desagregada,Infraestructura y conectividad,0,0,0,0,1,0,2
para-active-174,"Fondo de Garantía y Fomento para la Agricultura, Ganadería y Avicultura",Fondo de Garantía y Fomento para la Agricu,Poder Ejecutivo,Fideicomiso del Sistema Bancario Mexicano,para-cat-fid-banca,Fideicomisos del Sistema Bancario Mexicano,4,"Relación de Entidades Paraestatales APF, DOF 12-08-2026",REL_PARA_2026,Relación de las Entidades Paraestatales de la Administración Pública Federal,https://dof.gob.mx/nota_detalle.php?codigo=5796062&fecha=12/08/2026,2026-08-12,Sí,Entidad incluida en la relación anual oficial 2026.,,,,,2026-09-28,,,,,,Federal,Federal,Secretaría de Hacienda y Crédito Público,Fideicomiso del Sistema Bancario Mexicano,Activa,174,Entidad verificada · estructura interna no desagregada,Hacienda y economía,0,0,0,0,1,0,2
para-active-175,Fondo de Garantía y Fomento para las Actividades Pesqueras,Fondo de Garantía y Fomento para las Activ,Poder Ejecutivo,Fideicomiso del Sistema Bancario Mexicano,para-cat-fid-banca,Fideicomisos del Sistema Bancario Mexicano,4,"Relación de Entidades Paraestatales APF, DOF 12-08-2026",REL_PARA_2026,Relación de las Entidades Paraestatales de la Administración Pública Federal,https://dof.gob.mx/nota_detalle.php?codigo=5796062&fecha=12/08/2026,2026-08-12,Sí,Entidad incluida en la relación anual oficial 2026.,,,,,2026-09-28,,,,,,Federal,Federal,Secretaría de Hacienda y Crédito Público,Fideicomiso del Sistema Bancario Mexicano,Activa,175,Entidad verificada · estructura interna no desagregada,Hacienda y economía,0,0,0,0,1,0,2
para-active-176,Fondo de Operación y Financiamiento Bancario a la Vivienda,Fondo de Operación y Financiamiento Bancar,Poder Ejecutivo,Fideicomiso del Sistema Bancario Mexicano,para-cat-fid-banca,Fideicomisos del Sistema Bancario Mexicano,4,"Relación de Entidades Paraestatales APF, DOF 12-08-2026",REL_PARA_2026,Relación de las Entidades Paraestatales de la Administración Pública Federal,https://dof.gob.mx/nota_detalle.php?codigo=5796062&fecha=12/08/2026,2026-08-12,Sí,Entidad incluida en la relación anual oficial 2026.,,,,,2026-09-28,,,,,,Federal,Federal,Secretaría de Hacienda y Crédito Público,Fideicomiso del Sistema Bancario Mexicano,Activa,176,Entidad verificada · estructura interna no desagregada,Hacienda y economía,0,0,0,0,1,0,2
para-active-177,Fondo Especial de Asistencia Técnica y Garantía para Créditos Agropecuarios,Fondo Especial de Asistencia Técnica y Gar,Poder Ejecutivo,Fideicomiso del Sistema Bancario Mexicano,para-cat-fid-banca,Fideicomisos del Sistema Bancario Mexicano,4,"Relación de Entidades Paraestatales APF, DOF 12-08-2026",REL_PARA_2026,Relación de las Entidades Paraestatales de la Administración Pública Federal,https://dof.gob.mx/nota_detalle.php?codigo=5796062&fecha=12/08/2026,2026-08-12,Sí,Entidad incluida en la relación anual oficial 2026.,,,,,2026-09-28,,,,,,Federal,Federal,Secretaría de Hacienda y Crédito Público,Fideicomiso del Sistema Bancario Mexicano,Activa,177,Entidad verificada · estructura interna no desagregada,Hacienda y economía,0,0,0,0,1,0,2
para-active-178,Fondo Especial para Financiamientos Agropecuarios,Fondo Especial para Financiamientos Agrope,Poder Ejecutivo,Fideicomiso del Sistema Bancario Mexicano,para-cat-fid-banca,Fideicomisos del Sistema Bancario Mexicano,4,"Relación de Entidades Paraestatales APF, DOF 12-08-2026",REL_PARA_2026,Relación de las Entidades Paraestatales de la Administración Pública Federal,https://dof.gob.mx/nota_detalle.php?codigo=5796062&fecha=12/08/2026,2026-08-12,Sí,Entidad incluida en la relación anual oficial 2026.,,,,,2026-09-28,,,,,,Federal,Federal,Secretaría de Hacienda y Crédito Público,Fideicomiso del Sistema Bancario Mexicano,Activa,178,Entidad verificada · estructura interna no desagregada,Hacienda y economía,0,0,0,0,1,0,2
para-active-179,Fideicomiso de Fomento Minero,Fideicomiso de Fomento Minero,Poder Ejecutivo,Fideicomiso del Sistema Bancario Mexicano,para-cat-fid-banca,Fideicomisos del Sistema Bancario Mexicano,4,"Relación de Entidades Paraestatales APF, DOF 12-08-2026",REL_PARA_2026,Relación de las Entidades Paraestatales de la Administración Pública Federal,https://dof.gob.mx/nota_detalle.php?codigo=5796062&fecha=12/08/2026,2026-08-12,Sí,Entidad incluida en la relación anual oficial 2026.,,,,,2026-09-28,,,,,,Federal,Federal,Secretaría de Economía,Fideicomiso del Sistema Bancario Mexicano,Activa,179,Entidad verificada · estructura interna no desagregada,Hacienda y economía,0,0,0,0,1,0,2
para-active-180,Comisión Federal de Electricidad,Comisión Federal de Electricidad,Poder Ejecutivo,Empresa Pública del Estado,para-cat-epe,Empresas Públicas del Estado,4,"Relación de Entidades Paraestatales APF, DOF 12-08-2026",REL_PARA_2026,Relación de las Entidades Paraestatales de la Administración Pública Federal,https://dof.gob.mx/nota_detalle.php?codigo=5796062&fecha=12/08/2026,2026-08-12,Sí,Entidad incluida en la relación anual oficial 2026.,,,,,2026-09-28,,,,,,Federal,Federal,Secretaría de Energía,Empresa Pública del Estado,Activa,180,Entidad verificada · estructura interna no desagregada,"Ambiente, energía y recursos",0,0,0,0,1,0,2
para-active-181,Petróleos Mexicanos,Petróleos Mexicanos,Poder Ejecutivo,Empresa Pública del Estado,para-cat-epe,Empresas Públicas del Estado,4,"Relación de Entidades Paraestatales APF, DOF 12-08-2026",REL_PARA_2026,Relación de las Entidades Paraestatales de la Administración Pública Federal,https://dof.gob.mx/nota_detalle.php?codigo=5796062&fecha=12/08/2026,2026-08-12,Sí,Entidad incluida en la relación anual oficial 2026.,,,,,2026-09-28,,,,,,Federal,Federal,Secretaría de Energía,Empresa Pública del Estado,Activa,181,Entidad verificada · estructura interna no desagregada,"Ambiente, energía y recursos",0,0,0,0,1,0,2
para-status-001,"Financiera Nacional de Desarrollo Agropecuario, Rural, Forestal y Pesquero",Financiera Nacional de Desarrollo Agropecu,Poder Ejecutivo,Organismo descentralizado sectorizado,para-cat-desinc,Entidades en proceso de desincorporación,4,"Relación de Entidades Paraestatales APF, DOF 12-08-2026",REL_PARA_2026,Relación de las Entidades Paraestatales de la Administración Pública Federal,https://dof.gob.mx/nota_detalle.php?codigo=5796062&fecha=12/08/2026,2026-08-12,Sí,Registro separado del universo de 181 entidades activas para no confundir situación jurídica.,,,,,2026-09-28,,,,,,Federal,Federal,Secretaría de Hacienda y Crédito Público,Organismo descentralizado sectorizado,En proceso de desincorporación,B-1,Situación jurídica especial · estructura interna no desagregada,Hacienda y economía,0,0,0,0,1,0,2
para-status-002,Comisión Nacional de las Zonas Áridas,Comisión Nacional de las Zonas Áridas,Poder Ejecutivo,Organismo descentralizado sectorizado,para-cat-desinc,Entidades en proceso de desincorporación,4,"Relación de Entidades Paraestatales APF, DOF 12-08-2026",REL_PARA_2026,Relación de las Entidades Paraestatales de la Administración Pública Federal,https://dof.gob.mx/nota_detalle.php?codigo=5796062&fecha=12/08/2026,2026-08-12,Sí,Registro separado del universo de 181 entidades activas para no confundir situación jurídica.,,,,,2026-09-28,,,,,,Federal,Federal,Secretaría de Agricultura y Desarrollo Rural,Organismo descentralizado sectorizado,En proceso de desincorporación,B-2,Situación jurídica especial · estructura interna no desagregada,"Ambiente, energía y recursos",0,0,0,0,1,0,2
para-status-003,Seguridad Alimentaria Mexicana,Seguridad Alimentaria Mexicana,Poder Ejecutivo,Organismo descentralizado sectorizado,para-cat-desinc,Entidades en proceso de desincorporación,4,"Relación de Entidades Paraestatales APF, DOF 12-08-2026",REL_PARA_2026,Relación de las Entidades Paraestatales de la Administración Pública Federal,https://dof.gob.mx/nota_detalle.php?codigo=5796062&fecha=12/08/2026,2026-08-12,Sí,Registro separado del universo de 181 entidades activas para no confundir situación jurídica.,,,,,2026-09-28,,,,,,Federal,Federal,Secretaría de Agricultura y Desarrollo Rural,Organismo descentralizado sectorizado,En proceso de desincorporación,B-3,Situación jurídica especial · estructura interna no desagregada,"Ambiente, energía y recursos",0,0,0,0,1,0,2
para-status-004,Ferrocarriles Nacionales de México,Ferrocarriles Nacionales de México,Poder Ejecutivo,Organismo descentralizado sectorizado,para-cat-desinc,Entidades en proceso de desincorporación,4,"Relación de Entidades Paraestatales APF, DOF 12-08-2026",REL_PARA_2026,Relación de las Entidades Paraestatales de la Administración Pública Federal,https://dof.gob.mx/nota_detalle.php?codigo=5796062&fecha=12/08/2026,2026-08-12,Sí,Registro separado del universo de 181 entidades activas para no confundir situación jurídica.,,,,,2026-09-28,,,,,,Federal,Federal,"Secretaría de Infraestructura, Comunicaciones y Transportes",Organismo descentralizado sectorizado,En proceso de desincorporación,B-4,Situación jurídica especial · estructura interna no desagregada,Infraestructura y conectividad,0,0,0,0,1,0,2
para-status-005,Instituto Nacional de la Infraestructura Física Educativa,Instituto Nacional de la Infraestructura F,Poder Ejecutivo,Organismo descentralizado sectorizado,para-cat-desinc,Entidades en proceso de desincorporación,4,"Relación de Entidades Paraestatales APF, DOF 12-08-2026",REL_PARA_2026,Relación de las Entidades Paraestatales de la Administración Pública Federal,https://dof.gob.mx/nota_detalle.php?codigo=5796062&fecha=12/08/2026,2026-08-12,Sí,Registro separado del universo de 181 entidades activas para no confundir situación jurídica.,,,,,2026-09-28,,,,,,Federal,Federal,Secretaría de Educación Pública,Organismo descentralizado sectorizado,En proceso de desincorporación,B-5,Situación jurídica especial · estructura interna no desagregada,"Educación, ciencia y cultura",0,0,0,0,1,0,2
para-status-006,"Notimex, Agencia de Noticias del Estado Mexicano","Notimex, Agencia de Noticias del Estado Me",Poder Ejecutivo,Organismo descentralizado no sectorizado,para-cat-desinc,Entidades en proceso de desincorporación,4,"Relación de Entidades Paraestatales APF, DOF 12-08-2026",REL_PARA_2026,Relación de las Entidades Paraestatales de la Administración Pública Federal,https://dof.gob.mx/nota_detalle.php?codigo=5796062&fecha=12/08/2026,2026-08-12,Sí,Registro separado del universo de 181 entidades activas para no confundir situación jurídica.,,,,,2026-09-28,,,,,,Federal,Federal,No sectorizada,Organismo descentralizado no sectorizado,En proceso de desincorporación,B-6,Situación jurídica especial · estructura interna no desagregada,Entidades no sectorizadas,0,0,0,0,1,0,1
para-status-007,"Compañía Mexicana de Exploraciones, S.A. de C.V.","Compañía Mexicana de Exploraciones, S.A. d",Poder Ejecutivo,Empresa de participación estatal mayoritaria,para-cat-desinc,Entidades en proceso de desincorporación,4,"Relación de Entidades Paraestatales APF, DOF 12-08-2026",REL_PARA_2026,Relación de las Entidades Paraestatales de la Administración Pública Federal,https://dof.gob.mx/nota_detalle.php?codigo=5796062&fecha=12/08/2026,2026-08-12,Sí,Registro separado del universo de 181 entidades activas para no confundir situación jurídica.,,,,,2026-09-28,,,,,,Federal,Federal,Secretaría de Energía,Empresa de participación estatal mayoritaria,En proceso de desincorporación,B-7,Situación jurídica especial · estructura interna no desagregada,"Ambiente, energía y recursos",0,0,0,0,1,0,2
para-status-008,"Instituto Nacional para el Desarrollo de Capacidades del Sector Rural, A.C.",Instituto Nacional para el Desarrollo de C,Poder Ejecutivo,Empresa de participación estatal mayoritaria,para-cat-desinc,Entidades en proceso de desincorporación,4,"Relación de Entidades Paraestatales APF, DOF 12-08-2026",REL_PARA_2026,Relación de las Entidades Paraestatales de la Administración Pública Federal,https://dof.gob.mx/nota_detalle.php?codigo=5796062&fecha=12/08/2026,2026-08-12,Sí,Registro separado del universo de 181 entidades activas para no confundir situación jurídica.,,,,,2026-09-28,,,,,,Federal,Federal,Secretaría de Agricultura y Desarrollo Rural,Empresa de participación estatal mayoritaria,En proceso de desincorporación,B-8,Situación jurídica especial · estructura interna no desagregada,"Ambiente, energía y recursos",0,0,0,0,1,0,2
para-status-009,"FONATUR Solar, S.A. de C.V.","FONATUR Solar, S.A. de C.V.",Poder Ejecutivo,Empresa de participación estatal mayoritaria,para-cat-desinc,Entidades en proceso de desincorporación,4,"Relación de Entidades Paraestatales APF, DOF 12-08-2026",REL_PARA_2026,Relación de las Entidades Paraestatales de la Administración Pública Federal,https://dof.gob.mx/nota_detalle.php?codigo=5796062&fecha=12/08/2026,2026-08-12,Sí,Registro separado del universo de 181 entidades activas para no confundir situación jurídica.,,,,,2026-09-28,,,,,,Federal,Federal,Secretaría de Turismo,Empresa de participación estatal mayoritaria,En proceso de desincorporación,B-9,Situación jurídica especial · estructura interna no desagregada,Turismo,0,0,0,0,1,0,2
para-status-010,"FONATUR Tren Maya, S.A. de C.V.","FONATUR Tren Maya, S.A. de C.V.",Poder Ejecutivo,Empresa de participación estatal mayoritaria,para-cat-desinc,Entidades en proceso de desincorporación,4,"Relación de Entidades Paraestatales APF, DOF 12-08-2026",REL_PARA_2026,Relación de las Entidades Paraestatales de la Administración Pública Federal,https://dof.gob.mx/nota_detalle.php?codigo=5796062&fecha=12/08/2026,2026-08-12,Sí,Registro separado del universo de 181 entidades activas para no confundir situación jurídica.,,,,,2026-09-28,,,,,,Federal,Federal,Secretaría de Turismo,Empresa de participación estatal mayoritaria,En proceso de desincorporación,B-10,Situación jurídica especial · estructura interna no desagregada,Turismo,0,0,0,0,1,0,2
para-status-011,Fondo de Empresas Expropiadas del Sector Azucarero,Fondo de Empresas Expropiadas del Sector A,Poder Ejecutivo,Fideicomiso público,para-cat-desinc,Entidades en proceso de desincorporación,4,"Relación de Entidades Paraestatales APF, DOF 12-08-2026",REL_PARA_2026,Relación de las Entidades Paraestatales de la Administración Pública Federal,https://dof.gob.mx/nota_detalle.php?codigo=5796062&fecha=12/08/2026,2026-08-12,Sí,Registro separado del universo de 181 entidades activas para no confundir situación jurídica.,,,,,2026-09-28,,,,,,Federal,Federal,Secretaría de Agricultura y Desarrollo Rural,Fideicomiso público,En proceso de desincorporación,B-11,Situación jurídica especial · estructura interna no desagregada,"Ambiente, energía y recursos",0,0,0,0,1,0,2
para-status-012,"Aerolínea del Estado Mexicano, S.A. de C.V.","Aerolínea del Estado Mexicano, S.A. de C.V",Poder Ejecutivo,Empresa de participación estatal mayoritaria,para-cat-exclusion,Entidades en exclusión de proceso de desincorporación,4,"Relación de Entidades Paraestatales APF, DOF 12-08-2026",REL_PARA_2026,Relación de las Entidades Paraestatales de la Administración Pública Federal,https://dof.gob.mx/nota_detalle.php?codigo=5796062&fecha=12/08/2026,2026-08-12,Sí,Registro separado del universo de 181 entidades activas para no confundir situación jurídica.,,,,,2026-09-28,,,,,,Federal,Federal,Secretaría de la Defensa Nacional,Empresa de participación estatal mayoritaria,Exclusión de proceso de desincorporación,B-12,Situación jurídica especial · estructura interna no desagregada,Seguridad y defensa,0,0,0,0,1,0,2
