id_relacion,origen_id,origen_nombre,tipo_relacion,destino_id,destino_nombre,fuente_nombre,fuente_url,fecha_verificacion,nota
rel-0001,apf-central,Administración Pública Federal Centralizada,jerarquía / adscripción,exec-root,Poder Ejecutivo de la Unión,Ley Orgánica de la Administración Pública Federal,https://www.diputados.gob.mx/LeyesBiblio/pdf/LOAPF.pdf,2026-09-25,Relación padre-hijo utilizada por la estructura navegable.
rel-0002,presidencia,Oficina de la Presidencia de la República,jerarquía / adscripción,apf-central,Administración Pública Federal Centralizada,Ley Orgánica de la Administración Pública Federal,https://www.diputados.gob.mx/LeyesBiblio/pdf/LOAPF.pdf,2026-09-28,Relación padre-hijo utilizada por la estructura navegable.
rel-0003,cjer,Consejería Jurídica del Ejecutivo Federal,jerarquía / adscripción,apf-central,Administración Pública Federal Centralizada,Ley Orgánica de la Administración Pública Federal,https://www.diputados.gob.mx/LeyesBiblio/pdf/LOAPF.pdf,2026-09-28,Relación padre-hijo utilizada por la estructura navegable.
rel-0004,sec-0,Secretaría de Gobernación,jerarquía / adscripción,apf-central,Administración Pública Federal Centralizada,Reglamento Interior de la Secretaría de Gobernación,https://dof.gob.mx/abrirPDF.php?anio=2025&archivo=21032025-VES.pdf&repo=repositorio%2F,2026-09-25,Relación padre-hijo utilizada por la estructura navegable.
rel-0005,sec-1,Secretaría de Relaciones Exteriores,jerarquía / adscripción,apf-central,Administración Pública Federal Centralizada,Ley Orgánica de la Administración Pública Federal,https://www.diputados.gob.mx/LeyesBiblio/pdf/LOAPF.pdf,2026-09-28,Relación padre-hijo utilizada por la estructura navegable.
rel-0006,sec-2,Secretaría de la Defensa Nacional,jerarquía / adscripción,apf-central,Administración Pública Federal Centralizada,Ley Orgánica de la Administración Pública Federal,https://www.diputados.gob.mx/LeyesBiblio/pdf/LOAPF.pdf,2026-09-28,Relación padre-hijo utilizada por la estructura navegable.
rel-0007,sec-3,Secretaría de Marina,jerarquía / adscripción,apf-central,Administración Pública Federal Centralizada,Ley Orgánica de la Administración Pública Federal,https://www.diputados.gob.mx/LeyesBiblio/pdf/LOAPF.pdf,2026-09-28,Relación padre-hijo utilizada por la estructura navegable.
rel-0008,sec-4,Secretaría de Seguridad y Protección Ciudadana,jerarquía / adscripción,apf-central,Administración Pública Federal Centralizada,Ley Orgánica de la Administración Pública Federal,https://www.diputados.gob.mx/LeyesBiblio/pdf/LOAPF.pdf,2026-09-28,Relación padre-hijo utilizada por la estructura navegable.
rel-0009,sec-5,Secretaría de Hacienda y Crédito Público,jerarquía / adscripción,apf-central,Administración Pública Federal Centralizada,Decreto de reforma al Reglamento Interior de la Secretaría de Hacienda y Crédito Público,https://www.dof.gob.mx/nota_detalle.php?codigo=5750009&fecha=24/02/2025,2026-09-25,Relación padre-hijo utilizada por la estructura navegable.
rel-0010,sec-6,Secretaría de Bienestar,jerarquía / adscripción,apf-central,Administración Pública Federal Centralizada,Ley Orgánica de la Administración Pública Federal,https://www.diputados.gob.mx/LeyesBiblio/pdf/LOAPF.pdf,2026-09-28,Relación padre-hijo utilizada por la estructura navegable.
rel-0011,sec-7,Secretaría de Medio Ambiente y Recursos Naturales,jerarquía / adscripción,apf-central,Administración Pública Federal Centralizada,Reglamento Interior de la Secretaría de Medio Ambiente y Recursos Naturales,https://www.dof.gob.mx/abrirPDF.php?anio=2025&archivo=14032025-MAT.pdf&repo=repositorio%2F,2026-09-25,Relación padre-hijo utilizada por la estructura navegable.
rel-0012,sec-8,Secretaría de Energía,jerarquía / adscripción,apf-central,Administración Pública Federal Centralizada,Ley Orgánica de la Administración Pública Federal,https://www.diputados.gob.mx/LeyesBiblio/pdf/LOAPF.pdf,2026-09-25,Relación padre-hijo utilizada por la estructura navegable.
rel-0013,sec-9,Secretaría de Economía,jerarquía / adscripción,apf-central,Administración Pública Federal Centralizada,Ley Orgánica de la Administración Pública Federal,https://www.diputados.gob.mx/LeyesBiblio/pdf/LOAPF.pdf,2026-09-28,Relación padre-hijo utilizada por la estructura navegable.
rel-0014,sec-10,Secretaría de Agricultura y Desarrollo Rural,jerarquía / adscripción,apf-central,Administración Pública Federal Centralizada,Ley Orgánica de la Administración Pública Federal,https://www.diputados.gob.mx/LeyesBiblio/pdf/LOAPF.pdf,2026-09-28,Relación padre-hijo utilizada por la estructura navegable.
rel-0015,sec-11,"Secretaría de Infraestructura, Comunicaciones y Transportes",jerarquía / adscripción,apf-central,Administración Pública Federal Centralizada,"Reglamento Interior de la Secretaría de Infraestructura, Comunicaciones y Transportes",https://www.dof.gob.mx/abrirPDF.php?anio=2026&archivo=09062026-VES.pdf&repo=repositorio%2F,2026-09-25,Relación padre-hijo utilizada por la estructura navegable.
rel-0016,sec-12,Secretaría Anticorrupción y Buen Gobierno,jerarquía / adscripción,apf-central,Administración Pública Federal Centralizada,Reforma al Reglamento Interior de la Secretaría Anticorrupción y Buen Gobierno,https://dof.gob.mx/nota_detalle.php?codigo=5752650&fecha=21/03/2025,2026-09-25,Relación padre-hijo utilizada por la estructura navegable.
rel-0017,sec-13,Secretaría de Educación Pública,jerarquía / adscripción,apf-central,Administración Pública Federal Centralizada,Reforma al Reglamento Interior de la Secretaría de Educación Pública,https://www.dof.gob.mx/nota_detalle.php?codigo=5769097&fecha=03/10/2025,2026-09-25,Relación padre-hijo utilizada por la estructura navegable.
rel-0018,sec-14,"Secretaría de Ciencia, Humanidades, Tecnología e Innovación",jerarquía / adscripción,apf-central,Administración Pública Federal Centralizada,Ley Orgánica de la Administración Pública Federal,https://www.diputados.gob.mx/LeyesBiblio/pdf/LOAPF.pdf,2026-09-28,Relación padre-hijo utilizada por la estructura navegable.
rel-0019,sec-15,Secretaría de Salud,jerarquía / adscripción,apf-central,Administración Pública Federal Centralizada,Ley Orgánica de la Administración Pública Federal,https://www.diputados.gob.mx/LeyesBiblio/pdf/LOAPF.pdf,2026-09-25,Relación padre-hijo utilizada por la estructura navegable.
rel-0020,sec-16,Secretaría del Trabajo y Previsión Social,jerarquía / adscripción,apf-central,Administración Pública Federal Centralizada,Ley Orgánica de la Administración Pública Federal,https://www.diputados.gob.mx/LeyesBiblio/pdf/LOAPF.pdf,2026-09-28,Relación padre-hijo utilizada por la estructura navegable.
rel-0021,sec-17,"Secretaría de Desarrollo Agrario, Territorial y Urbano",jerarquía / adscripción,apf-central,Administración Pública Federal Centralizada,Ley Orgánica de la Administración Pública Federal,https://www.diputados.gob.mx/LeyesBiblio/pdf/LOAPF.pdf,2026-09-28,Relación padre-hijo utilizada por la estructura navegable.
rel-0022,sec-18,Secretaría de Cultura,jerarquía / adscripción,apf-central,Administración Pública Federal Centralizada,Ley Orgánica de la Administración Pública Federal,https://www.diputados.gob.mx/LeyesBiblio/pdf/LOAPF.pdf,2026-09-28,Relación padre-hijo utilizada por la estructura navegable.
rel-0023,sec-19,Secretaría de Turismo,jerarquía / adscripción,apf-central,Administración Pública Federal Centralizada,Ley Orgánica de la Administración Pública Federal,https://www.diputados.gob.mx/LeyesBiblio/pdf/LOAPF.pdf,2026-09-28,Relación padre-hijo utilizada por la estructura navegable.
rel-0024,sec-20,Secretaría de las Mujeres,jerarquía / adscripción,apf-central,Administración Pública Federal Centralizada,Ley Orgánica de la Administración Pública Federal,https://www.diputados.gob.mx/LeyesBiblio/pdf/LOAPF.pdf,2026-09-25,Relación padre-hijo utilizada por la estructura navegable.
rel-0025,sec-21,Agencia de Transformación Digital y Telecomunicaciones,jerarquía / adscripción,apf-central,Administración Pública Federal Centralizada,Ley Orgánica de la Administración Pública Federal,https://www.diputados.gob.mx/LeyesBiblio/pdf/LOAPF.pdf,2026-09-25,Relación padre-hijo utilizada por la estructura navegable.
rel-0026,apf-para,Administración Pública Federal Paraestatal,jerarquía / adscripción,exec-root,Poder Ejecutivo de la Unión,Relación de las Entidades Paraestatales de la Administración Pública Federal,https://dof.gob.mx/nota_detalle.php?codigo=5796062&fecha=12/08/2026,2026-09-28,Relación padre-hijo utilizada por la estructura navegable.
rel-0027,dip,Cámara de Diputados,jerarquía / adscripción,leg-root,Congreso General de los Estados Unidos Mexicanos,Constitución Política de los Estados Unidos Mexicanos,https://www.diputados.gob.mx/LeyesBiblio/pdf/CPEUM.pdf,2026-09-25,Relación padre-hijo utilizada por la estructura navegable.
rel-0028,sen,Cámara de Senadores,jerarquía / adscripción,leg-root,Congreso General de los Estados Unidos Mexicanos,Constitución Política de los Estados Unidos Mexicanos,https://www.diputados.gob.mx/LeyesBiblio/pdf/CPEUM.pdf,2026-09-25,Relación padre-hijo utilizada por la estructura navegable.
rel-0029,jud-0,Suprema Corte de Justicia de la Nación,jerarquía / adscripción,jud-root,Poder Judicial de la Federación,Constitución Política de los Estados Unidos Mexicanos,https://www.diputados.gob.mx/LeyesBiblio/pdf/CPEUM.pdf,2026-09-25,Relación padre-hijo utilizada por la estructura navegable.
rel-0030,jud-1,Tribunal Electoral,jerarquía / adscripción,jud-root,Poder Judicial de la Federación,Constitución Política de los Estados Unidos Mexicanos,https://www.diputados.gob.mx/LeyesBiblio/pdf/CPEUM.pdf,2026-09-25,Relación padre-hijo utilizada por la estructura navegable.
rel-0031,jud-2,Plenos Regionales,jerarquía / adscripción,jud-root,Poder Judicial de la Federación,Constitución Política de los Estados Unidos Mexicanos,https://www.diputados.gob.mx/LeyesBiblio/pdf/CPEUM.pdf,2026-09-25,Relación padre-hijo utilizada por la estructura navegable.
rel-0032,jud-3,Tribunales Colegiados de Circuito,jerarquía / adscripción,jud-root,Poder Judicial de la Federación,Constitución Política de los Estados Unidos Mexicanos,https://www.diputados.gob.mx/LeyesBiblio/pdf/CPEUM.pdf,2026-09-25,Relación padre-hijo utilizada por la estructura navegable.
rel-0033,jud-4,Tribunales Colegiados de Apelación,jerarquía / adscripción,jud-root,Poder Judicial de la Federación,Constitución Política de los Estados Unidos Mexicanos,https://www.diputados.gob.mx/LeyesBiblio/pdf/CPEUM.pdf,2026-09-25,Relación padre-hijo utilizada por la estructura navegable.
rel-0034,jud-5,Juzgados de Distrito,jerarquía / adscripción,jud-root,Poder Judicial de la Federación,Constitución Política de los Estados Unidos Mexicanos,https://www.diputados.gob.mx/LeyesBiblio/pdf/CPEUM.pdf,2026-09-25,Relación padre-hijo utilizada por la estructura navegable.
rel-0035,state-0,Aguascalientes,jerarquía / adscripción,fed-root,Entidades federativas,Constitución Política de los Estados Unidos Mexicanos,https://www.diputados.gob.mx/LeyesBiblio/pdf/CPEUM.pdf,2026-09-25,Relación padre-hijo utilizada por la estructura navegable.
rel-0036,state-1,Baja California,jerarquía / adscripción,fed-root,Entidades federativas,Constitución Política de los Estados Unidos Mexicanos,https://www.diputados.gob.mx/LeyesBiblio/pdf/CPEUM.pdf,2026-09-25,Relación padre-hijo utilizada por la estructura navegable.
rel-0037,state-2,Baja California Sur,jerarquía / adscripción,fed-root,Entidades federativas,Constitución Política de los Estados Unidos Mexicanos,https://www.diputados.gob.mx/LeyesBiblio/pdf/CPEUM.pdf,2026-09-25,Relación padre-hijo utilizada por la estructura navegable.
rel-0038,state-3,Campeche,jerarquía / adscripción,fed-root,Entidades federativas,Constitución Política de los Estados Unidos Mexicanos,https://www.diputados.gob.mx/LeyesBiblio/pdf/CPEUM.pdf,2026-09-25,Relación padre-hijo utilizada por la estructura navegable.
rel-0039,state-4,Coahuila de Zaragoza,jerarquía / adscripción,fed-root,Entidades federativas,Constitución Política de los Estados Unidos Mexicanos,https://www.diputados.gob.mx/LeyesBiblio/pdf/CPEUM.pdf,2026-09-25,Relación padre-hijo utilizada por la estructura navegable.
rel-0040,state-5,Colima,jerarquía / adscripción,fed-root,Entidades federativas,Constitución Política de los Estados Unidos Mexicanos,https://www.diputados.gob.mx/LeyesBiblio/pdf/CPEUM.pdf,2026-09-25,Relación padre-hijo utilizada por la estructura navegable.
rel-0041,state-6,Chiapas,jerarquía / adscripción,fed-root,Entidades federativas,Constitución Política de los Estados Unidos Mexicanos,https://www.diputados.gob.mx/LeyesBiblio/pdf/CPEUM.pdf,2026-09-25,Relación padre-hijo utilizada por la estructura navegable.
rel-0042,state-7,Chihuahua,jerarquía / adscripción,fed-root,Entidades federativas,Constitución Política de los Estados Unidos Mexicanos,https://www.diputados.gob.mx/LeyesBiblio/pdf/CPEUM.pdf,2026-09-25,Relación padre-hijo utilizada por la estructura navegable.
rel-0043,state-8,Durango,jerarquía / adscripción,fed-root,Entidades federativas,Constitución Política de los Estados Unidos Mexicanos,https://www.diputados.gob.mx/LeyesBiblio/pdf/CPEUM.pdf,2026-09-25,Relación padre-hijo utilizada por la estructura navegable.
rel-0044,state-9,Guanajuato,jerarquía / adscripción,fed-root,Entidades federativas,Constitución Política de los Estados Unidos Mexicanos,https://www.diputados.gob.mx/LeyesBiblio/pdf/CPEUM.pdf,2026-09-25,Relación padre-hijo utilizada por la estructura navegable.
rel-0045,state-10,Guerrero,jerarquía / adscripción,fed-root,Entidades federativas,Constitución Política de los Estados Unidos Mexicanos,https://www.diputados.gob.mx/LeyesBiblio/pdf/CPEUM.pdf,2026-09-25,Relación padre-hijo utilizada por la estructura navegable.
rel-0046,state-11,Hidalgo,jerarquía / adscripción,fed-root,Entidades federativas,Constitución Política de los Estados Unidos Mexicanos,https://www.diputados.gob.mx/LeyesBiblio/pdf/CPEUM.pdf,2026-09-25,Relación padre-hijo utilizada por la estructura navegable.
rel-0047,state-12,Jalisco,jerarquía / adscripción,fed-root,Entidades federativas,Constitución Política de los Estados Unidos Mexicanos,https://www.diputados.gob.mx/LeyesBiblio/pdf/CPEUM.pdf,2026-09-25,Relación padre-hijo utilizada por la estructura navegable.
rel-0048,state-13,México,jerarquía / adscripción,fed-root,Entidades federativas,Constitución Política de los Estados Unidos Mexicanos,https://www.diputados.gob.mx/LeyesBiblio/pdf/CPEUM.pdf,2026-09-25,Relación padre-hijo utilizada por la estructura navegable.
rel-0049,state-14,Michoacán de Ocampo,jerarquía / adscripción,fed-root,Entidades federativas,Constitución Política de los Estados Unidos Mexicanos,https://www.diputados.gob.mx/LeyesBiblio/pdf/CPEUM.pdf,2026-09-25,Relación padre-hijo utilizada por la estructura navegable.
rel-0050,state-15,Morelos,jerarquía / adscripción,fed-root,Entidades federativas,Constitución Política de los Estados Unidos Mexicanos,https://www.diputados.gob.mx/LeyesBiblio/pdf/CPEUM.pdf,2026-09-25,Relación padre-hijo utilizada por la estructura navegable.
rel-0051,state-16,Nayarit,jerarquía / adscripción,fed-root,Entidades federativas,Constitución Política de los Estados Unidos Mexicanos,https://www.diputados.gob.mx/LeyesBiblio/pdf/CPEUM.pdf,2026-09-25,Relación padre-hijo utilizada por la estructura navegable.
rel-0052,state-17,Nuevo León,jerarquía / adscripción,fed-root,Entidades federativas,Constitución Política de los Estados Unidos Mexicanos,https://www.diputados.gob.mx/LeyesBiblio/pdf/CPEUM.pdf,2026-09-25,Relación padre-hijo utilizada por la estructura navegable.
rel-0053,state-18,Oaxaca,jerarquía / adscripción,fed-root,Entidades federativas,Constitución Política de los Estados Unidos Mexicanos,https://www.diputados.gob.mx/LeyesBiblio/pdf/CPEUM.pdf,2026-09-25,Relación padre-hijo utilizada por la estructura navegable.
rel-0054,state-19,Puebla,jerarquía / adscripción,fed-root,Entidades federativas,Constitución Política de los Estados Unidos Mexicanos,https://www.diputados.gob.mx/LeyesBiblio/pdf/CPEUM.pdf,2026-09-25,Relación padre-hijo utilizada por la estructura navegable.
rel-0055,state-20,Querétaro,jerarquía / adscripción,fed-root,Entidades federativas,Constitución Política de los Estados Unidos Mexicanos,https://www.diputados.gob.mx/LeyesBiblio/pdf/CPEUM.pdf,2026-09-25,Relación padre-hijo utilizada por la estructura navegable.
rel-0056,state-21,Quintana Roo,jerarquía / adscripción,fed-root,Entidades federativas,Constitución Política de los Estados Unidos Mexicanos,https://www.diputados.gob.mx/LeyesBiblio/pdf/CPEUM.pdf,2026-09-25,Relación padre-hijo utilizada por la estructura navegable.
rel-0057,state-22,San Luis Potosí,jerarquía / adscripción,fed-root,Entidades federativas,Constitución Política de los Estados Unidos Mexicanos,https://www.diputados.gob.mx/LeyesBiblio/pdf/CPEUM.pdf,2026-09-25,Relación padre-hijo utilizada por la estructura navegable.
rel-0058,state-23,Sinaloa,jerarquía / adscripción,fed-root,Entidades federativas,Constitución Política de los Estados Unidos Mexicanos,https://www.diputados.gob.mx/LeyesBiblio/pdf/CPEUM.pdf,2026-09-25,Relación padre-hijo utilizada por la estructura navegable.
rel-0059,state-24,Sonora,jerarquía / adscripción,fed-root,Entidades federativas,Constitución Política de los Estados Unidos Mexicanos,https://www.diputados.gob.mx/LeyesBiblio/pdf/CPEUM.pdf,2026-09-25,Relación padre-hijo utilizada por la estructura navegable.
rel-0060,state-25,Tabasco,jerarquía / adscripción,fed-root,Entidades federativas,Constitución Política de los Estados Unidos Mexicanos,https://www.diputados.gob.mx/LeyesBiblio/pdf/CPEUM.pdf,2026-09-25,Relación padre-hijo utilizada por la estructura navegable.
rel-0061,state-26,Tamaulipas,jerarquía / adscripción,fed-root,Entidades federativas,Constitución Política de los Estados Unidos Mexicanos,https://www.diputados.gob.mx/LeyesBiblio/pdf/CPEUM.pdf,2026-09-25,Relación padre-hijo utilizada por la estructura navegable.
rel-0062,state-27,Tlaxcala,jerarquía / adscripción,fed-root,Entidades federativas,Constitución Política de los Estados Unidos Mexicanos,https://www.diputados.gob.mx/LeyesBiblio/pdf/CPEUM.pdf,2026-09-25,Relación padre-hijo utilizada por la estructura navegable.
rel-0063,state-28,Veracruz de Ignacio de la Llave,jerarquía / adscripción,fed-root,Entidades federativas,Constitución Política de los Estados Unidos Mexicanos,https://www.diputados.gob.mx/LeyesBiblio/pdf/CPEUM.pdf,2026-09-25,Relación padre-hijo utilizada por la estructura navegable.
rel-0064,state-29,Yucatán,jerarquía / adscripción,fed-root,Entidades federativas,Constitución Política de los Estados Unidos Mexicanos,https://www.diputados.gob.mx/LeyesBiblio/pdf/CPEUM.pdf,2026-09-25,Relación padre-hijo utilizada por la estructura navegable.
rel-0065,state-30,Zacatecas,jerarquía / adscripción,fed-root,Entidades federativas,Constitución Política de los Estados Unidos Mexicanos,https://www.diputados.gob.mx/LeyesBiblio/pdf/CPEUM.pdf,2026-09-25,Relación padre-hijo utilizada por la estructura navegable.
rel-0066,state-31,Ciudad de México,jerarquía / adscripción,fed-root,Entidades federativas,Constitución Política de los Estados Unidos Mexicanos,https://www.diputados.gob.mx/LeyesBiblio/pdf/CPEUM.pdf,2026-09-25,Relación padre-hijo utilizada por la estructura navegable.
rel-0067,jud-tdj,Tribunal de Disciplina Judicial,jerarquía / adscripción,jud-root,Poder Judicial de la Federación,Constitución Política de los Estados Unidos Mexicanos,https://www.diputados.gob.mx/LeyesBiblio/pdf/CPEUM.pdf,2026-09-25,Relación padre-hijo utilizada por la estructura navegable.
rel-0068,jud-oaj,Órgano de Administración Judicial,jerarquía / adscripción,jud-root,Poder Judicial de la Federación,Constitución Política de los Estados Unidos Mexicanos,https://www.diputados.gob.mx/LeyesBiblio/pdf/CPEUM.pdf,2026-09-25,Relación padre-hijo utilizada por la estructura navegable.
rel-0069,muj-uaj,Unidad de Asuntos Jurídicos,jerarquía / adscripción,sec-20,Secretaría de las Mujeres,Manual de Organización General de la Secretaría de las Mujeres,https://www.dof.gob.mx/nota_detalle.php?codigo=5785056&fecha=16/04/2026,2026-09-25,Relación padre-hijo utilizada por la estructura navegable.
rel-0070,muj-dgcs,Dirección General de Comunicación Social,jerarquía / adscripción,sec-20,Secretaría de las Mujeres,Manual de Organización General de la Secretaría de las Mujeres,https://www.dof.gob.mx/nota_detalle.php?codigo=5785056&fecha=16/04/2026,2026-09-25,Relación padre-hijo utilizada por la estructura navegable.
rel-0071,muj-cgvs,Coordinación General de Vinculación y Seguimiento,jerarquía / adscripción,sec-20,Secretaría de las Mujeres,Manual de Organización General de la Secretaría de las Mujeres,https://www.dof.gob.mx/nota_detalle.php?codigo=5785056&fecha=16/04/2026,2026-09-25,Relación padre-hijo utilizada por la estructura navegable.
rel-0072,muj-dgct,Dirección General de Cooperación Técnica,jerarquía / adscripción,muj-cgvs,Coordinación General de Vinculación y Seguimiento,Manual de Organización General de la Secretaría de las Mujeres,https://www.dof.gob.mx/nota_detalle.php?codigo=5785056&fecha=16/04/2026,2026-09-25,Relación padre-hijo utilizada por la estructura navegable.
rel-0073,muj-dgipeef,Dirección General de Implementación de Proyectos Estratégicos en las Entidades Federativas,jerarquía / adscripción,muj-cgvs,Coordinación General de Vinculación y Seguimiento,Manual de Organización General de la Secretaría de las Mujeres,https://www.dof.gob.mx/nota_detalle.php?codigo=5785056&fecha=16/04/2026,2026-09-25,Relación padre-hijo utilizada por la estructura navegable.
rel-0074,muj-dgrivps,"Dirección General de Relaciones Interinstitucionales, Vinculación Política y Social",jerarquía / adscripción,muj-cgvs,Coordinación General de Vinculación y Seguimiento,Manual de Organización General de la Secretaría de las Mujeres,https://www.dof.gob.mx/nota_detalle.php?codigo=5785056&fecha=16/04/2026,2026-09-25,Relación padre-hijo utilizada por la estructura navegable.
rel-0075,muj-dgiipe,"Dirección General de Inteligencia, Innovación y Planeación Estratégica para la Mejora Continua de los Programas",jerarquía / adscripción,sec-20,Secretaría de las Mujeres,Manual de Organización General de la Secretaría de las Mujeres,https://www.dof.gob.mx/nota_detalle.php?codigo=5785056&fecha=16/04/2026,2026-09-25,Relación padre-hijo utilizada por la estructura navegable.
rel-0076,muj-sis,Subsecretaría de Igualdad Sustantiva,jerarquía / adscripción,sec-20,Secretaría de las Mujeres,Manual de Organización General de la Secretaría de las Mujeres,https://www.dof.gob.mx/nota_detalle.php?codigo=5785056&fecha=16/04/2026,2026-09-25,Relación padre-hijo utilizada por la estructura navegable.
rel-0077,muj-dgipni,Dirección General de los Instrumentos de la Política Nacional de Igualdad,jerarquía / adscripción,muj-sis,Subsecretaría de Igualdad Sustantiva,Manual de Organización General de la Secretaría de las Mujeres,https://www.dof.gob.mx/nota_detalle.php?codigo=5785056&fecha=16/04/2026,2026-09-25,Relación padre-hijo utilizada por la estructura navegable.
rel-0078,muj-dgddm,Dirección General de los Derechos y la Dignificación de las Mujeres,jerarquía / adscripción,muj-sis,Subsecretaría de Igualdad Sustantiva,Manual de Organización General de la Secretaría de las Mujeres,https://www.dof.gob.mx/nota_detalle.php?codigo=5785056&fecha=16/04/2026,2026-09-25,Relación padre-hijo utilizada por la estructura navegable.
rel-0079,muj-svlv,Subsecretaría del Derecho a una Vida Libre de Violencias,jerarquía / adscripción,sec-20,Secretaría de las Mujeres,Manual de Organización General de la Secretaría de las Mujeres,https://www.dof.gob.mx/nota_detalle.php?codigo=5785056&fecha=16/04/2026,2026-09-25,Relación padre-hijo utilizada por la estructura navegable.
rel-0080,muj-dgpp,Dirección General de Políticas de Prevención,jerarquía / adscripción,muj-svlv,Subsecretaría del Derecho a una Vida Libre de Violencias,Manual de Organización General de la Secretaría de las Mujeres,https://www.dof.gob.mx/nota_detalle.php?codigo=5785056&fecha=16/04/2026,2026-09-25,Relación padre-hijo utilizada por la estructura navegable.
rel-0081,muj-dgpavlv,Dirección General de Políticas de Acceso a una Vida Libre de Violencias,jerarquía / adscripción,muj-svlv,Subsecretaría del Derecho a una Vida Libre de Violencias,Manual de Organización General de la Secretaría de las Mujeres,https://www.dof.gob.mx/nota_detalle.php?codigo=5785056&fecha=16/04/2026,2026-09-25,Relación padre-hijo utilizada por la estructura navegable.
rel-0082,muj-dgaaj,Dirección General de Atención y Acceso a la Justicia,jerarquía / adscripción,muj-svlv,Subsecretaría del Derecho a una Vida Libre de Violencias,Manual de Organización General de la Secretaría de las Mujeres,https://www.dof.gob.mx/nota_detalle.php?codigo=5785056&fecha=16/04/2026,2026-09-25,Relación padre-hijo utilizada por la estructura navegable.
rel-0083,muj-uaf,Unidad de Administración y Finanzas,jerarquía / adscripción,sec-20,Secretaría de las Mujeres,Manual de Organización General de la Secretaría de las Mujeres,https://www.dof.gob.mx/nota_detalle.php?codigo=5785056&fecha=16/04/2026,2026-09-25,Relación padre-hijo utilizada por la estructura navegable.
rel-0084,sener-spte,Subsecretaría de Planeación y Transición Energética,jerarquía / adscripción,sec-8,Secretaría de Energía,Manual de Organización General de la Secretaría de Energía,https://www.dof.gob.mx/abrirPDF.php?anio=2026&archivo=27042026-MAT.pdf&repo=,2026-09-25,Relación padre-hijo utilizada por la estructura navegable.
rel-0085,sener-snie,Unidad del Sistema Nacional de Información Energética,jerarquía / adscripción,sener-spte,Subsecretaría de Planeación y Transición Energética,Reglamento Interior de la Secretaría de Energía,https://www.dof.gob.mx/nota_detalle.php?codigo=5755222&fecha=17/04/2025,2026-09-25,Relación padre-hijo utilizada por la estructura navegable.
rel-0086,sener-dgrig,Dirección General de Registros e Información Geoespacial del Sistema Nacional de Información Energética,jerarquía / adscripción,sener-snie,Unidad del Sistema Nacional de Información Energética,Reglamento Interior de la Secretaría de Energía,https://www.dof.gob.mx/nota_detalle.php?codigo=5755222&fecha=17/04/2025,2026-09-25,Relación padre-hijo utilizada por la estructura navegable.
rel-0087,sener-dgmes,Dirección General de Metodologías y Estadísticas del Sistema Nacional de Información Energética,jerarquía / adscripción,sener-snie,Unidad del Sistema Nacional de Información Energética,Reglamento Interior de la Secretaría de Energía,https://www.dof.gob.mx/nota_detalle.php?codigo=5755222&fecha=17/04/2025,2026-09-25,Relación padre-hijo utilizada por la estructura navegable.
rel-0088,sener-dgpie,Dirección General de Planeación e Integración Energética,jerarquía / adscripción,sener-spte,Subsecretaría de Planeación y Transición Energética,Reglamento Interior de la Secretaría de Energía,https://www.dof.gob.mx/nota_detalle.php?codigo=5755222&fecha=17/04/2025,2026-09-25,Relación padre-hijo utilizada por la estructura navegable.
rel-0089,sener-dger,Dirección General de Energías Renovables,jerarquía / adscripción,sener-spte,Subsecretaría de Planeación y Transición Energética,Reglamento Interior de la Secretaría de Energía,https://www.dof.gob.mx/nota_detalle.php?codigo=5755222&fecha=17/04/2025,2026-09-25,Relación padre-hijo utilizada por la estructura navegable.
rel-0090,sener-dgese,Dirección General de Eficiencia y Sustentabilidad Energética,jerarquía / adscripción,sener-spte,Subsecretaría de Planeación y Transición Energética,Reglamento Interior de la Secretaría de Energía,https://www.dof.gob.mx/nota_detalle.php?codigo=5755222&fecha=17/04/2025,2026-09-25,Relación padre-hijo utilizada por la estructura navegable.
rel-0091,sener-dgte,Dirección General de Transición Energética,jerarquía / adscripción,sener-spte,Subsecretaría de Planeación y Transición Energética,Reglamento Interior de la Secretaría de Energía,https://www.dof.gob.mx/nota_detalle.php?codigo=5755222&fecha=17/04/2025,2026-09-25,Relación padre-hijo utilizada por la estructura navegable.
rel-0092,sener-dgdtae,Dirección General de Desarrollo Tecnológico y Acceso a la Energía,jerarquía / adscripción,sener-spte,Subsecretaría de Planeación y Transición Energética,Reglamento Interior de la Secretaría de Energía,https://www.dof.gob.mx/nota_detalle.php?codigo=5755222&fecha=17/04/2025,2026-09-25,Relación padre-hijo utilizada por la estructura navegable.
rel-0093,sener-se,Subsecretaría de Electricidad,jerarquía / adscripción,sec-8,Secretaría de Energía,Manual de Organización General de la Secretaría de Energía,https://www.dof.gob.mx/abrirPDF.php?anio=2026&archivo=27042026-MAT.pdf&repo=,2026-09-25,Relación padre-hijo utilizada por la estructura navegable.
rel-0094,sener-usen,Unidad del Sistema Eléctrico Nacional y Política Nuclear,jerarquía / adscripción,sener-se,Subsecretaría de Electricidad,Reglamento Interior de la Secretaría de Energía,https://www.dof.gob.mx/nota_detalle.php?codigo=5755222&fecha=17/04/2025,2026-09-25,Relación padre-hijo utilizada por la estructura navegable.
rel-0095,sener-dgefsen,Dirección General de Evaluación Financiera de la Unidad del Sistema Eléctrico Nacional y Política Nuclear,jerarquía / adscripción,sener-usen,Unidad del Sistema Eléctrico Nacional y Política Nuclear,Reglamento Interior de la Secretaría de Energía,https://www.dof.gob.mx/nota_detalle.php?codigo=5755222&fecha=17/04/2025,2026-09-25,Relación padre-hijo utilizada por la estructura navegable.
rel-0096,sener-dgcsse,Dirección General de Confiabilidad y Seguridad del Sector Eléctrico,jerarquía / adscripción,sener-se,Subsecretaría de Electricidad,Reglamento Interior de la Secretaría de Energía,https://www.dof.gob.mx/nota_detalle.php?codigo=5755222&fecha=17/04/2025,2026-09-25,Relación padre-hijo utilizada por la estructura navegable.
rel-0097,sener-dgduf,"Dirección General de Distribución, Usos Finales de Energía Eléctrica y Vinculación Social",jerarquía / adscripción,sener-se,Subsecretaría de Electricidad,Reglamento Interior de la Secretaría de Energía,https://www.dof.gob.mx/nota_detalle.php?codigo=5755222&fecha=17/04/2025,2026-09-25,Relación padre-hijo utilizada por la estructura navegable.
rel-0098,sener-dggt,Dirección General de Generación y Transmisión de Energía Eléctrica,jerarquía / adscripción,sener-se,Subsecretaría de Electricidad,Reglamento Interior de la Secretaría de Energía,https://www.dof.gob.mx/nota_detalle.php?codigo=5755222&fecha=17/04/2025,2026-09-25,Relación padre-hijo utilizada por la estructura navegable.
rel-0099,sener-dgaemem,Dirección General de Análisis y Evaluación del Mercado Eléctrico Mayorista,jerarquía / adscripción,sener-se,Subsecretaría de Electricidad,Reglamento Interior de la Secretaría de Energía,https://www.dof.gob.mx/nota_detalle.php?codigo=5755222&fecha=17/04/2025,2026-09-25,Relación padre-hijo utilizada por la estructura navegable.
rel-0100,sener-uaf,Unidad de Administración y Finanzas,jerarquía / adscripción,sec-8,Secretaría de Energía,Manual de Organización General de la Secretaría de Energía,https://www.dof.gob.mx/abrirPDF.php?anio=2026&archivo=27042026-MAT.pdf&repo=,2026-09-25,Relación padre-hijo utilizada por la estructura navegable.
rel-0101,sener-sh,Subsecretaría de Hidrocarburos,jerarquía / adscripción,sec-8,Secretaría de Energía,Manual de Organización General de la Secretaría de Energía,https://www.dof.gob.mx/abrirPDF.php?anio=2026&archivo=27042026-MAT.pdf&repo=,2026-09-25,Relación padre-hijo utilizada por la estructura navegable.
rel-0102,atdt-of,Oficina del titular de la Agencia,jerarquía / adscripción,sec-21,Agencia de Transformación Digital y Telecomunicaciones,Reglamento Interior de la Agencia de Transformación Digital y Telecomunicaciones,https://www.dof.gob.mx/nota_detalle.php?codigo=5747756&fecha=24/01/2025,2026-09-25,Relación padre-hijo utilizada por la estructura navegable.
rel-0103,atdt-upoi,Unidad de Proyectos y Operación Institucional,jerarquía / adscripción,atdt-of,Oficina del titular de la Agencia,Reglamento Interior de la Agencia de Transformación Digital y Telecomunicaciones,https://www.dof.gob.mx/nota_detalle.php?codigo=5747756&fecha=24/01/2025,2026-09-25,Relación padre-hijo utilizada por la estructura navegable.
rel-0104,atdt-dgp,Dirección General de Proyectos,jerarquía / adscripción,atdt-upoi,Unidad de Proyectos y Operación Institucional,Reglamento Interior de la Agencia de Transformación Digital y Telecomunicaciones,https://www.dof.gob.mx/nota_detalle.php?codigo=5747756&fecha=24/01/2025,2026-09-25,Relación padre-hijo utilizada por la estructura navegable.
rel-0105,atdt-dgid,Dirección General de Inteligencia de Datos,jerarquía / adscripción,atdt-of,Oficina del titular de la Agencia,Reglamento Interior de la Agencia de Transformación Digital y Telecomunicaciones,https://www.dof.gob.mx/nota_detalle.php?codigo=5747756&fecha=24/01/2025,2026-09-25,Relación padre-hijo utilizada por la estructura navegable.
rel-0106,atdt-dgj,"Dirección General Jurídica, Cumplimiento Normativo y Gobernanza Tecnológica",jerarquía / adscripción,atdt-of,Oficina del titular de la Agencia,Reglamento Interior de la Agencia de Transformación Digital y Telecomunicaciones,https://www.dof.gob.mx/nota_detalle.php?codigo=5747756&fecha=24/01/2025,2026-09-25,Relación padre-hijo utilizada por la estructura navegable.
rel-0107,atdt-cntd,Coordinación Nacional de Transformación Digital,jerarquía / adscripción,sec-21,Agencia de Transformación Digital y Telecomunicaciones,Reglamento Interior de la Agencia de Transformación Digital y Telecomunicaciones,https://www.dof.gob.mx/nota_detalle.php?codigo=5747756&fecha=24/01/2025,2026-09-25,Relación padre-hijo utilizada por la estructura navegable.
rel-0108,atdt-dggd,Dirección General de Gobierno Digital,jerarquía / adscripción,atdt-cntd,Coordinación Nacional de Transformación Digital,Reglamento Interior de la Agencia de Transformación Digital y Telecomunicaciones,https://www.dof.gob.mx/nota_detalle.php?codigo=5747756&fecha=24/01/2025,2026-09-25,Relación padre-hijo utilizada por la estructura navegable.
rel-0109,atdt-dgsa,Dirección General de Simplificación Administrativa,jerarquía / adscripción,atdt-cntd,Coordinación Nacional de Transformación Digital,Reglamento Interior de la Agencia de Transformación Digital y Telecomunicaciones,https://www.dof.gob.mx/nota_detalle.php?codigo=5747756&fecha=24/01/2025,2026-09-25,Relación padre-hijo utilizada por la estructura navegable.
rel-0110,atdt-dgac,Dirección General de Atención Ciudadana,jerarquía / adscripción,atdt-cntd,Coordinación Nacional de Transformación Digital,Reglamento Interior de la Agencia de Transformación Digital y Telecomunicaciones,https://www.dof.gob.mx/nota_detalle.php?codigo=5747756&fecha=24/01/2025,2026-09-25,Relación padre-hijo utilizada por la estructura navegable.
rel-0111,atdt-dgvi,Dirección General de Vinculación Interinstitucional,jerarquía / adscripción,atdt-cntd,Coordinación Nacional de Transformación Digital,Reglamento Interior de la Agencia de Transformación Digital y Telecomunicaciones,https://www.dof.gob.mx/nota_detalle.php?codigo=5747756&fecha=24/01/2025,2026-09-25,Relación padre-hijo utilizada por la estructura navegable.
rel-0112,atdt-cnid,Coordinación Nacional de Infraestructura Digital,jerarquía / adscripción,sec-21,Agencia de Transformación Digital y Telecomunicaciones,Reglamento Interior de la Agencia de Transformación Digital y Telecomunicaciones,https://www.dof.gob.mx/nota_detalle.php?codigo=5747756&fecha=24/01/2025,2026-09-25,Relación padre-hijo utilizada por la estructura navegable.
rel-0113,atdt-dgcib,Dirección General de Ciberseguridad,jerarquía / adscripción,atdt-cnid,Coordinación Nacional de Infraestructura Digital,Reglamento Interior de la Agencia de Transformación Digital y Telecomunicaciones,https://www.dof.gob.mx/nota_detalle.php?codigo=5747756&fecha=24/01/2025,2026-09-25,Relación padre-hijo utilizada por la estructura navegable.
rel-0114,atdt-dgi,Dirección General de Infraestructura,jerarquía / adscripción,atdt-cnid,Coordinación Nacional de Infraestructura Digital,Reglamento Interior de la Agencia de Transformación Digital y Telecomunicaciones,https://www.dof.gob.mx/nota_detalle.php?codigo=5747756&fecha=24/01/2025,2026-09-25,Relación padre-hijo utilizada por la estructura navegable.
rel-0115,atdt-dgpt,Dirección General de Políticas de Telecomunicaciones,jerarquía / adscripción,atdt-cnid,Coordinación Nacional de Infraestructura Digital,Reglamento Interior de la Agencia de Transformación Digital y Telecomunicaciones,https://www.dof.gob.mx/nota_detalle.php?codigo=5747756&fecha=24/01/2025,2026-09-25,Relación padre-hijo utilizada por la estructura navegable.
rel-0116,atdt-dgsat,Dirección General Satelital,jerarquía / adscripción,atdt-cnid,Coordinación Nacional de Infraestructura Digital,Reglamento Interior de la Agencia de Transformación Digital y Telecomunicaciones,https://www.dof.gob.mx/nota_detalle.php?codigo=5747756&fecha=24/01/2025,2026-09-25,Relación padre-hijo utilizada por la estructura navegable.
rel-0117,atdt-dgaf,Dirección General de Administración y Finanzas,jerarquía / adscripción,sec-21,Agencia de Transformación Digital y Telecomunicaciones,Reglamento Interior de la Agencia de Transformación Digital y Telecomunicaciones,https://www.dof.gob.mx/nota_detalle.php?codigo=5747756&fecha=24/01/2025,2026-09-25,Relación padre-hijo utilizada por la estructura navegable.
rel-0118,atdt-conamer,Comisión Nacional de Mejora Regulatoria,jerarquía / adscripción,sec-21,Agencia de Transformación Digital y Telecomunicaciones,Reglamento Interior de la Agencia de Transformación Digital y Telecomunicaciones,https://www.dof.gob.mx/nota_detalle.php?codigo=5747756&fecha=24/01/2025,2026-09-25,Relación padre-hijo utilizada por la estructura navegable.
rel-0119,atdt-crt,Comisión Reguladora de Telecomunicaciones,jerarquía / adscripción,sec-21,Agencia de Transformación Digital y Telecomunicaciones,Ley en Materia de Telecomunicaciones y Radiodifusión / normativa de la Comisión Reguladora de Telecomunicaciones,https://www.dof.gob.mx/nota_detalle_popup.php?codigo=5783210,2026-09-25,Relación padre-hijo utilizada por la estructura navegable.
rel-0120,sal-siscam,Subsecretaría de Integración Sectorial y Coordinación de Servicios de Atención Médica,jerarquía / adscripción,sec-15,Secretaría de Salud,Reglamento Interior de la Secretaría de Salud,https://www.dof.gob.mx/nota_detalle.php?codigo=5750389&fecha=27/02/2025,2026-09-25,Relación padre-hijo utilizada por la estructura navegable.
rel-0121,sal-psbp,Subsecretaría de Políticas de Salud y Bienestar Poblacional,jerarquía / adscripción,sec-15,Secretaría de Salud,Reglamento Interior de la Secretaría de Salud,https://www.dof.gob.mx/nota_detalle.php?codigo=5750389&fecha=27/02/2025,2026-09-25,Relación padre-hijo utilizada por la estructura navegable.
rel-0122,sal-uaf,Unidad de Administración y Finanzas,jerarquía / adscripción,sec-15,Secretaría de Salud,Reglamento Interior de la Secretaría de Salud,https://www.dof.gob.mx/nota_detalle.php?codigo=5750389&fecha=27/02/2025,2026-09-25,Relación padre-hijo utilizada por la estructura navegable.
rel-0123,sal-ugaj,Unidad General de Asuntos Jurídicos,jerarquía / adscripción,sec-15,Secretaría de Salud,Reglamento Interior de la Secretaría de Salud,https://www.dof.gob.mx/nota_detalle.php?codigo=5750389&fecha=27/02/2025,2026-09-25,Relación padre-hijo utilizada por la estructura navegable.
rel-0124,sal-ccinshae,Comisión Coordinadora de Institutos Nacionales de Salud y Hospitales de Alta Especialidad,jerarquía / adscripción,sec-15,Secretaría de Salud,Reglamento Interior de la Secretaría de Salud,https://www.dof.gob.mx/nota_detalle.php?codigo=5750389&fecha=27/02/2025,2026-09-25,Relación padre-hijo utilizada por la estructura navegable.
rel-0125,sal-ucvps,Unidad Coordinadora de Vinculación y Participación Social,jerarquía / adscripción,sec-15,Secretaría de Salud,Reglamento Interior de la Secretaría de Salud,https://www.dof.gob.mx/nota_detalle.php?codigo=5750389&fecha=27/02/2025,2026-09-25,Relación padre-hijo utilizada por la estructura navegable.
rel-0126,sal-uaeis,Unidad de Análisis Económico e Investigación en Salud,jerarquía / adscripción,sec-15,Secretaría de Salud,Reglamento Interior de la Secretaría de Salud,https://www.dof.gob.mx/nota_detalle.php?codigo=5750389&fecha=27/02/2025,2026-09-25,Relación padre-hijo utilizada por la estructura navegable.
rel-0127,sal-uaais,Unidad de Acceso y Abasto de Insumos para la Salud,jerarquía / adscripción,sec-15,Secretaría de Salud,Reglamento Interior de la Secretaría de Salud,https://www.dof.gob.mx/nota_detalle.php?codigo=5750389&fecha=27/02/2025,2026-09-25,Relación padre-hijo utilizada por la estructura navegable.
rel-0128,segob-subgob,Subsecretaría de Gobernación,jerarquía / adscripción,sec-0,Secretaría de Gobernación,Reglamento Interior de la Secretaría de Gobernación,https://dof.gob.mx/abrirPDF.php?anio=2025&archivo=21032025-VES.pdf&repo=repositorio%2F,2026-09-25,Relación padre-hijo utilizada por la estructura navegable.
rel-0129,segob-subdh,"Subsecretaría de Derechos Humanos, Población y Migración",jerarquía / adscripción,sec-0,Secretaría de Gobernación,Reglamento Interior de la Secretaría de Gobernación,https://dof.gob.mx/abrirPDF.php?anio=2025&archivo=21032025-VES.pdf&repo=repositorio%2F,2026-09-25,Relación padre-hijo utilizada por la estructura navegable.
rel-0130,segob-subpaz,"Subsecretaría de Construcción de Paz, Participación Social y Asuntos Religiosos",jerarquía / adscripción,sec-0,Secretaría de Gobernación,Reglamento Interior de la Secretaría de Gobernación,https://dof.gob.mx/abrirPDF.php?anio=2025&archivo=21032025-VES.pdf&repo=repositorio%2F,2026-09-25,Relación padre-hijo utilizada por la estructura navegable.
rel-0131,segob-upsei,"Unidad de Proyectos, Seguimiento y Evaluación Institucional",jerarquía / adscripción,sec-0,Secretaría de Gobernación,Reglamento Interior de la Secretaría de Gobernación,https://dof.gob.mx/abrirPDF.php?anio=2025&archivo=21032025-VES.pdf&repo=repositorio%2F,2026-09-25,Relación padre-hijo utilizada por la estructura navegable.
rel-0132,segob-ugaj,Unidad General de Asuntos Jurídicos,jerarquía / adscripción,sec-0,Secretaría de Gobernación,Reglamento Interior de la Secretaría de Gobernación,https://dof.gob.mx/abrirPDF.php?anio=2025&archivo=21032025-VES.pdf&repo=repositorio%2F,2026-09-25,Relación padre-hijo utilizada por la estructura navegable.
rel-0133,segob-uaf,Unidad de Administración y Finanzas,jerarquía / adscripción,sec-0,Secretaría de Gobernación,Reglamento Interior de la Secretaría de Gobernación,https://dof.gob.mx/abrirPDF.php?anio=2025&archivo=21032025-VES.pdf&repo=repositorio%2F,2026-09-25,Relación padre-hijo utilizada por la estructura navegable.
rel-0134,segob-dgcs,Dirección General de Comunicación Social,jerarquía / adscripción,sec-0,Secretaría de Gobernación,Reglamento Interior de la Secretaría de Gobernación,https://dof.gob.mx/abrirPDF.php?anio=2025&archivo=21032025-VES.pdf&repo=repositorio%2F,2026-09-25,Relación padre-hijo utilizada por la estructura navegable.
rel-0135,segob-ugob,Unidad de Gobierno,jerarquía / adscripción,segob-subgob,Subsecretaría de Gobernación,Reglamento Interior de la Secretaría de Gobernación,https://dof.gob.mx/abrirPDF.php?anio=2025&archivo=21032025-VES.pdf&repo=repositorio%2F,2026-09-25,Relación padre-hijo utilizada por la estructura navegable.
rel-0136,segob-upiai,Unidad de Política Interior y Análisis de Información,jerarquía / adscripción,segob-subgob,Subsecretaría de Gobernación,Reglamento Interior de la Secretaría de Gobernación,https://dof.gob.mx/abrirPDF.php?anio=2025&archivo=21032025-VES.pdf&repo=repositorio%2F,2026-09-25,Relación padre-hijo utilizada por la estructura navegable.
rel-0137,segob-uenlace,Unidad de Enlace,jerarquía / adscripción,segob-subgob,Subsecretaría de Gobernación,Reglamento Interior de la Secretaría de Gobernación,https://dof.gob.mx/abrirPDF.php?anio=2025&archivo=21032025-VES.pdf&repo=repositorio%2F,2026-09-25,Relación padre-hijo utilizada por la estructura navegable.
rel-0138,segob-unmc,Unidad de Normatividad de Medios de Comunicación,jerarquía / adscripción,segob-subgob,Subsecretaría de Gobernación,Reglamento Interior de la Secretaría de Gobernación,https://dof.gob.mx/abrirPDF.php?anio=2025&archivo=21032025-VES.pdf&repo=repositorio%2F,2026-09-25,Relación padre-hijo utilizada por la estructura navegable.
rel-0139,segob-uaos,Unidad para la Atención de las Organizaciones Sociales,jerarquía / adscripción,segob-subgob,Subsecretaría de Gobernación,Reglamento Interior de la Secretaría de Gobernación,https://dof.gob.mx/abrirPDF.php?anio=2025&archivo=21032025-VES.pdf&repo=repositorio%2F,2026-09-25,Relación padre-hijo utilizada por la estructura navegable.
rel-0140,segob-uddh,Unidad para la Defensa de los Derechos Humanos,jerarquía / adscripción,segob-subdh,"Subsecretaría de Derechos Humanos, Población y Migración",Reglamento Interior de la Secretaría de Gobernación,https://dof.gob.mx/abrirPDF.php?anio=2025&archivo=21032025-VES.pdf&repo=repositorio%2F,2026-09-25,Relación padre-hijo utilizada por la estructura navegable.
rel-0141,segob-upmri,"Unidad de Política Migratoria, Registro e Identidad de Personas",jerarquía / adscripción,segob-subdh,"Subsecretaría de Derechos Humanos, Población y Migración",Reglamento Interior de la Secretaría de Gobernación,https://dof.gob.mx/abrirPDF.php?anio=2025&archivo=21032025-VES.pdf&repo=repositorio%2F,2026-09-25,Relación padre-hijo utilizada por la estructura navegable.
rel-0142,segob-uasj,Unidad de Apoyo al Sistema de Justicia,jerarquía / adscripción,segob-subdh,"Subsecretaría de Derechos Humanos, Población y Migración",Reglamento Interior de la Secretaría de Gobernación,https://dof.gob.mx/abrirPDF.php?anio=2025&archivo=21032025-VES.pdf&repo=repositorio%2F,2026-09-25,Relación padre-hijo utilizada por la estructura navegable.
rel-0143,segob-cdpim,Comisión para el Diálogo con los Pueblos Indígenas de México,jerarquía / adscripción,segob-subdh,"Subsecretaría de Derechos Humanos, Población y Migración",Reglamento Interior de la Secretaría de Gobernación,https://dof.gob.mx/abrirPDF.php?anio=2025&archivo=21032025-VES.pdf&repo=repositorio%2F,2026-09-25,Relación padre-hijo utilizada por la estructura navegable.
rel-0144,segob-ump,Unidad de Mesas de Paz,jerarquía / adscripción,segob-subpaz,"Subsecretaría de Construcción de Paz, Participación Social y Asuntos Religiosos",Reglamento Interior de la Secretaría de Gobernación,https://dof.gob.mx/abrirPDF.php?anio=2025&archivo=21032025-VES.pdf&repo=repositorio%2F,2026-09-25,Relación padre-hijo utilizada por la estructura navegable.
rel-0145,segob-upsc,"Unidad de Participación Social, Consultas y Construcción de Ciudadanía",jerarquía / adscripción,segob-subpaz,"Subsecretaría de Construcción de Paz, Participación Social y Asuntos Religiosos",Reglamento Interior de la Secretaría de Gobernación,https://dof.gob.mx/abrirPDF.php?anio=2025&archivo=21032025-VES.pdf&repo=repositorio%2F,2026-09-25,Relación padre-hijo utilizada por la estructura navegable.
rel-0146,segob-uevdd,"Unidad de Estrategias para la Vinculación, Desarrollo Democrático y Fomento Cívico",jerarquía / adscripción,segob-subpaz,"Subsecretaría de Construcción de Paz, Participación Social y Asuntos Religiosos",Reglamento Interior de la Secretaría de Gobernación,https://dof.gob.mx/abrirPDF.php?anio=2025&archivo=21032025-VES.pdf&repo=repositorio%2F,2026-09-25,Relación padre-hijo utilizada por la estructura navegable.
rel-0147,segob-uar,"Unidad de Asuntos Religiosos, Prevención Social y la Reconstrucción del Tejido Social",jerarquía / adscripción,segob-subpaz,"Subsecretaría de Construcción de Paz, Participación Social y Asuntos Religiosos",Reglamento Interior de la Secretaría de Gobernación,https://dof.gob.mx/abrirPDF.php?anio=2025&archivo=21032025-VES.pdf&repo=repositorio%2F,2026-09-25,Relación padre-hijo utilizada por la estructura navegable.
rel-0148,segob-dgjs,Dirección General de Juegos y Sorteos,jerarquía / adscripción,segob-subpaz,"Subsecretaría de Construcción de Paz, Participación Social y Asuntos Religiosos",Reglamento Interior de la Secretaría de Gobernación,https://dof.gob.mx/abrirPDF.php?anio=2025&archivo=21032025-VES.pdf&repo=repositorio%2F,2026-09-25,Relación padre-hijo utilizada por la estructura navegable.
rel-0149,segob-inafed,Instituto Nacional para el Federalismo y el Desarrollo Municipal,jerarquía / adscripción,segob-subgob,Subsecretaría de Gobernación,Reglamento Interior de la Secretaría de Gobernación,https://dof.gob.mx/abrirPDF.php?anio=2025&archivo=21032025-VES.pdf&repo=repositorio%2F,2026-09-25,Relación padre-hijo utilizada por la estructura navegable.
rel-0150,segob-cepropie,Centro de Producción de Programas Informativos y Especiales,jerarquía / adscripción,segob-subgob,Subsecretaría de Gobernación,Reglamento Interior de la Secretaría de Gobernación,https://dof.gob.mx/abrirPDF.php?anio=2025&archivo=21032025-VES.pdf&repo=repositorio%2F,2026-09-25,Relación padre-hijo utilizada por la estructura navegable.
rel-0151,segob-inm,Instituto Nacional de Migración,jerarquía / adscripción,segob-subdh,"Subsecretaría de Derechos Humanos, Población y Migración",Reglamento Interior de la Secretaría de Gobernación,https://dof.gob.mx/abrirPDF.php?anio=2025&archivo=21032025-VES.pdf&repo=repositorio%2F,2026-09-25,Relación padre-hijo utilizada por la estructura navegable.
rel-0152,segob-conapo,Secretaría Técnica del Consejo Nacional de Población,jerarquía / adscripción,segob-subdh,"Subsecretaría de Derechos Humanos, Población y Migración",Reglamento Interior de la Secretaría de Gobernación,https://dof.gob.mx/abrirPDF.php?anio=2025&archivo=21032025-VES.pdf&repo=repositorio%2F,2026-09-25,Relación padre-hijo utilizada por la estructura navegable.
rel-0153,segob-comar,Coordinación General de la Comisión Mexicana de Ayuda a Refugiados,jerarquía / adscripción,segob-subdh,"Subsecretaría de Derechos Humanos, Población y Migración",Reglamento Interior de la Secretaría de Gobernación,https://dof.gob.mx/abrirPDF.php?anio=2025&archivo=21032025-VES.pdf&repo=repositorio%2F,2026-09-25,Relación padre-hijo utilizada por la estructura navegable.
rel-0154,segob-fronsur,Coordinación para la Atención Integral de la Migración en la Frontera Sur,jerarquía / adscripción,segob-subdh,"Subsecretaría de Derechos Humanos, Población y Migración",Reglamento Interior de la Secretaría de Gobernación,https://dof.gob.mx/abrirPDF.php?anio=2025&archivo=21032025-VES.pdf&repo=repositorio%2F,2026-09-25,Relación padre-hijo utilizada por la estructura navegable.
rel-0155,segob-cnb,Comisión Nacional de Búsqueda de Personas,jerarquía / adscripción,segob-subdh,"Subsecretaría de Derechos Humanos, Población y Migración",Reglamento Interior de la Secretaría de Gobernación,https://dof.gob.mx/abrirPDF.php?anio=2025&archivo=21032025-VES.pdf&repo=repositorio%2F,2026-09-25,Relación padre-hijo utilizada por la estructura navegable.
rel-0156,segob-sipinna,"Secretaría Ejecutiva del Sistema Nacional de Protección Integral de Niñas, Niños y Adolescentes",jerarquía / adscripción,segob-subdh,"Subsecretaría de Derechos Humanos, Población y Migración",Reglamento Interior de la Secretaría de Gobernación,https://dof.gob.mx/abrirPDF.php?anio=2025&archivo=21032025-VES.pdf&repo=repositorio%2F,2026-09-25,Relación padre-hijo utilizada por la estructura navegable.
rel-0157,shcp-subhac,Subsecretaría de Hacienda y Crédito Público,jerarquía / adscripción,sec-5,Secretaría de Hacienda y Crédito Público,Decreto de reforma al Reglamento Interior de la Secretaría de Hacienda y Crédito Público,https://www.dof.gob.mx/nota_detalle.php?codigo=5750009&fecha=24/02/2025,2026-09-25,Relación padre-hijo utilizada por la estructura navegable.
rel-0158,shcp-subing,Subsecretaría de Ingresos,jerarquía / adscripción,sec-5,Secretaría de Hacienda y Crédito Público,Decreto de reforma al Reglamento Interior de la Secretaría de Hacienda y Crédito Público,https://www.dof.gob.mx/nota_detalle.php?codigo=5750009&fecha=24/02/2025,2026-09-25,Relación padre-hijo utilizada por la estructura navegable.
rel-0159,shcp-subeg,Subsecretaría de Egresos,jerarquía / adscripción,sec-5,Secretaría de Hacienda y Crédito Público,Decreto de reforma al Reglamento Interior de la Secretaría de Hacienda y Crédito Público,https://www.dof.gob.mx/nota_detalle.php?codigo=5750009&fecha=24/02/2025,2026-09-25,Relación padre-hijo utilizada por la estructura navegable.
rel-0160,shcp-pff,Procuraduría Fiscal de la Federación,jerarquía / adscripción,sec-5,Secretaría de Hacienda y Crédito Público,Decreto de reforma al Reglamento Interior de la Secretaría de Hacienda y Crédito Público,https://www.dof.gob.mx/nota_detalle.php?codigo=5750009&fecha=24/02/2025,2026-09-25,Relación padre-hijo utilizada por la estructura navegable.
rel-0161,shcp-ucef,Unidad de Coordinación con Entidades Federativas,jerarquía / adscripción,sec-5,Secretaría de Hacienda y Crédito Público,Decreto de reforma al Reglamento Interior de la Secretaría de Hacienda y Crédito Público,https://www.dof.gob.mx/nota_detalle.php?codigo=5750009&fecha=24/02/2025,2026-09-25,Relación padre-hijo utilizada por la estructura navegable.
rel-0162,shcp-uaf,Unidad de Administración y Finanzas,jerarquía / adscripción,sec-5,Secretaría de Hacienda y Crédito Público,Decreto de reforma al Reglamento Interior de la Secretaría de Hacienda y Crédito Público,https://www.dof.gob.mx/nota_detalle.php?codigo=5750009&fecha=24/02/2025,2026-09-25,Relación padre-hijo utilizada por la estructura navegable.
rel-0163,shcp-tesofe,Tesorería de la Federación,jerarquía / adscripción,sec-5,Secretaría de Hacienda y Crédito Público,Decreto de reforma al Reglamento Interior de la Secretaría de Hacienda y Crédito Público,https://www.dof.gob.mx/nota_detalle.php?codigo=5750009&fecha=24/02/2025,2026-09-25,Relación padre-hijo utilizada por la estructura navegable.
rel-0164,shcp-uif,Unidad de Inteligencia Financiera,jerarquía / adscripción,sec-5,Secretaría de Hacienda y Crédito Público,Decreto de reforma al Reglamento Interior de la Secretaría de Hacienda y Crédito Público,https://www.dof.gob.mx/nota_detalle.php?codigo=5750009&fecha=24/02/2025,2026-09-25,Relación padre-hijo utilizada por la estructura navegable.
rel-0165,shcp-ucpaih,Unidad de Crédito Público y Asuntos Internacionales de Hacienda,jerarquía / adscripción,shcp-subhac,Subsecretaría de Hacienda y Crédito Público,Decreto de reforma al Reglamento Interior de la Secretaría de Hacienda y Crédito Público,https://www.dof.gob.mx/nota_detalle.php?codigo=5750009&fecha=24/02/2025,2026-09-25,Relación padre-hijo utilizada por la estructura navegable.
rel-0166,shcp-upehp,Unidad de Planeación Económica de la Hacienda Pública,jerarquía / adscripción,shcp-subhac,Subsecretaría de Hacienda y Crédito Público,Decreto de reforma al Reglamento Interior de la Secretaría de Hacienda y Crédito Público,https://www.dof.gob.mx/nota_detalle.php?codigo=5750009&fecha=24/02/2025,2026-09-25,Relación padre-hijo utilizada por la estructura navegable.
rel-0167,shcp-upit,Unidad de Política de Ingresos Tributarios,jerarquía / adscripción,shcp-subing,Subsecretaría de Ingresos,Decreto de reforma al Reglamento Interior de la Secretaría de Hacienda y Crédito Público,https://www.dof.gob.mx/nota_detalle.php?codigo=5750009&fecha=24/02/2025,2026-09-25,Relación padre-hijo utilizada por la estructura navegable.
rel-0168,shcp-upinth,Unidad de Política de Ingresos no Tributarios y sobre Hidrocarburos,jerarquía / adscripción,shcp-subing,Subsecretaría de Ingresos,Decreto de reforma al Reglamento Interior de la Secretaría de Hacienda y Crédito Público,https://www.dof.gob.mx/nota_detalle.php?codigo=5750009&fecha=24/02/2025,2026-09-25,Relación padre-hijo utilizada por la estructura navegable.
rel-0169,shcp-ult,Unidad de Legislación Tributaria,jerarquía / adscripción,shcp-subing,Subsecretaría de Ingresos,Decreto de reforma al Reglamento Interior de la Secretaría de Hacienda y Crédito Público,https://www.dof.gob.mx/nota_detalle.php?codigo=5750009&fecha=24/02/2025,2026-09-25,Relación padre-hijo utilizada por la estructura navegable.
rel-0170,shcp-uaje,Unidad de Asuntos Jurídicos de Egresos,jerarquía / adscripción,shcp-subeg,Subsecretaría de Egresos,Decreto de reforma al Reglamento Interior de la Secretaría de Hacienda y Crédito Público,https://www.dof.gob.mx/nota_detalle.php?codigo=5750009&fecha=24/02/2025,2026-09-25,Relación padre-hijo utilizada por la estructura navegable.
rel-0171,shcp-udpcsg,"Unidad de Diseño Presupuestario, Control y Seguimiento del Gasto",jerarquía / adscripción,shcp-subeg,Subsecretaría de Egresos,Decreto de reforma al Reglamento Interior de la Secretaría de Hacienda y Crédito Público,https://www.dof.gob.mx/nota_detalle.php?codigo=5750009&fecha=24/02/2025,2026-09-25,Relación padre-hijo utilizada por la estructura navegable.
rel-0172,shcp-ucg,Unidad de Contabilidad Gubernamental,jerarquía / adscripción,shcp-subeg,Subsecretaría de Egresos,Decreto de reforma al Reglamento Interior de la Secretaría de Hacienda y Crédito Público,https://www.dof.gob.mx/nota_detalle.php?codigo=5750009&fecha=24/02/2025,2026-09-25,Relación padre-hijo utilizada por la estructura navegable.
rel-0173,shcp-ui,Unidad de Inversiones,jerarquía / adscripción,shcp-subeg,Subsecretaría de Egresos,Decreto de reforma al Reglamento Interior de la Secretaría de Hacienda y Crédito Público,https://www.dof.gob.mx/nota_detalle.php?codigo=5750009&fecha=24/02/2025,2026-09-25,Relación padre-hijo utilizada por la estructura navegable.
rel-0174,shcp-uper,Unidad de Política y Estrategia para Resultados,jerarquía / adscripción,shcp-subeg,Subsecretaría de Egresos,Decreto de reforma al Reglamento Interior de la Secretaría de Hacienda y Crédito Público,https://www.dof.gob.mx/nota_detalle.php?codigo=5750009&fecha=24/02/2025,2026-09-25,Relación padre-hijo utilizada por la estructura navegable.
rel-0175,shcp-ucacp,Unidad de Control Administrativo y Contrataciones Públicas,jerarquía / adscripción,shcp-subeg,Subsecretaría de Egresos,Decreto de reforma al Reglamento Interior de la Secretaría de Hacienda y Crédito Público,https://www.dof.gob.mx/nota_detalle.php?codigo=5750009&fecha=24/02/2025,2026-09-25,Relación padre-hijo utilizada por la estructura navegable.
rel-0176,shcp-upe,Unidad de Proyectos Especiales,jerarquía / adscripción,shcp-subeg,Subsecretaría de Egresos,Decreto de reforma al Reglamento Interior de la Secretaría de Hacienda y Crédito Público,https://www.dof.gob.mx/nota_detalle.php?codigo=5750009&fecha=24/02/2025,2026-09-25,Relación padre-hijo utilizada por la estructura navegable.
rel-0177,shcp-spffa,Subprocuraduría Fiscal Federal de Amparos,jerarquía / adscripción,shcp-pff,Procuraduría Fiscal de la Federación,Decreto de reforma al Reglamento Interior de la Secretaría de Hacienda y Crédito Público,https://www.dof.gob.mx/nota_detalle.php?codigo=5750009&fecha=24/02/2025,2026-09-25,Relación padre-hijo utilizada por la estructura navegable.
rel-0178,shcp-spfflc,Subprocuraduría Fiscal Federal de Legislación y Consulta,jerarquía / adscripción,shcp-pff,Procuraduría Fiscal de la Federación,Decreto de reforma al Reglamento Interior de la Secretaría de Hacienda y Crédito Público,https://www.dof.gob.mx/nota_detalle.php?codigo=5750009&fecha=24/02/2025,2026-09-25,Relación padre-hijo utilizada por la estructura navegable.
rel-0179,shcp-spffaf,Subprocuraduría Fiscal Federal de Asuntos Financieros,jerarquía / adscripción,shcp-pff,Procuraduría Fiscal de la Federación,Decreto de reforma al Reglamento Interior de la Secretaría de Hacienda y Crédito Público,https://www.dof.gob.mx/nota_detalle.php?codigo=5750009&fecha=24/02/2025,2026-09-25,Relación padre-hijo utilizada por la estructura navegable.
rel-0180,shcp-spffi,Subprocuraduría Fiscal Federal de Investigaciones,jerarquía / adscripción,shcp-pff,Procuraduría Fiscal de la Federación,Decreto de reforma al Reglamento Interior de la Secretaría de Hacienda y Crédito Público,https://www.dof.gob.mx/nota_detalle.php?codigo=5750009&fecha=24/02/2025,2026-09-25,Relación padre-hijo utilizada por la estructura navegable.
rel-0181,shcp-uaf-dgrf,Dirección General de Recursos Financieros,jerarquía / adscripción,shcp-uaf,Unidad de Administración y Finanzas,Decreto de reforma al Reglamento Interior de la Secretaría de Hacienda y Crédito Público,https://www.dof.gob.mx/nota_detalle.php?codigo=5750009&fecha=24/02/2025,2026-09-25,Relación padre-hijo utilizada por la estructura navegable.
rel-0182,shcp-uaf-dgrh,Dirección General de Recursos Humanos,jerarquía / adscripción,shcp-uaf,Unidad de Administración y Finanzas,Decreto de reforma al Reglamento Interior de la Secretaría de Hacienda y Crédito Público,https://www.dof.gob.mx/nota_detalle.php?codigo=5750009&fecha=24/02/2025,2026-09-25,Relación padre-hijo utilizada por la estructura navegable.
rel-0183,shcp-uaf-dgrmosg,"Dirección General de Recursos Materiales, Obra Pública y Servicios Generales",jerarquía / adscripción,shcp-uaf,Unidad de Administración y Finanzas,Decreto de reforma al Reglamento Interior de la Secretaría de Hacienda y Crédito Público,https://www.dof.gob.mx/nota_detalle.php?codigo=5750009&fecha=24/02/2025,2026-09-25,Relación padre-hijo utilizada por la estructura navegable.
rel-0184,shcp-uaf-dgtiev,Dirección General de Talleres de Impresión de Estampillas y Valores,jerarquía / adscripción,shcp-uaf,Unidad de Administración y Finanzas,Decreto de reforma al Reglamento Interior de la Secretaría de Hacienda y Crédito Público,https://www.dof.gob.mx/nota_detalle.php?codigo=5750009&fecha=24/02/2025,2026-09-25,Relación padre-hijo utilizada por la estructura navegable.
rel-0185,shcp-uaf-dgtsi,Dirección General de Tecnologías y Seguridad de la Información,jerarquía / adscripción,shcp-uaf,Unidad de Administración y Finanzas,Decreto de reforma al Reglamento Interior de la Secretaría de Hacienda y Crédito Público,https://www.dof.gob.mx/nota_detalle.php?codigo=5750009&fecha=24/02/2025,2026-09-25,Relación padre-hijo utilizada por la estructura navegable.
rel-0186,shcp-uaf-cpn,Conservaduría de Palacio Nacional y Patrimonio Cultural,jerarquía / adscripción,shcp-uaf,Unidad de Administración y Finanzas,Decreto de reforma al Reglamento Interior de la Secretaría de Hacienda y Crédito Público,https://www.dof.gob.mx/nota_detalle.php?codigo=5750009&fecha=24/02/2025,2026-09-25,Relación padre-hijo utilizada por la estructura navegable.
rel-0187,shcp-teso-subop,Subtesorería de Operación,jerarquía / adscripción,shcp-tesofe,Tesorería de la Federación,Decreto de reforma al Reglamento Interior de la Secretaría de Hacienda y Crédito Público,https://www.dof.gob.mx/nota_detalle.php?codigo=5750009&fecha=24/02/2025,2026-09-25,Relación padre-hijo utilizada por la estructura navegable.
rel-0188,shcp-teso-subpf,Subtesorería de Planeación Financiera y Administración de la Liquidez,jerarquía / adscripción,shcp-tesofe,Tesorería de la Federación,Decreto de reforma al Reglamento Interior de la Secretaría de Hacienda y Crédito Público,https://www.dof.gob.mx/nota_detalle.php?codigo=5750009&fecha=24/02/2025,2026-09-25,Relación padre-hijo utilizada por la estructura navegable.
rel-0189,shcp-teso-dgaj,Dirección General de Asuntos Jurídicos,jerarquía / adscripción,shcp-tesofe,Tesorería de la Federación,Decreto de reforma al Reglamento Interior de la Secretaría de Hacienda y Crédito Público,https://www.dof.gob.mx/nota_detalle.php?codigo=5750009&fecha=24/02/2025,2026-09-25,Relación padre-hijo utilizada por la estructura navegable.
rel-0190,shcp-teso-cvft,Coordinación de Vigilancia de las Funciones de Tesorería,jerarquía / adscripción,shcp-tesofe,Tesorería de la Federación,Decreto de reforma al Reglamento Interior de la Secretaría de Hacienda y Crédito Público,https://www.dof.gob.mx/nota_detalle.php?codigo=5750009&fecha=24/02/2025,2026-09-25,Relación padre-hijo utilizada por la estructura navegable.
rel-0191,shcp-teso-cpv,Coordinación de Planeación y Vinculación,jerarquía / adscripción,shcp-tesofe,Tesorería de la Federación,Decreto de reforma al Reglamento Interior de la Secretaría de Hacienda y Crédito Público,https://www.dof.gob.mx/nota_detalle.php?codigo=5750009&fecha=24/02/2025,2026-09-25,Relación padre-hijo utilizada por la estructura navegable.
rel-0192,shcp-uif-dgani,Dirección General de Asuntos Normativos e Internacionales,jerarquía / adscripción,shcp-uif,Unidad de Inteligencia Financiera,Decreto de reforma al Reglamento Interior de la Secretaría de Hacienda y Crédito Público,https://www.dof.gob.mx/nota_detalle.php?codigo=5750009&fecha=24/02/2025,2026-09-25,Relación padre-hijo utilizada por la estructura navegable.
rel-0193,shcp-uif-dgpl,Dirección General de Procesos Legales,jerarquía / adscripción,shcp-uif,Unidad de Inteligencia Financiera,Decreto de reforma al Reglamento Interior de la Secretaría de Hacienda y Crédito Público,https://www.dof.gob.mx/nota_detalle.php?codigo=5750009&fecha=24/02/2025,2026-09-25,Relación padre-hijo utilizada por la estructura navegable.
rel-0194,shcp-uif-dgc,Dirección General de lo Contencioso,jerarquía / adscripción,shcp-uif,Unidad de Inteligencia Financiera,Decreto de reforma al Reglamento Interior de la Secretaría de Hacienda y Crédito Público,https://www.dof.gob.mx/nota_detalle.php?codigo=5750009&fecha=24/02/2025,2026-09-25,Relación padre-hijo utilizada por la estructura navegable.
rel-0195,shcp-uif-dglpb,Dirección General de Integración de la Lista de Personas Bloqueadas y Procedimientos de Garantías de Audiencia,jerarquía / adscripción,shcp-uif,Unidad de Inteligencia Financiera,Decreto de reforma al Reglamento Interior de la Secretaría de Hacienda y Crédito Público,https://www.dof.gob.mx/nota_detalle.php?codigo=5750009&fecha=24/02/2025,2026-09-25,Relación padre-hijo utilizada por la estructura navegable.
rel-0196,shcp-uif-dga,Dirección General de Análisis,jerarquía / adscripción,shcp-uif,Unidad de Inteligencia Financiera,Decreto de reforma al Reglamento Interior de la Secretaría de Hacienda y Crédito Público,https://www.dof.gob.mx/nota_detalle.php?codigo=5750009&fecha=24/02/2025,2026-09-25,Relación padre-hijo utilizada por la estructura navegable.
rel-0197,shcp-uif-dgie,Dirección General de Información Estratégica,jerarquía / adscripción,shcp-uif,Unidad de Inteligencia Financiera,Decreto de reforma al Reglamento Interior de la Secretaría de Hacienda y Crédito Público,https://www.dof.gob.mx/nota_detalle.php?codigo=5750009&fecha=24/02/2025,2026-09-25,Relación padre-hijo utilizada por la estructura navegable.
rel-0198,sabg-subbg,Subsecretaría de Buen Gobierno,jerarquía / adscripción,sec-12,Secretaría Anticorrupción y Buen Gobierno,Reforma al Reglamento Interior de la Secretaría Anticorrupción y Buen Gobierno,https://dof.gob.mx/nota_detalle.php?codigo=5752650&fecha=21/03/2025,2026-09-25,Relación padre-hijo utilizada por la estructura navegable.
rel-0199,sabg-subac,Subsecretaría Anticorrupción,jerarquía / adscripción,sec-12,Secretaría Anticorrupción y Buen Gobierno,Reforma al Reglamento Interior de la Secretaría Anticorrupción y Buen Gobierno,https://dof.gob.mx/nota_detalle.php?codigo=5752650&fecha=21/03/2025,2026-09-25,Relación padre-hijo utilizada por la estructura navegable.
rel-0200,sabg-uci,Unidad de Combate a la Impunidad,jerarquía / adscripción,sec-12,Secretaría Anticorrupción y Buen Gobierno,Reforma al Reglamento Interior de la Secretaría Anticorrupción y Buen Gobierno,https://dof.gob.mx/nota_detalle.php?codigo=5752650&fecha=21/03/2025,2026-09-25,Relación padre-hijo utilizada por la estructura navegable.
rel-0201,sabg-uaj,Unidad de Asuntos Jurídicos,jerarquía / adscripción,sec-12,Secretaría Anticorrupción y Buen Gobierno,Reforma al Reglamento Interior de la Secretaría Anticorrupción y Buen Gobierno,https://dof.gob.mx/nota_detalle.php?codigo=5752650&fecha=21/03/2025,2026-09-25,Relación padre-hijo utilizada por la estructura navegable.
rel-0202,sabg-uta,Unidad Técnica de Apoyo,jerarquía / adscripción,sec-12,Secretaría Anticorrupción y Buen Gobierno,Reforma al Reglamento Interior de la Secretaría Anticorrupción y Buen Gobierno,https://dof.gob.mx/nota_detalle.php?codigo=5752650&fecha=21/03/2025,2026-09-25,Relación padre-hijo utilizada por la estructura navegable.
rel-0203,sabg-uaf,Unidad de Administración y Finanzas,jerarquía / adscripción,sec-12,Secretaría Anticorrupción y Buen Gobierno,Reforma al Reglamento Interior de la Secretaría Anticorrupción y Buen Gobierno,https://dof.gob.mx/nota_detalle.php?codigo=5752650&fecha=21/03/2025,2026-09-25,Relación padre-hijo utilizada por la estructura navegable.
rel-0204,sabg-dgt,Dirección General de Transparencia,jerarquía / adscripción,sec-12,Secretaría Anticorrupción y Buen Gobierno,Reforma al Reglamento Interior de la Secretaría Anticorrupción y Buen Gobierno,https://dof.gob.mx/nota_detalle.php?codigo=5752650&fecha=21/03/2025,2026-09-25,Relación padre-hijo utilizada por la estructura navegable.
rel-0205,sabg-upsp,Unidad de Políticas para el Servicio Público,jerarquía / adscripción,sabg-subbg,Subsecretaría de Buen Gobierno,Reforma al Reglamento Interior de la Secretaría Anticorrupción y Buen Gobierno,https://dof.gob.mx/nota_detalle.php?codigo=5752650&fecha=21/03/2025,2026-09-25,Relación padre-hijo utilizada por la estructura navegable.
rel-0206,sabg-cgbg,Coordinación General de Buen Gobierno,jerarquía / adscripción,sabg-subbg,Subsecretaría de Buen Gobierno,Reforma al Reglamento Interior de la Secretaría Anticorrupción y Buen Gobierno,https://dof.gob.mx/nota_detalle.php?codigo=5752650&fecha=21/03/2025,2026-09-25,Relación padre-hijo utilizada por la estructura navegable.
rel-0207,sabg-ucp,Unidad de Contrataciones Públicas,jerarquía / adscripción,sabg-subbg,Subsecretaría de Buen Gobierno,Reforma al Reglamento Interior de la Secretaría Anticorrupción y Buen Gobierno,https://dof.gob.mx/nota_detalle.php?codigo=5752650&fecha=21/03/2025,2026-09-25,Relación padre-hijo utilizada por la estructura navegable.
rel-0208,sabg-upsrrc,Unidad de Participación Social y Responsabilidad Compartida,jerarquía / adscripción,sabg-subbg,Subsecretaría de Buen Gobierno,Reforma al Reglamento Interior de la Secretaría Anticorrupción y Buen Gobierno,https://dof.gob.mx/nota_detalle.php?codigo=5752650&fecha=21/03/2025,2026-09-25,Relación padre-hijo utilizada por la estructura navegable.
rel-0209,sabg-uigp,Unidad de Innovación de la Gestión Pública,jerarquía / adscripción,sabg-subbg,Subsecretaría de Buen Gobierno,Reforma al Reglamento Interior de la Secretaría Anticorrupción y Buen Gobierno,https://dof.gob.mx/nota_detalle.php?codigo=5752650&fecha=21/03/2025,2026-09-25,Relación padre-hijo utilizada por la estructura navegable.
rel-0210,sabg-updp,Unidad de Protección de Datos Personales,jerarquía / adscripción,sabg-subbg,Subsecretaría de Buen Gobierno,Reforma al Reglamento Interior de la Secretaría Anticorrupción y Buen Gobierno,https://dof.gob.mx/nota_detalle.php?codigo=5752650&fecha=21/03/2025,2026-09-25,Relación padre-hijo utilizada por la estructura navegable.
rel-0211,sabg-uplan,Unidad de Planeación,jerarquía / adscripción,sabg-subac,Subsecretaría Anticorrupción,Reforma al Reglamento Interior de la Secretaría Anticorrupción y Buen Gobierno,https://dof.gob.mx/nota_detalle.php?codigo=5752650&fecha=21/03/2025,2026-09-25,Relación padre-hijo utilizada por la estructura navegable.
rel-0212,sabg-cgoic,Coordinación General de Órganos Internos de Control,jerarquía / adscripción,sabg-subac,Subsecretaría Anticorrupción,Reforma al Reglamento Interior de la Secretaría Anticorrupción y Buen Gobierno,https://dof.gob.mx/nota_detalle.php?codigo=5752650&fecha=21/03/2025,2026-09-25,Relación padre-hijo utilizada por la estructura navegable.
rel-0213,sabg-uacg,Unidad de Auditoría y Control Gubernamental,jerarquía / adscripción,sabg-subac,Subsecretaría Anticorrupción,Reforma al Reglamento Interior de la Secretaría Anticorrupción y Buen Gobierno,https://dof.gob.mx/nota_detalle.php?codigo=5752650&fecha=21/03/2025,2026-09-25,Relación padre-hijo utilizada por la estructura navegable.
rel-0214,sabg-tpp,Transparencia para el Pueblo,jerarquía / adscripción,sec-12,Secretaría Anticorrupción y Buen Gobierno,Reforma al Reglamento Interior de la Secretaría Anticorrupción y Buen Gobierno,https://dof.gob.mx/nota_detalle.php?codigo=5752650&fecha=21/03/2025,2026-09-25,Relación padre-hijo utilizada por la estructura navegable.
rel-0215,sep-jof,Jefatura de Oficina de la Secretaría,jerarquía / adscripción,sec-13,Secretaría de Educación Pública,Reforma al Reglamento Interior de la Secretaría de Educación Pública,https://www.dof.gob.mx/nota_detalle.php?codigo=5769097&fecha=03/10/2025,2026-09-25,Relación padre-hijo utilizada por la estructura navegable.
rel-0216,sep-uajr,Unidad de Asuntos Jurídicos y Regulación,jerarquía / adscripción,sec-13,Secretaría de Educación Pública,Reforma al Reglamento Interior de la Secretaría de Educación Pública,https://www.dof.gob.mx/nota_detalle.php?codigo=5769097&fecha=03/10/2025,2026-09-25,Relación padre-hijo utilizada por la estructura navegable.
rel-0217,sep-unem,Unidad de la Nueva Escuela Mexicana,jerarquía / adscripción,sec-13,Secretaría de Educación Pública,Reforma al Reglamento Interior de la Secretaría de Educación Pública,https://www.dof.gob.mx/nota_detalle.php?codigo=5769097&fecha=03/10/2025,2026-09-25,Relación padre-hijo utilizada por la estructura navegable.
rel-0218,sep-uaf,Unidad de Administración y Finanzas,jerarquía / adscripción,sec-13,Secretaría de Educación Pública,Reforma al Reglamento Interior de la Secretaría de Educación Pública,https://www.dof.gob.mx/nota_detalle.php?codigo=5769097&fecha=03/10/2025,2026-09-25,Relación padre-hijo utilizada por la estructura navegable.
rel-0219,sep-ses,Subsecretaría de Educación Superior,jerarquía / adscripción,sec-13,Secretaría de Educación Pública,Reforma al Reglamento Interior de la Secretaría de Educación Pública,https://www.dof.gob.mx/nota_detalle.php?codigo=5769097&fecha=03/10/2025,2026-09-25,Relación padre-hijo utilizada por la estructura navegable.
rel-0220,sep-sems,Subsecretaría de Educación Media Superior,jerarquía / adscripción,sec-13,Secretaría de Educación Pública,Reforma al Reglamento Interior de la Secretaría de Educación Pública,https://www.dof.gob.mx/nota_detalle.php?codigo=5769097&fecha=03/10/2025,2026-09-25,Relación padre-hijo utilizada por la estructura navegable.
rel-0221,sep-seb,Subsecretaría de Educación Básica,jerarquía / adscripción,sec-13,Secretaría de Educación Pública,Reforma al Reglamento Interior de la Secretaría de Educación Pública,https://www.dof.gob.mx/nota_detalle.php?codigo=5769097&fecha=03/10/2025,2026-09-25,Relación padre-hijo utilizada por la estructura navegable.
rel-0222,sict-subinfra,Subsecretaría de Infraestructura,jerarquía / adscripción,sec-11,"Secretaría de Infraestructura, Comunicaciones y Transportes","Reglamento Interior de la Secretaría de Infraestructura, Comunicaciones y Transportes",https://www.dof.gob.mx/abrirPDF.php?anio=2026&archivo=09062026-VES.pdf&repo=repositorio%2F,2026-09-25,Relación padre-hijo utilizada por la estructura navegable.
rel-0223,sict-subct,Subsecretaría de Comunicaciones y Transportes,jerarquía / adscripción,sec-11,"Secretaría de Infraestructura, Comunicaciones y Transportes","Reglamento Interior de la Secretaría de Infraestructura, Comunicaciones y Transportes",https://www.dof.gob.mx/abrirPDF.php?anio=2026&archivo=09062026-VES.pdf&repo=repositorio%2F,2026-09-25,Relación padre-hijo utilizada por la estructura navegable.
rel-0224,sict-uvip,Unidad de Vinculación Institucional y Patrimonio,jerarquía / adscripción,sec-11,"Secretaría de Infraestructura, Comunicaciones y Transportes","Reglamento Interior de la Secretaría de Infraestructura, Comunicaciones y Transportes",https://www.dof.gob.mx/abrirPDF.php?anio=2026&archivo=09062026-VES.pdf&repo=repositorio%2F,2026-09-25,Relación padre-hijo utilizada por la estructura navegable.
rel-0225,sict-upiuep,Unidad de Proyectos de Infraestructura Urbana y Espacio Público,jerarquía / adscripción,sec-11,"Secretaría de Infraestructura, Comunicaciones y Transportes","Reglamento Interior de la Secretaría de Infraestructura, Comunicaciones y Transportes",https://www.dof.gob.mx/abrirPDF.php?anio=2026&archivo=09062026-VES.pdf&repo=repositorio%2F,2026-09-25,Relación padre-hijo utilizada por la estructura navegable.
rel-0226,sict-ccsict,Coordinación de Centros SICT,jerarquía / adscripción,sec-11,"Secretaría de Infraestructura, Comunicaciones y Transportes","Reglamento Interior de la Secretaría de Infraestructura, Comunicaciones y Transportes",https://www.dof.gob.mx/abrirPDF.php?anio=2026&archivo=09062026-VES.pdf&repo=repositorio%2F,2026-09-25,Relación padre-hijo utilizada por la estructura navegable.
rel-0227,sict-dgc,Dirección General de Carreteras,jerarquía / adscripción,sict-subinfra,Subsecretaría de Infraestructura,"Reglamento Interior de la Secretaría de Infraestructura, Comunicaciones y Transportes",https://www.dof.gob.mx/abrirPDF.php?anio=2026&archivo=09062026-VES.pdf&repo=repositorio%2F,2026-09-25,Relación padre-hijo utilizada por la estructura navegable.
rel-0228,sict-dgcc,Dirección General de Conservación de Carreteras,jerarquía / adscripción,sict-subinfra,Subsecretaría de Infraestructura,"Reglamento Interior de la Secretaría de Infraestructura, Comunicaciones y Transportes",https://www.dof.gob.mx/abrirPDF.php?anio=2026&archivo=09062026-VES.pdf&repo=repositorio%2F,2026-09-25,Relación padre-hijo utilizada por la estructura navegable.
rel-0229,sict-dgdc,Dirección General de Desarrollo Carretero,jerarquía / adscripción,sict-subinfra,Subsecretaría de Infraestructura,"Reglamento Interior de la Secretaría de Infraestructura, Comunicaciones y Transportes",https://www.dof.gob.mx/abrirPDF.php?anio=2026&archivo=09062026-VES.pdf&repo=repositorio%2F,2026-09-25,Relación padre-hijo utilizada por la estructura navegable.
rel-0230,sict-dgst,Dirección General de Servicios Técnicos,jerarquía / adscripción,sict-subinfra,Subsecretaría de Infraestructura,"Reglamento Interior de la Secretaría de Infraestructura, Comunicaciones y Transportes",https://www.dof.gob.mx/abrirPDF.php?anio=2026&archivo=09062026-VES.pdf&repo=repositorio%2F,2026-09-25,Relación padre-hijo utilizada por la estructura navegable.
rel-0231,sict-dgcra,Dirección General de Caminos Rurales y Alimentadores,jerarquía / adscripción,sict-subinfra,Subsecretaría de Infraestructura,"Reglamento Interior de la Secretaría de Infraestructura, Comunicaciones y Transportes",https://www.dof.gob.mx/abrirPDF.php?anio=2026&archivo=09062026-VES.pdf&repo=repositorio%2F,2026-09-25,Relación padre-hijo utilizada por la estructura navegable.
rel-0232,sict-dgiecs,"Dirección General de Infraestructura Educativa, Cultural y de Salud",jerarquía / adscripción,sict-subinfra,Subsecretaría de Infraestructura,"Reglamento Interior de la Secretaría de Infraestructura, Comunicaciones y Transportes",https://www.dof.gob.mx/abrirPDF.php?anio=2026&archivo=09062026-VES.pdf&repo=repositorio%2F,2026-09-25,Relación padre-hijo utilizada por la estructura navegable.
rel-0233,sict-dgaf,Dirección General de Autotransporte Federal,jerarquía / adscripción,sict-subct,Subsecretaría de Comunicaciones y Transportes,"Reglamento Interior de la Secretaría de Infraestructura, Comunicaciones y Transportes",https://www.dof.gob.mx/abrirPDF.php?anio=2026&archivo=09062026-VES.pdf&repo=repositorio%2F,2026-09-25,Relación padre-hijo utilizada por la estructura navegable.
rel-0234,sict-dgpmpt,Dirección General de Protección y Medicina Preventiva en el Transporte,jerarquía / adscripción,sict-subct,Subsecretaría de Comunicaciones y Transportes,"Reglamento Interior de la Secretaría de Infraestructura, Comunicaciones y Transportes",https://www.dof.gob.mx/abrirPDF.php?anio=2026&archivo=09062026-VES.pdf&repo=repositorio%2F,2026-09-25,Relación padre-hijo utilizada por la estructura navegable.
rel-0235,sict-dgvi,Dirección General de Vinculación Institucional,jerarquía / adscripción,sict-uvip,Unidad de Vinculación Institucional y Patrimonio,"Reglamento Interior de la Secretaría de Infraestructura, Comunicaciones y Transportes",https://www.dof.gob.mx/abrirPDF.php?anio=2026&archivo=09062026-VES.pdf&repo=repositorio%2F,2026-09-25,Relación padre-hijo utilizada por la estructura navegable.
rel-0236,sict-dgp,Dirección General de Patrimonio,jerarquía / adscripción,sict-uvip,Unidad de Vinculación Institucional y Patrimonio,"Reglamento Interior de la Secretaría de Infraestructura, Comunicaciones y Transportes",https://www.dof.gob.mx/abrirPDF.php?anio=2026&archivo=09062026-VES.pdf&repo=repositorio%2F,2026-09-25,Relación padre-hijo utilizada por la estructura navegable.
rel-0237,sict-ded,Dirección Ejecutiva de Diseño,jerarquía / adscripción,sict-upiuep,Unidad de Proyectos de Infraestructura Urbana y Espacio Público,"Reglamento Interior de la Secretaría de Infraestructura, Comunicaciones y Transportes",https://www.dof.gob.mx/abrirPDF.php?anio=2026&archivo=09062026-VES.pdf&repo=repositorio%2F,2026-09-25,Relación padre-hijo utilizada por la estructura navegable.
rel-0238,sict-dea,Dirección Ejecutiva de Arquitectura,jerarquía / adscripción,sict-upiuep,Unidad de Proyectos de Infraestructura Urbana y Espacio Público,"Reglamento Interior de la Secretaría de Infraestructura, Comunicaciones y Transportes",https://www.dof.gob.mx/abrirPDF.php?anio=2026&archivo=09062026-VES.pdf&repo=repositorio%2F,2026-09-25,Relación padre-hijo utilizada por la estructura navegable.
rel-0239,sict-imt,Instituto Mexicano del Transporte,jerarquía / adscripción,sec-11,"Secretaría de Infraestructura, Comunicaciones y Transportes","Reglamento Interior de la Secretaría de Infraestructura, Comunicaciones y Transportes",https://www.dof.gob.mx/abrirPDF.php?anio=2026&archivo=09062026-VES.pdf&repo=repositorio%2F,2026-09-25,Relación padre-hijo utilizada por la estructura navegable.
rel-0240,sict-seneam,Servicios a la Navegación en el Espacio Aéreo Mexicano,jerarquía / adscripción,sec-11,"Secretaría de Infraestructura, Comunicaciones y Transportes","Reglamento Interior de la Secretaría de Infraestructura, Comunicaciones y Transportes",https://www.dof.gob.mx/abrirPDF.php?anio=2026&archivo=09062026-VES.pdf&repo=repositorio%2F,2026-09-25,Relación padre-hijo utilizada por la estructura navegable.
rel-0241,sict-artf,Agencia Reguladora del Transporte Ferroviario,jerarquía / adscripción,sec-11,"Secretaría de Infraestructura, Comunicaciones y Transportes","Reglamento Interior de la Secretaría de Infraestructura, Comunicaciones y Transportes",https://www.dof.gob.mx/abrirPDF.php?anio=2026&archivo=09062026-VES.pdf&repo=repositorio%2F,2026-09-25,Relación padre-hijo utilizada por la estructura navegable.
rel-0242,sict-afac,Agencia Federal de Aviación Civil,jerarquía / adscripción,sec-11,"Secretaría de Infraestructura, Comunicaciones y Transportes","Reglamento Interior de la Secretaría de Infraestructura, Comunicaciones y Transportes",https://www.dof.gob.mx/abrirPDF.php?anio=2026&archivo=09062026-VES.pdf&repo=repositorio%2F,2026-09-25,Relación padre-hijo utilizada por la estructura navegable.
rel-0243,sem-subbra,Subsecretaría de Biodiversidad y Restauración Ambiental,jerarquía / adscripción,sec-7,Secretaría de Medio Ambiente y Recursos Naturales,Reglamento Interior de la Secretaría de Medio Ambiente y Recursos Naturales,https://www.dof.gob.mx/abrirPDF.php?anio=2025&archivo=14032025-MAT.pdf&repo=repositorio%2F,2026-09-25,Relación padre-hijo utilizada por la estructura navegable.
rel-0244,sem-subra,Subsecretaría de Regulación Ambiental,jerarquía / adscripción,sec-7,Secretaría de Medio Ambiente y Recursos Naturales,Reglamento Interior de la Secretaría de Medio Ambiente y Recursos Naturales,https://www.dof.gob.mx/abrirPDF.php?anio=2025&archivo=14032025-MAT.pdf&repo=repositorio%2F,2026-09-25,Relación padre-hijo utilizada por la estructura navegable.
rel-0245,sem-subdsec,Subsecretaría de Desarrollo Sostenible y Economía Circular,jerarquía / adscripción,sec-7,Secretaría de Medio Ambiente y Recursos Naturales,Reglamento Interior de la Secretaría de Medio Ambiente y Recursos Naturales,https://www.dof.gob.mx/abrirPDF.php?anio=2025&archivo=14032025-MAT.pdf&repo=repositorio%2F,2026-09-25,Relación padre-hijo utilizada por la estructura navegable.
rel-0246,sem-uaf,Unidad de Administración y Finanzas,jerarquía / adscripción,sec-7,Secretaría de Medio Ambiente y Recursos Naturales,Reglamento Interior de la Secretaría de Medio Ambiente y Recursos Naturales,https://www.dof.gob.mx/abrirPDF.php?anio=2025&archivo=14032025-MAT.pdf&repo=repositorio%2F,2026-09-25,Relación padre-hijo utilizada por la estructura navegable.
rel-0247,sem-ucpp,"Unidad Coordinadora de Proyectos Prioritarios, Vinculación Social y Derechos Humanos",jerarquía / adscripción,sec-7,Secretaría de Medio Ambiente y Recursos Naturales,Reglamento Interior de la Secretaría de Medio Ambiente y Recursos Naturales,https://www.dof.gob.mx/abrirPDF.php?anio=2025&archivo=14032025-MAT.pdf&repo=repositorio%2F,2026-09-25,Relación padre-hijo utilizada por la estructura navegable.
rel-0248,sem-ucai,Unidad Coordinadora de Asuntos Internacionales,jerarquía / adscripción,sec-7,Secretaría de Medio Ambiente y Recursos Naturales,Reglamento Interior de la Secretaría de Medio Ambiente y Recursos Naturales,https://www.dof.gob.mx/abrirPDF.php?anio=2025&archivo=14032025-MAT.pdf&repo=repositorio%2F,2026-09-25,Relación padre-hijo utilizada por la estructura navegable.
rel-0249,sem-ucaj,Unidad Coordinadora de Asuntos Jurídicos,jerarquía / adscripción,sec-7,Secretaría de Medio Ambiente y Recursos Naturales,Reglamento Interior de la Secretaría de Medio Ambiente y Recursos Naturales,https://www.dof.gob.mx/abrirPDF.php?anio=2025&archivo=14032025-MAT.pdf&repo=repositorio%2F,2026-09-25,Relación padre-hijo utilizada por la estructura navegable.
rel-0250,sem-ucorgt,Unidad Coordinadora de Oficinas de Representación y Gestión Territorial,jerarquía / adscripción,sec-7,Secretaría de Medio Ambiente y Recursos Naturales,Reglamento Interior de la Secretaría de Medio Ambiente y Recursos Naturales,https://www.dof.gob.mx/abrirPDF.php?anio=2025&archivo=14032025-MAT.pdf&repo=repositorio%2F,2026-09-25,Relación padre-hijo utilizada por la estructura navegable.
rel-0251,sem-cgcs,Coordinación General de Comunicación Social,jerarquía / adscripción,sec-7,Secretaría de Medio Ambiente y Recursos Naturales,Reglamento Interior de la Secretaría de Medio Ambiente y Recursos Naturales,https://www.dof.gob.mx/abrirPDF.php?anio=2025&archivo=14032025-MAT.pdf&repo=repositorio%2F,2026-09-25,Relación padre-hijo utilizada por la estructura navegable.
rel-0252,sem-dgpeea,"Dirección General de Planeación, Evaluación y Estadística Ambiental",jerarquía / adscripción,sec-7,Secretaría de Medio Ambiente y Recursos Naturales,Reglamento Interior de la Secretaría de Medio Ambiente y Recursos Naturales,https://www.dof.gob.mx/abrirPDF.php?anio=2025&archivo=14032025-MAT.pdf&repo=repositorio%2F,2026-09-25,Relación padre-hijo utilizada por la estructura navegable.
rel-0253,sem-cecadesu,Centro de Educación y Capacitación para el Desarrollo Sustentable,jerarquía / adscripción,sec-7,Secretaría de Medio Ambiente y Recursos Naturales,Reglamento Interior de la Secretaría de Medio Ambiente y Recursos Naturales,https://www.dof.gob.mx/abrirPDF.php?anio=2025&archivo=14032025-MAT.pdf&repo=repositorio%2F,2026-09-25,Relación padre-hijo utilizada por la estructura navegable.
rel-0254,sem-dgra,Dirección General de Restauración Ambiental,jerarquía / adscripción,sem-subbra,Subsecretaría de Biodiversidad y Restauración Ambiental,Reglamento Interior de la Secretaría de Medio Ambiente y Recursos Naturales,https://www.dof.gob.mx/abrirPDF.php?anio=2025&archivo=14032025-MAT.pdf&repo=repositorio%2F,2026-09-25,Relación padre-hijo utilizada por la estructura navegable.
rel-0255,sem-dgcmc,Dirección General de Conservación y Gestión de Mares y Costas,jerarquía / adscripción,sem-subbra,Subsecretaría de Biodiversidad y Restauración Ambiental,Reglamento Interior de la Secretaría de Medio Ambiente y Recursos Naturales,https://www.dof.gob.mx/abrirPDF.php?anio=2025&archivo=14032025-MAT.pdf&repo=repositorio%2F,2026-09-25,Relación padre-hijo utilizada por la estructura navegable.
rel-0256,sem-dgvs,Dirección General de Vida Silvestre,jerarquía / adscripción,sem-subbra,Subsecretaría de Biodiversidad y Restauración Ambiental,Reglamento Interior de la Secretaría de Medio Ambiente y Recursos Naturales,https://www.dof.gob.mx/abrirPDF.php?anio=2025&archivo=14032025-MAT.pdf&repo=repositorio%2F,2026-09-25,Relación padre-hijo utilizada por la estructura navegable.
rel-0257,sem-dggfsoe,"Dirección General de Gestión Forestal, Suelos y Ordenamiento Ecológico",jerarquía / adscripción,sem-subbra,Subsecretaría de Biodiversidad y Restauración Ambiental,Reglamento Interior de la Secretaría de Medio Ambiente y Recursos Naturales,https://www.dof.gob.mx/abrirPDF.php?anio=2025&archivo=14032025-MAT.pdf&repo=repositorio%2F,2026-09-25,Relación padre-hijo utilizada por la estructura navegable.
rel-0258,sem-dgielca,"Dirección General de Industria, Energías Limpias y Gestión de la Calidad del Aire",jerarquía / adscripción,sem-subra,Subsecretaría de Regulación Ambiental,Reglamento Interior de la Secretaría de Medio Ambiente y Recursos Naturales,https://www.dof.gob.mx/abrirPDF.php?anio=2025&archivo=14032025-MAT.pdf&repo=repositorio%2F,2026-09-25,Relación padre-hijo utilizada por la estructura navegable.
rel-0259,sem-dgzfmtac,Dirección General de Zona Federal Marítimo Terrestre y Ambientes Costeros,jerarquía / adscripción,sem-subra,Subsecretaría de Regulación Ambiental,Reglamento Interior de la Secretaría de Medio Ambiente y Recursos Naturales,https://www.dof.gob.mx/abrirPDF.php?anio=2025&archivo=14032025-MAT.pdf&repo=repositorio%2F,2026-09-25,Relación padre-hijo utilizada por la estructura navegable.
rel-0260,sem-dgira,Dirección General de Impacto y Riesgo Ambiental,jerarquía / adscripción,sem-subra,Subsecretaría de Regulación Ambiental,Reglamento Interior de la Secretaría de Medio Ambiente y Recursos Naturales,https://www.dof.gob.mx/abrirPDF.php?anio=2025&archivo=14032025-MAT.pdf&repo=repositorio%2F,2026-09-25,Relación padre-hijo utilizada por la estructura navegable.
rel-0261,sem-dggimar,Dirección General de Gestión Integral de Materiales y Actividades Riesgosas,jerarquía / adscripción,sem-subra,Subsecretaría de Regulación Ambiental,Reglamento Interior de la Secretaría de Medio Ambiente y Recursos Naturales,https://www.dof.gob.mx/abrirPDF.php?anio=2025&archivo=14032025-MAT.pdf&repo=repositorio%2F,2026-09-25,Relación padre-hijo utilizada por la estructura navegable.
rel-0262,sem-cevi,Coordinación Ejecutiva de Vinculación Institucional,jerarquía / adscripción,sem-subdsec,Subsecretaría de Desarrollo Sostenible y Economía Circular,Reglamento Interior de la Secretaría de Medio Ambiente y Recursos Naturales,https://www.dof.gob.mx/abrirPDF.php?anio=2025&archivo=14032025-MAT.pdf&repo=repositorio%2F,2026-09-25,Relación padre-hijo utilizada por la estructura navegable.
rel-0263,sem-dgpac,Dirección General de Políticas para la Acción Climática,jerarquía / adscripción,sem-subdsec,Subsecretaría de Desarrollo Sostenible y Economía Circular,Reglamento Interior de la Secretaría de Medio Ambiente y Recursos Naturales,https://www.dof.gob.mx/abrirPDF.php?anio=2025&archivo=14032025-MAT.pdf&repo=repositorio%2F,2026-09-25,Relación padre-hijo utilizada por la estructura navegable.
rel-0264,sem-dgfduas,Dirección General de Fomento y Desempeño Urbano Ambiental Sostenible,jerarquía / adscripción,sem-subdsec,Subsecretaría de Desarrollo Sostenible y Economía Circular,Reglamento Interior de la Secretaría de Medio Ambiente y Recursos Naturales,https://www.dof.gob.mx/abrirPDF.php?anio=2025&archivo=14032025-MAT.pdf&repo=repositorio%2F,2026-09-25,Relación padre-hijo utilizada por la estructura navegable.
rel-0265,sem-dgapeec,Dirección General de Alianzas y Proyectos Estratégicos para la Economía Circular,jerarquía / adscripción,sem-subdsec,Subsecretaría de Desarrollo Sostenible y Economía Circular,Reglamento Interior de la Secretaría de Medio Ambiente y Recursos Naturales,https://www.dof.gob.mx/abrirPDF.php?anio=2025&archivo=14032025-MAT.pdf&repo=repositorio%2F,2026-09-25,Relación padre-hijo utilizada por la estructura navegable.
rel-0266,sem-dgpp,Dirección General de Programación y Presupuesto,jerarquía / adscripción,sem-uaf,Unidad de Administración y Finanzas,Reglamento Interior de la Secretaría de Medio Ambiente y Recursos Naturales,https://www.dof.gob.mx/abrirPDF.php?anio=2025&archivo=14032025-MAT.pdf&repo=repositorio%2F,2026-09-25,Relación padre-hijo utilizada por la estructura navegable.
rel-0267,sem-dgdho,Dirección General de Desarrollo Humano y Organización,jerarquía / adscripción,sem-uaf,Unidad de Administración y Finanzas,Reglamento Interior de la Secretaría de Medio Ambiente y Recursos Naturales,https://www.dof.gob.mx/abrirPDF.php?anio=2025&archivo=14032025-MAT.pdf&repo=repositorio%2F,2026-09-25,Relación padre-hijo utilizada por la estructura navegable.
rel-0268,sem-dgrmis,"Dirección General de Recursos Materiales, Inmuebles y Servicios",jerarquía / adscripción,sem-uaf,Unidad de Administración y Finanzas,Reglamento Interior de la Secretaría de Medio Ambiente y Recursos Naturales,https://www.dof.gob.mx/abrirPDF.php?anio=2025&archivo=14032025-MAT.pdf&repo=repositorio%2F,2026-09-25,Relación padre-hijo utilizada por la estructura navegable.
rel-0269,sem-dgit,Dirección General de Informática y Telecomunicaciones,jerarquía / adscripción,sem-uaf,Unidad de Administración y Finanzas,Reglamento Interior de la Secretaría de Medio Ambiente y Recursos Naturales,https://www.dof.gob.mx/abrirPDF.php?anio=2025&archivo=14032025-MAT.pdf&repo=repositorio%2F,2026-09-25,Relación padre-hijo utilizada por la estructura navegable.
rel-0270,sem-ccaj,Coordinación de lo Contencioso Administrativo y Judicial,jerarquía / adscripción,sem-ucaj,Unidad Coordinadora de Asuntos Jurídicos,Reglamento Interior de la Secretaría de Medio Ambiente y Recursos Naturales,https://www.dof.gob.mx/abrirPDF.php?anio=2025&archivo=14032025-MAT.pdf&repo=repositorio%2F,2026-09-25,Relación padre-hijo utilizada por la estructura navegable.
rel-0271,sem-cla,Coordinación de Legalidad Ambiental,jerarquía / adscripción,sem-ucaj,Unidad Coordinadora de Asuntos Jurídicos,Reglamento Interior de la Secretaría de Medio Ambiente y Recursos Naturales,https://www.dof.gob.mx/abrirPDF.php?anio=2025&archivo=14032025-MAT.pdf&repo=repositorio%2F,2026-09-25,Relación padre-hijo utilizada por la estructura navegable.
rel-0272,sem-clc,Coordinación de Legislación y Consulta,jerarquía / adscripción,sem-ucaj,Unidad Coordinadora de Asuntos Jurídicos,Reglamento Interior de la Secretaría de Medio Ambiente y Recursos Naturales,https://www.dof.gob.mx/abrirPDF.php?anio=2025&archivo=14032025-MAT.pdf&repo=repositorio%2F,2026-09-25,Relación padre-hijo utilizada por la estructura navegable.
rel-0273,sem-ofrep,Oficinas de Representación,jerarquía / adscripción,sem-ucorgt,Unidad Coordinadora de Oficinas de Representación y Gestión Territorial,Reglamento Interior de la Secretaría de Medio Ambiente y Recursos Naturales,https://www.dof.gob.mx/abrirPDF.php?anio=2025&archivo=14032025-MAT.pdf&repo=repositorio%2F,2026-09-25,Relación padre-hijo utilizada por la estructura navegable.
rel-0274,sem-profepa,Procuraduría Federal de Protección al Ambiente,jerarquía / adscripción,sec-7,Secretaría de Medio Ambiente y Recursos Naturales,Reglamento Interior de la Secretaría de Medio Ambiente y Recursos Naturales,https://www.dof.gob.mx/abrirPDF.php?anio=2025&archivo=14032025-MAT.pdf&repo=repositorio%2F,2026-09-25,Relación padre-hijo utilizada por la estructura navegable.
rel-0275,sem-conanp,Comisión Nacional de Áreas Naturales Protegidas,jerarquía / adscripción,sec-7,Secretaría de Medio Ambiente y Recursos Naturales,Reglamento Interior de la Secretaría de Medio Ambiente y Recursos Naturales,https://www.dof.gob.mx/abrirPDF.php?anio=2025&archivo=14032025-MAT.pdf&repo=repositorio%2F,2026-09-25,Relación padre-hijo utilizada por la estructura navegable.
rel-0276,sem-conagua,Comisión Nacional del Agua,jerarquía / adscripción,sec-7,Secretaría de Medio Ambiente y Recursos Naturales,Reglamento Interior de la Secretaría de Medio Ambiente y Recursos Naturales,https://www.dof.gob.mx/abrirPDF.php?anio=2025&archivo=14032025-MAT.pdf&repo=repositorio%2F,2026-09-25,Relación padre-hijo utilizada por la estructura navegable.
rel-0277,sem-asea,Agencia Nacional de Seguridad Industrial y de Protección al Medio Ambiente del Sector Hidrocarburos,jerarquía / adscripción,sec-7,Secretaría de Medio Ambiente y Recursos Naturales,Reglamento Interior de la Secretaría de Medio Ambiente y Recursos Naturales,https://www.dof.gob.mx/abrirPDF.php?anio=2025&archivo=14032025-MAT.pdf&repo=repositorio%2F,2026-09-25,Relación padre-hijo utilizada por la estructura navegable.
rel-0278,sre-sub-re,Subsecretaría de Relaciones Exteriores,jerarquía / adscripción,sec-1,Secretaría de Relaciones Exteriores,Acuerdo por el que se adscriben orgánicamente las unidades administrativas de la Secretaría de Relaciones Exteriores,https://www.dof.gob.mx/abrirPDF.php?anio=2026&archivo=20022026-MAT.pdf&repo=,2026-09-28,Relación padre-hijo utilizada por la estructura navegable.
rel-0279,sre-sub-na,Subsecretaría para América del Norte,jerarquía / adscripción,sec-1,Secretaría de Relaciones Exteriores,Acuerdo por el que se adscriben orgánicamente las unidades administrativas de la Secretaría de Relaciones Exteriores,https://www.dof.gob.mx/abrirPDF.php?anio=2026&archivo=20022026-MAT.pdf&repo=,2026-09-28,Relación padre-hijo utilizada por la estructura navegable.
rel-0280,sre-sub-alc,Subsecretaría para América Latina y el Caribe,jerarquía / adscripción,sec-1,Secretaría de Relaciones Exteriores,Acuerdo por el que se adscriben orgánicamente las unidades administrativas de la Secretaría de Relaciones Exteriores,https://www.dof.gob.mx/abrirPDF.php?anio=2026&archivo=20022026-MAT.pdf&repo=,2026-09-28,Relación padre-hijo utilizada por la estructura navegable.
rel-0281,sre-sub-mult,Subsecretaría para Asuntos Multilaterales y Derechos Humanos,jerarquía / adscripción,sec-1,Secretaría de Relaciones Exteriores,Acuerdo por el que se adscriben orgánicamente las unidades administrativas de la Secretaría de Relaciones Exteriores,https://www.dof.gob.mx/abrirPDF.php?anio=2026&archivo=20022026-MAT.pdf&repo=,2026-09-28,Relación padre-hijo utilizada por la estructura navegable.
rel-0282,sre-uaf,Unidad de Administración y Finanzas,jerarquía / adscripción,sec-1,Secretaría de Relaciones Exteriores,Acuerdo por el que se adscriben orgánicamente las unidades administrativas de la Secretaría de Relaciones Exteriores,https://www.dof.gob.mx/abrirPDF.php?anio=2026&archivo=20022026-MAT.pdf&repo=,2026-09-28,Relación padre-hijo utilizada por la estructura navegable.
rel-0283,sre-consjur,Consultoría Jurídica,jerarquía / adscripción,sec-1,Secretaría de Relaciones Exteriores,Acuerdo por el que se adscriben orgánicamente las unidades administrativas de la Secretaría de Relaciones Exteriores,https://www.dof.gob.mx/abrirPDF.php?anio=2026&archivo=20022026-MAT.pdf&repo=,2026-09-28,Relación padre-hijo utilizada por la estructura navegable.
rel-0284,sre-uci,Jefatura de Unidad de Coordinación Intersectorial,jerarquía / adscripción,sec-1,Secretaría de Relaciones Exteriores,Acuerdo por el que se adscriben orgánicamente las unidades administrativas de la Secretaría de Relaciones Exteriores,https://www.dof.gob.mx/abrirPDF.php?anio=2026&archivo=20022026-MAT.pdf&repo=,2026-09-28,Relación padre-hijo utilizada por la estructura navegable.
rel-0285,sre-dg-protocolo,Dirección General de Protocolo,jerarquía / adscripción,sec-1,Secretaría de Relaciones Exteriores,Acuerdo por el que se adscriben orgánicamente las unidades administrativas de la Secretaría de Relaciones Exteriores,https://www.dof.gob.mx/abrirPDF.php?anio=2026&archivo=20022026-MAT.pdf&repo=,2026-09-28,Relación padre-hijo utilizada por la estructura navegable.
rel-0286,sre-dg-coordpol,Dirección General de Coordinación Política,jerarquía / adscripción,sec-1,Secretaría de Relaciones Exteriores,Acuerdo por el que se adscriben orgánicamente las unidades administrativas de la Secretaría de Relaciones Exteriores,https://www.dof.gob.mx/abrirPDF.php?anio=2026&archivo=20022026-MAT.pdf&repo=,2026-09-28,Relación padre-hijo utilizada por la estructura navegable.
rel-0287,sre-dg-comsoc,Dirección General de Comunicación Social,jerarquía / adscripción,sec-1,Secretaría de Relaciones Exteriores,Acuerdo por el que se adscriben orgánicamente las unidades administrativas de la Secretaría de Relaciones Exteriores,https://www.dof.gob.mx/abrirPDF.php?anio=2026&archivo=20022026-MAT.pdf&repo=,2026-09-28,Relación padre-hijo utilizada por la estructura navegable.
rel-0288,sre-dg-juridicos,Dirección General de Asuntos Jurídicos,jerarquía / adscripción,sec-1,Secretaría de Relaciones Exteriores,Acuerdo por el que se adscriben orgánicamente las unidades administrativas de la Secretaría de Relaciones Exteriores,https://www.dof.gob.mx/abrirPDF.php?anio=2026&archivo=20022026-MAT.pdf&repo=,2026-09-28,Relación padre-hijo utilizada por la estructura navegable.
rel-0289,sre-imme,Instituto de Mexicanas y Mexicanos en el Exterior,jerarquía / adscripción,sec-1,Secretaría de Relaciones Exteriores,Acuerdo por el que se adscriben orgánicamente las unidades administrativas de la Secretaría de Relaciones Exteriores,https://www.dof.gob.mx/abrirPDF.php?anio=2026&archivo=20022026-MAT.pdf&repo=,2026-09-28,Relación padre-hijo utilizada por la estructura navegable.
rel-0290,sre-amexcid,Agencia Mexicana de Cooperación Internacional para el Desarrollo,jerarquía / adscripción,sec-1,Secretaría de Relaciones Exteriores,Acuerdo por el que se adscriben orgánicamente las unidades administrativas de la Secretaría de Relaciones Exteriores,https://www.dof.gob.mx/abrirPDF.php?anio=2026&archivo=20022026-MAT.pdf&repo=,2026-09-28,Relación padre-hijo utilizada por la estructura navegable.
rel-0291,sre-repex,Representaciones de México en el exterior,jerarquía / adscripción,sec-1,Secretaría de Relaciones Exteriores,Acuerdo por el que se adscriben orgánicamente las unidades administrativas de la Secretaría de Relaciones Exteriores,https://www.dof.gob.mx/abrirPDF.php?anio=2026&archivo=20022026-MAT.pdf&repo=,2026-09-28,Relación padre-hijo utilizada por la estructura navegable.
rel-0292,sre-dg-africa,"Dirección General para África, Asia Central y Medio Oriente",jerarquía / adscripción,sre-sub-re,Subsecretaría de Relaciones Exteriores,Acuerdo por el que se adscriben orgánicamente las unidades administrativas de la Secretaría de Relaciones Exteriores,https://www.dof.gob.mx/abrirPDF.php?anio=2026&archivo=20022026-MAT.pdf&repo=,2026-09-28,Relación padre-hijo utilizada por la estructura navegable.
rel-0293,sre-dg-asiapac,Dirección General para Asia-Pacífico,jerarquía / adscripción,sre-sub-re,Subsecretaría de Relaciones Exteriores,Acuerdo por el que se adscriben orgánicamente las unidades administrativas de la Secretaría de Relaciones Exteriores,https://www.dof.gob.mx/abrirPDF.php?anio=2026&archivo=20022026-MAT.pdf&repo=,2026-09-28,Relación padre-hijo utilizada por la estructura navegable.
rel-0294,sre-dg-europa,Dirección General para Europa,jerarquía / adscripción,sre-sub-re,Subsecretaría de Relaciones Exteriores,Acuerdo por el que se adscriben orgánicamente las unidades administrativas de la Secretaría de Relaciones Exteriores,https://www.dof.gob.mx/abrirPDF.php?anio=2026&archivo=20022026-MAT.pdf&repo=,2026-09-28,Relación padre-hijo utilizada por la estructura navegable.
rel-0295,sre-imr,Instituto Matías Romero,jerarquía / adscripción,sre-sub-re,Subsecretaría de Relaciones Exteriores,Acuerdo por el que se adscriben orgánicamente las unidades administrativas de la Secretaría de Relaciones Exteriores,https://www.dof.gob.mx/abrirPDF.php?anio=2026&archivo=20022026-MAT.pdf&repo=,2026-09-28,Relación padre-hijo utilizada por la estructura navegable.
rel-0296,sre-dg-frontera,Dirección General de Asuntos Especiales y Modernización Fronteriza,jerarquía / adscripción,sre-sub-na,Subsecretaría para América del Norte,Acuerdo por el que se adscriben orgánicamente las unidades administrativas de la Secretaría de Relaciones Exteriores,https://www.dof.gob.mx/abrirPDF.php?anio=2026&archivo=20022026-MAT.pdf&repo=,2026-09-28,Relación padre-hijo utilizada por la estructura navegable.
rel-0297,sre-dg-protcons,Dirección General de Protección Consular,jerarquía / adscripción,sre-sub-na,Subsecretaría para América del Norte,Acuerdo por el que se adscriben orgánicamente las unidades administrativas de la Secretaría de Relaciones Exteriores,https://www.dof.gob.mx/abrirPDF.php?anio=2026&archivo=20022026-MAT.pdf&repo=,2026-09-28,Relación padre-hijo utilizada por la estructura navegable.
rel-0298,sre-dg-servcons,Dirección General de Servicios Consulares,jerarquía / adscripción,sre-sub-na,Subsecretaría para América del Norte,Acuerdo por el que se adscriben orgánicamente las unidades administrativas de la Secretaría de Relaciones Exteriores,https://www.dof.gob.mx/abrirPDF.php?anio=2026&archivo=20022026-MAT.pdf&repo=,2026-09-28,Relación padre-hijo utilizada por la estructura navegable.
rel-0299,sre-dg-estratna,Dirección General de Estrategia Diplomática para América del Norte,jerarquía / adscripción,sre-sub-na,Subsecretaría para América del Norte,Acuerdo por el que se adscriben orgánicamente las unidades administrativas de la Secretaría de Relaciones Exteriores,https://www.dof.gob.mx/abrirPDF.php?anio=2026&archivo=20022026-MAT.pdf&repo=,2026-09-28,Relación padre-hijo utilizada por la estructura navegable.
rel-0300,sre-dg-movhum,Dirección General de Movilidad Humana y Desarrollo,jerarquía / adscripción,sre-sub-na,Subsecretaría para América del Norte,Acuerdo por el que se adscriben orgánicamente las unidades administrativas de la Secretaría de Relaciones Exteriores,https://www.dof.gob.mx/abrirPDF.php?anio=2026&archivo=20022026-MAT.pdf&repo=,2026-09-28,Relación padre-hijo utilizada por la estructura navegable.
rel-0301,sre-cila-eu,Sección Mexicana de la Comisión Internacional de Límites y Aguas México-Estados Unidos,jerarquía / adscripción,sre-sub-na,Subsecretaría para América del Norte,Acuerdo por el que se adscriben orgánicamente las unidades administrativas de la Secretaría de Relaciones Exteriores,https://www.dof.gob.mx/abrirPDF.php?anio=2026&archivo=20022026-MAT.pdf&repo=,2026-09-28,Relación padre-hijo utilizada por la estructura navegable.
rel-0302,sre-dg-centrocar,Dirección General para Centroamérica y el Caribe,jerarquía / adscripción,sre-sub-alc,Subsecretaría para América Latina y el Caribe,Acuerdo por el que se adscriben orgánicamente las unidades administrativas de la Secretaría de Relaciones Exteriores,https://www.dof.gob.mx/abrirPDF.php?anio=2026&archivo=20022026-MAT.pdf&repo=,2026-09-28,Relación padre-hijo utilizada por la estructura navegable.
rel-0303,sre-dg-amsur,Dirección General para América del Sur,jerarquía / adscripción,sre-sub-alc,Subsecretaría para América Latina y el Caribe,Acuerdo por el que se adscriben orgánicamente las unidades administrativas de la Secretaría de Relaciones Exteriores,https://www.dof.gob.mx/abrirPDF.php?anio=2026&archivo=20022026-MAT.pdf&repo=,2026-09-28,Relación padre-hijo utilizada por la estructura navegable.
rel-0304,sre-dg-orgam,Dirección General de Organismos y Mecanismos Regionales Americanos,jerarquía / adscripción,sre-sub-alc,Subsecretaría para América Latina y el Caribe,Acuerdo por el que se adscriben orgánicamente las unidades administrativas de la Secretaría de Relaciones Exteriores,https://www.dof.gob.mx/abrirPDF.php?anio=2026&archivo=20022026-MAT.pdf&repo=,2026-09-28,Relación padre-hijo utilizada por la estructura navegable.
rel-0305,sre-cila-gb,Sección Mexicana de las Comisiones Internacionales de Límites y Aguas México-Guatemala y México-Belice,jerarquía / adscripción,sre-sub-alc,Subsecretaría para América Latina y el Caribe,Acuerdo por el que se adscriben orgánicamente las unidades administrativas de la Secretaría de Relaciones Exteriores,https://www.dof.gob.mx/abrirPDF.php?anio=2026&archivo=20022026-MAT.pdf&repo=,2026-09-28,Relación padre-hijo utilizada por la estructura navegable.
rel-0306,sre-dg-globales,Dirección General para Temas Globales,jerarquía / adscripción,sre-sub-mult,Subsecretaría para Asuntos Multilaterales y Derechos Humanos,Acuerdo por el que se adscriben orgánicamente las unidades administrativas de la Secretaría de Relaciones Exteriores,https://www.dof.gob.mx/abrirPDF.php?anio=2026&archivo=20022026-MAT.pdf&repo=,2026-09-28,Relación padre-hijo utilizada por la estructura navegable.
rel-0307,sre-dg-onu,Dirección General para la Organización de las Naciones Unidas,jerarquía / adscripción,sre-sub-mult,Subsecretaría para Asuntos Multilaterales y Derechos Humanos,Acuerdo por el que se adscriben orgánicamente las unidades administrativas de la Secretaría de Relaciones Exteriores,https://www.dof.gob.mx/abrirPDF.php?anio=2026&archivo=20022026-MAT.pdf&repo=,2026-09-28,Relación padre-hijo utilizada por la estructura navegable.
rel-0308,sre-dg-ddhh,Dirección General de Derechos Humanos y Democracia,jerarquía / adscripción,sre-sub-mult,Subsecretaría para Asuntos Multilaterales y Derechos Humanos,Acuerdo por el que se adscriben orgánicamente las unidades administrativas de la Secretaría de Relaciones Exteriores,https://www.dof.gob.mx/abrirPDF.php?anio=2026&archivo=20022026-MAT.pdf&repo=,2026-09-28,Relación padre-hijo utilizada por la estructura navegable.
rel-0309,sre-dg-vincosc,Dirección General de Vinculación con las Organizaciones de la Sociedad Civil,jerarquía / adscripción,sre-sub-mult,Subsecretaría para Asuntos Multilaterales y Derechos Humanos,Acuerdo por el que se adscriben orgánicamente las unidades administrativas de la Secretaría de Relaciones Exteriores,https://www.dof.gob.mx/abrirPDF.php?anio=2026&archivo=20022026-MAT.pdf&repo=,2026-09-28,Relación padre-hijo utilizada por la estructura navegable.
rel-0310,sre-dg-serh,Dirección General del Servicio Exterior y de Recursos Humanos,jerarquía / adscripción,sre-uaf,Unidad de Administración y Finanzas,Acuerdo por el que se adscriben orgánicamente las unidades administrativas de la Secretaría de Relaciones Exteriores,https://www.dof.gob.mx/abrirPDF.php?anio=2026&archivo=20022026-MAT.pdf&repo=,2026-09-28,Relación padre-hijo utilizada por la estructura navegable.
rel-0311,sre-dg-pp,"Dirección General de Programación, Organización y Presupuesto",jerarquía / adscripción,sre-uaf,Unidad de Administración y Finanzas,Acuerdo por el que se adscriben orgánicamente las unidades administrativas de la Secretaría de Relaciones Exteriores,https://www.dof.gob.mx/abrirPDF.php?anio=2026&archivo=20022026-MAT.pdf&repo=,2026-09-28,Relación padre-hijo utilizada por la estructura navegable.
rel-0312,sre-dg-birm,Dirección General de Bienes Inmuebles y Recursos Materiales,jerarquía / adscripción,sre-uaf,Unidad de Administración y Finanzas,Acuerdo por el que se adscriben orgánicamente las unidades administrativas de la Secretaría de Relaciones Exteriores,https://www.dof.gob.mx/abrirPDF.php?anio=2026&archivo=20022026-MAT.pdf&repo=,2026-09-28,Relación padre-hijo utilizada por la estructura navegable.
rel-0313,sre-dg-ti,Dirección General de Tecnologías de Información y Digitalización,jerarquía / adscripción,sre-uaf,Unidad de Administración y Finanzas,Acuerdo por el que se adscriben orgánicamente las unidades administrativas de la Secretaría de Relaciones Exteriores,https://www.dof.gob.mx/abrirPDF.php?anio=2026&archivo=20022026-MAT.pdf&repo=,2026-09-28,Relación padre-hijo utilizada por la estructura navegable.
rel-0314,sre-dg-pas,Dirección General de Oficinas de Pasaportes,jerarquía / adscripción,sre-uaf,Unidad de Administración y Finanzas,Acuerdo por el que se adscriben orgánicamente las unidades administrativas de la Secretaría de Relaciones Exteriores,https://www.dof.gob.mx/abrirPDF.php?anio=2026&archivo=20022026-MAT.pdf&repo=,2026-09-28,Relación padre-hijo utilizada por la estructura navegable.
rel-0315,sre-dg-ahd,Dirección General del Acervo Histórico Diplomático,jerarquía / adscripción,sre-consjur,Consultoría Jurídica,Acuerdo por el que se adscriben orgánicamente las unidades administrativas de la Secretaría de Relaciones Exteriores,https://www.dof.gob.mx/abrirPDF.php?anio=2026&archivo=20022026-MAT.pdf&repo=,2026-09-28,Relación padre-hijo utilizada por la estructura navegable.
rel-0316,sre-amex-proy,"Dirección General de Proyectos de Cooperación Internacional para el Desarrollo, Ayuda Humanitaria y Vinculación",jerarquía / adscripción,sre-amexcid,Agencia Mexicana de Cooperación Internacional para el Desarrollo,Acuerdo por el que se adscriben orgánicamente las unidades administrativas de la Secretaría de Relaciones Exteriores,https://www.dof.gob.mx/abrirPDF.php?anio=2026&archivo=20022026-MAT.pdf&repo=,2026-09-28,Relación padre-hijo utilizada por la estructura navegable.
rel-0317,sre-amex-plan,"Dirección General de Planeación, Evaluación y Cooperación Internacional para el Desarrollo",jerarquía / adscripción,sre-amexcid,Agencia Mexicana de Cooperación Internacional para el Desarrollo,Acuerdo por el que se adscriben orgánicamente las unidades administrativas de la Secretaría de Relaciones Exteriores,https://www.dof.gob.mx/abrirPDF.php?anio=2026&archivo=20022026-MAT.pdf&repo=,2026-09-28,Relación padre-hijo utilizada por la estructura navegable.
rel-0318,sre-amex-cyt,"Dirección General de Proyectos de Cooperación Internacional para el Desarrollo, Ciencia, Tecnología y Entidades Federativas",jerarquía / adscripción,sre-amexcid,Agencia Mexicana de Cooperación Internacional para el Desarrollo,Acuerdo por el que se adscriben orgánicamente las unidades administrativas de la Secretaría de Relaciones Exteriores,https://www.dof.gob.mx/abrirPDF.php?anio=2026&archivo=20022026-MAT.pdf&repo=,2026-09-28,Relación padre-hijo utilizada por la estructura navegable.
rel-0319,sre-amex-becas,"Dirección General de Proyectos de Cooperación Internacional para el Desarrollo, Convenios y Becas",jerarquía / adscripción,sre-amexcid,Agencia Mexicana de Cooperación Internacional para el Desarrollo,Acuerdo por el que se adscriben orgánicamente las unidades administrativas de la Secretaría de Relaciones Exteriores,https://www.dof.gob.mx/abrirPDF.php?anio=2026&archivo=20022026-MAT.pdf&repo=,2026-09-28,Relación padre-hijo utilizada por la estructura navegable.
rel-0320,sre-amex-fondos,Dirección General de Proyectos Especiales y Fondos de Cooperación Internacional para el Desarrollo,jerarquía / adscripción,sre-amexcid,Agencia Mexicana de Cooperación Internacional para el Desarrollo,Acuerdo por el que se adscriben orgánicamente las unidades administrativas de la Secretaría de Relaciones Exteriores,https://www.dof.gob.mx/abrirPDF.php?anio=2026&archivo=20022026-MAT.pdf&repo=,2026-09-28,Relación padre-hijo utilizada por la estructura navegable.
rel-0321,sre-pas-of,Oficinas de Pasaportes,jerarquía / adscripción,sre-dg-pas,Dirección General de Oficinas de Pasaportes,Acuerdo por el que se adscriben orgánicamente las unidades administrativas de la Secretaría de Relaciones Exteriores,https://www.dof.gob.mx/abrirPDF.php?anio=2026&archivo=20022026-MAT.pdf&repo=,2026-09-28,Relación padre-hijo utilizada por la estructura navegable.
rel-0322,sspc-sub-int,Subsecretaría de Inteligencia e Investigación Policial,jerarquía / adscripción,sec-4,Secretaría de Seguridad y Protección Ciudadana,Reglamento Interior de la Secretaría de Seguridad y Protección Ciudadana,https://www.dof.gob.mx/nota_detalle.php?codigo=5760917&fecha=24/06/2025,2026-09-28,Relación padre-hijo utilizada por la estructura navegable.
rel-0323,sspc-sub-pol,"Subsecretaría de Política Criminal, Vinculación y Protección Civil",jerarquía / adscripción,sec-4,Secretaría de Seguridad y Protección Ciudadana,Reglamento Interior de la Secretaría de Seguridad y Protección Ciudadana,https://www.dof.gob.mx/nota_detalle.php?codigo=5760917&fecha=24/06/2025,2026-09-28,Relación padre-hijo utilizada por la estructura navegable.
rel-0324,sspc-sub-prev,Subsecretaría de Prevención de las Violencias,jerarquía / adscripción,sec-4,Secretaría de Seguridad y Protección Ciudadana,Reglamento Interior de la Secretaría de Seguridad y Protección Ciudadana,https://www.dof.gob.mx/nota_detalle.php?codigo=5760917&fecha=24/06/2025,2026-09-28,Relación padre-hijo utilizada por la estructura navegable.
rel-0325,sspc-u-do,Unidad de Investigación de Delitos en Materia de Delincuencia Organizada y Delitos Contenidos en Leyes Especiales,jerarquía / adscripción,sec-4,Secretaría de Seguridad y Protección Ciudadana,Reglamento Interior de la Secretaría de Seguridad y Protección Ciudadana,https://www.dof.gob.mx/nota_detalle.php?codigo=5760917&fecha=24/06/2025,2026-09-28,Relación padre-hijo utilizada por la estructura navegable.
rel-0326,sspc-u-anal,"Unidad de Análisis, Investigación de Gabinete e Inteligencia Policial",jerarquía / adscripción,sec-4,Secretaría de Seguridad y Protección Ciudadana,Reglamento Interior de la Secretaría de Seguridad y Protección Ciudadana,https://www.dof.gob.mx/nota_detalle.php?codigo=5760917&fecha=24/06/2025,2026-09-28,Relación padre-hijo utilizada por la estructura navegable.
rel-0327,sspc-u-alto,Unidad de Investigación de Delitos de Alto Impacto y Operaciones Estratégicas,jerarquía / adscripción,sec-4,Secretaría de Seguridad y Protección Ciudadana,Reglamento Interior de la Secretaría de Seguridad y Protección Ciudadana,https://www.dof.gob.mx/nota_detalle.php?codigo=5760917&fecha=24/06/2025,2026-09-28,Relación padre-hijo utilizada por la estructura navegable.
rel-0328,sspc-u-anti,Unidad de Antisecuestro y Antiextorsión,jerarquía / adscripción,sec-4,Secretaría de Seguridad y Protección Ciudadana,Reglamento Interior de la Secretaría de Seguridad y Protección Ciudadana,https://www.dof.gob.mx/nota_detalle.php?codigo=5760917&fecha=24/06/2025,2026-09-28,Relación padre-hijo utilizada por la estructura navegable.
rel-0329,sspc-u-trans,Unidad para la Atención de Delitos Transnacionales,jerarquía / adscripción,sec-4,Secretaría de Seguridad y Protección Ciudadana,Reglamento Interior de la Secretaría de Seguridad y Protección Ciudadana,https://www.dof.gob.mx/nota_detalle.php?codigo=5760917&fecha=24/06/2025,2026-09-28,Relación padre-hijo utilizada por la estructura navegable.
rel-0330,sspc-u-ciber,"Unidad de Inteligencia, Investigación Cibernética y Operaciones Tecnológicas",jerarquía / adscripción,sec-4,Secretaría de Seguridad y Protección Ciudadana,Reglamento Interior de la Secretaría de Seguridad y Protección Ciudadana,https://www.dof.gob.mx/nota_detalle.php?codigo=5760917&fecha=24/06/2025,2026-09-28,Relación padre-hijo utilizada por la estructura navegable.
rel-0331,sspc-u-infra,Unidad de Infraestructura Informática y Vinculación Tecnológica,jerarquía / adscripción,sec-4,Secretaría de Seguridad y Protección Ciudadana,Reglamento Interior de la Secretaría de Seguridad y Protección Ciudadana,https://www.dof.gob.mx/nota_detalle.php?codigo=5760917&fecha=24/06/2025,2026-09-28,Relación padre-hijo utilizada por la estructura navegable.
rel-0332,sspc-u-plan,Unidad de Planeación Estratégica y Vinculación Interinstitucional e Internacional,jerarquía / adscripción,sec-4,Secretaría de Seguridad y Protección Ciudadana,Reglamento Interior de la Secretaría de Seguridad y Protección Ciudadana,https://www.dof.gob.mx/nota_detalle.php?codigo=5760917&fecha=24/06/2025,2026-09-28,Relación padre-hijo utilizada por la estructura navegable.
rel-0333,sspc-u-polpen,Unidad de Política Policial y Penitenciaria,jerarquía / adscripción,sec-4,Secretaría de Seguridad y Protección Ciudadana,Reglamento Interior de la Secretaría de Seguridad y Protección Ciudadana,https://www.dof.gob.mx/nota_detalle.php?codigo=5760917&fecha=24/06/2025,2026-09-28,Relación padre-hijo utilizada por la estructura navegable.
rel-0334,sspc-cnpc,Coordinación Nacional de Protección Civil,jerarquía / adscripción,sec-4,Secretaría de Seguridad y Protección Ciudadana,Reglamento Interior de la Secretaría de Seguridad y Protección Ciudadana,https://www.dof.gob.mx/nota_detalle.php?codigo=5760917&fecha=24/06/2025,2026-09-28,Relación padre-hijo utilizada por la estructura navegable.
rel-0335,sspc-u-paz,Unidad para el Fomento de la Paz,jerarquía / adscripción,sec-4,Secretaría de Seguridad y Protección Ciudadana,Reglamento Interior de la Secretaría de Seguridad y Protección Ciudadana,https://www.dof.gob.mx/nota_detalle.php?codigo=5760917&fecha=24/06/2025,2026-09-28,Relación padre-hijo utilizada por la estructura navegable.
rel-0336,sspc-u-jur,"Unidad General de Asuntos Jurídicos, Derechos Humanos y Transparencia",jerarquía / adscripción,sec-4,Secretaría de Seguridad y Protección Ciudadana,Reglamento Interior de la Secretaría de Seguridad y Protección Ciudadana,https://www.dof.gob.mx/nota_detalle.php?codigo=5760917&fecha=24/06/2025,2026-09-28,Relación padre-hijo utilizada por la estructura navegable.
rel-0337,sspc-uaf,Unidad de Administración y Finanzas,jerarquía / adscripción,sec-4,Secretaría de Seguridad y Protección Ciudadana,Reglamento Interior de la Secretaría de Seguridad y Protección Ciudadana,https://www.dof.gob.mx/nota_detalle.php?codigo=5760917&fecha=24/06/2025,2026-09-28,Relación padre-hijo utilizada por la estructura navegable.
rel-0338,sspc-u-ai,Unidad de Asuntos Internos,jerarquía / adscripción,sec-4,Secretaría de Seguridad y Protección Ciudadana,Reglamento Interior de la Secretaría de Seguridad y Protección Ciudadana,https://www.dof.gob.mx/nota_detalle.php?codigo=5760917&fecha=24/06/2025,2026-09-28,Relación padre-hijo utilizada por la estructura navegable.
rel-0339,sspc-spf,Servicio de Protección Federal,jerarquía / adscripción,sec-4,Secretaría de Seguridad y Protección Ciudadana,Reglamento Interior de la Secretaría de Seguridad y Protección Ciudadana,https://www.dof.gob.mx/nota_detalle.php?codigo=5760917&fecha=24/06/2025,2026-09-28,Relación padre-hijo utilizada por la estructura navegable.
rel-0340,sspc-prs,Prevención y Reinserción Social,jerarquía / adscripción,sec-4,Secretaría de Seguridad y Protección Ciudadana,Reglamento Interior de la Secretaría de Seguridad y Protección Ciudadana,https://www.dof.gob.mx/nota_detalle.php?codigo=5760917&fecha=24/06/2025,2026-09-28,Relación padre-hijo utilizada por la estructura navegable.
rel-0341,sspc-cenapred,Centro Nacional de Prevención de Desastres,jerarquía / adscripción,sec-4,Secretaría de Seguridad y Protección Ciudadana,Reglamento Interior de la Secretaría de Seguridad y Protección Ciudadana,https://www.dof.gob.mx/nota_detalle.php?codigo=5760917&fecha=24/06/2025,2026-09-28,Relación padre-hijo utilizada por la estructura navegable.
rel-0342,sspc-cni,Centro Nacional de Inteligencia,jerarquía / adscripción,sec-4,Secretaría de Seguridad y Protección Ciudadana,Reglamento Interior de la Secretaría de Seguridad y Protección Ciudadana,https://www.dof.gob.mx/nota_detalle.php?codigo=5760917&fecha=24/06/2025,2026-09-28,Relación padre-hijo utilizada por la estructura navegable.
rel-0343,sspc-sesnsp,Secretariado Ejecutivo del Sistema Nacional de Seguridad Pública,jerarquía / adscripción,sec-4,Secretaría de Seguridad y Protección Ciudadana,Reglamento Interior de la Secretaría de Seguridad y Protección Ciudadana,https://www.dof.gob.mx/nota_detalle.php?codigo=5760917&fecha=24/06/2025,2026-09-28,Relación padre-hijo utilizada por la estructura navegable.
rel-0344,bien-dg-com,Dirección General de Comunicación Social,jerarquía / adscripción,sec-6,Secretaría de Bienestar,Manual de Organización General de la Secretaría de Bienestar,https://dof.gob.mx/abrirPDF.php?anio=2024&archivo=19062024-MAT.pdf&repo=,2026-09-28,Relación padre-hijo utilizada por la estructura navegable.
rel-0345,bien-dg-reg,Dirección General de Desarrollo Regional,jerarquía / adscripción,sec-6,Secretaría de Bienestar,Manual de Organización General de la Secretaría de Bienestar,https://dof.gob.mx/abrirPDF.php?anio=2024&archivo=19062024-MAT.pdf&repo=,2026-09-28,Relación padre-hijo utilizada por la estructura navegable.
rel-0346,bien-u-del,Unidad de Coordinación de Delegaciones,jerarquía / adscripción,sec-6,Secretaría de Bienestar,Manual de Organización General de la Secretaría de Bienestar,https://dof.gob.mx/abrirPDF.php?anio=2024&archivo=19062024-MAT.pdf&repo=,2026-09-28,Relación padre-hijo utilizada por la estructura navegable.
rel-0347,bien-u-vinc,Unidad de Vinculación Interinstitucional,jerarquía / adscripción,sec-6,Secretaría de Bienestar,Manual de Organización General de la Secretaría de Bienestar,https://dof.gob.mx/abrirPDF.php?anio=2024&archivo=19062024-MAT.pdf&repo=,2026-09-28,Relación padre-hijo utilizada por la estructura navegable.
rel-0348,bien-dg-cohesion,Dirección General para el Bienestar y la Cohesión Social,jerarquía / adscripción,sec-6,Secretaría de Bienestar,Manual de Organización General de la Secretaría de Bienestar,https://dof.gob.mx/abrirPDF.php?anio=2024&archivo=19062024-MAT.pdf&repo=,2026-09-28,Relación padre-hijo utilizada por la estructura navegable.
rel-0349,bien-sub,Subsecretaría de Bienestar,jerarquía / adscripción,sec-6,Secretaría de Bienestar,Manual de Organización General de la Secretaría de Bienestar,https://dof.gob.mx/abrirPDF.php?anio=2024&archivo=19062024-MAT.pdf&repo=,2026-09-28,Relación padre-hijo utilizada por la estructura navegable.
rel-0350,bien-sub-inc,Subsecretaría de Inclusión Productiva y Desarrollo Rural,jerarquía / adscripción,sec-6,Secretaría de Bienestar,Manual de Organización General de la Secretaría de Bienestar,https://dof.gob.mx/abrirPDF.php?anio=2024&archivo=19062024-MAT.pdf&repo=,2026-09-28,Relación padre-hijo utilizada por la estructura navegable.
rel-0351,bien-uaf,Unidad de Administración y Finanzas,jerarquía / adscripción,sec-6,Secretaría de Bienestar,Manual de Organización General de la Secretaría de Bienestar,https://dof.gob.mx/abrirPDF.php?anio=2024&archivo=19062024-MAT.pdf&repo=,2026-09-28,Relación padre-hijo utilizada por la estructura navegable.
rel-0352,bien-uagct,Unidad del Abogado General y Comisionado para la Transparencia,jerarquía / adscripción,sec-6,Secretaría de Bienestar,Manual de Organización General de la Secretaría de Bienestar,https://dof.gob.mx/abrirPDF.php?anio=2024&archivo=19062024-MAT.pdf&repo=,2026-09-28,Relación padre-hijo utilizada por la estructura navegable.
rel-0353,bien-u-plan,Unidad de Planeación y Evaluación de Programas para el Desarrollo,jerarquía / adscripción,sec-6,Secretaría de Bienestar,Manual de Organización General de la Secretaría de Bienestar,https://dof.gob.mx/abrirPDF.php?anio=2024&archivo=19062024-MAT.pdf&repo=,2026-09-28,Relación padre-hijo utilizada por la estructura navegable.
rel-0354,bien-inaes,Instituto Nacional de la Economía Social,jerarquía / adscripción,sec-6,Secretaría de Bienestar,Manual de Organización General de la Secretaría de Bienestar,https://dof.gob.mx/abrirPDF.php?anio=2024&archivo=19062024-MAT.pdf&repo=,2026-09-28,Relación padre-hijo utilizada por la estructura navegable.
rel-0355,bien-deleg,Delegaciones de Programas para el Desarrollo,jerarquía / adscripción,sec-6,Secretaría de Bienestar,Manual de Organización General de la Secretaría de Bienestar,https://dof.gob.mx/abrirPDF.php?anio=2024&archivo=19062024-MAT.pdf&repo=,2026-09-28,Relación padre-hijo utilizada por la estructura navegable.
rel-0356,bien-u-grupos,Unidad para la Atención de Grupos Prioritarios,jerarquía / adscripción,bien-sub,Subsecretaría de Bienestar,Manual de Organización General de la Secretaría de Bienestar,https://dof.gob.mx/abrirPDF.php?anio=2024&archivo=19062024-MAT.pdf&repo=,2026-09-28,Relación padre-hijo utilizada por la estructura navegable.
rel-0357,bien-dg-adultos,Dirección General para el Bienestar de las Personas Adultas Mayores,jerarquía / adscripción,bien-u-grupos,Unidad para la Atención de Grupos Prioritarios,Manual de Organización General de la Secretaría de Bienestar,https://dof.gob.mx/abrirPDF.php?anio=2024&archivo=19062024-MAT.pdf&repo=,2026-09-28,Relación padre-hijo utilizada por la estructura navegable.
rel-0358,bien-dg-disc,Dirección General para el Bienestar de las Personas con Discapacidad,jerarquía / adscripción,bien-u-grupos,Unidad para la Atención de Grupos Prioritarios,Manual de Organización General de la Secretaría de Bienestar,https://dof.gob.mx/abrirPDF.php?anio=2024&archivo=19062024-MAT.pdf&repo=,2026-09-28,Relación padre-hijo utilizada por la estructura navegable.
rel-0359,bien-dg-nna,"Dirección General para el Bienestar de las Niñas, Niños y Adolescentes",jerarquía / adscripción,bien-u-grupos,Unidad para la Atención de Grupos Prioritarios,Manual de Organización General de la Secretaría de Bienestar,https://dof.gob.mx/abrirPDF.php?anio=2024&archivo=19062024-MAT.pdf&repo=,2026-09-28,Relación padre-hijo utilizada por la estructura navegable.
rel-0360,bien-dg-valid,Dirección General para la Validación de Beneficiarios,jerarquía / adscripción,bien-u-grupos,Unidad para la Atención de Grupos Prioritarios,Manual de Organización General de la Secretaría de Bienestar,https://dof.gob.mx/abrirPDF.php?anio=2024&archivo=19062024-MAT.pdf&repo=,2026-09-28,Relación padre-hijo utilizada por la estructura navegable.
rel-0361,bien-dg-oper,Dirección General de Operación Integral de Programas,jerarquía / adscripción,bien-u-grupos,Unidad para la Atención de Grupos Prioritarios,Manual de Organización General de la Secretaría de Bienestar,https://dof.gob.mx/abrirPDF.php?anio=2024&archivo=19062024-MAT.pdf&repo=,2026-09-28,Relación padre-hijo utilizada por la estructura navegable.
rel-0362,bien-dg-seg,Dirección General de Seguimiento y Evaluación,jerarquía / adscripción,bien-sub,Subsecretaría de Bienestar,Manual de Organización General de la Secretaría de Bienestar,https://dof.gob.mx/abrirPDF.php?anio=2024&archivo=19062024-MAT.pdf&repo=,2026-09-28,Relación padre-hijo utilizada por la estructura navegable.
rel-0363,bien-dg-org,"Dirección General de Organización, Formación e Inclusión Productiva",jerarquía / adscripción,bien-sub-inc,Subsecretaría de Inclusión Productiva y Desarrollo Rural,Manual de Organización General de la Secretaría de Bienestar,https://dof.gob.mx/abrirPDF.php?anio=2024&archivo=19062024-MAT.pdf&repo=,2026-09-28,Relación padre-hijo utilizada por la estructura navegable.
rel-0364,bien-dg-log,Dirección General de Seguimiento y Logística para el Desarrollo Rural y Productivo,jerarquía / adscripción,bien-sub-inc,Subsecretaría de Inclusión Productiva y Desarrollo Rural,Manual de Organización General de la Secretaría de Bienestar,https://dof.gob.mx/abrirPDF.php?anio=2024&archivo=19062024-MAT.pdf&repo=,2026-09-28,Relación padre-hijo utilizada por la estructura navegable.
rel-0365,bien-dg-agro,Dirección General de Instrumentación de Programas de Agroforestería,jerarquía / adscripción,bien-sub-inc,Subsecretaría de Inclusión Productiva y Desarrollo Rural,Manual de Organización General de la Secretaría de Bienestar,https://dof.gob.mx/abrirPDF.php?anio=2024&archivo=19062024-MAT.pdf&repo=,2026-09-28,Relación padre-hijo utilizada por la estructura navegable.
rel-0366,bien-dg-vincrur,Dirección General de Vinculación y Estrategias de Programas de Desarrollo Rural,jerarquía / adscripción,bien-sub-inc,Subsecretaría de Inclusión Productiva y Desarrollo Rural,Manual de Organización General de la Secretaría de Bienestar,https://dof.gob.mx/abrirPDF.php?anio=2024&archivo=19062024-MAT.pdf&repo=,2026-09-28,Relación padre-hijo utilizada por la estructura navegable.
rel-0367,bien-dg-pp,Dirección General de Programación y Presupuesto,jerarquía / adscripción,bien-uaf,Unidad de Administración y Finanzas,Manual de Organización General de la Secretaría de Bienestar,https://dof.gob.mx/abrirPDF.php?anio=2024&archivo=19062024-MAT.pdf&repo=,2026-09-28,Relación padre-hijo utilizada por la estructura navegable.
rel-0368,bien-dg-rm,Dirección General de Recursos Materiales,jerarquía / adscripción,bien-uaf,Unidad de Administración y Finanzas,Manual de Organización General de la Secretaría de Bienestar,https://dof.gob.mx/abrirPDF.php?anio=2024&archivo=19062024-MAT.pdf&repo=,2026-09-28,Relación padre-hijo utilizada por la estructura navegable.
rel-0369,bien-dg-rh,Dirección General de Recursos Humanos,jerarquía / adscripción,bien-uaf,Unidad de Administración y Finanzas,Manual de Organización General de la Secretaría de Bienestar,https://dof.gob.mx/abrirPDF.php?anio=2024&archivo=19062024-MAT.pdf&repo=,2026-09-28,Relación padre-hijo utilizada por la estructura navegable.
rel-0370,bien-dg-ti,Dirección General de Tecnologías de la Información y Comunicaciones,jerarquía / adscripción,bien-uaf,Unidad de Administración y Finanzas,Manual de Organización General de la Secretaría de Bienestar,https://dof.gob.mx/abrirPDF.php?anio=2024&archivo=19062024-MAT.pdf&repo=,2026-09-28,Relación padre-hijo utilizada por la estructura navegable.
rel-0371,bien-dg-proc,Dirección General de Procesos y Estructuras Organizacionales,jerarquía / adscripción,bien-uaf,Unidad de Administración y Finanzas,Manual de Organización General de la Secretaría de Bienestar,https://dof.gob.mx/abrirPDF.php?anio=2024&archivo=19062024-MAT.pdf&repo=,2026-09-28,Relación padre-hijo utilizada por la estructura navegable.
rel-0372,bien-dg-norm,Dirección General de Normatividad y Asuntos Contenciosos,jerarquía / adscripción,bien-uagct,Unidad del Abogado General y Comisionado para la Transparencia,Manual de Organización General de la Secretaría de Bienestar,https://dof.gob.mx/abrirPDF.php?anio=2024&archivo=19062024-MAT.pdf&repo=,2026-09-28,Relación padre-hijo utilizada por la estructura navegable.
rel-0373,bien-dg-mon,Dirección General de Monitoreo y Evaluación para el Desarrollo,jerarquía / adscripción,bien-u-plan,Unidad de Planeación y Evaluación de Programas para el Desarrollo,Manual de Organización General de la Secretaría de Bienestar,https://dof.gob.mx/abrirPDF.php?anio=2024&archivo=19062024-MAT.pdf&repo=,2026-09-28,Relación padre-hijo utilizada por la estructura navegable.
rel-0374,bien-dg-plan,Dirección General de Planeación y Análisis,jerarquía / adscripción,bien-u-plan,Unidad de Planeación y Evaluación de Programas para el Desarrollo,Manual de Organización General de la Secretaría de Bienestar,https://dof.gob.mx/abrirPDF.php?anio=2024&archivo=19062024-MAT.pdf&repo=,2026-09-28,Relación padre-hijo utilizada por la estructura navegable.
rel-0375,bien-dg-pad,Dirección General de Padrones de Beneficiarios,jerarquía / adscripción,bien-u-plan,Unidad de Planeación y Evaluación de Programas para el Desarrollo,Manual de Organización General de la Secretaría de Bienestar,https://dof.gob.mx/abrirPDF.php?anio=2024&archivo=19062024-MAT.pdf&repo=,2026-09-28,Relación padre-hijo utilizada por la estructura navegable.
rel-0376,eco-sub-ind,Subsecretaría de Industria y Comercio,jerarquía / adscripción,sec-9,Secretaría de Economía,Acuerdo por el que se adscriben orgánicamente las unidades administrativas de la Secretaría de Economía,https://www.dof.gob.mx/abrirPDF.php?anio=2024&archivo=10042024-MAT.pdf&repo=,2026-09-28,Relación padre-hijo utilizada por la estructura navegable.
rel-0377,eco-sub-ext,Subsecretaría de Comercio Exterior,jerarquía / adscripción,sec-9,Secretaría de Economía,Acuerdo por el que se adscriben orgánicamente las unidades administrativas de la Secretaría de Economía,https://www.dof.gob.mx/abrirPDF.php?anio=2024&archivo=10042024-MAT.pdf&repo=,2026-09-28,Relación padre-hijo utilizada por la estructura navegable.
rel-0378,eco-uaf,Unidad de Administración y Finanzas,jerarquía / adscripción,sec-9,Secretaría de Economía,Acuerdo por el que se adscriben orgánicamente las unidades administrativas de la Secretaría de Economía,https://www.dof.gob.mx/abrirPDF.php?anio=2024&archivo=10042024-MAT.pdf&repo=,2026-09-28,Relación padre-hijo utilizada por la estructura navegable.
rel-0379,eco-uaj,Unidad de Apoyo Jurídico,jerarquía / adscripción,sec-9,Secretaría de Economía,Acuerdo por el que se adscriben orgánicamente las unidades administrativas de la Secretaría de Economía,https://www.dof.gob.mx/abrirPDF.php?anio=2024&archivo=10042024-MAT.pdf&repo=,2026-09-28,Relación padre-hijo utilizada por la estructura navegable.
rel-0380,eco-u-norm,"Unidad de Normatividad, Competitividad y Competencia",jerarquía / adscripción,sec-9,Secretaría de Economía,Acuerdo por el que se adscriben orgánicamente las unidades administrativas de la Secretaría de Economía,https://www.dof.gob.mx/abrirPDF.php?anio=2024&archivo=10042024-MAT.pdf&repo=,2026-09-28,Relación padre-hijo utilizada por la estructura navegable.
rel-0381,eco-u-ext,Unidad de Coordinación de Actividades Extractivas,jerarquía / adscripción,sec-9,Secretaría de Economía,Acuerdo por el que se adscriben orgánicamente las unidades administrativas de la Secretaría de Economía,https://www.dof.gob.mx/abrirPDF.php?anio=2024&archivo=10042024-MAT.pdf&repo=,2026-09-28,Relación padre-hijo utilizada por la estructura navegable.
rel-0382,eco-u-plan,"Unidad de Prospectiva, Planeación y Evaluación",jerarquía / adscripción,sec-9,Secretaría de Economía,Acuerdo por el que se adscriben orgánicamente las unidades administrativas de la Secretaría de Economía,https://www.dof.gob.mx/abrirPDF.php?anio=2024&archivo=10042024-MAT.pdf&repo=,2026-09-28,Relación padre-hijo utilizada por la estructura navegable.
rel-0383,eco-dg-vinc,Dirección General de Vinculación con el Sector Coordinado,jerarquía / adscripción,sec-9,Secretaría de Economía,Acuerdo por el que se adscriben orgánicamente las unidades administrativas de la Secretaría de Economía,https://www.dof.gob.mx/abrirPDF.php?anio=2024&archivo=10042024-MAT.pdf&repo=,2026-09-28,Relación padre-hijo utilizada por la estructura navegable.
rel-0384,eco-ocs,Oficina de Comunicación Social,jerarquía / adscripción,sec-9,Secretaría de Economía,Acuerdo por el que se adscriben orgánicamente las unidades administrativas de la Secretaría de Economía,https://www.dof.gob.mx/abrirPDF.php?anio=2024&archivo=10042024-MAT.pdf&repo=,2026-09-28,Relación padre-hijo utilizada por la estructura navegable.
rel-0385,eco-oel,Oficina de Enlace Legislativo,jerarquía / adscripción,sec-9,Secretaría de Economía,Acuerdo por el que se adscriben orgánicamente las unidades administrativas de la Secretaría de Economía,https://www.dof.gob.mx/abrirPDF.php?anio=2024&archivo=10042024-MAT.pdf&repo=,2026-09-28,Relación padre-hijo utilizada por la estructura navegable.
rel-0386,eco-dg-ppc,"Dirección General de Programación, Presupuesto y Contabilidad",jerarquía / adscripción,eco-uaf,Unidad de Administración y Finanzas,Manual de Organización General de la Secretaría de Economía,https://dof.gob.mx/nota_detalle.php?codigo=5641872&fecha=02/02/2022,2026-09-28,Relación padre-hijo utilizada por la estructura navegable.
rel-0387,eco-dg-rh,Dirección General de Recursos Humanos,jerarquía / adscripción,eco-uaf,Unidad de Administración y Finanzas,Manual de Organización General de la Secretaría de Economía,https://dof.gob.mx/nota_detalle.php?codigo=5641872&fecha=02/02/2022,2026-09-28,Relación padre-hijo utilizada por la estructura navegable.
rel-0388,eco-dg-rma,Dirección General de Recursos Materiales y Archivo,jerarquía / adscripción,eco-uaf,Unidad de Administración y Finanzas,Manual de Organización General de la Secretaría de Economía,https://dof.gob.mx/nota_detalle.php?codigo=5641872&fecha=02/02/2022,2026-09-28,Relación padre-hijo utilizada por la estructura navegable.
rel-0389,eco-dg-ti,Dirección General de Tecnologías de la Información,jerarquía / adscripción,eco-uaf,Unidad de Administración y Finanzas,Manual de Organización General de la Secretaría de Economía,https://dof.gob.mx/nota_detalle.php?codigo=5641872&fecha=02/02/2022,2026-09-28,Relación padre-hijo utilizada por la estructura navegable.
rel-0390,eco-coord-conv,Coordinación de Convenios y Contratos,jerarquía / adscripción,eco-uaj,Unidad de Apoyo Jurídico,Manual de Organización General de la Secretaría de Economía,https://dof.gob.mx/nota_detalle.php?codigo=5641872&fecha=02/02/2022,2026-09-28,Relación padre-hijo utilizada por la estructura navegable.
rel-0391,eco-coord-cont,Coordinación de lo Contencioso,jerarquía / adscripción,eco-uaj,Unidad de Apoyo Jurídico,Manual de Organización General de la Secretaría de Economía,https://dof.gob.mx/nota_detalle.php?codigo=5641872&fecha=02/02/2022,2026-09-28,Relación padre-hijo utilizada por la estructura navegable.
rel-0392,eco-dg-leg,Dirección General de Legislación y Consulta,jerarquía / adscripción,eco-uaj,Unidad de Apoyo Jurídico,Manual de Organización General de la Secretaría de Economía,https://dof.gob.mx/nota_detalle.php?codigo=5641872&fecha=02/02/2022,2026-09-28,Relación padre-hijo utilizada por la estructura navegable.
rel-0393,eco-dg-proc,Dirección General de Procedimientos Constitucionales y Legales,jerarquía / adscripción,eco-uaj,Unidad de Apoyo Jurídico,Manual de Organización General de la Secretaría de Economía,https://dof.gob.mx/nota_detalle.php?codigo=5641872&fecha=02/02/2022,2026-09-28,Relación padre-hijo utilizada por la estructura navegable.
rel-0394,eco-dg-normas,Dirección General de Normas,jerarquía / adscripción,eco-u-norm,"Unidad de Normatividad, Competitividad y Competencia",Manual de Organización General de la Secretaría de Economía,https://dof.gob.mx/nota_detalle.php?codigo=5641872&fecha=02/02/2022,2026-09-28,Relación padre-hijo utilizada por la estructura navegable.
rel-0395,eco-dg-normmerc,Dirección General de Normatividad Mercantil,jerarquía / adscripción,eco-u-norm,"Unidad de Normatividad, Competitividad y Competencia",Manual de Organización General de la Secretaría de Economía,https://dof.gob.mx/nota_detalle.php?codigo=5641872&fecha=02/02/2022,2026-09-28,Relación padre-hijo utilizada por la estructura navegable.
rel-0396,eco-dg-comp,Dirección General de Competitividad y Competencia,jerarquía / adscripción,eco-u-norm,"Unidad de Normatividad, Competitividad y Competencia",Manual de Organización General de la Secretaría de Economía,https://dof.gob.mx/nota_detalle.php?codigo=5641872&fecha=02/02/2022,2026-09-28,Relación padre-hijo utilizada por la estructura navegable.
rel-0397,eco-dg-apoyo,Dirección General de Apoyo Técnico,jerarquía / adscripción,eco-u-norm,"Unidad de Normatividad, Competitividad y Competencia",Manual de Organización General de la Secretaría de Economía,https://dof.gob.mx/nota_detalle.php?codigo=5641872&fecha=02/02/2022,2026-09-28,Relación padre-hijo utilizada por la estructura navegable.
rel-0398,eco-dg-minero,Dirección General de Desarrollo Minero,jerarquía / adscripción,eco-u-ext,Unidad de Coordinación de Actividades Extractivas,Manual de Organización General de la Secretaría de Economía,https://dof.gob.mx/nota_detalle.php?codigo=5641872&fecha=02/02/2022,2026-09-28,Relación padre-hijo utilizada por la estructura navegable.
rel-0399,eco-dg-minas,Dirección General de Minas,jerarquía / adscripción,eco-u-ext,Unidad de Coordinación de Actividades Extractivas,Manual de Organización General de la Secretaría de Economía,https://dof.gob.mx/nota_detalle.php?codigo=5641872&fecha=02/02/2022,2026-09-28,Relación padre-hijo utilizada por la estructura navegable.
rel-0400,eco-dg-innov,Dirección General de Innovación de Trámites,jerarquía / adscripción,eco-u-plan,"Unidad de Prospectiva, Planeación y Evaluación",Manual de Organización General de la Secretaría de Economía,https://dof.gob.mx/nota_detalle.php?codigo=5641872&fecha=02/02/2022,2026-09-28,Relación padre-hijo utilizada por la estructura navegable.
rel-0401,eco-dg-planev,Dirección General de Planeación y Evaluación,jerarquía / adscripción,eco-u-plan,"Unidad de Prospectiva, Planeación y Evaluación",Manual de Organización General de la Secretaría de Economía,https://dof.gob.mx/nota_detalle.php?codigo=5641872&fecha=02/02/2022,2026-09-28,Relación padre-hijo utilizada por la estructura navegable.
rel-0402,eco-dg-territ,Dirección General de Coordinación Territorial de los Centros de Fomento Económico para el Bienestar,jerarquía / adscripción,eco-u-plan,"Unidad de Prospectiva, Planeación y Evaluación",Reforma al Reglamento Interior de la Secretaría de Economía,https://www.dof.gob.mx/abrirPDF.php?anio=2025&archivo=14032025-MAT.pdf&repo=,2026-09-28,Relación padre-hijo utilizada por la estructura navegable.
rel-0403,eco-u-fom,Unidad de Fomento y Crecimiento Económico,jerarquía / adscripción,eco-sub-ind,Subsecretaría de Industria y Comercio,Manual de Organización General de la Secretaría de Economía,https://dof.gob.mx/nota_detalle.php?codigo=5641872&fecha=02/02/2022,2026-09-28,Relación padre-hijo utilizada por la estructura navegable.
rel-0404,eco-u-pci,Unidad de Prácticas Comerciales Internacionales,jerarquía / adscripción,eco-sub-ind,Subsecretaría de Industria y Comercio,Manual de Organización General de la Secretaría de Economía,https://dof.gob.mx/nota_detalle.php?codigo=5641872&fecha=02/02/2022,2026-09-28,Relación padre-hijo utilizada por la estructura navegable.
rel-0405,eco-dg-cn,Dirección General de Contenido Nacional y Fomento en el Sector Energético,jerarquía / adscripción,eco-sub-ind,Subsecretaría de Industria y Comercio,Manual de Organización General de la Secretaría de Economía,https://dof.gob.mx/nota_detalle.php?codigo=5641872&fecha=02/02/2022,2026-09-28,Relación padre-hijo utilizada por la estructura navegable.
rel-0406,eco-dg-lig,Dirección General de Industrias Ligeras,jerarquía / adscripción,eco-sub-ind,Subsecretaría de Industria y Comercio,Manual de Organización General de la Secretaría de Economía,https://dof.gob.mx/nota_detalle.php?codigo=5641872&fecha=02/02/2022,2026-09-28,Relación padre-hijo utilizada por la estructura navegable.
rel-0407,eco-dg-pes,Dirección General de Industrias Pesadas y de Alta Tecnología,jerarquía / adscripción,eco-sub-ind,Subsecretaría de Industria y Comercio,Manual de Organización General de la Secretaría de Economía,https://dof.gob.mx/nota_detalle.php?codigo=5641872&fecha=02/02/2022,2026-09-28,Relación padre-hijo utilizada por la estructura navegable.
rel-0408,eco-dg-isc,"Dirección General de Innovación, Servicios y Comercio Interior",jerarquía / adscripción,eco-sub-ind,Subsecretaría de Industria y Comercio,Manual de Organización General de la Secretaría de Economía,https://dof.gob.mx/nota_detalle.php?codigo=5641872&fecha=02/02/2022,2026-09-28,Relación padre-hijo utilizada por la estructura navegable.
rel-0409,eco-u-ieg,Unidad de Inteligencia Económica Global,jerarquía / adscripción,eco-sub-ext,Subsecretaría de Comercio Exterior,Manual de Organización General de la Secretaría de Economía,https://dof.gob.mx/nota_detalle.php?codigo=5641872&fecha=02/02/2022,2026-09-28,Relación padre-hijo utilizada por la estructura navegable.
rel-0410,eco-u-neg,Unidad de Negociaciones Comerciales Internacionales,jerarquía / adscripción,eco-sub-ext,Subsecretaría de Comercio Exterior,Manual de Organización General de la Secretaría de Economía,https://dof.gob.mx/nota_detalle.php?codigo=5641872&fecha=02/02/2022,2026-09-28,Relación padre-hijo utilizada por la estructura navegable.
rel-0411,eco-dg-acceso,Dirección General de Acceso a Mercados de Bienes,jerarquía / adscripción,eco-sub-ext,Subsecretaría de Comercio Exterior,Manual de Organización General de la Secretaría de Economía,https://dof.gob.mx/nota_detalle.php?codigo=5641872&fecha=02/02/2022,2026-09-28,Relación padre-hijo utilizada por la estructura navegable.
rel-0412,eco-dg-conscom,Dirección General de Consultoría Jurídica de Comercio Internacional,jerarquía / adscripción,eco-sub-ext,Subsecretaría de Comercio Exterior,Manual de Organización General de la Secretaría de Economía,https://dof.gob.mx/nota_detalle.php?codigo=5641872&fecha=02/02/2022,2026-09-28,Relación padre-hijo utilizada por la estructura navegable.
rel-0413,eco-dg-planneg,Dirección General de Planeación y Estrategias de Negociación,jerarquía / adscripción,eco-sub-ext,Subsecretaría de Comercio Exterior,Manual de Organización General de la Secretaría de Economía,https://dof.gob.mx/nota_detalle.php?codigo=5641872&fecha=02/02/2022,2026-09-28,Relación padre-hijo utilizada por la estructura navegable.
rel-0414,eco-dg-trat,"Dirección General de Seguimiento, Administración y Supervisión del Cumplimiento de Tratados Comerciales",jerarquía / adscripción,eco-sub-ext,Subsecretaría de Comercio Exterior,Manual de Organización General de la Secretaría de Economía,https://dof.gob.mx/nota_detalle.php?codigo=5641872&fecha=02/02/2022,2026-09-28,Relación padre-hijo utilizada por la estructura navegable.
rel-0415,eco-dg-fac,Dirección General de Facilitación Comercial y de Comercio Exterior,jerarquía / adscripción,eco-sub-ext,Subsecretaría de Comercio Exterior,Manual de Organización General de la Secretaría de Economía,https://dof.gob.mx/nota_detalle.php?codigo=5641872&fecha=02/02/2022,2026-09-28,Relación padre-hijo utilizada por la estructura navegable.
rel-0416,eco-coord-cal,Coordinación de la Infraestructura de la Calidad,jerarquía / adscripción,eco-dg-normas,Dirección General de Normas,Manual de Organización General de la Secretaría de Economía,https://dof.gob.mx/nota_detalle.php?codigo=5641872&fecha=02/02/2022,2026-09-28,Relación padre-hijo utilizada por la estructura navegable.
rel-0417,eco-coord-pol,Coordinación de Política Mercantil,jerarquía / adscripción,eco-dg-normmerc,Dirección General de Normatividad Mercantil,Manual de Organización General de la Secretaría de Economía,https://dof.gob.mx/nota_detalle.php?codigo=5641872&fecha=02/02/2022,2026-09-28,Relación padre-hijo utilizada por la estructura navegable.
rel-0418,eco-dg-def,Dirección General de Defensa Comercial Internacional,jerarquía / adscripción,eco-u-pci,Unidad de Prácticas Comerciales Internacionales,Manual de Organización General de la Secretaría de Economía,https://dof.gob.mx/nota_detalle.php?codigo=5641872&fecha=02/02/2022,2026-09-28,Relación padre-hijo utilizada por la estructura navegable.
rel-0419,eco-coord-afc,Coordinación de Análisis Financiero y Contable,jerarquía / adscripción,eco-u-pci,Unidad de Prácticas Comerciales Internacionales,Manual de Organización General de la Secretaría de Economía,https://dof.gob.mx/nota_detalle.php?codigo=5641872&fecha=02/02/2022,2026-09-28,Relación padre-hijo utilizada por la estructura navegable.
rel-0420,eco-coord-dano,Coordinación de Daño y Salvaguardas,jerarquía / adscripción,eco-u-pci,Unidad de Prácticas Comerciales Internacionales,Manual de Organización General de la Secretaría de Economía,https://dof.gob.mx/nota_detalle.php?codigo=5641872&fecha=02/02/2022,2026-09-28,Relación padre-hijo utilizada por la estructura navegable.
rel-0421,eco-coord-dump,Coordinación de Dumping y Subvenciones,jerarquía / adscripción,eco-u-pci,Unidad de Prácticas Comerciales Internacionales,Manual de Organización General de la Secretaría de Economía,https://dof.gob.mx/nota_detalle.php?codigo=5641872&fecha=02/02/2022,2026-09-28,Relación padre-hijo utilizada por la estructura navegable.
rel-0422,eco-coord-jur,Coordinación Jurídica,jerarquía / adscripción,eco-u-pci,Unidad de Prácticas Comerciales Internacionales,Manual de Organización General de la Secretaría de Economía,https://dof.gob.mx/nota_detalle.php?codigo=5641872&fecha=02/02/2022,2026-09-28,Relación padre-hijo utilizada por la estructura navegable.
rel-0423,eco-coord-juri,Coordinación Jurídica Internacional,jerarquía / adscripción,eco-u-pci,Unidad de Prácticas Comerciales Internacionales,Manual de Organización General de la Secretaría de Economía,https://dof.gob.mx/nota_detalle.php?codigo=5641872&fecha=02/02/2022,2026-09-28,Relación padre-hijo utilizada por la estructura navegable.
rel-0424,eco-dg-inv,Dirección General de Inversión Extranjera,jerarquía / adscripción,eco-u-ieg,Unidad de Inteligencia Económica Global,Manual de Organización General de la Secretaría de Economía,https://dof.gob.mx/nota_detalle.php?codigo=5641872&fecha=02/02/2022,2026-09-28,Relación padre-hijo utilizada por la estructura navegable.
rel-0425,eco-dg-prom,Dirección General de Política de Promoción de Inversiones y Exportación,jerarquía / adscripción,eco-u-ieg,Unidad de Inteligencia Económica Global,Manual de Organización General de la Secretaría de Economía,https://dof.gob.mx/nota_detalle.php?codigo=5641872&fecha=02/02/2022,2026-09-28,Relación padre-hijo utilizada por la estructura navegable.
rel-0426,eco-dg-servinv,Dirección General de Comercio Internacional de Servicios e Inversión,jerarquía / adscripción,eco-u-neg,Unidad de Negociaciones Comerciales Internacionales,Manual de Organización General de la Secretaría de Economía,https://dof.gob.mx/nota_detalle.php?codigo=5641872&fecha=02/02/2022,2026-09-28,Relación padre-hijo utilizada por la estructura navegable.
rel-0427,eco-dg-disc,Dirección General de Disciplinas de Comercio Internacional,jerarquía / adscripción,eco-u-neg,Unidad de Negociaciones Comerciales Internacionales,Manual de Organización General de la Secretaría de Economía,https://dof.gob.mx/nota_detalle.php?codigo=5641872&fecha=02/02/2022,2026-09-28,Relación padre-hijo utilizada por la estructura navegable.
rel-0428,eco-dg-est,Dirección General de Sistemas de Información Estadística de Comercio Internacional,jerarquía / adscripción,eco-u-neg,Unidad de Negociaciones Comerciales Internacionales,Manual de Organización General de la Secretaría de Economía,https://dof.gob.mx/nota_detalle.php?codigo=5641872&fecha=02/02/2022,2026-09-28,Relación padre-hijo utilizada por la estructura navegable.
rel-0429,eco-centros,Centros de Fomento Económico para el Bienestar en las entidades federativas,jerarquía / adscripción,eco-dg-territ,Dirección General de Coordinación Territorial de los Centros de Fomento Económico para el Bienestar,Reforma al Reglamento Interior de la Secretaría de Economía,https://www.dof.gob.mx/abrirPDF.php?anio=2025&archivo=14032025-MAT.pdf&repo=,2026-09-28,Relación padre-hijo utilizada por la estructura navegable.
rel-0430,agri-sub,Subsecretaría de Agricultura y Desarrollo Rural,jerarquía / adscripción,sec-10,Secretaría de Agricultura y Desarrollo Rural,Reglamento Interior de la Secretaría de Agricultura y Desarrollo Rural,https://www.dof.gob.mx/abrirPDF.php?anio=2025&archivo=31122025-MAT.pdf&repo=,2026-09-28,Relación padre-hijo utilizada por la estructura navegable.
rel-0431,agri-cg,"Coordinación General de Producción, Comercialización, Sustentabilidad e Innovación",jerarquía / adscripción,sec-10,Secretaría de Agricultura y Desarrollo Rural,Reglamento Interior de la Secretaría de Agricultura y Desarrollo Rural,https://www.dof.gob.mx/abrirPDF.php?anio=2025&archivo=31122025-MAT.pdf&repo=,2026-09-28,Relación padre-hijo utilizada por la estructura navegable.
rel-0432,agri-u-bien,Unidad de Bienestar para el Campo,jerarquía / adscripción,agri-sub,Subsecretaría de Agricultura y Desarrollo Rural,Reglamento Interior de la Secretaría de Agricultura y Desarrollo Rural,https://www.dof.gob.mx/abrirPDF.php?anio=2025&archivo=31122025-MAT.pdf&repo=,2026-09-28,Relación padre-hijo utilizada por la estructura navegable.
rel-0433,agri-u-oper,Unidad de Operación Territorial y Eficiencia Hídrica Agroalimentaria,jerarquía / adscripción,agri-sub,Subsecretaría de Agricultura y Desarrollo Rural,Reglamento Interior de la Secretaría de Agricultura y Desarrollo Rural,https://www.dof.gob.mx/abrirPDF.php?anio=2025&archivo=31122025-MAT.pdf&repo=,2026-09-28,Relación padre-hijo utilizada por la estructura navegable.
rel-0434,agri-u-innov,"Unidad de Innovación, Sustentabilidad y Resiliencia Climática",jerarquía / adscripción,agri-cg,"Coordinación General de Producción, Comercialización, Sustentabilidad e Innovación",Reglamento Interior de la Secretaría de Agricultura y Desarrollo Rural,https://www.dof.gob.mx/abrirPDF.php?anio=2025&archivo=31122025-MAT.pdf&repo=,2026-09-28,Relación padre-hijo utilizada por la estructura navegable.
rel-0435,agri-u-prod,"Unidad de Producción, Comercialización y Financiamiento",jerarquía / adscripción,agri-cg,"Coordinación General de Producción, Comercialización, Sustentabilidad e Innovación",Reglamento Interior de la Secretaría de Agricultura y Desarrollo Rural,https://www.dof.gob.mx/abrirPDF.php?anio=2025&archivo=31122025-MAT.pdf&repo=,2026-09-28,Relación padre-hijo utilizada por la estructura navegable.
rel-0436,agri-dg-fert,Dirección General de Fertilizantes,jerarquía / adscripción,agri-u-bien,Unidad de Bienestar para el Campo,Reglamento Interior de la Secretaría de Agricultura y Desarrollo Rural,https://www.dof.gob.mx/abrirPDF.php?anio=2025&archivo=31122025-MAT.pdf&repo=,2026-09-28,Relación padre-hijo utilizada por la estructura navegable.
rel-0437,agri-dg-pbien,Dirección General de Producción para el Bienestar,jerarquía / adscripción,agri-u-bien,Unidad de Bienestar para el Campo,Reglamento Interior de la Secretaría de Agricultura y Desarrollo Rural,https://www.dof.gob.mx/abrirPDF.php?anio=2025&archivo=31122025-MAT.pdf&repo=,2026-09-28,Relación padre-hijo utilizada por la estructura navegable.
rel-0438,agri-dg-hid,Dirección General de Eficiencia Hídrica en Riego y Temporal,jerarquía / adscripción,agri-u-oper,Unidad de Operación Territorial y Eficiencia Hídrica Agroalimentaria,Reglamento Interior de la Secretaría de Agricultura y Desarrollo Rural,https://www.dof.gob.mx/abrirPDF.php?anio=2025&archivo=31122025-MAT.pdf&repo=,2026-09-28,Relación padre-hijo utilizada por la estructura navegable.
rel-0439,agri-dg-ter,Dirección General de Intervención Territorial Estratégica,jerarquía / adscripción,agri-u-oper,Unidad de Operación Territorial y Eficiencia Hídrica Agroalimentaria,Reglamento Interior de la Secretaría de Agricultura y Desarrollo Rural,https://www.dof.gob.mx/abrirPDF.php?anio=2025&archivo=31122025-MAT.pdf&repo=,2026-09-28,Relación padre-hijo utilizada por la estructura navegable.
rel-0440,agri-dg-des,Dirección General de Desarrollo e Innovación,jerarquía / adscripción,agri-u-innov,"Unidad de Innovación, Sustentabilidad y Resiliencia Climática",Reglamento Interior de la Secretaría de Agricultura y Desarrollo Rural,https://www.dof.gob.mx/abrirPDF.php?anio=2025&archivo=31122025-MAT.pdf&repo=,2026-09-28,Relación padre-hijo utilizada por la estructura navegable.
rel-0441,agri-dg-res,Dirección General de Sustentabilidad y Resiliencia Climática,jerarquía / adscripción,agri-u-innov,"Unidad de Innovación, Sustentabilidad y Resiliencia Climática",Reglamento Interior de la Secretaría de Agricultura y Desarrollo Rural,https://www.dof.gob.mx/abrirPDF.php?anio=2025&archivo=31122025-MAT.pdf&repo=,2026-09-28,Relación padre-hijo utilizada por la estructura navegable.
rel-0442,agri-dg-pa,Dirección General de Producción Agrícola,jerarquía / adscripción,agri-u-prod,"Unidad de Producción, Comercialización y Financiamiento",Reglamento Interior de la Secretaría de Agricultura y Desarrollo Rural,https://www.dof.gob.mx/abrirPDF.php?anio=2025&archivo=31122025-MAT.pdf&repo=,2026-09-28,Relación padre-hijo utilizada por la estructura navegable.
rel-0443,agri-dg-gan,"Dirección General de Producción Ganadera, Pesquera y Acuícola",jerarquía / adscripción,agri-u-prod,"Unidad de Producción, Comercialización y Financiamiento",Reglamento Interior de la Secretaría de Agricultura y Desarrollo Rural,https://www.dof.gob.mx/abrirPDF.php?anio=2025&archivo=31122025-MAT.pdf&repo=,2026-09-28,Relación padre-hijo utilizada por la estructura navegable.
rel-0444,agri-dg-pre,"Dirección General de Precios, Ordenamiento Comercial y Valor Agregado",jerarquía / adscripción,agri-u-prod,"Unidad de Producción, Comercialización y Financiamiento",Reglamento Interior de la Secretaría de Agricultura y Desarrollo Rural,https://www.dof.gob.mx/abrirPDF.php?anio=2025&archivo=31122025-MAT.pdf&repo=,2026-09-28,Relación padre-hijo utilizada por la estructura navegable.
rel-0445,agri-dg-fin,Dirección General de Financiamiento y Gestión de Riesgos,jerarquía / adscripción,agri-u-prod,"Unidad de Producción, Comercialización y Financiamiento",Reglamento Interior de la Secretaría de Agricultura y Desarrollo Rural,https://www.dof.gob.mx/abrirPDF.php?anio=2025&archivo=31122025-MAT.pdf&repo=,2026-09-28,Relación padre-hijo utilizada por la estructura navegable.
rel-0446,agri-red-ter,"Oficinas, distritos y centros territoriales previstos en la estructura operativa",jerarquía / adscripción,agri-u-oper,Unidad de Operación Territorial y Eficiencia Hídrica Agroalimentaria,Reglamento Interior de la Secretaría de Agricultura y Desarrollo Rural,https://www.dof.gob.mx/abrirPDF.php?anio=2025&archivo=31122025-MAT.pdf&repo=,2026-09-28,Relación padre-hijo utilizada por la estructura navegable.
rel-0447,secihti-sub-cyh,Subsecretaría de Ciencia y Humanidades,jerarquía / adscripción,sec-14,"Secretaría de Ciencia, Humanidades, Tecnología e Innovación","Reglamento Interior de la Secretaría de Ciencia, Humanidades, Tecnología e Innovación",https://dof.gob.mx/nota_detalle.php?codigo=5747752&fecha=24/01/2025,2026-09-28,Relación padre-hijo utilizada por la estructura navegable.
rel-0448,secihti-sub-dt,"Subsecretaría de Desarrollo Tecnológico, Vinculación e Innovación",jerarquía / adscripción,sec-14,"Secretaría de Ciencia, Humanidades, Tecnología e Innovación","Reglamento Interior de la Secretaría de Ciencia, Humanidades, Tecnología e Innovación",https://dof.gob.mx/nota_detalle.php?codigo=5747752&fecha=24/01/2025,2026-09-28,Relación padre-hijo utilizada por la estructura navegable.
rel-0449,secihti-u-pol,Unidad de Políticas Transversales,jerarquía / adscripción,sec-14,"Secretaría de Ciencia, Humanidades, Tecnología e Innovación","Reglamento Interior de la Secretaría de Ciencia, Humanidades, Tecnología e Innovación",https://dof.gob.mx/nota_detalle.php?codigo=5747752&fecha=24/01/2025,2026-09-28,Relación padre-hijo utilizada por la estructura navegable.
rel-0450,secihti-uaf,Unidad de Administración y Finanzas,jerarquía / adscripción,sec-14,"Secretaría de Ciencia, Humanidades, Tecnología e Innovación","Reglamento Interior de la Secretaría de Ciencia, Humanidades, Tecnología e Innovación",https://dof.gob.mx/nota_detalle.php?codigo=5747752&fecha=24/01/2025,2026-09-28,Relación padre-hijo utilizada por la estructura navegable.
rel-0451,secihti-uaj,Unidad de Asuntos Jurídicos,jerarquía / adscripción,sec-14,"Secretaría de Ciencia, Humanidades, Tecnología e Innovación","Reglamento Interior de la Secretaría de Ciencia, Humanidades, Tecnología e Innovación",https://dof.gob.mx/nota_detalle.php?codigo=5747752&fecha=24/01/2025,2026-09-28,Relación padre-hijo utilizada por la estructura navegable.
rel-0452,secihti-cibiogem,Secretaría Ejecutiva de la Comisión Intersecretarial de Bioseguridad de los Organismos Genéticamente Modificados,jerarquía / adscripción,sec-14,"Secretaría de Ciencia, Humanidades, Tecnología e Innovación","Reglamento Interior de la Secretaría de Ciencia, Humanidades, Tecnología e Innovación",https://dof.gob.mx/nota_detalle.php?codigo=5747752&fecha=24/01/2025,2026-09-28,Relación padre-hijo utilizada por la estructura navegable.
rel-0453,secihti-dg-inv,Dirección General de Investigación Científica y Humanística,jerarquía / adscripción,secihti-sub-cyh,Subsecretaría de Ciencia y Humanidades,"Reglamento Interior de la Secretaría de Ciencia, Humanidades, Tecnología e Innovación",https://dof.gob.mx/nota_detalle.php?codigo=5747752&fecha=24/01/2025,2026-09-28,Relación padre-hijo utilizada por la estructura navegable.
rel-0454,secihti-dg-becas,Dirección General de Becas y Apoyos a la Comunidad Científica y Humanística,jerarquía / adscripción,secihti-sub-cyh,Subsecretaría de Ciencia y Humanidades,"Reglamento Interior de la Secretaría de Ciencia, Humanidades, Tecnología e Innovación",https://dof.gob.mx/nota_detalle.php?codigo=5747752&fecha=24/01/2025,2026-09-28,Relación padre-hijo utilizada por la estructura navegable.
rel-0455,secihti-dg-prom,Dirección General de Promoción e Incidencia de la Ciencia y las Humanidades,jerarquía / adscripción,secihti-sub-cyh,Subsecretaría de Ciencia y Humanidades,"Reglamento Interior de la Secretaría de Ciencia, Humanidades, Tecnología e Innovación",https://dof.gob.mx/nota_detalle.php?codigo=5747752&fecha=24/01/2025,2026-09-28,Relación padre-hijo utilizada por la estructura navegable.
rel-0456,secihti-dg-trans,"Dirección General de Desarrollo, Transferencia de Tecnología e Innovación",jerarquía / adscripción,secihti-sub-dt,"Subsecretaría de Desarrollo Tecnológico, Vinculación e Innovación","Reglamento Interior de la Secretaría de Ciencia, Humanidades, Tecnología e Innovación",https://dof.gob.mx/nota_detalle.php?codigo=5747752&fecha=24/01/2025,2026-09-28,Relación padre-hijo utilizada por la estructura navegable.
rel-0457,secihti-dg-centros,Dirección General de Centros Públicos de Investigación y Laboratorios Nacionales,jerarquía / adscripción,secihti-sub-dt,"Subsecretaría de Desarrollo Tecnológico, Vinculación e Innovación","Reglamento Interior de la Secretaría de Ciencia, Humanidades, Tecnología e Innovación",https://dof.gob.mx/nota_detalle.php?codigo=5747752&fecha=24/01/2025,2026-09-28,Relación padre-hijo utilizada por la estructura navegable.
rel-0458,secihti-dg-prio,Dirección General de Programas Prioritarios,jerarquía / adscripción,secihti-sub-dt,"Subsecretaría de Desarrollo Tecnológico, Vinculación e Innovación","Reglamento Interior de la Secretaría de Ciencia, Humanidades, Tecnología e Innovación",https://dof.gob.mx/nota_detalle.php?codigo=5747752&fecha=24/01/2025,2026-09-28,Relación padre-hijo utilizada por la estructura navegable.
rel-0459,secihti-dg-sist,Dirección General de Sistemas Nacionales de Información Científica,jerarquía / adscripción,secihti-sub-dt,"Subsecretaría de Desarrollo Tecnológico, Vinculación e Innovación","Reglamento Interior de la Secretaría de Ciencia, Humanidades, Tecnología e Innovación",https://dof.gob.mx/nota_detalle.php?codigo=5747752&fecha=24/01/2025,2026-09-28,Relación padre-hijo utilizada por la estructura navegable.
rel-0460,secihti-dg-coop,Dirección General de Cooperación Institucional y Sectorial,jerarquía / adscripción,secihti-u-pol,Unidad de Políticas Transversales,"Reglamento Interior de la Secretaría de Ciencia, Humanidades, Tecnología e Innovación",https://dof.gob.mx/nota_detalle.php?codigo=5747752&fecha=24/01/2025,2026-09-28,Relación padre-hijo utilizada por la estructura navegable.
rel-0461,secihti-dg-plan,Dirección General de Planeación y Evaluación,jerarquía / adscripción,secihti-u-pol,Unidad de Políticas Transversales,"Reglamento Interior de la Secretaría de Ciencia, Humanidades, Tecnología e Innovación",https://dof.gob.mx/nota_detalle.php?codigo=5747752&fecha=24/01/2025,2026-09-28,Relación padre-hijo utilizada por la estructura navegable.
rel-0462,secihti-dg-rho,Dirección General de Recursos Humanos y Organización,jerarquía / adscripción,secihti-uaf,Unidad de Administración y Finanzas,"Reglamento Interior de la Secretaría de Ciencia, Humanidades, Tecnología e Innovación",https://dof.gob.mx/nota_detalle.php?codigo=5747752&fecha=24/01/2025,2026-09-28,Relación padre-hijo utilizada por la estructura navegable.
rel-0463,secihti-dg-rmsg,Dirección General de Recursos Materiales y Servicios Generales,jerarquía / adscripción,secihti-uaf,Unidad de Administración y Finanzas,"Reglamento Interior de la Secretaría de Ciencia, Humanidades, Tecnología e Innovación",https://dof.gob.mx/nota_detalle.php?codigo=5747752&fecha=24/01/2025,2026-09-28,Relación padre-hijo utilizada por la estructura navegable.
rel-0464,secihti-dg-prf,Dirección General de Presupuesto y Recursos Financieros,jerarquía / adscripción,secihti-uaf,Unidad de Administración y Finanzas,"Reglamento Interior de la Secretaría de Ciencia, Humanidades, Tecnología e Innovación",https://dof.gob.mx/nota_detalle.php?codigo=5747752&fecha=24/01/2025,2026-09-28,Relación padre-hijo utilizada por la estructura navegable.
rel-0465,secihti-dg-cons,Dirección General de Consulta y Estudios Normativos,jerarquía / adscripción,secihti-uaj,Unidad de Asuntos Jurídicos,"Reglamento Interior de la Secretaría de Ciencia, Humanidades, Tecnología e Innovación",https://dof.gob.mx/nota_detalle.php?codigo=5747752&fecha=24/01/2025,2026-09-28,Relación padre-hijo utilizada por la estructura navegable.
rel-0466,secihti-dg-jud,Dirección General de Estrategias y Procedimientos Judiciales,jerarquía / adscripción,secihti-uaj,Unidad de Asuntos Jurídicos,"Reglamento Interior de la Secretaría de Ciencia, Humanidades, Tecnología e Innovación",https://dof.gob.mx/nota_detalle.php?codigo=5747752&fecha=24/01/2025,2026-09-28,Relación padre-hijo utilizada por la estructura navegable.
rel-0467,pres-secretaria,Secretaría Particular del Presidente,jerarquía / adscripción,presidencia,Oficina de la Presidencia de la República,"Calendario de gasto autorizado al Ramo 02 Oficina de la Presidencia de la República, ejercicio fiscal 2025",https://www.dof.gob.mx/abrirPDF.php?anio=2025&archivo=16012025-MAT.pdf&repo=repositorio%2F,2026-09-28,Relación padre-hijo utilizada por la estructura navegable.
rel-0468,pres-uaf,Unidad de Administración y Finanzas,jerarquía / adscripción,presidencia,Oficina de la Presidencia de la República,"Calendario de gasto autorizado al Ramo 02 Oficina de la Presidencia de la República, ejercicio fiscal 2025",https://www.dof.gob.mx/abrirPDF.php?anio=2025&archivo=16012025-MAT.pdf&repo=repositorio%2F,2026-09-28,Relación padre-hijo utilizada por la estructura navegable.
rel-0469,pres-sub-innov,Subjefatura de Innovación y Análisis,jerarquía / adscripción,presidencia,Oficina de la Presidencia de la República,"Calendario de gasto autorizado al Ramo 02 Oficina de la Presidencia de la República, ejercicio fiscal 2025",https://www.dof.gob.mx/abrirPDF.php?anio=2025&archivo=16012025-MAT.pdf&repo=repositorio%2F,2026-09-28,Relación padre-hijo utilizada por la estructura navegable.
rel-0470,pres-comsoc,Coordinación General de Comunicación Social y Vocería del Gobierno de la República,jerarquía / adscripción,presidencia,Oficina de la Presidencia de la República,"Calendario de gasto autorizado al Ramo 02 Oficina de la Presidencia de la República, ejercicio fiscal 2025",https://www.dof.gob.mx/abrirPDF.php?anio=2025&archivo=16012025-MAT.pdf&repo=repositorio%2F,2026-09-28,Relación padre-hijo utilizada por la estructura navegable.
rel-0471,pres-sec-gab,Secretaría Técnica del Gabinete,jerarquía / adscripción,presidencia,Oficina de la Presidencia de la República,"Calendario de gasto autorizado al Ramo 02 Oficina de la Presidencia de la República, ejercicio fiscal 2025",https://www.dof.gob.mx/abrirPDF.php?anio=2025&archivo=16012025-MAT.pdf&repo=repositorio%2F,2026-09-28,Relación padre-hijo utilizada por la estructura navegable.
rel-0472,pres-ases,Coordinación de Asesores del Presidente,jerarquía / adscripción,presidencia,Oficina de la Presidencia de la República,"Calendario de gasto autorizado al Ramo 02 Oficina de la Presidencia de la República, ejercicio fiscal 2025",https://www.dof.gob.mx/abrirPDF.php?anio=2025&archivo=16012025-MAT.pdf&repo=repositorio%2F,2026-09-28,Relación padre-hijo utilizada por la estructura navegable.
rel-0473,pres-jef,Jefatura de la Oficina de la Presidencia,jerarquía / adscripción,presidencia,Oficina de la Presidencia de la República,"Calendario de gasto autorizado al Ramo 02 Oficina de la Presidencia de la República, ejercicio fiscal 2025",https://www.dof.gob.mx/abrirPDF.php?anio=2025&archivo=16012025-MAT.pdf&repo=repositorio%2F,2026-09-28,Relación padre-hijo utilizada por la estructura navegable.
rel-0474,pres-subjef,Subjefatura de la Oficina de la Presidencia,jerarquía / adscripción,presidencia,Oficina de la Presidencia de la República,"Calendario de gasto autorizado al Ramo 02 Oficina de la Presidencia de la República, ejercicio fiscal 2025",https://www.dof.gob.mx/abrirPDF.php?anio=2025&archivo=16012025-MAT.pdf&repo=repositorio%2F,2026-09-28,Relación padre-hijo utilizada por la estructura navegable.
rel-0475,pres-int,Subjefatura de Asuntos Internacionales e Interlocución con Sectores Productivos,jerarquía / adscripción,presidencia,Oficina de la Presidencia de la República,"Calendario de gasto autorizado al Ramo 02 Oficina de la Presidencia de la República, ejercicio fiscal 2025",https://www.dof.gob.mx/abrirPDF.php?anio=2025&archivo=16012025-MAT.pdf&repo=repositorio%2F,2026-09-28,Relación padre-hijo utilizada por la estructura navegable.
rel-0476,pres-pol,Coordinación General de Política y Gobierno,jerarquía / adscripción,presidencia,Oficina de la Presidencia de la República,"Calendario de gasto autorizado al Ramo 02 Oficina de la Presidencia de la República, ejercicio fiscal 2025",https://www.dof.gob.mx/abrirPDF.php?anio=2025&archivo=16012025-MAT.pdf&repo=repositorio%2F,2026-09-28,Relación padre-hijo utilizada por la estructura navegable.
rel-0477,pres-prog,Coordinación General de Programas para el Desarrollo,jerarquía / adscripción,presidencia,Oficina de la Presidencia de la República,"Calendario de gasto autorizado al Ramo 02 Oficina de la Presidencia de la República, ejercicio fiscal 2025",https://www.dof.gob.mx/abrirPDF.php?anio=2025&archivo=16012025-MAT.pdf&repo=repositorio%2F,2026-09-28,Relación padre-hijo utilizada por la estructura navegable.
rel-0478,cjef-cons,Consejería Adjunta de Consulta y Estudios Constitucionales,jerarquía / adscripción,cjer,Consejería Jurídica del Ejecutivo Federal,Reglamento Interior de la Consejería Jurídica del Ejecutivo Federal,https://dof.gob.mx/nota_detalle.php?codigo=5769301&fecha=06/10/2025,2026-09-28,Relación padre-hijo utilizada por la estructura navegable.
rel-0479,cjef-leg,Consejería Adjunta de Legislación y Estudios Normativos,jerarquía / adscripción,cjer,Consejería Jurídica del Ejecutivo Federal,Reglamento Interior de la Consejería Jurídica del Ejecutivo Federal,https://dof.gob.mx/nota_detalle.php?codigo=5769301&fecha=06/10/2025,2026-09-28,Relación padre-hijo utilizada por la estructura navegable.
rel-0480,cjef-cont,Consejería Adjunta de Control Constitucional y de lo Contencioso,jerarquía / adscripción,cjer,Consejería Jurídica del Ejecutivo Federal,Reglamento Interior de la Consejería Jurídica del Ejecutivo Federal,https://dof.gob.mx/nota_detalle.php?codigo=5769301&fecha=06/10/2025,2026-09-28,Relación padre-hijo utilizada por la estructura navegable.
rel-0481,cjef-uaf,Unidad de Administración y Finanzas,jerarquía / adscripción,cjer,Consejería Jurídica del Ejecutivo Federal,Reglamento Interior de la Consejería Jurídica del Ejecutivo Federal,https://dof.gob.mx/nota_detalle.php?codigo=5769301&fecha=06/10/2025,2026-09-28,Relación padre-hijo utilizada por la estructura navegable.
rel-0482,cjef-dgcc,Dirección General de Control Constitucional,jerarquía / adscripción,cjef-cont,Consejería Adjunta de Control Constitucional y de lo Contencioso,Reglamento Interior de la Consejería Jurídica del Ejecutivo Federal,https://dof.gob.mx/nota_detalle.php?codigo=5769301&fecha=06/10/2025,2026-09-28,Relación padre-hijo utilizada por la estructura navegable.
rel-0483,cjef-dgdef,Dirección General de Defensa Jurídica Federal,jerarquía / adscripción,cjef-cont,Consejería Adjunta de Control Constitucional y de lo Contencioso,Reglamento Interior de la Consejería Jurídica del Ejecutivo Federal,https://dof.gob.mx/nota_detalle.php?codigo=5769301&fecha=06/10/2025,2026-09-28,Relación padre-hijo utilizada por la estructura navegable.
rel-0484,def-tsm,Tribunal Superior Militar,jerarquía / adscripción,sec-2,Secretaría de la Defensa Nacional,Manual de Organización General de la Secretaría de la Defensa Nacional,https://sidof.segob.gob.mx/notas/5791257,2026-09-28,Relación padre-hijo utilizada por la estructura navegable.
rel-0485,def-fgjm,Fiscalía General de Justicia Militar,jerarquía / adscripción,sec-2,Secretaría de la Defensa Nacional,Manual de Organización General de la Secretaría de la Defensa Nacional,https://sidof.segob.gob.mx/notas/5791257,2026-09-28,Relación padre-hijo utilizada por la estructura navegable.
rel-0486,def-dom,Defensoría de Oficio Militar,jerarquía / adscripción,sec-2,Secretaría de la Defensa Nacional,Manual de Organización General de la Secretaría de la Defensa Nacional,https://sidof.segob.gob.mx/notas/5791257,2026-09-28,Relación padre-hijo utilizada por la estructura navegable.
rel-0487,def-uaj,Unidad de Asuntos Jurídicos,jerarquía / adscripción,sec-2,Secretaría de la Defensa Nacional,Manual de Organización General de la Secretaría de la Defensa Nacional,https://sidof.segob.gob.mx/notas/5791257,2026-09-28,Relación padre-hijo utilizada por la estructura navegable.
rel-0488,def-sub,Subsecretaría de la Defensa Nacional,jerarquía / adscripción,sec-2,Secretaría de la Defensa Nacional,Manual de Organización General de la Secretaría de la Defensa Nacional,https://sidof.segob.gob.mx/notas/5791257,2026-09-28,Relación padre-hijo utilizada por la estructura navegable.
rel-0489,def-emc,Estado Mayor Conjunto de la Defensa Nacional,jerarquía / adscripción,sec-2,Secretaría de la Defensa Nacional,Manual de Organización General de la Secretaría de la Defensa Nacional,https://sidof.segob.gob.mx/notas/5791257,2026-09-28,Relación padre-hijo utilizada por la estructura navegable.
rel-0490,def-om,Oficialía Mayor,jerarquía / adscripción,sec-2,Secretaría de la Defensa Nacional,Manual de Organización General de la Secretaría de la Defensa Nacional,https://sidof.segob.gob.mx/notas/5791257,2026-09-28,Relación padre-hijo utilizada por la estructura navegable.
rel-0491,def-icg,"Inspección y Contraloría General del Ejército, Fuerza Aérea y Guardia Nacional",jerarquía / adscripción,sec-2,Secretaría de la Defensa Nacional,Manual de Organización General de la Secretaría de la Defensa Nacional,https://sidof.segob.gob.mx/notas/5791257,2026-09-28,Relación padre-hijo utilizada por la estructura navegable.
rel-0492,def-dg-edu,"Dirección General de Educación Militar y Rectoría de la Universidad del Ejército, Fuerza Aérea y Guardia Nacional",jerarquía / adscripción,def-sub,Subsecretaría de la Defensa Nacional,Manual de Organización General de la Secretaría de la Defensa Nacional,https://sidof.segob.gob.mx/notas/5791257,2026-09-28,Relación padre-hijo utilizada por la estructura navegable.
rel-0493,def-dg-ss,Dirección General de Seguridad Social Militar,jerarquía / adscripción,def-sub,Subsecretaría de la Defensa Nacional,Manual de Organización General de la Secretaría de la Defensa Nacional,https://sidof.segob.gob.mx/notas/5791257,2026-09-28,Relación padre-hijo utilizada por la estructura navegable.
rel-0494,def-dg-smn,Dirección General del Servicio Militar Nacional,jerarquía / adscripción,def-sub,Subsecretaría de la Defensa Nacional,Manual de Organización General de la Secretaría de la Defensa Nacional,https://sidof.segob.gob.mx/notas/5791257,2026-09-28,Relación padre-hijo utilizada por la estructura navegable.
rel-0495,def-dg-armas,Dirección General del Registro Federal de Armas de Fuego y Control de Explosivos,jerarquía / adscripción,def-sub,Subsecretaría de la Defensa Nacional,Manual de Organización General de la Secretaría de la Defensa Nacional,https://sidof.segob.gob.mx/notas/5791257,2026-09-28,Relación padre-hijo utilizada por la estructura navegable.
rel-0496,def-dg-ddhh,Dirección General de Derechos Humanos,jerarquía / adscripción,def-sub,Subsecretaría de la Defensa Nacional,Manual de Organización General de la Secretaría de la Defensa Nacional,https://sidof.segob.gob.mx/notas/5791257,2026-09-28,Relación padre-hijo utilizada por la estructura navegable.
rel-0497,def-dg-cart,Dirección General de Cartografía,jerarquía / adscripción,def-sub,Subsecretaría de la Defensa Nacional,Manual de Organización General de la Secretaría de la Defensa Nacional,https://sidof.segob.gob.mx/notas/5791257,2026-09-28,Relación padre-hijo utilizada por la estructura navegable.
rel-0498,def-dg-jm,Dirección General de Justicia Militar,jerarquía / adscripción,def-sub,Subsecretaría de la Defensa Nacional,Manual de Organización General de la Secretaría de la Defensa Nacional,https://sidof.segob.gob.mx/notas/5791257,2026-09-28,Relación padre-hijo utilizada por la estructura navegable.
rel-0499,def-pericial,Coordinación de Servicios Periciales y Ciencias Forenses,jerarquía / adscripción,def-dg-jm,Dirección General de Justicia Militar,Manual de Organización General de la Secretaría de la Defensa Nacional,https://sidof.segob.gob.mx/notas/5791257,2026-09-28,Relación padre-hijo utilizada por la estructura navegable.
rel-0500,def-cenavi,Centro Nacional de Vigilancia y Protección del Espacio Aéreo,jerarquía / adscripción,def-emc,Estado Mayor Conjunto de la Defensa Nacional,Manual de Organización General de la Secretaría de la Defensa Nacional,https://sidof.segob.gob.mx/notas/5791257,2026-09-28,Relación padre-hijo utilizada por la estructura navegable.
rel-0501,def-dg-com,Dirección General de Comunicación Social,jerarquía / adscripción,def-emc,Estado Mayor Conjunto de la Defensa Nacional,Manual de Organización General de la Secretaría de la Defensa Nacional,https://sidof.segob.gob.mx/notas/5791257,2026-09-28,Relación padre-hijo utilizada por la estructura navegable.
rel-0502,def-ej,Comandancia del Ejército Mexicano,jerarquía / adscripción,def-emc,Estado Mayor Conjunto de la Defensa Nacional,Manual de Organización General de la Secretaría de la Defensa Nacional,https://sidof.segob.gob.mx/notas/5791257,2026-09-28,Relación padre-hijo utilizada por la estructura navegable.
rel-0503,def-fam,Comandancia de la Fuerza Aérea Mexicana,jerarquía / adscripción,def-emc,Estado Mayor Conjunto de la Defensa Nacional,Manual de Organización General de la Secretaría de la Defensa Nacional,https://sidof.segob.gob.mx/notas/5791257,2026-09-28,Relación padre-hijo utilizada por la estructura navegable.
rel-0504,def-gn,Comandancia de la Guardia Nacional,jerarquía / adscripción,def-emc,Estado Mayor Conjunto de la Defensa Nacional,Manual de Organización General de la Secretaría de la Defensa Nacional,https://sidof.segob.gob.mx/notas/5791257,2026-09-28,Relación padre-hijo utilizada por la estructura navegable.
rel-0505,def-em-ej,Estado Mayor del Ejército,jerarquía / adscripción,def-ej,Comandancia del Ejército Mexicano,Manual de Organización General de la Secretaría de la Defensa Nacional,https://sidof.segob.gob.mx/notas/5791257,2026-09-28,Relación padre-hijo utilizada por la estructura navegable.
rel-0506,def-dg-inf,Dirección General de Infantería,jerarquía / adscripción,def-ej,Comandancia del Ejército Mexicano,Manual de Organización General de la Secretaría de la Defensa Nacional,https://sidof.segob.gob.mx/notas/5791257,2026-09-28,Relación padre-hijo utilizada por la estructura navegable.
rel-0507,def-dg-cab,Dirección General de Caballería,jerarquía / adscripción,def-ej,Comandancia del Ejército Mexicano,Manual de Organización General de la Secretaría de la Defensa Nacional,https://sidof.segob.gob.mx/notas/5791257,2026-09-28,Relación padre-hijo utilizada por la estructura navegable.
rel-0508,def-dg-art,Dirección General de Artillería,jerarquía / adscripción,def-ej,Comandancia del Ejército Mexicano,Manual de Organización General de la Secretaría de la Defensa Nacional,https://sidof.segob.gob.mx/notas/5791257,2026-09-28,Relación padre-hijo utilizada por la estructura navegable.
rel-0509,def-dg-blind,Dirección General del Arma Blindada,jerarquía / adscripción,def-ej,Comandancia del Ejército Mexicano,Manual de Organización General de la Secretaría de la Defensa Nacional,https://sidof.segob.gob.mx/notas/5791257,2026-09-28,Relación padre-hijo utilizada por la estructura navegable.
rel-0510,def-dg-ing,Dirección General de Ingenieros,jerarquía / adscripción,def-ej,Comandancia del Ejército Mexicano,Manual de Organización General de la Secretaría de la Defensa Nacional,https://sidof.segob.gob.mx/notas/5791257,2026-09-28,Relación padre-hijo utilizada por la estructura navegable.
rel-0511,def-dg-pm,Dirección General de Policía Militar,jerarquía / adscripción,def-ej,Comandancia del Ejército Mexicano,Manual de Organización General de la Secretaría de la Defensa Nacional,https://sidof.segob.gob.mx/notas/5791257,2026-09-28,Relación padre-hijo utilizada por la estructura navegable.
rel-0512,def-dg-dr,Dirección General de Defensas Rurales,jerarquía / adscripción,def-ej,Comandancia del Ejército Mexicano,Manual de Organización General de la Secretaría de la Defensa Nacional,https://sidof.segob.gob.mx/notas/5791257,2026-09-28,Relación padre-hijo utilizada por la estructura navegable.
rel-0513,def-em-fam,Estado Mayor de la Fuerza Aérea,jerarquía / adscripción,def-fam,Comandancia de la Fuerza Aérea Mexicana,Manual de Organización General de la Secretaría de la Defensa Nacional,https://sidof.segob.gob.mx/notas/5791257,2026-09-28,Relación padre-hijo utilizada por la estructura navegable.
rel-0514,def-pilotos,Dirección de Pilotos Aviadores,jerarquía / adscripción,def-fam,Comandancia de la Fuerza Aérea Mexicana,Manual de Organización General de la Secretaría de la Defensa Nacional,https://sidof.segob.gob.mx/notas/5791257,2026-09-28,Relación padre-hijo utilizada por la estructura navegable.
rel-0515,def-meteo,Dirección del Servicio Meteorológico,jerarquía / adscripción,def-fam,Comandancia de la Fuerza Aérea Mexicana,Manual de Organización General de la Secretaría de la Defensa Nacional,https://sidof.segob.gob.mx/notas/5791257,2026-09-28,Relación padre-hijo utilizada por la estructura navegable.
rel-0516,def-defa,Dirección de Defensa Aérea,jerarquía / adscripción,def-fam,Comandancia de la Fuerza Aérea Mexicana,Manual de Organización General de la Secretaría de la Defensa Nacional,https://sidof.segob.gob.mx/notas/5791257,2026-09-28,Relación padre-hijo utilizada por la estructura navegable.
rel-0517,def-matbel,Dirección de Material Bélico de la Fuerza Aérea,jerarquía / adscripción,def-fam,Comandancia de la Fuerza Aérea Mexicana,Manual de Organización General de la Secretaría de la Defensa Nacional,https://sidof.segob.gob.mx/notas/5791257,2026-09-28,Relación padre-hijo utilizada por la estructura navegable.
rel-0518,def-log,Dirección de Logística Aérea,jerarquía / adscripción,def-fam,Comandancia de la Fuerza Aérea Mexicana,Manual de Organización General de la Secretaría de la Defensa Nacional,https://sidof.segob.gob.mx/notas/5791257,2026-09-28,Relación padre-hijo utilizada por la estructura navegable.
rel-0519,def-mant,Dirección de Mantenimiento de Material Aéreo,jerarquía / adscripción,def-fam,Comandancia de la Fuerza Aérea Mexicana,Manual de Organización General de la Secretaría de la Defensa Nacional,https://sidof.segob.gob.mx/notas/5791257,2026-09-28,Relación padre-hijo utilizada por la estructura navegable.
rel-0520,def-elec,Dirección de Material Aéreo Electrónico,jerarquía / adscripción,def-fam,Comandancia de la Fuerza Aérea Mexicana,Manual de Organización General de la Secretaría de la Defensa Nacional,https://sidof.segob.gob.mx/notas/5791257,2026-09-28,Relación padre-hijo utilizada por la estructura navegable.
rel-0521,def-adq,Dirección de Adquisiciones de la Fuerza Aérea Mexicana,jerarquía / adscripción,def-fam,Comandancia de la Fuerza Aérea Mexicana,Manual de Organización General de la Secretaría de la Defensa Nacional,https://sidof.segob.gob.mx/notas/5791257,2026-09-28,Relación padre-hijo utilizada por la estructura navegable.
rel-0522,def-gn-jef,Jefatura General de Coordinación Policial,jerarquía / adscripción,def-gn,Comandancia de la Guardia Nacional,Manual de Organización General de la Secretaría de la Defensa Nacional,https://sidof.segob.gob.mx/notas/5791257,2026-09-28,Relación padre-hijo utilizada por la estructura navegable.
rel-0523,def-gn-dg,Dirección General de Guardia Nacional,jerarquía / adscripción,def-gn,Comandancia de la Guardia Nacional,Manual de Organización General de la Secretaría de la Defensa Nacional,https://sidof.segob.gob.mx/notas/5791257,2026-09-28,Relación padre-hijo utilizada por la estructura navegable.
rel-0524,def-dg-pers,Dirección General de Personal,jerarquía / adscripción,def-om,Oficialía Mayor,Manual de Organización General de la Secretaría de la Defensa Nacional,https://sidof.segob.gob.mx/notas/5791257,2026-09-28,Relación padre-hijo utilizada por la estructura navegable.
rel-0525,def-dg-arch,Dirección General de Archivo e Historia,jerarquía / adscripción,def-om,Oficialía Mayor,Manual de Organización General de la Secretaría de la Defensa Nacional,https://sidof.segob.gob.mx/notas/5791257,2026-09-28,Relación padre-hijo utilizada por la estructura navegable.
rel-0526,def-dg-ind,Dirección General de Industria Militar,jerarquía / adscripción,def-om,Oficialía Mayor,Manual de Organización General de la Secretaría de la Defensa Nacional,https://sidof.segob.gob.mx/notas/5791257,2026-09-28,Relación padre-hijo utilizada por la estructura navegable.
rel-0527,def-dg-fab,Dirección General de Fábricas de Vestuario y Equipo,jerarquía / adscripción,def-om,Oficialía Mayor,Manual de Organización General de la Secretaría de la Defensa Nacional,https://sidof.segob.gob.mx/notas/5791257,2026-09-28,Relación padre-hijo utilizada por la estructura navegable.
rel-0528,def-dg-adm,Dirección General de Administración,jerarquía / adscripción,def-om,Oficialía Mayor,Manual de Organización General de la Secretaría de la Defensa Nacional,https://sidof.segob.gob.mx/notas/5791257,2026-09-28,Relación padre-hijo utilizada por la estructura navegable.
rel-0529,def-dg-san,Dirección General de Sanidad,jerarquía / adscripción,def-om,Oficialía Mayor,Manual de Organización General de la Secretaría de la Defensa Nacional,https://sidof.segob.gob.mx/notas/5791257,2026-09-28,Relación padre-hijo utilizada por la estructura navegable.
rel-0530,def-dg-trans,Dirección General de Transportes Militares,jerarquía / adscripción,def-om,Oficialía Mayor,Manual de Organización General de la Secretaría de la Defensa Nacional,https://sidof.segob.gob.mx/notas/5791257,2026-09-28,Relación padre-hijo utilizada por la estructura navegable.
rel-0531,def-dg-matg,Dirección General de Materiales de Guerra,jerarquía / adscripción,def-om,Oficialía Mayor,Manual de Organización General de la Secretaría de la Defensa Nacional,https://sidof.segob.gob.mx/notas/5791257,2026-09-28,Relación padre-hijo utilizada por la estructura navegable.
rel-0532,def-dg-int,Dirección General de Intendencia,jerarquía / adscripción,def-om,Oficialía Mayor,Manual de Organización General de la Secretaría de la Defensa Nacional,https://sidof.segob.gob.mx/notas/5791257,2026-09-28,Relación padre-hijo utilizada por la estructura navegable.
rel-0533,def-dg-vet,Dirección General de Veterinaria y Remonta,jerarquía / adscripción,def-om,Oficialía Mayor,Manual de Organización General de la Secretaría de la Defensa Nacional,https://sidof.segob.gob.mx/notas/5791257,2026-09-28,Relación padre-hijo utilizada por la estructura navegable.
rel-0534,def-dg-tic,Dirección General de Tecnologías de la Información y Comunicaciones,jerarquía / adscripción,def-om,Oficialía Mayor,Manual de Organización General de la Secretaría de la Defensa Nacional,https://sidof.segob.gob.mx/notas/5791257,2026-09-28,Relación padre-hijo utilizada por la estructura navegable.
rel-0535,mar-u-jur,Unidad Jurídica,jerarquía / adscripción,sec-3,Secretaría de Marina,Reglamento Interior de la Secretaría de Marina,https://www.dof.gob.mx/abrirPDF.php?anio=2025&archivo=11122025-VES.pdf&repo=,2026-09-28,Relación padre-hijo utilizada por la estructura navegable.
rel-0536,mar-u-igual,"Unidad de Igualdad de Género, Derechos Humanos e Inclusión",jerarquía / adscripción,sec-3,Secretaría de Marina,Reglamento Interior de la Secretaría de Marina,https://www.dof.gob.mx/abrirPDF.php?anio=2025&archivo=11122025-VES.pdf&repo=,2026-09-28,Relación padre-hijo utilizada por la estructura navegable.
rel-0537,mar-sub,Subsecretaría de Marina,jerarquía / adscripción,sec-3,Secretaría de Marina,Reglamento Interior de la Secretaría de Marina,https://www.dof.gob.mx/abrirPDF.php?anio=2025&archivo=11122025-VES.pdf&repo=,2026-09-28,Relación padre-hijo utilizada por la estructura navegable.
rel-0538,mar-sub-amp,Subsecretaría de Asuntos Marítimos y Portuarios,jerarquía / adscripción,sec-3,Secretaría de Marina,Reglamento Interior de la Secretaría de Marina,https://www.dof.gob.mx/abrirPDF.php?anio=2025&archivo=11122025-VES.pdf&repo=,2026-09-28,Relación padre-hijo utilizada por la estructura navegable.
rel-0539,mar-om,Oficialía Mayor,jerarquía / adscripción,sec-3,Secretaría de Marina,Reglamento Interior de la Secretaría de Marina,https://www.dof.gob.mx/abrirPDF.php?anio=2025&archivo=11122025-VES.pdf&repo=,2026-09-28,Relación padre-hijo utilizada por la estructura navegable.
rel-0540,mar-jon,Jefatura de Operaciones Navales,jerarquía / adscripción,sec-3,Secretaría de Marina,Reglamento Interior de la Secretaría de Marina,https://www.dof.gob.mx/abrirPDF.php?anio=2025&archivo=11122025-VES.pdf&repo=,2026-09-28,Relación padre-hijo utilizada por la estructura navegable.
rel-0541,mar-emga,Estado Mayor General de la Armada,jerarquía / adscripción,sec-3,Secretaría de Marina,Reglamento Interior de la Secretaría de Marina,https://www.dof.gob.mx/abrirPDF.php?anio=2025&archivo=11122025-VES.pdf&repo=,2026-09-28,Relación padre-hijo utilizada por la estructura navegable.
rel-0542,mar-icg,Inspección y Contraloría General de Marina,jerarquía / adscripción,sec-3,Secretaría de Marina,Reglamento Interior de la Secretaría de Marina,https://www.dof.gob.mx/abrirPDF.php?anio=2025&archivo=11122025-VES.pdf&repo=,2026-09-28,Relación padre-hijo utilizada por la estructura navegable.
rel-0543,mar-uin,Unidad de Inteligencia Naval,jerarquía / adscripción,sec-3,Secretaría de Marina,Reglamento Interior de la Secretaría de Marina,https://www.dof.gob.mx/abrirPDF.php?anio=2025&archivo=11122025-VES.pdf&repo=,2026-09-28,Relación padre-hijo utilizada por la estructura navegable.
rel-0544,mar-dg-cons,Dirección General de Construcciones Navales,jerarquía / adscripción,mar-sub,Subsecretaría de Marina,Reglamento Interior de la Secretaría de Marina,https://www.dof.gob.mx/abrirPDF.php?anio=2025&archivo=11122025-VES.pdf&repo=,2026-09-28,Relación padre-hijo utilizada por la estructura navegable.
rel-0545,mar-dg-ind,Dirección General de Industria Naval,jerarquía / adscripción,mar-sub,Subsecretaría de Marina,Reglamento Interior de la Secretaría de Marina,https://www.dof.gob.mx/abrirPDF.php?anio=2025&archivo=11122025-VES.pdf&repo=,2026-09-28,Relación padre-hijo utilizada por la estructura navegable.
rel-0546,mar-dg-tec,Dirección General de Servicios Técnicos y Científicos,jerarquía / adscripción,mar-sub,Subsecretaría de Marina,Reglamento Interior de la Secretaría de Marina,https://www.dof.gob.mx/abrirPDF.php?anio=2025&archivo=11122025-VES.pdf&repo=,2026-09-28,Relación padre-hijo utilizada por la estructura navegable.
rel-0547,mar-dg-obras,Dirección General de Obras y Dragado,jerarquía / adscripción,mar-sub,Subsecretaría de Marina,Reglamento Interior de la Secretaría de Marina,https://www.dof.gob.mx/abrirPDF.php?anio=2025&archivo=11122025-VES.pdf&repo=,2026-09-28,Relación padre-hijo utilizada por la estructura navegable.
rel-0548,mar-u-amn,Unidad de la Autoridad Marítima Nacional,jerarquía / adscripción,mar-sub-amp,Subsecretaría de Asuntos Marítimos y Portuarios,Reglamento Interior de la Secretaría de Marina,https://www.dof.gob.mx/abrirPDF.php?anio=2025&archivo=11122025-VES.pdf&repo=,2026-09-28,Relación padre-hijo utilizada por la estructura navegable.
rel-0549,mar-u-pmm,Unidad de Puertos y Marina Mercante,jerarquía / adscripción,mar-sub-amp,Subsecretaría de Asuntos Marítimos y Portuarios,Reglamento Interior de la Secretaría de Marina,https://www.dof.gob.mx/abrirPDF.php?anio=2025&archivo=11122025-VES.pdf&repo=,2026-09-28,Relación padre-hijo utilizada por la estructura navegable.
rel-0550,mar-dg-cap,Dirección General de Capitanías de Puerto,jerarquía / adscripción,mar-u-amn,Unidad de la Autoridad Marítima Nacional,Reglamento Interior de la Secretaría de Marina,https://www.dof.gob.mx/abrirPDF.php?anio=2025&archivo=11122025-VES.pdf&repo=,2026-09-28,Relación padre-hijo utilizada por la estructura navegable.
rel-0551,mar-dg-prot,Dirección General de Protección y Certificación Marítima,jerarquía / adscripción,mar-u-amn,Unidad de la Autoridad Marítima Nacional,Reglamento Interior de la Secretaría de Marina,https://www.dof.gob.mx/abrirPDF.php?anio=2025&archivo=11122025-VES.pdf&repo=,2026-09-28,Relación padre-hijo utilizada por la estructura navegable.
rel-0552,mar-dg-enl,Dirección General de Enlace y Asuntos Marítimos,jerarquía / adscripción,mar-u-amn,Unidad de la Autoridad Marítima Nacional,Reglamento Interior de la Secretaría de Marina,https://www.dof.gob.mx/abrirPDF.php?anio=2025&archivo=11122025-VES.pdf&repo=,2026-09-28,Relación padre-hijo utilizada por la estructura navegable.
rel-0553,mar-dg-puertos,Dirección General de Puertos,jerarquía / adscripción,mar-u-pmm,Unidad de Puertos y Marina Mercante,Reglamento Interior de la Secretaría de Marina,https://www.dof.gob.mx/abrirPDF.php?anio=2025&archivo=11122025-VES.pdf&repo=,2026-09-28,Relación padre-hijo utilizada por la estructura navegable.
rel-0554,mar-dg-mm,Dirección General de Marina Mercante,jerarquía / adscripción,mar-u-pmm,Unidad de Puertos y Marina Mercante,Reglamento Interior de la Secretaría de Marina,https://www.dof.gob.mx/abrirPDF.php?anio=2025&archivo=11122025-VES.pdf&repo=,2026-09-28,Relación padre-hijo utilizada por la estructura navegable.
rel-0555,mar-dg-fap,Dirección General de Fomento y Administración Portuaria,jerarquía / adscripción,mar-u-pmm,Unidad de Puertos y Marina Mercante,Reglamento Interior de la Secretaría de Marina,https://www.dof.gob.mx/abrirPDF.php?anio=2025&archivo=11122025-VES.pdf&repo=,2026-09-28,Relación padre-hijo utilizada por la estructura navegable.
rel-0556,mar-cap-red,Capitanías de Puerto,jerarquía / adscripción,mar-dg-cap,Dirección General de Capitanías de Puerto,Reglamento Interior de la Secretaría de Marina,https://www.dof.gob.mx/abrirPDF.php?anio=2025&archivo=11122025-VES.pdf&repo=,2026-09-28,Relación padre-hijo utilizada por la estructura navegable.
rel-0557,mar-dg-rh,Dirección General de Recursos Humanos,jerarquía / adscripción,mar-om,Oficialía Mayor,Reglamento Interior de la Secretaría de Marina,https://www.dof.gob.mx/abrirPDF.php?anio=2025&archivo=11122025-VES.pdf&repo=,2026-09-28,Relación padre-hijo utilizada por la estructura navegable.
rel-0558,mar-dg-pop,"Dirección General de Programación, Organización y Presupuesto",jerarquía / adscripción,mar-om,Oficialía Mayor,Reglamento Interior de la Secretaría de Marina,https://www.dof.gob.mx/abrirPDF.php?anio=2025&archivo=11122025-VES.pdf&repo=,2026-09-28,Relación padre-hijo utilizada por la estructura navegable.
rel-0559,mar-dg-adm,Dirección General de Administración,jerarquía / adscripción,mar-om,Oficialía Mayor,Reglamento Interior de la Secretaría de Marina,https://www.dof.gob.mx/abrirPDF.php?anio=2025&archivo=11122025-VES.pdf&repo=,2026-09-28,Relación padre-hijo utilizada por la estructura navegable.
rel-0560,mar-unav,Universidad Naval,jerarquía / adscripción,mar-om,Oficialía Mayor,Reglamento Interior de la Secretaría de Marina,https://www.dof.gob.mx/abrirPDF.php?anio=2025&archivo=11122025-VES.pdf&repo=,2026-09-28,Relación padre-hijo utilizada por la estructura navegable.
rel-0561,stps-sub,Subsecretaría de Empleo y Productividad Laboral,jerarquía / adscripción,sec-16,Secretaría del Trabajo y Previsión Social,Manual de Organización General de la Secretaría del Trabajo y Previsión Social,https://dof.gob.mx/nota_detalle_popup.php?codigo=5722805,2026-09-28,Relación padre-hijo utilizada por la estructura navegable.
rel-0562,stps-u-pol,Unidad de Política Laboral y Relaciones Institucionales,jerarquía / adscripción,sec-16,Secretaría del Trabajo y Previsión Social,Manual de Organización General de la Secretaría del Trabajo y Previsión Social,https://dof.gob.mx/nota_detalle_popup.php?codigo=5722805,2026-09-28,Relación padre-hijo utilizada por la estructura navegable.
rel-0563,stps-u-digno,Unidad de Trabajo Digno,jerarquía / adscripción,sec-16,Secretaría del Trabajo y Previsión Social,Manual de Organización General de la Secretaría del Trabajo y Previsión Social,https://dof.gob.mx/nota_detalle_popup.php?codigo=5722805,2026-09-28,Relación padre-hijo utilizada por la estructura navegable.
rel-0564,stps-uaf,Unidad de Administración y Finanzas,jerarquía / adscripción,sec-16,Secretaría del Trabajo y Previsión Social,Manual de Organización General de la Secretaría del Trabajo y Previsión Social,https://dof.gob.mx/nota_detalle_popup.php?codigo=5722805,2026-09-28,Relación padre-hijo utilizada por la estructura navegable.
rel-0565,stps-sne,Unidad del Servicio Nacional de Empleo,jerarquía / adscripción,stps-sub,Subsecretaría de Empleo y Productividad Laboral,Manual de Organización General de la Secretaría del Trabajo y Previsión Social,https://dof.gob.mx/nota_detalle_popup.php?codigo=5722805,2026-09-28,Relación padre-hijo utilizada por la estructura navegable.
rel-0566,stps-jcf,Unidad del Programa Jóvenes Construyendo el Futuro,jerarquía / adscripción,stps-sub,Subsecretaría de Empleo y Productividad Laboral,Manual de Organización General de la Secretaría del Trabajo y Previsión Social,https://dof.gob.mx/nota_detalle_popup.php?codigo=5722805,2026-09-28,Relación padre-hijo utilizada por la estructura navegable.
rel-0567,stps-dg-aj,Dirección General de Asuntos Jurídicos,jerarquía / adscripción,sec-16,Secretaría del Trabajo y Previsión Social,Manual de Organización General de la Secretaría del Trabajo y Previsión Social,https://dof.gob.mx/nota_detalle_popup.php?codigo=5722805,2026-09-28,Relación padre-hijo utilizada por la estructura navegable.
rel-0568,stps-dg-est,Dirección General de Investigación y Estadísticas del Trabajo,jerarquía / adscripción,sec-16,Secretaría del Trabajo y Previsión Social,Manual de Organización General de la Secretaría del Trabajo y Previsión Social,https://dof.gob.mx/nota_detalle_popup.php?codigo=5722805,2026-09-28,Relación padre-hijo utilizada por la estructura navegable.
rel-0569,stps-dg-conc,Dirección General de Concertación Social,jerarquía / adscripción,sec-16,Secretaría del Trabajo y Previsión Social,Manual de Organización General de la Secretaría del Trabajo y Previsión Social,https://dof.gob.mx/nota_detalle_popup.php?codigo=5722805,2026-09-28,Relación padre-hijo utilizada por la estructura navegable.
rel-0570,stps-dg-pol,Dirección General de Políticas Públicas y Órganos de Gobierno,jerarquía / adscripción,stps-u-pol,Unidad de Política Laboral y Relaciones Institucionales,Manual de Organización General de la Secretaría del Trabajo y Previsión Social,https://dof.gob.mx/nota_detalle_popup.php?codigo=5722805,2026-09-28,Relación padre-hijo utilizada por la estructura navegable.
rel-0571,stps-dg-rel,Dirección General de Relaciones Institucionales,jerarquía / adscripción,stps-u-pol,Unidad de Política Laboral y Relaciones Institucionales,Manual de Organización General de la Secretaría del Trabajo y Previsión Social,https://dof.gob.mx/nota_detalle_popup.php?codigo=5722805,2026-09-28,Relación padre-hijo utilizada por la estructura navegable.
rel-0572,stps-dg-insp,Dirección General de Inspección Federal del Trabajo,jerarquía / adscripción,stps-u-digno,Unidad de Trabajo Digno,Manual de Organización General de la Secretaría del Trabajo y Previsión Social,https://dof.gob.mx/nota_detalle_popup.php?codigo=5722805,2026-09-28,Relación padre-hijo utilizada por la estructura navegable.
rel-0573,stps-dg-prev,Dirección General de Previsión Social,jerarquía / adscripción,stps-u-digno,Unidad de Trabajo Digno,Manual de Organización General de la Secretaría del Trabajo y Previsión Social,https://dof.gob.mx/nota_detalle_popup.php?codigo=5722805,2026-09-28,Relación padre-hijo utilizada por la estructura navegable.
rel-0574,stps-dg-cap,Dirección General de Capacitación Laboral,jerarquía / adscripción,stps-u-digno,Unidad de Trabajo Digno,Manual de Organización General de la Secretaría del Trabajo y Previsión Social,https://dof.gob.mx/nota_detalle_popup.php?codigo=5722805,2026-09-28,Relación padre-hijo utilizada por la estructura navegable.
rel-0575,stps-dg-rh,Dirección General de Recursos Humanos,jerarquía / adscripción,stps-uaf,Unidad de Administración y Finanzas,Manual de Organización General de la Secretaría del Trabajo y Previsión Social,https://dof.gob.mx/nota_detalle_popup.php?codigo=5722805,2026-09-28,Relación padre-hijo utilizada por la estructura navegable.
rel-0576,stps-dg-pp,Dirección General de Programación y Presupuesto,jerarquía / adscripción,stps-uaf,Unidad de Administración y Finanzas,Manual de Organización General de la Secretaría del Trabajo y Previsión Social,https://dof.gob.mx/nota_detalle_popup.php?codigo=5722805,2026-09-28,Relación padre-hijo utilizada por la estructura navegable.
rel-0577,stps-dg-rm,Dirección General de Recursos Materiales y Servicios Generales,jerarquía / adscripción,stps-uaf,Unidad de Administración y Finanzas,Manual de Organización General de la Secretaría del Trabajo y Previsión Social,https://dof.gob.mx/nota_detalle_popup.php?codigo=5722805,2026-09-28,Relación padre-hijo utilizada por la estructura navegable.
rel-0578,stps-dg-ti,Dirección General de Tecnologías de la Información,jerarquía / adscripción,stps-uaf,Unidad de Administración y Finanzas,Manual de Organización General de la Secretaría del Trabajo y Previsión Social,https://dof.gob.mx/nota_detalle_popup.php?codigo=5722805,2026-09-28,Relación padre-hijo utilizada por la estructura navegable.
rel-0579,stps-profedet,Procuraduría Federal de la Defensa del Trabajo,jerarquía / adscripción,sec-16,Secretaría del Trabajo y Previsión Social,Manual de Organización General de la Secretaría del Trabajo y Previsión Social,https://dof.gob.mx/nota_detalle_popup.php?codigo=5722805,2026-09-28,Relación padre-hijo utilizada por la estructura navegable.
rel-0580,stps-jfca,Junta Federal de Conciliación y Arbitraje,jerarquía / adscripción,sec-16,Secretaría del Trabajo y Previsión Social,Manual de Organización General de la Secretaría del Trabajo y Previsión Social,https://dof.gob.mx/nota_detalle_popup.php?codigo=5722805,2026-09-28,Relación padre-hijo utilizada por la estructura navegable.
rel-0581,stps-coord-reg,Direcciones de Coordinación Regional,jerarquía / adscripción,sec-16,Secretaría del Trabajo y Previsión Social,Manual de Organización General de la Secretaría del Trabajo y Previsión Social,https://dof.gob.mx/nota_detalle_popup.php?codigo=5722805,2026-09-28,Relación padre-hijo utilizada por la estructura navegable.
rel-0582,stps-of-rep,Oficinas de Representación Federal del Trabajo,jerarquía / adscripción,sec-16,Secretaría del Trabajo y Previsión Social,Manual de Organización General de la Secretaría del Trabajo y Previsión Social,https://dof.gob.mx/nota_detalle_popup.php?codigo=5722805,2026-09-28,Relación padre-hijo utilizada por la estructura navegable.
rel-0583,sedatu-sub-ot,"Subsecretaría de Ordenamiento Territorial, Urbano y Vivienda",jerarquía / adscripción,sec-17,"Secretaría de Desarrollo Agrario, Territorial y Urbano","Reglamento Interior de la Secretaría de Desarrollo Agrario, Territorial y Urbano",https://dof.gob.mx/index.php?day=17&edicion=MAT&month=01&year=2025,2026-09-28,Relación padre-hijo utilizada por la estructura navegable.
rel-0584,sedatu-sub-ag,Subsecretaría de Ordenamiento Agrario e Inventarios de la Propiedad,jerarquía / adscripción,sec-17,"Secretaría de Desarrollo Agrario, Territorial y Urbano","Reglamento Interior de la Secretaría de Desarrollo Agrario, Territorial y Urbano",https://dof.gob.mx/index.php?day=17&edicion=MAT&month=01&year=2025,2026-09-28,Relación padre-hijo utilizada por la estructura navegable.
rel-0585,sedatu-uaf,Unidad de Administración y Finanzas,jerarquía / adscripción,sec-17,"Secretaría de Desarrollo Agrario, Territorial y Urbano","Reglamento Interior de la Secretaría de Desarrollo Agrario, Territorial y Urbano",https://dof.gob.mx/index.php?day=17&edicion=MAT&month=01&year=2025,2026-09-28,Relación padre-hijo utilizada por la estructura navegable.
rel-0586,sedatu-uaj,Unidad de Asuntos Jurídicos,jerarquía / adscripción,sec-17,"Secretaría de Desarrollo Agrario, Territorial y Urbano","Reglamento Interior de la Secretaría de Desarrollo Agrario, Territorial y Urbano",https://dof.gob.mx/index.php?day=17&edicion=MAT&month=01&year=2025,2026-09-28,Relación padre-hijo utilizada por la estructura navegable.
rel-0587,sedatu-dg-plan,Dirección General de Planeación y Desarrollo Institucional,jerarquía / adscripción,sec-17,"Secretaría de Desarrollo Agrario, Territorial y Urbano","Reglamento Interior de la Secretaría de Desarrollo Agrario, Territorial y Urbano",https://dof.gob.mx/index.php?day=17&edicion=MAT&month=01&year=2025,2026-09-28,Relación padre-hijo utilizada por la estructura navegable.
rel-0588,sedatu-dg-obras,Dirección General de Obras Comunitarias,jerarquía / adscripción,sedatu-sub-ot,"Subsecretaría de Ordenamiento Territorial, Urbano y Vivienda","Reglamento Interior de la Secretaría de Desarrollo Agrario, Territorial y Urbano",https://dof.gob.mx/index.php?day=17&edicion=MAT&month=01&year=2025,2026-09-28,Relación padre-hijo utilizada por la estructura navegable.
rel-0589,sedatu-dg-infra,Dirección General de Infraestructura y Equipamiento,jerarquía / adscripción,sedatu-sub-ot,"Subsecretaría de Ordenamiento Territorial, Urbano y Vivienda","Reglamento Interior de la Secretaría de Desarrollo Agrario, Territorial y Urbano",https://dof.gob.mx/index.php?day=17&edicion=MAT&month=01&year=2025,2026-09-28,Relación padre-hijo utilizada por la estructura navegable.
rel-0590,sedatu-dg-riesgos,Dirección General de Gestión Integral de Riesgos de Desastres y Cambio Climático,jerarquía / adscripción,sedatu-sub-ot,"Subsecretaría de Ordenamiento Territorial, Urbano y Vivienda","Reglamento Interior de la Secretaría de Desarrollo Agrario, Territorial y Urbano",https://dof.gob.mx/index.php?day=17&edicion=MAT&month=01&year=2025,2026-09-28,Relación padre-hijo utilizada por la estructura navegable.
rel-0591,sedatu-dg-pol,Dirección General de Política Territorial y Movilidad,jerarquía / adscripción,sedatu-sub-ot,"Subsecretaría de Ordenamiento Territorial, Urbano y Vivienda","Reglamento Interior de la Secretaría de Desarrollo Agrario, Territorial y Urbano",https://dof.gob.mx/index.php?day=17&edicion=MAT&month=01&year=2025,2026-09-28,Relación padre-hijo utilizada por la estructura navegable.
rel-0592,sedatu-dg-otu,Dirección General de Ordenamiento Territorial y Urbano,jerarquía / adscripción,sedatu-sub-ot,"Subsecretaría de Ordenamiento Territorial, Urbano y Vivienda","Reglamento Interior de la Secretaría de Desarrollo Agrario, Territorial y Urbano",https://dof.gob.mx/index.php?day=17&edicion=MAT&month=01&year=2025,2026-09-28,Relación padre-hijo utilizada por la estructura navegable.
rel-0593,sedatu-dg-rep,Dirección General de Coordinación de Oficinas de Representación,jerarquía / adscripción,sec-17,"Secretaría de Desarrollo Agrario, Territorial y Urbano","Reglamento Interior de la Secretaría de Desarrollo Agrario, Territorial y Urbano",https://dof.gob.mx/index.php?day=17&edicion=MAT&month=01&year=2025,2026-09-28,Relación padre-hijo utilizada por la estructura navegable.
rel-0594,sedatu-dg-cat,Dirección General de Inventarios y Modernización Registral y Catastral,jerarquía / adscripción,sedatu-sub-ag,Subsecretaría de Ordenamiento Agrario e Inventarios de la Propiedad,"Reglamento Interior de la Secretaría de Desarrollo Agrario, Territorial y Urbano",https://dof.gob.mx/index.php?day=17&edicion=MAT&month=01&year=2025,2026-09-28,Relación padre-hijo utilizada por la estructura navegable.
rel-0595,sedatu-ran,Registro Agrario Nacional,jerarquía / adscripción,sec-17,"Secretaría de Desarrollo Agrario, Territorial y Urbano",Reglamento Interior del Registro Agrario Nacional,https://www.dof.gob.mx/nota_detalle.php?codigo=5714535&fecha=17/01/2024,2026-09-28,Relación padre-hijo utilizada por la estructura navegable.
rel-0596,sedatu-ran-rep,Oficinas de representación del Registro Agrario Nacional en las entidades federativas,jerarquía / adscripción,sedatu-ran,Registro Agrario Nacional,Reglamento Interior del Registro Agrario Nacional,https://www.dof.gob.mx/nota_detalle.php?codigo=5714535&fecha=17/01/2024,2026-09-28,Relación padre-hijo utilizada por la estructura navegable.
rel-0597,cult-sub,Subsecretaría de Desarrollo Cultural,jerarquía / adscripción,sec-18,Secretaría de Cultura,Reglamento Interior de la Secretaría de Cultura,https://dof.gob.mx/nota_detalle.php?codigo=5763480&fecha=22/07/2025,2026-09-28,Relación padre-hijo utilizada por la estructura navegable.
rel-0598,cult-uaf,Unidad de Administración y Finanzas,jerarquía / adscripción,sec-18,Secretaría de Cultura,Reglamento Interior de la Secretaría de Cultura,https://dof.gob.mx/nota_detalle.php?codigo=5763480&fecha=22/07/2025,2026-09-28,Relación padre-hijo utilizada por la estructura navegable.
rel-0599,cult-uaj,Unidad de Asuntos Jurídicos,jerarquía / adscripción,sec-18,Secretaría de Cultura,Reglamento Interior de la Secretaría de Cultura,https://dof.gob.mx/nota_detalle.php?codigo=5763480&fecha=22/07/2025,2026-09-28,Relación padre-hijo utilizada por la estructura navegable.
rel-0600,cult-u-cv,"Unidad de Culturas Vivas, Patrimonio Inmaterial e Interculturalidad",jerarquía / adscripción,sec-18,Secretaría de Cultura,Reglamento Interior de la Secretaría de Cultura,https://dof.gob.mx/nota_detalle.php?codigo=5763480&fecha=22/07/2025,2026-09-28,Relación padre-hijo utilizada por la estructura navegable.
rel-0601,cult-dg-bib,Dirección General de Bibliotecas,jerarquía / adscripción,cult-sub,Subsecretaría de Desarrollo Cultural,Reglamento Interior de la Secretaría de Cultura,https://dof.gob.mx/nota_detalle.php?codigo=5763480&fecha=22/07/2025,2026-09-28,Relación padre-hijo utilizada por la estructura navegable.
rel-0602,cult-dg-apoy,Dirección General de Sistema de Apoyos a la Creación de Proyectos Culturales,jerarquía / adscripción,cult-sub,Subsecretaría de Desarrollo Cultural,Reglamento Interior de la Secretaría de Cultura,https://dof.gob.mx/nota_detalle.php?codigo=5763480&fecha=22/07/2025,2026-09-28,Relación padre-hijo utilizada por la estructura navegable.
rel-0603,cult-dg-circ,Dirección General de Circuitos y Festivales,jerarquía / adscripción,cult-sub,Subsecretaría de Desarrollo Cultural,Reglamento Interior de la Secretaría de Cultura,https://dof.gob.mx/nota_detalle.php?codigo=5763480&fecha=22/07/2025,2026-09-28,Relación padre-hijo utilizada por la estructura navegable.
rel-0604,cult-dg-vinc,Dirección General de Vinculación Cultural,jerarquía / adscripción,cult-sub,Subsecretaría de Desarrollo Cultural,Reglamento Interior de la Secretaría de Cultura,https://dof.gob.mx/nota_detalle.php?codigo=5763480&fecha=22/07/2025,2026-09-28,Relación padre-hijo utilizada por la estructura navegable.
rel-0605,cult-dg-sit,Dirección General de Sitios y Monumentos del Patrimonio Cultural,jerarquía / adscripción,cult-sub,Subsecretaría de Desarrollo Cultural,Reglamento Interior de la Secretaría de Cultura,https://dof.gob.mx/nota_detalle.php?codigo=5763480&fecha=22/07/2025,2026-09-28,Relación padre-hijo utilizada por la estructura navegable.
rel-0606,cult-dif,Dirección de Difusión Cultural,jerarquía / adscripción,cult-sub,Subsecretaría de Desarrollo Cultural,Reglamento Interior de la Secretaría de Cultura,https://dof.gob.mx/nota_detalle.php?codigo=5763480&fecha=22/07/2025,2026-09-28,Relación padre-hijo utilizada por la estructura navegable.
rel-0607,cult-dg-accion,Dirección General de Acción Territorial y Promoción Comunitaria,jerarquía / adscripción,cult-u-cv,"Unidad de Culturas Vivas, Patrimonio Inmaterial e Interculturalidad",Reglamento Interior de la Secretaría de Cultura,https://dof.gob.mx/nota_detalle.php?codigo=5763480&fecha=22/07/2025,2026-09-28,Relación padre-hijo utilizada por la estructura navegable.
rel-0608,cult-dg-pop,Dirección General Técnica y de Investigación de las Culturas Populares,jerarquía / adscripción,cult-u-cv,"Unidad de Culturas Vivas, Patrimonio Inmaterial e Interculturalidad",Reglamento Interior de la Secretaría de Cultura,https://dof.gob.mx/nota_detalle.php?codigo=5763480&fecha=22/07/2025,2026-09-28,Relación padre-hijo utilizada por la estructura navegable.
rel-0609,cult-uaf-rm,Coordinación de Recursos Materiales y Servicios Generales,jerarquía / adscripción,cult-uaf,Unidad de Administración y Finanzas,Reglamento Interior de la Secretaría de Cultura,https://dof.gob.mx/nota_detalle.php?codigo=5763480&fecha=22/07/2025,2026-09-28,Relación padre-hijo utilizada por la estructura navegable.
rel-0610,cult-uaf-pr,Coordinación de Presupuesto y Recursos Financieros,jerarquía / adscripción,cult-uaf,Unidad de Administración y Finanzas,Reglamento Interior de la Secretaría de Cultura,https://dof.gob.mx/nota_detalle.php?codigo=5763480&fecha=22/07/2025,2026-09-28,Relación padre-hijo utilizada por la estructura navegable.
rel-0611,cult-uaf-rh,Coordinación de Recursos Humanos,jerarquía / adscripción,cult-uaf,Unidad de Administración y Finanzas,Reglamento Interior de la Secretaría de Cultura,https://dof.gob.mx/nota_detalle.php?codigo=5763480&fecha=22/07/2025,2026-09-28,Relación padre-hijo utilizada por la estructura navegable.
rel-0612,cult-uaf-tic,Coordinación de Tecnologías de la Información y Comunicaciones,jerarquía / adscripción,cult-uaf,Unidad de Administración y Finanzas,Reglamento Interior de la Secretaría de Cultura,https://dof.gob.mx/nota_detalle.php?codigo=5763480&fecha=22/07/2025,2026-09-28,Relación padre-hijo utilizada por la estructura navegable.
rel-0613,cult-inah,Instituto Nacional de Antropología e Historia,jerarquía / adscripción,sec-18,Secretaría de Cultura,Reglamento Interior de la Secretaría de Cultura,https://dof.gob.mx/nota_detalle.php?codigo=5763480&fecha=22/07/2025,2026-09-28,Relación padre-hijo utilizada por la estructura navegable.
rel-0614,cult-inbal,Instituto Nacional de Bellas Artes y Literatura,jerarquía / adscripción,sec-18,Secretaría de Cultura,Reglamento Interior de la Secretaría de Cultura,https://dof.gob.mx/nota_detalle.php?codigo=5763480&fecha=22/07/2025,2026-09-28,Relación padre-hijo utilizada por la estructura navegable.
rel-0615,cult-indautor,Instituto Nacional del Derecho de Autor,jerarquía / adscripción,sec-18,Secretaría de Cultura,Reglamento Interior de la Secretaría de Cultura,https://dof.gob.mx/nota_detalle.php?codigo=5763480&fecha=22/07/2025,2026-09-28,Relación padre-hijo utilizada por la estructura navegable.
rel-0616,cult-radio,Radio Educación,jerarquía / adscripción,sec-18,Secretaría de Cultura,Reglamento Interior de la Secretaría de Cultura,https://dof.gob.mx/nota_detalle.php?codigo=5763480&fecha=22/07/2025,2026-09-28,Relación padre-hijo utilizada por la estructura navegable.
rel-0617,tur-dg-aj,Dirección General de Asuntos Jurídicos,jerarquía / adscripción,sec-19,Secretaría de Turismo,"Calendario de Presupuesto autorizado al Ramo 21 Turismo, ejercicio fiscal 2026",https://dof.gob.mx/nota_detalle_popup.php?codigo=5776542,2026-09-28,Relación padre-hijo utilizada por la estructura navegable.
rel-0618,tur-sub,Subsecretaría de Turismo,jerarquía / adscripción,sec-19,Secretaría de Turismo,"Calendario de Presupuesto autorizado al Ramo 21 Turismo, ejercicio fiscal 2026",https://dof.gob.mx/nota_detalle_popup.php?codigo=5776542,2026-09-28,Relación padre-hijo utilizada por la estructura navegable.
rel-0619,tur-dg-prom,Dirección General de Promoción y Asuntos Internacionales,jerarquía / adscripción,tur-sub,Subsecretaría de Turismo,"Calendario de Presupuesto autorizado al Ramo 21 Turismo, ejercicio fiscal 2026",https://dof.gob.mx/nota_detalle_popup.php?codigo=5776542,2026-09-28,Relación padre-hijo utilizada por la estructura navegable.
rel-0620,tur-dg-inv,Dirección General de Inversión Turística,jerarquía / adscripción,tur-sub,Subsecretaría de Turismo,"Calendario de Presupuesto autorizado al Ramo 21 Turismo, ejercicio fiscal 2026",https://dof.gob.mx/nota_detalle_popup.php?codigo=5776542,2026-09-28,Relación padre-hijo utilizada por la estructura navegable.
rel-0621,tur-dg-cert,Dirección General de Certificación Turística,jerarquía / adscripción,tur-sub,Subsecretaría de Turismo,"Calendario de Presupuesto autorizado al Ramo 21 Turismo, ejercicio fiscal 2026",https://dof.gob.mx/nota_detalle_popup.php?codigo=5776542,2026-09-28,Relación padre-hijo utilizada por la estructura navegable.
rel-0622,tur-dg-des,Dirección General de Desarrollo Regional y Fomento Turístico,jerarquía / adscripción,tur-sub,Subsecretaría de Turismo,"Calendario de Presupuesto autorizado al Ramo 21 Turismo, ejercicio fiscal 2026",https://dof.gob.mx/nota_detalle_popup.php?codigo=5776542,2026-09-28,Relación padre-hijo utilizada por la estructura navegable.
rel-0623,tur-dg-norm,Dirección General de Normalización y Verificación,jerarquía / adscripción,tur-sub,Subsecretaría de Turismo,"Calendario de Presupuesto autorizado al Ramo 21 Turismo, ejercicio fiscal 2026",https://dof.gob.mx/nota_detalle_popup.php?codigo=5776542,2026-09-28,Relación padre-hijo utilizada por la estructura navegable.
rel-0624,tur-dg-sust,Dirección General de Sustentabilidad Turística,jerarquía / adscripción,tur-sub,Subsecretaría de Turismo,"Calendario de Presupuesto autorizado al Ramo 21 Turismo, ejercicio fiscal 2026",https://dof.gob.mx/nota_detalle_popup.php?codigo=5776542,2026-09-28,Relación padre-hijo utilizada por la estructura navegable.
rel-0625,tur-dg-prof,Dirección General de Profesionalización y Competitividad Turística,jerarquía / adscripción,tur-sub,Subsecretaría de Turismo,"Calendario de Presupuesto autorizado al Ramo 21 Turismo, ejercicio fiscal 2026",https://dof.gob.mx/nota_detalle_popup.php?codigo=5776542,2026-09-28,Relación padre-hijo utilizada por la estructura navegable.
rel-0626,tur-dg-av,Dirección General de Servicios al Turista Ángeles Verdes,jerarquía / adscripción,tur-sub,Subsecretaría de Turismo,"Calendario de Presupuesto autorizado al Ramo 21 Turismo, ejercicio fiscal 2026",https://dof.gob.mx/nota_detalle_popup.php?codigo=5776542,2026-09-28,Relación padre-hijo utilizada por la estructura navegable.
rel-0627,tur-uaf,Unidad de Administración y Finanzas,jerarquía / adscripción,sec-19,Secretaría de Turismo,"Calendario de Presupuesto autorizado al Ramo 21 Turismo, ejercicio fiscal 2026",https://dof.gob.mx/nota_detalle_popup.php?codigo=5776542,2026-09-28,Relación padre-hijo utilizada por la estructura navegable.
rel-0628,tur-av-red,Jefaturas de Servicios de Auxilio Turístico de Ángeles Verdes,jerarquía / adscripción,tur-dg-av,Dirección General de Servicios al Turista Ángeles Verdes,"Calendario de Presupuesto autorizado al Ramo 21 Turismo, ejercicio fiscal 2026",https://dof.gob.mx/nota_detalle_popup.php?codigo=5776542,2026-09-28,Relación padre-hijo utilizada por la estructura navegable.
rel-0629,para-cat-od-sec,Organismos descentralizados sectorizados,jerarquía / adscripción,apf-para,Administración Pública Federal Paraestatal,Relación de las Entidades Paraestatales de la Administración Pública Federal,https://dof.gob.mx/nota_detalle.php?codigo=5796062&fecha=12/08/2026,2026-09-28,Relación padre-hijo utilizada por la estructura navegable.
rel-0630,para-cat-od-no,Organismos descentralizados no sectorizados,jerarquía / adscripción,apf-para,Administración Pública Federal Paraestatal,Relación de las Entidades Paraestatales de la Administración Pública Federal,https://dof.gob.mx/nota_detalle.php?codigo=5796062&fecha=12/08/2026,2026-09-28,Relación padre-hijo utilizada por la estructura navegable.
rel-0631,para-cat-insalud,Institutos Nacionales de Salud,jerarquía / adscripción,apf-para,Administración Pública Federal Paraestatal,Relación de las Entidades Paraestatales de la Administración Pública Federal,https://dof.gob.mx/nota_detalle.php?codigo=5796062&fecha=12/08/2026,2026-09-28,Relación padre-hijo utilizada por la estructura navegable.
rel-0632,para-cat-cpi-od,Organismos descentralizados considerados Centros Públicos de Investigación,jerarquía / adscripción,apf-para,Administración Pública Federal Paraestatal,Relación de las Entidades Paraestatales de la Administración Pública Federal,https://dof.gob.mx/nota_detalle.php?codigo=5796062&fecha=12/08/2026,2026-09-28,Relación padre-hijo utilizada por la estructura navegable.
rel-0633,para-cat-epem,Empresas de participación estatal mayoritaria,jerarquía / adscripción,apf-para,Administración Pública Federal Paraestatal,Relación de las Entidades Paraestatales de la Administración Pública Federal,https://dof.gob.mx/nota_detalle.php?codigo=5796062&fecha=12/08/2026,2026-09-28,Relación padre-hijo utilizada por la estructura navegable.
rel-0634,para-cat-banca,Instituciones de banca de desarrollo,jerarquía / adscripción,apf-para,Administración Pública Federal Paraestatal,Relación de las Entidades Paraestatales de la Administración Pública Federal,https://dof.gob.mx/nota_detalle.php?codigo=5796062&fecha=12/08/2026,2026-09-28,Relación padre-hijo utilizada por la estructura navegable.
rel-0635,para-cat-seguros,Instituciones nacionales de seguros,jerarquía / adscripción,apf-para,Administración Pública Federal Paraestatal,Relación de las Entidades Paraestatales de la Administración Pública Federal,https://dof.gob.mx/nota_detalle.php?codigo=5796062&fecha=12/08/2026,2026-09-28,Relación padre-hijo utilizada por la estructura navegable.
rel-0636,para-cat-cpi-epem,Empresas de participación estatal mayoritaria consideradas Centros Públicos de Investigación,jerarquía / adscripción,apf-para,Administración Pública Federal Paraestatal,Relación de las Entidades Paraestatales de la Administración Pública Federal,https://dof.gob.mx/nota_detalle.php?codigo=5796062&fecha=12/08/2026,2026-09-28,Relación padre-hijo utilizada por la estructura navegable.
rel-0637,para-cat-fid,Fideicomisos públicos,jerarquía / adscripción,apf-para,Administración Pública Federal Paraestatal,Relación de las Entidades Paraestatales de la Administración Pública Federal,https://dof.gob.mx/nota_detalle.php?codigo=5796062&fecha=12/08/2026,2026-09-28,Relación padre-hijo utilizada por la estructura navegable.
rel-0638,para-cat-fid-cpi,Fideicomisos considerados Centros Públicos de Investigación,jerarquía / adscripción,apf-para,Administración Pública Federal Paraestatal,Relación de las Entidades Paraestatales de la Administración Pública Federal,https://dof.gob.mx/nota_detalle.php?codigo=5796062&fecha=12/08/2026,2026-09-28,Relación padre-hijo utilizada por la estructura navegable.
rel-0639,para-cat-fid-banca,Fideicomisos del Sistema Bancario Mexicano,jerarquía / adscripción,apf-para,Administración Pública Federal Paraestatal,Relación de las Entidades Paraestatales de la Administración Pública Federal,https://dof.gob.mx/nota_detalle.php?codigo=5796062&fecha=12/08/2026,2026-09-28,Relación padre-hijo utilizada por la estructura navegable.
rel-0640,para-cat-epe,Empresas Públicas del Estado,jerarquía / adscripción,apf-para,Administración Pública Federal Paraestatal,Relación de las Entidades Paraestatales de la Administración Pública Federal,https://dof.gob.mx/nota_detalle.php?codigo=5796062&fecha=12/08/2026,2026-09-28,Relación padre-hijo utilizada por la estructura navegable.
rel-0641,para-cat-desinc,Entidades en proceso de desincorporación,jerarquía / adscripción,apf-para,Administración Pública Federal Paraestatal,Relación de las Entidades Paraestatales de la Administración Pública Federal,https://dof.gob.mx/nota_detalle.php?codigo=5796062&fecha=12/08/2026,2026-09-28,Relación padre-hijo utilizada por la estructura navegable.
rel-0642,para-cat-exclusion,Entidades en exclusión de proceso de desincorporación,jerarquía / adscripción,apf-para,Administración Pública Federal Paraestatal,Relación de las Entidades Paraestatales de la Administración Pública Federal,https://dof.gob.mx/nota_detalle.php?codigo=5796062&fecha=12/08/2026,2026-09-28,Relación padre-hijo utilizada por la estructura navegable.
rel-0643,para-active-001,Consejo Nacional para Prevenir la Discriminación,clasificación paraestatal,para-cat-od-sec,Organismos descentralizados sectorizados,Relación de las Entidades Paraestatales de la Administración Pública Federal,https://dof.gob.mx/nota_detalle.php?codigo=5796062&fecha=12/08/2026,2026-09-28,Clasificación según la relación anual oficial de entidades paraestatales.
rel-0644,para-active-002,Talleres Gráficos de México,clasificación paraestatal,para-cat-od-sec,Organismos descentralizados sectorizados,Relación de las Entidades Paraestatales de la Administración Pública Federal,https://dof.gob.mx/nota_detalle.php?codigo=5796062&fecha=12/08/2026,2026-09-28,Clasificación según la relación anual oficial de entidades paraestatales.
rel-0645,para-active-003,Instituto de Seguridad Social para las Fuerzas Armadas Mexicanas,clasificación paraestatal,para-cat-od-sec,Organismos descentralizados sectorizados,Relación de las Entidades Paraestatales de la Administración Pública Federal,https://dof.gob.mx/nota_detalle.php?codigo=5796062&fecha=12/08/2026,2026-09-28,Clasificación según la relación anual oficial de entidades paraestatales.
rel-0646,para-active-004,Corredor Interoceánico del Istmo de Tehuantepec,clasificación paraestatal,para-cat-od-sec,Organismos descentralizados sectorizados,Relación de las Entidades Paraestatales de la Administración Pública Federal,https://dof.gob.mx/nota_detalle.php?codigo=5796062&fecha=12/08/2026,2026-09-28,Clasificación según la relación anual oficial de entidades paraestatales.
rel-0647,para-active-005,Casa de Moneda de México,clasificación paraestatal,para-cat-od-sec,Organismos descentralizados sectorizados,Relación de las Entidades Paraestatales de la Administración Pública Federal,https://dof.gob.mx/nota_detalle.php?codigo=5796062&fecha=12/08/2026,2026-09-28,Clasificación según la relación anual oficial de entidades paraestatales.
rel-0648,para-active-006,Comisión Nacional para la Protección y Defensa de los Usuarios de Servicios Financieros,clasificación paraestatal,para-cat-od-sec,Organismos descentralizados sectorizados,Relación de las Entidades Paraestatales de la Administración Pública Federal,https://dof.gob.mx/nota_detalle.php?codigo=5796062&fecha=12/08/2026,2026-09-28,Clasificación según la relación anual oficial de entidades paraestatales.
rel-0649,para-active-007,Financiera para el Bienestar,clasificación paraestatal,para-cat-od-sec,Organismos descentralizados sectorizados,Relación de las Entidades Paraestatales de la Administración Pública Federal,https://dof.gob.mx/nota_detalle.php?codigo=5796062&fecha=12/08/2026,2026-09-28,Clasificación según la relación anual oficial de entidades paraestatales.
rel-0650,para-active-008,Instituto para Devolver al Pueblo lo Robado,clasificación paraestatal,para-cat-od-sec,Organismos descentralizados sectorizados,Relación de las Entidades Paraestatales de la Administración Pública Federal,https://dof.gob.mx/nota_detalle.php?codigo=5796062&fecha=12/08/2026,2026-09-28,Clasificación según la relación anual oficial de entidades paraestatales.
rel-0651,para-active-009,Instituto para el Desarrollo Técnico de las Haciendas Públicas,clasificación paraestatal,para-cat-od-sec,Organismos descentralizados sectorizados,Relación de las Entidades Paraestatales de la Administración Pública Federal,https://dof.gob.mx/nota_detalle.php?codigo=5796062&fecha=12/08/2026,2026-09-28,Clasificación según la relación anual oficial de entidades paraestatales.
rel-0652,para-active-010,Instituto para la Protección al Ahorro Bancario,clasificación paraestatal,para-cat-od-sec,Organismos descentralizados sectorizados,Relación de las Entidades Paraestatales de la Administración Pública Federal,https://dof.gob.mx/nota_detalle.php?codigo=5796062&fecha=12/08/2026,2026-09-28,Clasificación según la relación anual oficial de entidades paraestatales.
rel-0653,para-active-011,Lotería Nacional,clasificación paraestatal,para-cat-od-sec,Organismos descentralizados sectorizados,Relación de las Entidades Paraestatales de la Administración Pública Federal,https://dof.gob.mx/nota_detalle.php?codigo=5796062&fecha=12/08/2026,2026-09-28,Clasificación según la relación anual oficial de entidades paraestatales.
rel-0654,para-active-012,Consejo Nacional para el Desarrollo y la Inclusión de las Personas con Discapacidad,clasificación paraestatal,para-cat-od-sec,Organismos descentralizados sectorizados,Relación de las Entidades Paraestatales de la Administración Pública Federal,https://dof.gob.mx/nota_detalle.php?codigo=5796062&fecha=12/08/2026,2026-09-28,Clasificación según la relación anual oficial de entidades paraestatales.
rel-0655,para-active-013,Instituto Nacional de las Personas Adultas Mayores,clasificación paraestatal,para-cat-od-sec,Organismos descentralizados sectorizados,Relación de las Entidades Paraestatales de la Administración Pública Federal,https://dof.gob.mx/nota_detalle.php?codigo=5796062&fecha=12/08/2026,2026-09-28,Clasificación según la relación anual oficial de entidades paraestatales.
rel-0656,para-active-014,Comisión Nacional Forestal,clasificación paraestatal,para-cat-od-sec,Organismos descentralizados sectorizados,Relación de las Entidades Paraestatales de la Administración Pública Federal,https://dof.gob.mx/nota_detalle.php?codigo=5796062&fecha=12/08/2026,2026-09-28,Clasificación según la relación anual oficial de entidades paraestatales.
rel-0657,para-active-015,Instituto Nacional de Ecología y Cambio Climático,clasificación paraestatal,para-cat-od-sec,Organismos descentralizados sectorizados,Relación de las Entidades Paraestatales de la Administración Pública Federal,https://dof.gob.mx/nota_detalle.php?codigo=5796062&fecha=12/08/2026,2026-09-28,Clasificación según la relación anual oficial de entidades paraestatales.
rel-0658,para-active-016,Centro Nacional de Control de Energía,clasificación paraestatal,para-cat-od-sec,Organismos descentralizados sectorizados,Relación de las Entidades Paraestatales de la Administración Pública Federal,https://dof.gob.mx/nota_detalle.php?codigo=5796062&fecha=12/08/2026,2026-09-28,Clasificación según la relación anual oficial de entidades paraestatales.
rel-0659,para-active-017,Centro Nacional de Control del Gas Natural,clasificación paraestatal,para-cat-od-sec,Organismos descentralizados sectorizados,Relación de las Entidades Paraestatales de la Administración Pública Federal,https://dof.gob.mx/nota_detalle.php?codigo=5796062&fecha=12/08/2026,2026-09-28,Clasificación según la relación anual oficial de entidades paraestatales.
rel-0660,para-active-018,Instituto Nacional de Investigaciones Nucleares,clasificación paraestatal,para-cat-od-sec,Organismos descentralizados sectorizados,Relación de las Entidades Paraestatales de la Administración Pública Federal,https://dof.gob.mx/nota_detalle.php?codigo=5796062&fecha=12/08/2026,2026-09-28,Clasificación según la relación anual oficial de entidades paraestatales.
rel-0661,para-active-019,Litio para México,clasificación paraestatal,para-cat-od-sec,Organismos descentralizados sectorizados,Relación de las Entidades Paraestatales de la Administración Pública Federal,https://dof.gob.mx/nota_detalle.php?codigo=5796062&fecha=12/08/2026,2026-09-28,Clasificación según la relación anual oficial de entidades paraestatales.
rel-0662,para-active-020,Centro Nacional de Metrología,clasificación paraestatal,para-cat-od-sec,Organismos descentralizados sectorizados,Relación de las Entidades Paraestatales de la Administración Pública Federal,https://dof.gob.mx/nota_detalle.php?codigo=5796062&fecha=12/08/2026,2026-09-28,Clasificación según la relación anual oficial de entidades paraestatales.
rel-0663,para-active-021,Comisión Nacional Antimonopolio,clasificación paraestatal,para-cat-od-sec,Organismos descentralizados sectorizados,Relación de las Entidades Paraestatales de la Administración Pública Federal,https://dof.gob.mx/nota_detalle.php?codigo=5796062&fecha=12/08/2026,2026-09-28,Clasificación según la relación anual oficial de entidades paraestatales.
rel-0664,para-active-022,Instituto Mexicano de la Propiedad Industrial,clasificación paraestatal,para-cat-od-sec,Organismos descentralizados sectorizados,Relación de las Entidades Paraestatales de la Administración Pública Federal,https://dof.gob.mx/nota_detalle.php?codigo=5796062&fecha=12/08/2026,2026-09-28,Clasificación según la relación anual oficial de entidades paraestatales.
rel-0665,para-active-023,Procuraduría Federal del Consumidor,clasificación paraestatal,para-cat-od-sec,Organismos descentralizados sectorizados,Relación de las Entidades Paraestatales de la Administración Pública Federal,https://dof.gob.mx/nota_detalle.php?codigo=5796062&fecha=12/08/2026,2026-09-28,Clasificación según la relación anual oficial de entidades paraestatales.
rel-0666,para-active-024,Servicio Geológico Mexicano,clasificación paraestatal,para-cat-od-sec,Organismos descentralizados sectorizados,Relación de las Entidades Paraestatales de la Administración Pública Federal,https://dof.gob.mx/nota_detalle.php?codigo=5796062&fecha=12/08/2026,2026-09-28,Clasificación según la relación anual oficial de entidades paraestatales.
rel-0667,para-active-025,Comité Nacional para el Desarrollo Sustentable de la Caña de Azúcar,clasificación paraestatal,para-cat-od-sec,Organismos descentralizados sectorizados,Relación de las Entidades Paraestatales de la Administración Pública Federal,https://dof.gob.mx/nota_detalle.php?codigo=5796062&fecha=12/08/2026,2026-09-28,Clasificación según la relación anual oficial de entidades paraestatales.
rel-0668,para-active-026,Instituto Mexicano de Investigación en Pesca y Acuacultura Sustentables,clasificación paraestatal,para-cat-od-sec,Organismos descentralizados sectorizados,Relación de las Entidades Paraestatales de la Administración Pública Federal,https://dof.gob.mx/nota_detalle.php?codigo=5796062&fecha=12/08/2026,2026-09-28,Clasificación según la relación anual oficial de entidades paraestatales.
rel-0669,para-active-027,"Productora de Semillas para el Bienestar ""PROSEBIEN""",clasificación paraestatal,para-cat-od-sec,Organismos descentralizados sectorizados,Relación de las Entidades Paraestatales de la Administración Pública Federal,https://dof.gob.mx/nota_detalle.php?codigo=5796062&fecha=12/08/2026,2026-09-28,Clasificación según la relación anual oficial de entidades paraestatales.
rel-0670,para-active-028,Productora Nacional de Biológicos Veterinarios,clasificación paraestatal,para-cat-od-sec,Organismos descentralizados sectorizados,Relación de las Entidades Paraestatales de la Administración Pública Federal,https://dof.gob.mx/nota_detalle.php?codigo=5796062&fecha=12/08/2026,2026-09-28,Clasificación según la relación anual oficial de entidades paraestatales.
rel-0671,para-active-029,Aeropuertos y Servicios Auxiliares,clasificación paraestatal,para-cat-od-sec,Organismos descentralizados sectorizados,Relación de las Entidades Paraestatales de la Administración Pública Federal,https://dof.gob.mx/nota_detalle.php?codigo=5796062&fecha=12/08/2026,2026-09-28,Clasificación según la relación anual oficial de entidades paraestatales.
rel-0672,para-active-030,Agencia de Trenes y Transporte Público Integrado,clasificación paraestatal,para-cat-od-sec,Organismos descentralizados sectorizados,Relación de las Entidades Paraestatales de la Administración Pública Federal,https://dof.gob.mx/nota_detalle.php?codigo=5796062&fecha=12/08/2026,2026-09-28,Clasificación según la relación anual oficial de entidades paraestatales.
rel-0673,para-active-031,Caminos y Puentes Federales de Ingresos y Servicios Conexos,clasificación paraestatal,para-cat-od-sec,Organismos descentralizados sectorizados,Relación de las Entidades Paraestatales de la Administración Pública Federal,https://dof.gob.mx/nota_detalle.php?codigo=5796062&fecha=12/08/2026,2026-09-28,Clasificación según la relación anual oficial de entidades paraestatales.
rel-0674,para-active-032,Organismo Promotor de Inversiones en Telecomunicaciones,clasificación paraestatal,para-cat-od-sec,Organismos descentralizados sectorizados,Relación de las Entidades Paraestatales de la Administración Pública Federal,https://dof.gob.mx/nota_detalle.php?codigo=5796062&fecha=12/08/2026,2026-09-28,Clasificación según la relación anual oficial de entidades paraestatales.
rel-0675,para-active-033,Centro de Enseñanza Técnica Industrial,clasificación paraestatal,para-cat-od-sec,Organismos descentralizados sectorizados,Relación de las Entidades Paraestatales de la Administración Pública Federal,https://dof.gob.mx/nota_detalle.php?codigo=5796062&fecha=12/08/2026,2026-09-28,Clasificación según la relación anual oficial de entidades paraestatales.
rel-0676,para-active-034,Centro de Investigación y de Estudios Avanzados del Instituto Politécnico Nacional,clasificación paraestatal,para-cat-od-sec,Organismos descentralizados sectorizados,Relación de las Entidades Paraestatales de la Administración Pública Federal,https://dof.gob.mx/nota_detalle.php?codigo=5796062&fecha=12/08/2026,2026-09-28,Clasificación según la relación anual oficial de entidades paraestatales.
rel-0677,para-active-035,Colegio de Bachilleres,clasificación paraestatal,para-cat-od-sec,Organismos descentralizados sectorizados,Relación de las Entidades Paraestatales de la Administración Pública Federal,https://dof.gob.mx/nota_detalle.php?codigo=5796062&fecha=12/08/2026,2026-09-28,Clasificación según la relación anual oficial de entidades paraestatales.
rel-0678,para-active-036,Colegio Nacional de Educación Profesional Técnica,clasificación paraestatal,para-cat-od-sec,Organismos descentralizados sectorizados,Relación de las Entidades Paraestatales de la Administración Pública Federal,https://dof.gob.mx/nota_detalle.php?codigo=5796062&fecha=12/08/2026,2026-09-28,Clasificación según la relación anual oficial de entidades paraestatales.
rel-0679,para-active-037,Comisión de Operación y Fomento de Actividades Académicas del Instituto Politécnico Nacional,clasificación paraestatal,para-cat-od-sec,Organismos descentralizados sectorizados,Relación de las Entidades Paraestatales de la Administración Pública Federal,https://dof.gob.mx/nota_detalle.php?codigo=5796062&fecha=12/08/2026,2026-09-28,Clasificación según la relación anual oficial de entidades paraestatales.
rel-0680,para-active-038,Comisión Nacional de Cultura Física y Deporte,clasificación paraestatal,para-cat-od-sec,Organismos descentralizados sectorizados,Relación de las Entidades Paraestatales de la Administración Pública Federal,https://dof.gob.mx/nota_detalle.php?codigo=5796062&fecha=12/08/2026,2026-09-28,Clasificación según la relación anual oficial de entidades paraestatales.
rel-0681,para-active-039,Comisión Nacional de Libros de Texto Gratuitos,clasificación paraestatal,para-cat-od-sec,Organismos descentralizados sectorizados,Relación de las Entidades Paraestatales de la Administración Pública Federal,https://dof.gob.mx/nota_detalle.php?codigo=5796062&fecha=12/08/2026,2026-09-28,Clasificación según la relación anual oficial de entidades paraestatales.
rel-0682,para-active-040,Consejo Nacional de Fomento Educativo,clasificación paraestatal,para-cat-od-sec,Organismos descentralizados sectorizados,Relación de las Entidades Paraestatales de la Administración Pública Federal,https://dof.gob.mx/nota_detalle.php?codigo=5796062&fecha=12/08/2026,2026-09-28,Clasificación según la relación anual oficial de entidades paraestatales.
rel-0683,para-active-041,Fondo de Cultura Económica,clasificación paraestatal,para-cat-od-sec,Organismos descentralizados sectorizados,Relación de las Entidades Paraestatales de la Administración Pública Federal,https://dof.gob.mx/nota_detalle.php?codigo=5796062&fecha=12/08/2026,2026-09-28,Clasificación según la relación anual oficial de entidades paraestatales.
rel-0684,para-active-042,Instituto Nacional para la Educación de los Adultos,clasificación paraestatal,para-cat-od-sec,Organismos descentralizados sectorizados,Relación de las Entidades Paraestatales de la Administración Pública Federal,https://dof.gob.mx/nota_detalle.php?codigo=5796062&fecha=12/08/2026,2026-09-28,Clasificación según la relación anual oficial de entidades paraestatales.
rel-0685,para-active-043,Organismo Coordinador de las Universidades para el Bienestar Benito Juárez García,clasificación paraestatal,para-cat-od-sec,Organismos descentralizados sectorizados,Relación de las Entidades Paraestatales de la Administración Pública Federal,https://dof.gob.mx/nota_detalle.php?codigo=5796062&fecha=12/08/2026,2026-09-28,Clasificación según la relación anual oficial de entidades paraestatales.
rel-0686,para-active-044,Patronato de Obras e Instalaciones del Instituto Politécnico Nacional,clasificación paraestatal,para-cat-od-sec,Organismos descentralizados sectorizados,Relación de las Entidades Paraestatales de la Administración Pública Federal,https://dof.gob.mx/nota_detalle.php?codigo=5796062&fecha=12/08/2026,2026-09-28,Clasificación según la relación anual oficial de entidades paraestatales.
rel-0687,para-active-045,"Universidad de las Lenguas Indígenas de México ""ULIM""",clasificación paraestatal,para-cat-od-sec,Organismos descentralizados sectorizados,Relación de las Entidades Paraestatales de la Administración Pública Federal,https://dof.gob.mx/nota_detalle.php?codigo=5796062&fecha=12/08/2026,2026-09-28,Clasificación según la relación anual oficial de entidades paraestatales.
rel-0688,para-active-046,Instituto Nacional de Estudios Históricos de las Revoluciones de México,clasificación paraestatal,para-cat-od-sec,Organismos descentralizados sectorizados,Relación de las Entidades Paraestatales de la Administración Pública Federal,https://dof.gob.mx/nota_detalle.php?codigo=5796062&fecha=12/08/2026,2026-09-28,Clasificación según la relación anual oficial de entidades paraestatales.
rel-0689,para-active-047,Universidad Nacional Rosario Castellanos,clasificación paraestatal,para-cat-od-sec,Organismos descentralizados sectorizados,Relación de las Entidades Paraestatales de la Administración Pública Federal,https://dof.gob.mx/nota_detalle.php?codigo=5796062&fecha=12/08/2026,2026-09-28,Clasificación según la relación anual oficial de entidades paraestatales.
rel-0690,para-active-048,"Hospital General de México ""Dr. Eduardo Liceaga""",clasificación paraestatal,para-cat-od-sec,Organismos descentralizados sectorizados,Relación de las Entidades Paraestatales de la Administración Pública Federal,https://dof.gob.mx/nota_detalle.php?codigo=5796062&fecha=12/08/2026,2026-09-28,Clasificación según la relación anual oficial de entidades paraestatales.
rel-0691,para-active-049,"Hospital General ""Dr. Manuel Gea González""",clasificación paraestatal,para-cat-od-sec,Organismos descentralizados sectorizados,Relación de las Entidades Paraestatales de la Administración Pública Federal,https://dof.gob.mx/nota_detalle.php?codigo=5796062&fecha=12/08/2026,2026-09-28,Clasificación según la relación anual oficial de entidades paraestatales.
rel-0692,para-active-050,Hospital Juárez de México,clasificación paraestatal,para-cat-od-sec,Organismos descentralizados sectorizados,Relación de las Entidades Paraestatales de la Administración Pública Federal,https://dof.gob.mx/nota_detalle.php?codigo=5796062&fecha=12/08/2026,2026-09-28,Clasificación según la relación anual oficial de entidades paraestatales.
rel-0693,para-active-051,Sistema Nacional para el Desarrollo Integral de la Familia,clasificación paraestatal,para-cat-od-sec,Organismos descentralizados sectorizados,Relación de las Entidades Paraestatales de la Administración Pública Federal,https://dof.gob.mx/nota_detalle.php?codigo=5796062&fecha=12/08/2026,2026-09-28,Clasificación según la relación anual oficial de entidades paraestatales.
rel-0694,para-active-052,Centro Federal de Conciliación y Registro Laboral,clasificación paraestatal,para-cat-od-sec,Organismos descentralizados sectorizados,Relación de las Entidades Paraestatales de la Administración Pública Federal,https://dof.gob.mx/nota_detalle.php?codigo=5796062&fecha=12/08/2026,2026-09-28,Clasificación según la relación anual oficial de entidades paraestatales.
rel-0695,para-active-053,Comisión Nacional de los Salarios Mínimos,clasificación paraestatal,para-cat-od-sec,Organismos descentralizados sectorizados,Relación de las Entidades Paraestatales de la Administración Pública Federal,https://dof.gob.mx/nota_detalle.php?codigo=5796062&fecha=12/08/2026,2026-09-28,Clasificación según la relación anual oficial de entidades paraestatales.
rel-0696,para-active-054,Instituto del Fondo Nacional para el Consumo de los Trabajadores,clasificación paraestatal,para-cat-od-sec,Organismos descentralizados sectorizados,Relación de las Entidades Paraestatales de la Administración Pública Federal,https://dof.gob.mx/nota_detalle.php?codigo=5796062&fecha=12/08/2026,2026-09-28,Clasificación según la relación anual oficial de entidades paraestatales.
rel-0697,para-active-055,Instituto Mexicano de la Juventud,clasificación paraestatal,para-cat-od-sec,Organismos descentralizados sectorizados,Relación de las Entidades Paraestatales de la Administración Pública Federal,https://dof.gob.mx/nota_detalle.php?codigo=5796062&fecha=12/08/2026,2026-09-28,Clasificación según la relación anual oficial de entidades paraestatales.
rel-0698,para-active-056,Comisión Nacional de Vivienda,clasificación paraestatal,para-cat-od-sec,Organismos descentralizados sectorizados,Relación de las Entidades Paraestatales de la Administración Pública Federal,https://dof.gob.mx/nota_detalle.php?codigo=5796062&fecha=12/08/2026,2026-09-28,Clasificación según la relación anual oficial de entidades paraestatales.
rel-0699,para-active-057,Instituto Nacional del Suelo Sustentable,clasificación paraestatal,para-cat-od-sec,Organismos descentralizados sectorizados,Relación de las Entidades Paraestatales de la Administración Pública Federal,https://dof.gob.mx/nota_detalle.php?codigo=5796062&fecha=12/08/2026,2026-09-28,Clasificación según la relación anual oficial de entidades paraestatales.
rel-0700,para-active-058,Procuraduría Agraria,clasificación paraestatal,para-cat-od-sec,Organismos descentralizados sectorizados,Relación de las Entidades Paraestatales de la Administración Pública Federal,https://dof.gob.mx/nota_detalle.php?codigo=5796062&fecha=12/08/2026,2026-09-28,Clasificación según la relación anual oficial de entidades paraestatales.
rel-0701,para-active-059,Instituto Mexicano de Cinematografía,clasificación paraestatal,para-cat-od-sec,Organismos descentralizados sectorizados,Relación de las Entidades Paraestatales de la Administración Pública Federal,https://dof.gob.mx/nota_detalle.php?codigo=5796062&fecha=12/08/2026,2026-09-28,Clasificación según la relación anual oficial de entidades paraestatales.
rel-0702,para-active-060,Instituto Nacional de Lenguas Indígenas,clasificación paraestatal,para-cat-od-sec,Organismos descentralizados sectorizados,Relación de las Entidades Paraestatales de la Administración Pública Federal,https://dof.gob.mx/nota_detalle.php?codigo=5796062&fecha=12/08/2026,2026-09-28,Clasificación según la relación anual oficial de entidades paraestatales.
rel-0703,para-active-061,Agencia Espacial Mexicana,clasificación paraestatal,para-cat-od-sec,Organismos descentralizados sectorizados,Relación de las Entidades Paraestatales de la Administración Pública Federal,https://dof.gob.mx/nota_detalle.php?codigo=5796062&fecha=12/08/2026,2026-09-28,Clasificación según la relación anual oficial de entidades paraestatales.
rel-0704,para-active-062,Servicio Postal Mexicano,clasificación paraestatal,para-cat-od-sec,Organismos descentralizados sectorizados,Relación de las Entidades Paraestatales de la Administración Pública Federal,https://dof.gob.mx/nota_detalle.php?codigo=5796062&fecha=12/08/2026,2026-09-28,Clasificación según la relación anual oficial de entidades paraestatales.
rel-0705,para-active-063,Archivo General de la Nación,clasificación paraestatal,para-cat-od-no,Organismos descentralizados no sectorizados,Relación de las Entidades Paraestatales de la Administración Pública Federal,https://dof.gob.mx/nota_detalle.php?codigo=5796062&fecha=12/08/2026,2026-09-28,Clasificación según la relación anual oficial de entidades paraestatales.
rel-0706,para-active-064,Comisión Ejecutiva de Atención a Víctimas,clasificación paraestatal,para-cat-od-no,Organismos descentralizados no sectorizados,Relación de las Entidades Paraestatales de la Administración Pública Federal,https://dof.gob.mx/nota_detalle.php?codigo=5796062&fecha=12/08/2026,2026-09-28,Clasificación según la relación anual oficial de entidades paraestatales.
rel-0707,para-active-065,Comisión Nacional para la Mejora Continua de la Educación,clasificación paraestatal,para-cat-od-no,Organismos descentralizados no sectorizados,Relación de las Entidades Paraestatales de la Administración Pública Federal,https://dof.gob.mx/nota_detalle.php?codigo=5796062&fecha=12/08/2026,2026-09-28,Clasificación según la relación anual oficial de entidades paraestatales.
rel-0708,para-active-066,Instituto del Fondo Nacional de la Vivienda para los Trabajadores,clasificación paraestatal,para-cat-od-no,Organismos descentralizados no sectorizados,Relación de las Entidades Paraestatales de la Administración Pública Federal,https://dof.gob.mx/nota_detalle.php?codigo=5796062&fecha=12/08/2026,2026-09-28,Clasificación según la relación anual oficial de entidades paraestatales.
rel-0709,para-active-067,Instituto de Seguridad y Servicios Sociales de los Trabajadores del Estado,clasificación paraestatal,para-cat-od-no,Organismos descentralizados no sectorizados,Relación de las Entidades Paraestatales de la Administración Pública Federal,https://dof.gob.mx/nota_detalle.php?codigo=5796062&fecha=12/08/2026,2026-09-28,Clasificación según la relación anual oficial de entidades paraestatales.
rel-0710,para-active-068,Instituto Mexicano de la Radio,clasificación paraestatal,para-cat-od-no,Organismos descentralizados no sectorizados,Relación de las Entidades Paraestatales de la Administración Pública Federal,https://dof.gob.mx/nota_detalle.php?codigo=5796062&fecha=12/08/2026,2026-09-28,Clasificación según la relación anual oficial de entidades paraestatales.
rel-0711,para-active-069,Instituto Mexicano del Seguro Social,clasificación paraestatal,para-cat-od-no,Organismos descentralizados no sectorizados,Relación de las Entidades Paraestatales de la Administración Pública Federal,https://dof.gob.mx/nota_detalle.php?codigo=5796062&fecha=12/08/2026,2026-09-28,Clasificación según la relación anual oficial de entidades paraestatales.
rel-0712,para-active-070,Instituto Nacional de los Pueblos Indígenas,clasificación paraestatal,para-cat-od-no,Organismos descentralizados no sectorizados,Relación de las Entidades Paraestatales de la Administración Pública Federal,https://dof.gob.mx/nota_detalle.php?codigo=5796062&fecha=12/08/2026,2026-09-28,Clasificación según la relación anual oficial de entidades paraestatales.
rel-0713,para-active-071,Procuraduría de la Defensa del Contribuyente,clasificación paraestatal,para-cat-od-no,Organismos descentralizados no sectorizados,Relación de las Entidades Paraestatales de la Administración Pública Federal,https://dof.gob.mx/nota_detalle.php?codigo=5796062&fecha=12/08/2026,2026-09-28,Clasificación según la relación anual oficial de entidades paraestatales.
rel-0714,para-active-072,Secretaría Ejecutiva del Sistema Nacional Anticorrupción,clasificación paraestatal,para-cat-od-no,Organismos descentralizados no sectorizados,Relación de las Entidades Paraestatales de la Administración Pública Federal,https://dof.gob.mx/nota_detalle.php?codigo=5796062&fecha=12/08/2026,2026-09-28,Clasificación según la relación anual oficial de entidades paraestatales.
rel-0715,para-active-073,Servicios de Salud del Instituto Mexicano del Seguro Social para el Bienestar (IMSS-BIENESTAR),clasificación paraestatal,para-cat-od-no,Organismos descentralizados no sectorizados,Relación de las Entidades Paraestatales de la Administración Pública Federal,https://dof.gob.mx/nota_detalle.php?codigo=5796062&fecha=12/08/2026,2026-09-28,Clasificación según la relación anual oficial de entidades paraestatales.
rel-0716,para-active-074,Sistema Público de Radiodifusión del Estado Mexicano,clasificación paraestatal,para-cat-od-no,Organismos descentralizados no sectorizados,Relación de las Entidades Paraestatales de la Administración Pública Federal,https://dof.gob.mx/nota_detalle.php?codigo=5796062&fecha=12/08/2026,2026-09-28,Clasificación según la relación anual oficial de entidades paraestatales.
rel-0717,para-active-075,"Hospital Infantil de México ""Federico Gómez""",clasificación paraestatal,para-cat-insalud,Institutos Nacionales de Salud,Relación de las Entidades Paraestatales de la Administración Pública Federal,https://dof.gob.mx/nota_detalle.php?codigo=5796062&fecha=12/08/2026,2026-09-28,Clasificación según la relación anual oficial de entidades paraestatales.
rel-0718,para-active-076,Instituto Nacional de Cancerología,clasificación paraestatal,para-cat-insalud,Institutos Nacionales de Salud,Relación de las Entidades Paraestatales de la Administración Pública Federal,https://dof.gob.mx/nota_detalle.php?codigo=5796062&fecha=12/08/2026,2026-09-28,Clasificación según la relación anual oficial de entidades paraestatales.
rel-0719,para-active-077,"Instituto Nacional de Cardiología ""Ignacio Chávez""",clasificación paraestatal,para-cat-insalud,Institutos Nacionales de Salud,Relación de las Entidades Paraestatales de la Administración Pública Federal,https://dof.gob.mx/nota_detalle.php?codigo=5796062&fecha=12/08/2026,2026-09-28,Clasificación según la relación anual oficial de entidades paraestatales.
rel-0720,para-active-078,"Instituto Nacional de Ciencias Médicas y Nutrición ""Salvador Zubirán""",clasificación paraestatal,para-cat-insalud,Institutos Nacionales de Salud,Relación de las Entidades Paraestatales de la Administración Pública Federal,https://dof.gob.mx/nota_detalle.php?codigo=5796062&fecha=12/08/2026,2026-09-28,Clasificación según la relación anual oficial de entidades paraestatales.
rel-0721,para-active-079,"Instituto Nacional de Enfermedades Respiratorias ""Ismael Cosío Villegas""",clasificación paraestatal,para-cat-insalud,Institutos Nacionales de Salud,Relación de las Entidades Paraestatales de la Administración Pública Federal,https://dof.gob.mx/nota_detalle.php?codigo=5796062&fecha=12/08/2026,2026-09-28,Clasificación según la relación anual oficial de entidades paraestatales.
rel-0722,para-active-080,Instituto Nacional de Geriatría,clasificación paraestatal,para-cat-insalud,Institutos Nacionales de Salud,Relación de las Entidades Paraestatales de la Administración Pública Federal,https://dof.gob.mx/nota_detalle.php?codigo=5796062&fecha=12/08/2026,2026-09-28,Clasificación según la relación anual oficial de entidades paraestatales.
rel-0723,para-active-081,Instituto Nacional de Medicina Genómica,clasificación paraestatal,para-cat-insalud,Institutos Nacionales de Salud,Relación de las Entidades Paraestatales de la Administración Pública Federal,https://dof.gob.mx/nota_detalle.php?codigo=5796062&fecha=12/08/2026,2026-09-28,Clasificación según la relación anual oficial de entidades paraestatales.
rel-0724,para-active-082,"Instituto Nacional de Neurología y Neurocirugía ""Manuel Velasco Suárez""",clasificación paraestatal,para-cat-insalud,Institutos Nacionales de Salud,Relación de las Entidades Paraestatales de la Administración Pública Federal,https://dof.gob.mx/nota_detalle.php?codigo=5796062&fecha=12/08/2026,2026-09-28,Clasificación según la relación anual oficial de entidades paraestatales.
rel-0725,para-active-083,Instituto Nacional de Pediatría,clasificación paraestatal,para-cat-insalud,Institutos Nacionales de Salud,Relación de las Entidades Paraestatales de la Administración Pública Federal,https://dof.gob.mx/nota_detalle.php?codigo=5796062&fecha=12/08/2026,2026-09-28,Clasificación según la relación anual oficial de entidades paraestatales.
rel-0726,para-active-084,"Instituto Nacional de Perinatología ""Isidro Espinosa de los Reyes""",clasificación paraestatal,para-cat-insalud,Institutos Nacionales de Salud,Relación de las Entidades Paraestatales de la Administración Pública Federal,https://dof.gob.mx/nota_detalle.php?codigo=5796062&fecha=12/08/2026,2026-09-28,Clasificación según la relación anual oficial de entidades paraestatales.
rel-0727,para-active-085,"Instituto Nacional de Psiquiatría ""Ramón de la Fuente Muñiz""",clasificación paraestatal,para-cat-insalud,Institutos Nacionales de Salud,Relación de las Entidades Paraestatales de la Administración Pública Federal,https://dof.gob.mx/nota_detalle.php?codigo=5796062&fecha=12/08/2026,2026-09-28,Clasificación según la relación anual oficial de entidades paraestatales.
rel-0728,para-active-086,"Instituto Nacional de Rehabilitación ""Luis Guillermo Ibarra Ibarra""",clasificación paraestatal,para-cat-insalud,Institutos Nacionales de Salud,Relación de las Entidades Paraestatales de la Administración Pública Federal,https://dof.gob.mx/nota_detalle.php?codigo=5796062&fecha=12/08/2026,2026-09-28,Clasificación según la relación anual oficial de entidades paraestatales.
rel-0729,para-active-087,Instituto Nacional de Salud Pública,clasificación paraestatal,para-cat-insalud,Institutos Nacionales de Salud,Relación de las Entidades Paraestatales de la Administración Pública Federal,https://dof.gob.mx/nota_detalle.php?codigo=5796062&fecha=12/08/2026,2026-09-28,Clasificación según la relación anual oficial de entidades paraestatales.
rel-0730,para-active-088,Instituto Mexicano de Tecnología del Agua,clasificación paraestatal,para-cat-cpi-od,Organismos descentralizados considerados Centros Públicos de Investigación,Relación de las Entidades Paraestatales de la Administración Pública Federal,https://dof.gob.mx/nota_detalle.php?codigo=5796062&fecha=12/08/2026,2026-09-28,Clasificación según la relación anual oficial de entidades paraestatales.
rel-0731,para-active-089,Instituto Mexicano del Petróleo,clasificación paraestatal,para-cat-cpi-od,Organismos descentralizados considerados Centros Públicos de Investigación,Relación de las Entidades Paraestatales de la Administración Pública Federal,https://dof.gob.mx/nota_detalle.php?codigo=5796062&fecha=12/08/2026,2026-09-28,Clasificación según la relación anual oficial de entidades paraestatales.
rel-0732,para-active-090,Instituto Nacional de Electricidad y Energías Limpias,clasificación paraestatal,para-cat-cpi-od,Organismos descentralizados considerados Centros Públicos de Investigación,Relación de las Entidades Paraestatales de la Administración Pública Federal,https://dof.gob.mx/nota_detalle.php?codigo=5796062&fecha=12/08/2026,2026-09-28,Clasificación según la relación anual oficial de entidades paraestatales.
rel-0733,para-active-091,Colegio de Postgraduados,clasificación paraestatal,para-cat-cpi-od,Organismos descentralizados considerados Centros Públicos de Investigación,Relación de las Entidades Paraestatales de la Administración Pública Federal,https://dof.gob.mx/nota_detalle.php?codigo=5796062&fecha=12/08/2026,2026-09-28,Clasificación según la relación anual oficial de entidades paraestatales.
rel-0734,para-active-092,"Instituto Nacional de Investigaciones Forestales, Agrícolas y Pecuarias",clasificación paraestatal,para-cat-cpi-od,Organismos descentralizados considerados Centros Públicos de Investigación,Relación de las Entidades Paraestatales de la Administración Pública Federal,https://dof.gob.mx/nota_detalle.php?codigo=5796062&fecha=12/08/2026,2026-09-28,Clasificación según la relación anual oficial de entidades paraestatales.
rel-0735,para-active-093,Centro de Ingeniería y Desarrollo Industrial,clasificación paraestatal,para-cat-cpi-od,Organismos descentralizados considerados Centros Públicos de Investigación,Relación de las Entidades Paraestatales de la Administración Pública Federal,https://dof.gob.mx/nota_detalle.php?codigo=5796062&fecha=12/08/2026,2026-09-28,Clasificación según la relación anual oficial de entidades paraestatales.
rel-0736,para-active-094,"Centro de Investigación Científica y de Educación Superior de Ensenada, Baja California",clasificación paraestatal,para-cat-cpi-od,Organismos descentralizados considerados Centros Públicos de Investigación,Relación de las Entidades Paraestatales de la Administración Pública Federal,https://dof.gob.mx/nota_detalle.php?codigo=5796062&fecha=12/08/2026,2026-09-28,Clasificación según la relación anual oficial de entidades paraestatales.
rel-0737,para-active-095,Centro de Investigación en Química Aplicada,clasificación paraestatal,para-cat-cpi-od,Organismos descentralizados considerados Centros Públicos de Investigación,Relación de las Entidades Paraestatales de la Administración Pública Federal,https://dof.gob.mx/nota_detalle.php?codigo=5796062&fecha=12/08/2026,2026-09-28,Clasificación según la relación anual oficial de entidades paraestatales.
rel-0738,para-active-096,Centro de Investigaciones y Estudios Superiores en Antropología Social,clasificación paraestatal,para-cat-cpi-od,Organismos descentralizados considerados Centros Públicos de Investigación,Relación de las Entidades Paraestatales de la Administración Pública Federal,https://dof.gob.mx/nota_detalle.php?codigo=5796062&fecha=12/08/2026,2026-09-28,Clasificación según la relación anual oficial de entidades paraestatales.
rel-0739,para-active-097,El Colegio de la Frontera Sur,clasificación paraestatal,para-cat-cpi-od,Organismos descentralizados considerados Centros Públicos de Investigación,Relación de las Entidades Paraestatales de la Administración Pública Federal,https://dof.gob.mx/nota_detalle.php?codigo=5796062&fecha=12/08/2026,2026-09-28,Clasificación según la relación anual oficial de entidades paraestatales.
rel-0740,para-active-098,"Instituto de Investigaciones ""Dr. José María Luis Mora""",clasificación paraestatal,para-cat-cpi-od,Organismos descentralizados considerados Centros Públicos de Investigación,Relación de las Entidades Paraestatales de la Administración Pública Federal,https://dof.gob.mx/nota_detalle.php?codigo=5796062&fecha=12/08/2026,2026-09-28,Clasificación según la relación anual oficial de entidades paraestatales.
rel-0741,para-active-099,"Instituto Nacional de Astrofísica, Óptica y Electrónica",clasificación paraestatal,para-cat-cpi-od,Organismos descentralizados considerados Centros Públicos de Investigación,Relación de las Entidades Paraestatales de la Administración Pública Federal,https://dof.gob.mx/nota_detalle.php?codigo=5796062&fecha=12/08/2026,2026-09-28,Clasificación según la relación anual oficial de entidades paraestatales.
rel-0742,para-active-100,"Aeropuerto Internacional Felipe Ángeles, S.A. de C.V.",clasificación paraestatal,para-cat-epem,Empresas de participación estatal mayoritaria,Relación de las Entidades Paraestatales de la Administración Pública Federal,https://dof.gob.mx/nota_detalle.php?codigo=5796062&fecha=12/08/2026,2026-09-28,Clasificación según la relación anual oficial de entidades paraestatales.
rel-0743,para-active-101,"Grupo Aeroportuario, Ferroviario, de Servicios Auxiliares y Conexos, Olmeca-Maya-Mexica, S.A. de C.V.",clasificación paraestatal,para-cat-epem,Empresas de participación estatal mayoritaria,Relación de las Entidades Paraestatales de la Administración Pública Federal,https://dof.gob.mx/nota_detalle.php?codigo=5796062&fecha=12/08/2026,2026-09-28,Clasificación según la relación anual oficial de entidades paraestatales.
rel-0744,para-active-102,"Tren Maya, S.A. de C.V.",clasificación paraestatal,para-cat-epem,Empresas de participación estatal mayoritaria,Relación de las Entidades Paraestatales de la Administración Pública Federal,https://dof.gob.mx/nota_detalle.php?codigo=5796062&fecha=12/08/2026,2026-09-28,Clasificación según la relación anual oficial de entidades paraestatales.
rel-0745,para-active-103,"Administración del Sistema Portuario Nacional Acapulco, S.A. de C.V.",clasificación paraestatal,para-cat-epem,Empresas de participación estatal mayoritaria,Relación de las Entidades Paraestatales de la Administración Pública Federal,https://dof.gob.mx/nota_detalle.php?codigo=5796062&fecha=12/08/2026,2026-09-28,Clasificación según la relación anual oficial de entidades paraestatales.
rel-0746,para-active-104,"Administración del Sistema Portuario Nacional Altamira, S.A. de C.V.",clasificación paraestatal,para-cat-epem,Empresas de participación estatal mayoritaria,Relación de las Entidades Paraestatales de la Administración Pública Federal,https://dof.gob.mx/nota_detalle.php?codigo=5796062&fecha=12/08/2026,2026-09-28,Clasificación según la relación anual oficial de entidades paraestatales.
rel-0747,para-active-105,"Administración del Sistema Portuario Nacional Cabo San Lucas, S.A. de C.V.",clasificación paraestatal,para-cat-epem,Empresas de participación estatal mayoritaria,Relación de las Entidades Paraestatales de la Administración Pública Federal,https://dof.gob.mx/nota_detalle.php?codigo=5796062&fecha=12/08/2026,2026-09-28,Clasificación según la relación anual oficial de entidades paraestatales.
rel-0748,para-active-106,"Administración del Sistema Portuario Nacional Coatzacoalcos, S.A. de C.V.",clasificación paraestatal,para-cat-epem,Empresas de participación estatal mayoritaria,Relación de las Entidades Paraestatales de la Administración Pública Federal,https://dof.gob.mx/nota_detalle.php?codigo=5796062&fecha=12/08/2026,2026-09-28,Clasificación según la relación anual oficial de entidades paraestatales.
rel-0749,para-active-107,"Administración del Sistema Portuario Nacional Dos Bocas, S.A. de C.V.",clasificación paraestatal,para-cat-epem,Empresas de participación estatal mayoritaria,Relación de las Entidades Paraestatales de la Administración Pública Federal,https://dof.gob.mx/nota_detalle.php?codigo=5796062&fecha=12/08/2026,2026-09-28,Clasificación según la relación anual oficial de entidades paraestatales.
rel-0750,para-active-108,"Administración del Sistema Portuario Nacional Ensenada, S.A. de C.V.",clasificación paraestatal,para-cat-epem,Empresas de participación estatal mayoritaria,Relación de las Entidades Paraestatales de la Administración Pública Federal,https://dof.gob.mx/nota_detalle.php?codigo=5796062&fecha=12/08/2026,2026-09-28,Clasificación según la relación anual oficial de entidades paraestatales.
rel-0751,para-active-109,"Administración del Sistema Portuario Nacional Guaymas, S.A. de C.V.",clasificación paraestatal,para-cat-epem,Empresas de participación estatal mayoritaria,Relación de las Entidades Paraestatales de la Administración Pública Federal,https://dof.gob.mx/nota_detalle.php?codigo=5796062&fecha=12/08/2026,2026-09-28,Clasificación según la relación anual oficial de entidades paraestatales.
rel-0752,para-active-110,"Administración del Sistema Portuario Nacional Lázaro Cárdenas, S.A. de C.V.",clasificación paraestatal,para-cat-epem,Empresas de participación estatal mayoritaria,Relación de las Entidades Paraestatales de la Administración Pública Federal,https://dof.gob.mx/nota_detalle.php?codigo=5796062&fecha=12/08/2026,2026-09-28,Clasificación según la relación anual oficial de entidades paraestatales.
rel-0753,para-active-111,"Administración del Sistema Portuario Nacional Manzanillo, S.A. de C.V.",clasificación paraestatal,para-cat-epem,Empresas de participación estatal mayoritaria,Relación de las Entidades Paraestatales de la Administración Pública Federal,https://dof.gob.mx/nota_detalle.php?codigo=5796062&fecha=12/08/2026,2026-09-28,Clasificación según la relación anual oficial de entidades paraestatales.
rel-0754,para-active-112,"Administración del Sistema Portuario Nacional Mazatlán, S.A. de C.V.",clasificación paraestatal,para-cat-epem,Empresas de participación estatal mayoritaria,Relación de las Entidades Paraestatales de la Administración Pública Federal,https://dof.gob.mx/nota_detalle.php?codigo=5796062&fecha=12/08/2026,2026-09-28,Clasificación según la relación anual oficial de entidades paraestatales.
rel-0755,para-active-113,"Administración del Sistema Portuario Nacional Progreso, S.A. de C.V.",clasificación paraestatal,para-cat-epem,Empresas de participación estatal mayoritaria,Relación de las Entidades Paraestatales de la Administración Pública Federal,https://dof.gob.mx/nota_detalle.php?codigo=5796062&fecha=12/08/2026,2026-09-28,Clasificación según la relación anual oficial de entidades paraestatales.
rel-0756,para-active-114,"Administración del Sistema Portuario Nacional Puerto Chiapas, S.A. de C.V.",clasificación paraestatal,para-cat-epem,Empresas de participación estatal mayoritaria,Relación de las Entidades Paraestatales de la Administración Pública Federal,https://dof.gob.mx/nota_detalle.php?codigo=5796062&fecha=12/08/2026,2026-09-28,Clasificación según la relación anual oficial de entidades paraestatales.
rel-0757,para-active-115,"Administración del Sistema Portuario Nacional Puerto Vallarta, S.A. de C.V.",clasificación paraestatal,para-cat-epem,Empresas de participación estatal mayoritaria,Relación de las Entidades Paraestatales de la Administración Pública Federal,https://dof.gob.mx/nota_detalle.php?codigo=5796062&fecha=12/08/2026,2026-09-28,Clasificación según la relación anual oficial de entidades paraestatales.
rel-0758,para-active-116,"Administración del Sistema Portuario Nacional Salina Cruz, S.A. de C.V.",clasificación paraestatal,para-cat-epem,Empresas de participación estatal mayoritaria,Relación de las Entidades Paraestatales de la Administración Pública Federal,https://dof.gob.mx/nota_detalle.php?codigo=5796062&fecha=12/08/2026,2026-09-28,Clasificación según la relación anual oficial de entidades paraestatales.
rel-0759,para-active-117,"Administración del Sistema Portuario Nacional Tampico, S.A. de C.V.",clasificación paraestatal,para-cat-epem,Empresas de participación estatal mayoritaria,Relación de las Entidades Paraestatales de la Administración Pública Federal,https://dof.gob.mx/nota_detalle.php?codigo=5796062&fecha=12/08/2026,2026-09-28,Clasificación según la relación anual oficial de entidades paraestatales.
rel-0760,para-active-118,"Administración del Sistema Portuario Nacional Topolobampo, S.A. de C.V.",clasificación paraestatal,para-cat-epem,Empresas de participación estatal mayoritaria,Relación de las Entidades Paraestatales de la Administración Pública Federal,https://dof.gob.mx/nota_detalle.php?codigo=5796062&fecha=12/08/2026,2026-09-28,Clasificación según la relación anual oficial de entidades paraestatales.
rel-0761,para-active-119,"Administración del Sistema Portuario Nacional Tuxpan, S.A. de C.V.",clasificación paraestatal,para-cat-epem,Empresas de participación estatal mayoritaria,Relación de las Entidades Paraestatales de la Administración Pública Federal,https://dof.gob.mx/nota_detalle.php?codigo=5796062&fecha=12/08/2026,2026-09-28,Clasificación según la relación anual oficial de entidades paraestatales.
rel-0762,para-active-120,"Administración del Sistema Portuario Nacional Veracruz, S.A. de C.V.",clasificación paraestatal,para-cat-epem,Empresas de participación estatal mayoritaria,Relación de las Entidades Paraestatales de la Administración Pública Federal,https://dof.gob.mx/nota_detalle.php?codigo=5796062&fecha=12/08/2026,2026-09-28,Clasificación según la relación anual oficial de entidades paraestatales.
rel-0763,para-active-121,"Aeropuerto Internacional de la Ciudad de México, S.A. de C.V.",clasificación paraestatal,para-cat-epem,Empresas de participación estatal mayoritaria,Relación de las Entidades Paraestatales de la Administración Pública Federal,https://dof.gob.mx/nota_detalle.php?codigo=5796062&fecha=12/08/2026,2026-09-28,Clasificación según la relación anual oficial de entidades paraestatales.
rel-0764,para-active-122,"Ferrocarril del Istmo de Tehuantepec, S.A. de C.V.",clasificación paraestatal,para-cat-epem,Empresas de participación estatal mayoritaria,Relación de las Entidades Paraestatales de la Administración Pública Federal,https://dof.gob.mx/nota_detalle.php?codigo=5796062&fecha=12/08/2026,2026-09-28,Clasificación según la relación anual oficial de entidades paraestatales.
rel-0765,para-active-123,"Turística Integral Islas Marías, S.A. de C.V.",clasificación paraestatal,para-cat-epem,Empresas de participación estatal mayoritaria,Relación de las Entidades Paraestatales de la Administración Pública Federal,https://dof.gob.mx/nota_detalle.php?codigo=5796062&fecha=12/08/2026,2026-09-28,Clasificación según la relación anual oficial de entidades paraestatales.
rel-0766,para-active-124,"Exportadora de Sal, S.A. de C.V.",clasificación paraestatal,para-cat-epem,Empresas de participación estatal mayoritaria,Relación de las Entidades Paraestatales de la Administración Pública Federal,https://dof.gob.mx/nota_detalle.php?codigo=5796062&fecha=12/08/2026,2026-09-28,Clasificación según la relación anual oficial de entidades paraestatales.
rel-0767,para-active-125,"Alimentación para el Bienestar, S.A. de C.V.",clasificación paraestatal,para-cat-epem,Empresas de participación estatal mayoritaria,Relación de las Entidades Paraestatales de la Administración Pública Federal,https://dof.gob.mx/nota_detalle.php?codigo=5796062&fecha=12/08/2026,2026-09-28,Clasificación según la relación anual oficial de entidades paraestatales.
rel-0768,para-active-126,"Leche para el Bienestar, S.A. de C.V.",clasificación paraestatal,para-cat-epem,Empresas de participación estatal mayoritaria,Relación de las Entidades Paraestatales de la Administración Pública Federal,https://dof.gob.mx/nota_detalle.php?codigo=5796062&fecha=12/08/2026,2026-09-28,Clasificación según la relación anual oficial de entidades paraestatales.
rel-0769,para-active-127,"Grupo Aeroportuario Turístico Mexicano, S.A. de C.V.",clasificación paraestatal,para-cat-epem,Empresas de participación estatal mayoritaria,Relación de las Entidades Paraestatales de la Administración Pública Federal,https://dof.gob.mx/nota_detalle.php?codigo=5796062&fecha=12/08/2026,2026-09-28,Clasificación según la relación anual oficial de entidades paraestatales.
rel-0770,para-active-128,"Educal, S.A. de C.V.",clasificación paraestatal,para-cat-epem,Empresas de participación estatal mayoritaria,Relación de las Entidades Paraestatales de la Administración Pública Federal,https://dof.gob.mx/nota_detalle.php?codigo=5796062&fecha=12/08/2026,2026-09-28,Clasificación según la relación anual oficial de entidades paraestatales.
rel-0771,para-active-129,"Impresora y Encuadernadora Progreso, S.A. de C.V.",clasificación paraestatal,para-cat-epem,Empresas de participación estatal mayoritaria,Relación de las Entidades Paraestatales de la Administración Pública Federal,https://dof.gob.mx/nota_detalle.php?codigo=5796062&fecha=12/08/2026,2026-09-28,Clasificación según la relación anual oficial de entidades paraestatales.
rel-0772,para-active-130,"Centros de Integración Juvenil, A.C.",clasificación paraestatal,para-cat-epem,Empresas de participación estatal mayoritaria,Relación de las Entidades Paraestatales de la Administración Pública Federal,https://dof.gob.mx/nota_detalle.php?codigo=5796062&fecha=12/08/2026,2026-09-28,Clasificación según la relación anual oficial de entidades paraestatales.
rel-0773,para-active-131,"Laboratorios de Biológicos y Reactivos de México, S.A. de C.V.",clasificación paraestatal,para-cat-epem,Empresas de participación estatal mayoritaria,Relación de las Entidades Paraestatales de la Administración Pública Federal,https://dof.gob.mx/nota_detalle.php?codigo=5796062&fecha=12/08/2026,2026-09-28,Clasificación según la relación anual oficial de entidades paraestatales.
rel-0774,para-active-132,"Centro de Capacitación Cinematográfica, A.C.",clasificación paraestatal,para-cat-epem,Empresas de participación estatal mayoritaria,Relación de las Entidades Paraestatales de la Administración Pública Federal,https://dof.gob.mx/nota_detalle.php?codigo=5796062&fecha=12/08/2026,2026-09-28,Clasificación según la relación anual oficial de entidades paraestatales.
rel-0775,para-active-133,"Compañía Operadora del Centro Cultural y Turístico de Tijuana, S.A. de C.V.",clasificación paraestatal,para-cat-epem,Empresas de participación estatal mayoritaria,Relación de las Entidades Paraestatales de la Administración Pública Federal,https://dof.gob.mx/nota_detalle.php?codigo=5796062&fecha=12/08/2026,2026-09-28,Clasificación según la relación anual oficial de entidades paraestatales.
rel-0776,para-active-134,"Estudios Churubusco Azteca, S.A.",clasificación paraestatal,para-cat-epem,Empresas de participación estatal mayoritaria,Relación de las Entidades Paraestatales de la Administración Pública Federal,https://dof.gob.mx/nota_detalle.php?codigo=5796062&fecha=12/08/2026,2026-09-28,Clasificación según la relación anual oficial de entidades paraestatales.
rel-0777,para-active-135,"Televisión Metropolitana, S.A. de C.V.",clasificación paraestatal,para-cat-epem,Empresas de participación estatal mayoritaria,Relación de las Entidades Paraestatales de la Administración Pública Federal,https://dof.gob.mx/nota_detalle.php?codigo=5796062&fecha=12/08/2026,2026-09-28,Clasificación según la relación anual oficial de entidades paraestatales.
rel-0778,para-active-136,"FONATUR Constructora, S.A. de C.V.",clasificación paraestatal,para-cat-epem,Empresas de participación estatal mayoritaria,Relación de las Entidades Paraestatales de la Administración Pública Federal,https://dof.gob.mx/nota_detalle.php?codigo=5796062&fecha=12/08/2026,2026-09-28,Clasificación según la relación anual oficial de entidades paraestatales.
rel-0779,para-active-137,"FONATUR Infraestructura, S.A. de C.V.",clasificación paraestatal,para-cat-epem,Empresas de participación estatal mayoritaria,Relación de las Entidades Paraestatales de la Administración Pública Federal,https://dof.gob.mx/nota_detalle.php?codigo=5796062&fecha=12/08/2026,2026-09-28,Clasificación según la relación anual oficial de entidades paraestatales.
rel-0780,para-active-138,"Banco del Bienestar, S.N.C.",clasificación paraestatal,para-cat-banca,Instituciones de banca de desarrollo,Relación de las Entidades Paraestatales de la Administración Pública Federal,https://dof.gob.mx/nota_detalle.php?codigo=5796062&fecha=12/08/2026,2026-09-28,Clasificación según la relación anual oficial de entidades paraestatales.
rel-0781,para-active-139,"Banco Nacional de Comercio Exterior, S.N.C.",clasificación paraestatal,para-cat-banca,Instituciones de banca de desarrollo,Relación de las Entidades Paraestatales de la Administración Pública Federal,https://dof.gob.mx/nota_detalle.php?codigo=5796062&fecha=12/08/2026,2026-09-28,Clasificación según la relación anual oficial de entidades paraestatales.
rel-0782,para-active-140,"Banco Nacional de Obras y Servicios Públicos, S.N.C.",clasificación paraestatal,para-cat-banca,Instituciones de banca de desarrollo,Relación de las Entidades Paraestatales de la Administración Pública Federal,https://dof.gob.mx/nota_detalle.php?codigo=5796062&fecha=12/08/2026,2026-09-28,Clasificación según la relación anual oficial de entidades paraestatales.
rel-0783,para-active-141,"Banco Nacional del Ejército, Fuerza Aérea y Armada, S.N.C.",clasificación paraestatal,para-cat-banca,Instituciones de banca de desarrollo,Relación de las Entidades Paraestatales de la Administración Pública Federal,https://dof.gob.mx/nota_detalle.php?codigo=5796062&fecha=12/08/2026,2026-09-28,Clasificación según la relación anual oficial de entidades paraestatales.
rel-0784,para-active-142,"Nacional Financiera, S.N.C.",clasificación paraestatal,para-cat-banca,Instituciones de banca de desarrollo,Relación de las Entidades Paraestatales de la Administración Pública Federal,https://dof.gob.mx/nota_detalle.php?codigo=5796062&fecha=12/08/2026,2026-09-28,Clasificación según la relación anual oficial de entidades paraestatales.
rel-0785,para-active-143,"Sociedad Hipotecaria Federal, S.N.C.",clasificación paraestatal,para-cat-banca,Instituciones de banca de desarrollo,Relación de las Entidades Paraestatales de la Administración Pública Federal,https://dof.gob.mx/nota_detalle.php?codigo=5796062&fecha=12/08/2026,2026-09-28,Clasificación según la relación anual oficial de entidades paraestatales.
rel-0786,para-active-144,"AGROASEMEX, S.A.",clasificación paraestatal,para-cat-seguros,Instituciones nacionales de seguros,Relación de las Entidades Paraestatales de la Administración Pública Federal,https://dof.gob.mx/nota_detalle.php?codigo=5796062&fecha=12/08/2026,2026-09-28,Clasificación según la relación anual oficial de entidades paraestatales.
rel-0787,para-active-145,"Seguros de Crédito a la Vivienda SHF, S.A. de C.V.",clasificación paraestatal,para-cat-seguros,Instituciones nacionales de seguros,Relación de las Entidades Paraestatales de la Administración Pública Federal,https://dof.gob.mx/nota_detalle.php?codigo=5796062&fecha=12/08/2026,2026-09-28,Clasificación según la relación anual oficial de entidades paraestatales.
rel-0788,para-active-146,"Centro de Investigación Científica de Yucatán, A.C.",clasificación paraestatal,para-cat-cpi-epem,Empresas de participación estatal mayoritaria consideradas Centros Públicos de Investigación,Relación de las Entidades Paraestatales de la Administración Pública Federal,https://dof.gob.mx/nota_detalle.php?codigo=5796062&fecha=12/08/2026,2026-09-28,Clasificación según la relación anual oficial de entidades paraestatales.
rel-0789,para-active-147,"Centro de Investigación en Alimentación y Desarrollo, A.C.",clasificación paraestatal,para-cat-cpi-epem,Empresas de participación estatal mayoritaria consideradas Centros Públicos de Investigación,Relación de las Entidades Paraestatales de la Administración Pública Federal,https://dof.gob.mx/nota_detalle.php?codigo=5796062&fecha=12/08/2026,2026-09-28,Clasificación según la relación anual oficial de entidades paraestatales.
rel-0790,para-active-148,"Centro de Investigación en Ciencias de Información Geoespacial, A.C.",clasificación paraestatal,para-cat-cpi-epem,Empresas de participación estatal mayoritaria consideradas Centros Públicos de Investigación,Relación de las Entidades Paraestatales de la Administración Pública Federal,https://dof.gob.mx/nota_detalle.php?codigo=5796062&fecha=12/08/2026,2026-09-28,Clasificación según la relación anual oficial de entidades paraestatales.
rel-0791,para-active-149,"Centro de Investigación en Matemáticas, A.C.",clasificación paraestatal,para-cat-cpi-epem,Empresas de participación estatal mayoritaria consideradas Centros Públicos de Investigación,Relación de las Entidades Paraestatales de la Administración Pública Federal,https://dof.gob.mx/nota_detalle.php?codigo=5796062&fecha=12/08/2026,2026-09-28,Clasificación según la relación anual oficial de entidades paraestatales.
rel-0792,para-active-150,"Centro de Investigación en Materiales Avanzados, S.C.",clasificación paraestatal,para-cat-cpi-epem,Empresas de participación estatal mayoritaria consideradas Centros Públicos de Investigación,Relación de las Entidades Paraestatales de la Administración Pública Federal,https://dof.gob.mx/nota_detalle.php?codigo=5796062&fecha=12/08/2026,2026-09-28,Clasificación según la relación anual oficial de entidades paraestatales.
rel-0793,para-active-151,"Centro de Investigación y Asistencia en Tecnología y Diseño del Estado de Jalisco, A.C.",clasificación paraestatal,para-cat-cpi-epem,Empresas de participación estatal mayoritaria consideradas Centros Públicos de Investigación,Relación de las Entidades Paraestatales de la Administración Pública Federal,https://dof.gob.mx/nota_detalle.php?codigo=5796062&fecha=12/08/2026,2026-09-28,Clasificación según la relación anual oficial de entidades paraestatales.
rel-0794,para-active-152,"Centro de Investigación y Desarrollo Tecnológico en Electroquímica, S.C.",clasificación paraestatal,para-cat-cpi-epem,Empresas de participación estatal mayoritaria consideradas Centros Públicos de Investigación,Relación de las Entidades Paraestatales de la Administración Pública Federal,https://dof.gob.mx/nota_detalle.php?codigo=5796062&fecha=12/08/2026,2026-09-28,Clasificación según la relación anual oficial de entidades paraestatales.
rel-0795,para-active-153,"Centro de Investigación y Docencia Económicas, A.C.",clasificación paraestatal,para-cat-cpi-epem,Empresas de participación estatal mayoritaria consideradas Centros Públicos de Investigación,Relación de las Entidades Paraestatales de la Administración Pública Federal,https://dof.gob.mx/nota_detalle.php?codigo=5796062&fecha=12/08/2026,2026-09-28,Clasificación según la relación anual oficial de entidades paraestatales.
rel-0796,para-active-154,"Centro de Investigaciones Biológicas del Noroeste, S.C.",clasificación paraestatal,para-cat-cpi-epem,Empresas de participación estatal mayoritaria consideradas Centros Públicos de Investigación,Relación de las Entidades Paraestatales de la Administración Pública Federal,https://dof.gob.mx/nota_detalle.php?codigo=5796062&fecha=12/08/2026,2026-09-28,Clasificación según la relación anual oficial de entidades paraestatales.
rel-0797,para-active-155,"Centro de Investigaciones en Óptica, A.C.",clasificación paraestatal,para-cat-cpi-epem,Empresas de participación estatal mayoritaria consideradas Centros Públicos de Investigación,Relación de las Entidades Paraestatales de la Administración Pública Federal,https://dof.gob.mx/nota_detalle.php?codigo=5796062&fecha=12/08/2026,2026-09-28,Clasificación según la relación anual oficial de entidades paraestatales.
rel-0798,para-active-156,"CIATEC, A.C. ""Centro de Innovación Aplicada en Tecnologías Competitivas""",clasificación paraestatal,para-cat-cpi-epem,Empresas de participación estatal mayoritaria consideradas Centros Públicos de Investigación,Relación de las Entidades Paraestatales de la Administración Pública Federal,https://dof.gob.mx/nota_detalle.php?codigo=5796062&fecha=12/08/2026,2026-09-28,Clasificación según la relación anual oficial de entidades paraestatales.
rel-0799,para-active-157,"CIATEQ, A.C. ""Centro de Tecnología Avanzada""",clasificación paraestatal,para-cat-cpi-epem,Empresas de participación estatal mayoritaria consideradas Centros Públicos de Investigación,Relación de las Entidades Paraestatales de la Administración Pública Federal,https://dof.gob.mx/nota_detalle.php?codigo=5796062&fecha=12/08/2026,2026-09-28,Clasificación según la relación anual oficial de entidades paraestatales.
rel-0800,para-active-158,"El Colegio de la Frontera Norte, A.C.",clasificación paraestatal,para-cat-cpi-epem,Empresas de participación estatal mayoritaria consideradas Centros Públicos de Investigación,Relación de las Entidades Paraestatales de la Administración Pública Federal,https://dof.gob.mx/nota_detalle.php?codigo=5796062&fecha=12/08/2026,2026-09-28,Clasificación según la relación anual oficial de entidades paraestatales.
rel-0801,para-active-159,"El Colegio de Michoacán, A.C.",clasificación paraestatal,para-cat-cpi-epem,Empresas de participación estatal mayoritaria consideradas Centros Públicos de Investigación,Relación de las Entidades Paraestatales de la Administración Pública Federal,https://dof.gob.mx/nota_detalle.php?codigo=5796062&fecha=12/08/2026,2026-09-28,Clasificación según la relación anual oficial de entidades paraestatales.
rel-0802,para-active-160,"El Colegio de San Luis, A.C.",clasificación paraestatal,para-cat-cpi-epem,Empresas de participación estatal mayoritaria consideradas Centros Públicos de Investigación,Relación de las Entidades Paraestatales de la Administración Pública Federal,https://dof.gob.mx/nota_detalle.php?codigo=5796062&fecha=12/08/2026,2026-09-28,Clasificación según la relación anual oficial de entidades paraestatales.
rel-0803,para-active-161,"InnovaBienestar de México, S.A.P.I. de C.V.",clasificación paraestatal,para-cat-cpi-epem,Empresas de participación estatal mayoritaria consideradas Centros Públicos de Investigación,Relación de las Entidades Paraestatales de la Administración Pública Federal,https://dof.gob.mx/nota_detalle.php?codigo=5796062&fecha=12/08/2026,2026-09-28,Clasificación según la relación anual oficial de entidades paraestatales.
rel-0804,para-active-162,"Instituto de Ecología, A.C.",clasificación paraestatal,para-cat-cpi-epem,Empresas de participación estatal mayoritaria consideradas Centros Públicos de Investigación,Relación de las Entidades Paraestatales de la Administración Pública Federal,https://dof.gob.mx/nota_detalle.php?codigo=5796062&fecha=12/08/2026,2026-09-28,Clasificación según la relación anual oficial de entidades paraestatales.
rel-0805,para-active-163,"Instituto Potosino de Investigación Científica y Tecnológica, A.C.",clasificación paraestatal,para-cat-cpi-epem,Empresas de participación estatal mayoritaria consideradas Centros Públicos de Investigación,Relación de las Entidades Paraestatales de la Administración Pública Federal,https://dof.gob.mx/nota_detalle.php?codigo=5796062&fecha=12/08/2026,2026-09-28,Clasificación según la relación anual oficial de entidades paraestatales.
rel-0806,para-active-164,Fideicomiso Universidad Marítima y Portuaria de México,clasificación paraestatal,para-cat-fid,Fideicomisos públicos,Relación de las Entidades Paraestatales de la Administración Pública Federal,https://dof.gob.mx/nota_detalle.php?codigo=5796062&fecha=12/08/2026,2026-09-28,Clasificación según la relación anual oficial de entidades paraestatales.
rel-0807,para-active-165,Fondo de Capitalización e Inversión del Sector Rural,clasificación paraestatal,para-cat-fid,Fideicomisos públicos,Relación de las Entidades Paraestatales de la Administración Pública Federal,https://dof.gob.mx/nota_detalle.php?codigo=5796062&fecha=12/08/2026,2026-09-28,Clasificación según la relación anual oficial de entidades paraestatales.
rel-0808,para-active-166,Fideicomiso de Riesgo Compartido,clasificación paraestatal,para-cat-fid,Fideicomisos públicos,Relación de las Entidades Paraestatales de la Administración Pública Federal,https://dof.gob.mx/nota_detalle.php?codigo=5796062&fecha=12/08/2026,2026-09-28,Clasificación según la relación anual oficial de entidades paraestatales.
rel-0809,para-active-167,Fideicomiso de los Sistemas Normalizado de Competencia Laboral y de Certificación de Competencia Laboral,clasificación paraestatal,para-cat-fid,Fideicomisos públicos,Relación de las Entidades Paraestatales de la Administración Pública Federal,https://dof.gob.mx/nota_detalle.php?codigo=5796062&fecha=12/08/2026,2026-09-28,Clasificación según la relación anual oficial de entidades paraestatales.
rel-0810,para-active-168,Fideicomiso Fondo Nacional de Fomento Ejidal,clasificación paraestatal,para-cat-fid,Fideicomisos públicos,Relación de las Entidades Paraestatales de la Administración Pública Federal,https://dof.gob.mx/nota_detalle.php?codigo=5796062&fecha=12/08/2026,2026-09-28,Clasificación según la relación anual oficial de entidades paraestatales.
rel-0811,para-active-169,Fideicomiso para la Cineteca Nacional,clasificación paraestatal,para-cat-fid,Fideicomisos públicos,Relación de las Entidades Paraestatales de la Administración Pública Federal,https://dof.gob.mx/nota_detalle.php?codigo=5796062&fecha=12/08/2026,2026-09-28,Clasificación según la relación anual oficial de entidades paraestatales.
rel-0812,para-active-170,Fondo Nacional para el Fomento de las Artesanías,clasificación paraestatal,para-cat-fid,Fideicomisos públicos,Relación de las Entidades Paraestatales de la Administración Pública Federal,https://dof.gob.mx/nota_detalle.php?codigo=5796062&fecha=12/08/2026,2026-09-28,Clasificación según la relación anual oficial de entidades paraestatales.
rel-0813,para-active-171,Fondo Nacional de Fomento al Turismo,clasificación paraestatal,para-cat-fid,Fideicomisos públicos,Relación de las Entidades Paraestatales de la Administración Pública Federal,https://dof.gob.mx/nota_detalle.php?codigo=5796062&fecha=12/08/2026,2026-09-28,Clasificación según la relación anual oficial de entidades paraestatales.
rel-0814,para-active-172,Fondo para el Desarrollo de Recursos Humanos,clasificación paraestatal,para-cat-fid-cpi,Fideicomisos considerados Centros Públicos de Investigación,Relación de las Entidades Paraestatales de la Administración Pública Federal,https://dof.gob.mx/nota_detalle.php?codigo=5796062&fecha=12/08/2026,2026-09-28,Clasificación según la relación anual oficial de entidades paraestatales.
rel-0815,para-active-173,INFOTEC Centro de Investigación e Innovación en Tecnologías de la Información y Comunicación,clasificación paraestatal,para-cat-fid-cpi,Fideicomisos considerados Centros Públicos de Investigación,Relación de las Entidades Paraestatales de la Administración Pública Federal,https://dof.gob.mx/nota_detalle.php?codigo=5796062&fecha=12/08/2026,2026-09-28,Clasificación según la relación anual oficial de entidades paraestatales.
rel-0816,para-active-174,"Fondo de Garantía y Fomento para la Agricultura, Ganadería y Avicultura",clasificación paraestatal,para-cat-fid-banca,Fideicomisos del Sistema Bancario Mexicano,Relación de las Entidades Paraestatales de la Administración Pública Federal,https://dof.gob.mx/nota_detalle.php?codigo=5796062&fecha=12/08/2026,2026-09-28,Clasificación según la relación anual oficial de entidades paraestatales.
rel-0817,para-active-175,Fondo de Garantía y Fomento para las Actividades Pesqueras,clasificación paraestatal,para-cat-fid-banca,Fideicomisos del Sistema Bancario Mexicano,Relación de las Entidades Paraestatales de la Administración Pública Federal,https://dof.gob.mx/nota_detalle.php?codigo=5796062&fecha=12/08/2026,2026-09-28,Clasificación según la relación anual oficial de entidades paraestatales.
rel-0818,para-active-176,Fondo de Operación y Financiamiento Bancario a la Vivienda,clasificación paraestatal,para-cat-fid-banca,Fideicomisos del Sistema Bancario Mexicano,Relación de las Entidades Paraestatales de la Administración Pública Federal,https://dof.gob.mx/nota_detalle.php?codigo=5796062&fecha=12/08/2026,2026-09-28,Clasificación según la relación anual oficial de entidades paraestatales.
rel-0819,para-active-177,Fondo Especial de Asistencia Técnica y Garantía para Créditos Agropecuarios,clasificación paraestatal,para-cat-fid-banca,Fideicomisos del Sistema Bancario Mexicano,Relación de las Entidades Paraestatales de la Administración Pública Federal,https://dof.gob.mx/nota_detalle.php?codigo=5796062&fecha=12/08/2026,2026-09-28,Clasificación según la relación anual oficial de entidades paraestatales.
rel-0820,para-active-178,Fondo Especial para Financiamientos Agropecuarios,clasificación paraestatal,para-cat-fid-banca,Fideicomisos del Sistema Bancario Mexicano,Relación de las Entidades Paraestatales de la Administración Pública Federal,https://dof.gob.mx/nota_detalle.php?codigo=5796062&fecha=12/08/2026,2026-09-28,Clasificación según la relación anual oficial de entidades paraestatales.
rel-0821,para-active-179,Fideicomiso de Fomento Minero,clasificación paraestatal,para-cat-fid-banca,Fideicomisos del Sistema Bancario Mexicano,Relación de las Entidades Paraestatales de la Administración Pública Federal,https://dof.gob.mx/nota_detalle.php?codigo=5796062&fecha=12/08/2026,2026-09-28,Clasificación según la relación anual oficial de entidades paraestatales.
rel-0822,para-active-180,Comisión Federal de Electricidad,clasificación paraestatal,para-cat-epe,Empresas Públicas del Estado,Relación de las Entidades Paraestatales de la Administración Pública Federal,https://dof.gob.mx/nota_detalle.php?codigo=5796062&fecha=12/08/2026,2026-09-28,Clasificación según la relación anual oficial de entidades paraestatales.
rel-0823,para-active-181,Petróleos Mexicanos,clasificación paraestatal,para-cat-epe,Empresas Públicas del Estado,Relación de las Entidades Paraestatales de la Administración Pública Federal,https://dof.gob.mx/nota_detalle.php?codigo=5796062&fecha=12/08/2026,2026-09-28,Clasificación según la relación anual oficial de entidades paraestatales.
rel-0824,para-status-001,"Financiera Nacional de Desarrollo Agropecuario, Rural, Forestal y Pesquero",clasificación paraestatal,para-cat-desinc,Entidades en proceso de desincorporación,Relación de las Entidades Paraestatales de la Administración Pública Federal,https://dof.gob.mx/nota_detalle.php?codigo=5796062&fecha=12/08/2026,2026-09-28,Clasificación según la relación anual oficial de entidades paraestatales.
rel-0825,para-status-002,Comisión Nacional de las Zonas Áridas,clasificación paraestatal,para-cat-desinc,Entidades en proceso de desincorporación,Relación de las Entidades Paraestatales de la Administración Pública Federal,https://dof.gob.mx/nota_detalle.php?codigo=5796062&fecha=12/08/2026,2026-09-28,Clasificación según la relación anual oficial de entidades paraestatales.
rel-0826,para-status-003,Seguridad Alimentaria Mexicana,clasificación paraestatal,para-cat-desinc,Entidades en proceso de desincorporación,Relación de las Entidades Paraestatales de la Administración Pública Federal,https://dof.gob.mx/nota_detalle.php?codigo=5796062&fecha=12/08/2026,2026-09-28,Clasificación según la relación anual oficial de entidades paraestatales.
rel-0827,para-status-004,Ferrocarriles Nacionales de México,clasificación paraestatal,para-cat-desinc,Entidades en proceso de desincorporación,Relación de las Entidades Paraestatales de la Administración Pública Federal,https://dof.gob.mx/nota_detalle.php?codigo=5796062&fecha=12/08/2026,2026-09-28,Clasificación según la relación anual oficial de entidades paraestatales.
rel-0828,para-status-005,Instituto Nacional de la Infraestructura Física Educativa,clasificación paraestatal,para-cat-desinc,Entidades en proceso de desincorporación,Relación de las Entidades Paraestatales de la Administración Pública Federal,https://dof.gob.mx/nota_detalle.php?codigo=5796062&fecha=12/08/2026,2026-09-28,Clasificación según la relación anual oficial de entidades paraestatales.
rel-0829,para-status-006,"Notimex, Agencia de Noticias del Estado Mexicano",clasificación paraestatal,para-cat-desinc,Entidades en proceso de desincorporación,Relación de las Entidades Paraestatales de la Administración Pública Federal,https://dof.gob.mx/nota_detalle.php?codigo=5796062&fecha=12/08/2026,2026-09-28,Clasificación según la relación anual oficial de entidades paraestatales.
rel-0830,para-status-007,"Compañía Mexicana de Exploraciones, S.A. de C.V.",clasificación paraestatal,para-cat-desinc,Entidades en proceso de desincorporación,Relación de las Entidades Paraestatales de la Administración Pública Federal,https://dof.gob.mx/nota_detalle.php?codigo=5796062&fecha=12/08/2026,2026-09-28,Clasificación según la relación anual oficial de entidades paraestatales.
rel-0831,para-status-008,"Instituto Nacional para el Desarrollo de Capacidades del Sector Rural, A.C.",clasificación paraestatal,para-cat-desinc,Entidades en proceso de desincorporación,Relación de las Entidades Paraestatales de la Administración Pública Federal,https://dof.gob.mx/nota_detalle.php?codigo=5796062&fecha=12/08/2026,2026-09-28,Clasificación según la relación anual oficial de entidades paraestatales.
rel-0832,para-status-009,"FONATUR Solar, S.A. de C.V.",clasificación paraestatal,para-cat-desinc,Entidades en proceso de desincorporación,Relación de las Entidades Paraestatales de la Administración Pública Federal,https://dof.gob.mx/nota_detalle.php?codigo=5796062&fecha=12/08/2026,2026-09-28,Clasificación según la relación anual oficial de entidades paraestatales.
rel-0833,para-status-010,"FONATUR Tren Maya, S.A. de C.V.",clasificación paraestatal,para-cat-desinc,Entidades en proceso de desincorporación,Relación de las Entidades Paraestatales de la Administración Pública Federal,https://dof.gob.mx/nota_detalle.php?codigo=5796062&fecha=12/08/2026,2026-09-28,Clasificación según la relación anual oficial de entidades paraestatales.
rel-0834,para-status-011,Fondo de Empresas Expropiadas del Sector Azucarero,clasificación paraestatal,para-cat-desinc,Entidades en proceso de desincorporación,Relación de las Entidades Paraestatales de la Administración Pública Federal,https://dof.gob.mx/nota_detalle.php?codigo=5796062&fecha=12/08/2026,2026-09-28,Clasificación según la relación anual oficial de entidades paraestatales.
rel-0835,para-status-012,"Aerolínea del Estado Mexicano, S.A. de C.V.",clasificación paraestatal,para-cat-exclusion,Entidades en exclusión de proceso de desincorporación,Relación de las Entidades Paraestatales de la Administración Pública Federal,https://dof.gob.mx/nota_detalle.php?codigo=5796062&fecha=12/08/2026,2026-09-28,Clasificación según la relación anual oficial de entidades paraestatales.
rel-0836,para-active-001,Consejo Nacional para Prevenir la Discriminación,sectorización,sec-0,Secretaría de Gobernación,Relación de las Entidades Paraestatales de la Administración Pública Federal,https://dof.gob.mx/nota_detalle.php?codigo=5796062&fecha=12/08/2026,2026-09-28,Dependencia coordinadora reportada en la Relación de Entidades Paraestatales 2026.
rel-0837,para-active-002,Talleres Gráficos de México,sectorización,sec-0,Secretaría de Gobernación,Relación de las Entidades Paraestatales de la Administración Pública Federal,https://dof.gob.mx/nota_detalle.php?codigo=5796062&fecha=12/08/2026,2026-09-28,Dependencia coordinadora reportada en la Relación de Entidades Paraestatales 2026.
rel-0838,para-active-003,Instituto de Seguridad Social para las Fuerzas Armadas Mexicanas,sectorización,sec-2,Secretaría de la Defensa Nacional,Relación de las Entidades Paraestatales de la Administración Pública Federal,https://dof.gob.mx/nota_detalle.php?codigo=5796062&fecha=12/08/2026,2026-09-28,Dependencia coordinadora reportada en la Relación de Entidades Paraestatales 2026.
rel-0839,para-active-004,Corredor Interoceánico del Istmo de Tehuantepec,sectorización,sec-3,Secretaría de Marina,Relación de las Entidades Paraestatales de la Administración Pública Federal,https://dof.gob.mx/nota_detalle.php?codigo=5796062&fecha=12/08/2026,2026-09-28,Dependencia coordinadora reportada en la Relación de Entidades Paraestatales 2026.
rel-0840,para-active-005,Casa de Moneda de México,sectorización,sec-5,Secretaría de Hacienda y Crédito Público,Relación de las Entidades Paraestatales de la Administración Pública Federal,https://dof.gob.mx/nota_detalle.php?codigo=5796062&fecha=12/08/2026,2026-09-28,Dependencia coordinadora reportada en la Relación de Entidades Paraestatales 2026.
rel-0841,para-active-006,Comisión Nacional para la Protección y Defensa de los Usuarios de Servicios Financieros,sectorización,sec-5,Secretaría de Hacienda y Crédito Público,Relación de las Entidades Paraestatales de la Administración Pública Federal,https://dof.gob.mx/nota_detalle.php?codigo=5796062&fecha=12/08/2026,2026-09-28,Dependencia coordinadora reportada en la Relación de Entidades Paraestatales 2026.
rel-0842,para-active-007,Financiera para el Bienestar,sectorización,sec-5,Secretaría de Hacienda y Crédito Público,Relación de las Entidades Paraestatales de la Administración Pública Federal,https://dof.gob.mx/nota_detalle.php?codigo=5796062&fecha=12/08/2026,2026-09-28,Dependencia coordinadora reportada en la Relación de Entidades Paraestatales 2026.
rel-0843,para-active-008,Instituto para Devolver al Pueblo lo Robado,sectorización,sec-5,Secretaría de Hacienda y Crédito Público,Relación de las Entidades Paraestatales de la Administración Pública Federal,https://dof.gob.mx/nota_detalle.php?codigo=5796062&fecha=12/08/2026,2026-09-28,Dependencia coordinadora reportada en la Relación de Entidades Paraestatales 2026.
rel-0844,para-active-009,Instituto para el Desarrollo Técnico de las Haciendas Públicas,sectorización,sec-5,Secretaría de Hacienda y Crédito Público,Relación de las Entidades Paraestatales de la Administración Pública Federal,https://dof.gob.mx/nota_detalle.php?codigo=5796062&fecha=12/08/2026,2026-09-28,Dependencia coordinadora reportada en la Relación de Entidades Paraestatales 2026.
rel-0845,para-active-010,Instituto para la Protección al Ahorro Bancario,sectorización,sec-5,Secretaría de Hacienda y Crédito Público,Relación de las Entidades Paraestatales de la Administración Pública Federal,https://dof.gob.mx/nota_detalle.php?codigo=5796062&fecha=12/08/2026,2026-09-28,Dependencia coordinadora reportada en la Relación de Entidades Paraestatales 2026.
rel-0846,para-active-011,Lotería Nacional,sectorización,sec-5,Secretaría de Hacienda y Crédito Público,Relación de las Entidades Paraestatales de la Administración Pública Federal,https://dof.gob.mx/nota_detalle.php?codigo=5796062&fecha=12/08/2026,2026-09-28,Dependencia coordinadora reportada en la Relación de Entidades Paraestatales 2026.
rel-0847,para-active-012,Consejo Nacional para el Desarrollo y la Inclusión de las Personas con Discapacidad,sectorización,sec-6,Secretaría de Bienestar,Relación de las Entidades Paraestatales de la Administración Pública Federal,https://dof.gob.mx/nota_detalle.php?codigo=5796062&fecha=12/08/2026,2026-09-28,Dependencia coordinadora reportada en la Relación de Entidades Paraestatales 2026.
rel-0848,para-active-013,Instituto Nacional de las Personas Adultas Mayores,sectorización,sec-6,Secretaría de Bienestar,Relación de las Entidades Paraestatales de la Administración Pública Federal,https://dof.gob.mx/nota_detalle.php?codigo=5796062&fecha=12/08/2026,2026-09-28,Dependencia coordinadora reportada en la Relación de Entidades Paraestatales 2026.
rel-0849,para-active-014,Comisión Nacional Forestal,sectorización,sec-7,Secretaría de Medio Ambiente y Recursos Naturales,Relación de las Entidades Paraestatales de la Administración Pública Federal,https://dof.gob.mx/nota_detalle.php?codigo=5796062&fecha=12/08/2026,2026-09-28,Dependencia coordinadora reportada en la Relación de Entidades Paraestatales 2026.
rel-0850,para-active-015,Instituto Nacional de Ecología y Cambio Climático,sectorización,sec-7,Secretaría de Medio Ambiente y Recursos Naturales,Relación de las Entidades Paraestatales de la Administración Pública Federal,https://dof.gob.mx/nota_detalle.php?codigo=5796062&fecha=12/08/2026,2026-09-28,Dependencia coordinadora reportada en la Relación de Entidades Paraestatales 2026.
rel-0851,para-active-016,Centro Nacional de Control de Energía,sectorización,sec-8,Secretaría de Energía,Relación de las Entidades Paraestatales de la Administración Pública Federal,https://dof.gob.mx/nota_detalle.php?codigo=5796062&fecha=12/08/2026,2026-09-28,Dependencia coordinadora reportada en la Relación de Entidades Paraestatales 2026.
rel-0852,para-active-017,Centro Nacional de Control del Gas Natural,sectorización,sec-8,Secretaría de Energía,Relación de las Entidades Paraestatales de la Administración Pública Federal,https://dof.gob.mx/nota_detalle.php?codigo=5796062&fecha=12/08/2026,2026-09-28,Dependencia coordinadora reportada en la Relación de Entidades Paraestatales 2026.
rel-0853,para-active-018,Instituto Nacional de Investigaciones Nucleares,sectorización,sec-8,Secretaría de Energía,Relación de las Entidades Paraestatales de la Administración Pública Federal,https://dof.gob.mx/nota_detalle.php?codigo=5796062&fecha=12/08/2026,2026-09-28,Dependencia coordinadora reportada en la Relación de Entidades Paraestatales 2026.
rel-0854,para-active-019,Litio para México,sectorización,sec-8,Secretaría de Energía,Relación de las Entidades Paraestatales de la Administración Pública Federal,https://dof.gob.mx/nota_detalle.php?codigo=5796062&fecha=12/08/2026,2026-09-28,Dependencia coordinadora reportada en la Relación de Entidades Paraestatales 2026.
rel-0855,para-active-020,Centro Nacional de Metrología,sectorización,sec-9,Secretaría de Economía,Relación de las Entidades Paraestatales de la Administración Pública Federal,https://dof.gob.mx/nota_detalle.php?codigo=5796062&fecha=12/08/2026,2026-09-28,Dependencia coordinadora reportada en la Relación de Entidades Paraestatales 2026.
rel-0856,para-active-021,Comisión Nacional Antimonopolio,sectorización,sec-9,Secretaría de Economía,Relación de las Entidades Paraestatales de la Administración Pública Federal,https://dof.gob.mx/nota_detalle.php?codigo=5796062&fecha=12/08/2026,2026-09-28,Dependencia coordinadora reportada en la Relación de Entidades Paraestatales 2026.
rel-0857,para-active-022,Instituto Mexicano de la Propiedad Industrial,sectorización,sec-9,Secretaría de Economía,Relación de las Entidades Paraestatales de la Administración Pública Federal,https://dof.gob.mx/nota_detalle.php?codigo=5796062&fecha=12/08/2026,2026-09-28,Dependencia coordinadora reportada en la Relación de Entidades Paraestatales 2026.
rel-0858,para-active-023,Procuraduría Federal del Consumidor,sectorización,sec-9,Secretaría de Economía,Relación de las Entidades Paraestatales de la Administración Pública Federal,https://dof.gob.mx/nota_detalle.php?codigo=5796062&fecha=12/08/2026,2026-09-28,Dependencia coordinadora reportada en la Relación de Entidades Paraestatales 2026.
rel-0859,para-active-024,Servicio Geológico Mexicano,sectorización,sec-9,Secretaría de Economía,Relación de las Entidades Paraestatales de la Administración Pública Federal,https://dof.gob.mx/nota_detalle.php?codigo=5796062&fecha=12/08/2026,2026-09-28,Dependencia coordinadora reportada en la Relación de Entidades Paraestatales 2026.
rel-0860,para-active-025,Comité Nacional para el Desarrollo Sustentable de la Caña de Azúcar,sectorización,sec-10,Secretaría de Agricultura y Desarrollo Rural,Relación de las Entidades Paraestatales de la Administración Pública Federal,https://dof.gob.mx/nota_detalle.php?codigo=5796062&fecha=12/08/2026,2026-09-28,Dependencia coordinadora reportada en la Relación de Entidades Paraestatales 2026.
rel-0861,para-active-026,Instituto Mexicano de Investigación en Pesca y Acuacultura Sustentables,sectorización,sec-10,Secretaría de Agricultura y Desarrollo Rural,Relación de las Entidades Paraestatales de la Administración Pública Federal,https://dof.gob.mx/nota_detalle.php?codigo=5796062&fecha=12/08/2026,2026-09-28,Dependencia coordinadora reportada en la Relación de Entidades Paraestatales 2026.
rel-0862,para-active-027,"Productora de Semillas para el Bienestar ""PROSEBIEN""",sectorización,sec-10,Secretaría de Agricultura y Desarrollo Rural,Relación de las Entidades Paraestatales de la Administración Pública Federal,https://dof.gob.mx/nota_detalle.php?codigo=5796062&fecha=12/08/2026,2026-09-28,Dependencia coordinadora reportada en la Relación de Entidades Paraestatales 2026.
rel-0863,para-active-028,Productora Nacional de Biológicos Veterinarios,sectorización,sec-10,Secretaría de Agricultura y Desarrollo Rural,Relación de las Entidades Paraestatales de la Administración Pública Federal,https://dof.gob.mx/nota_detalle.php?codigo=5796062&fecha=12/08/2026,2026-09-28,Dependencia coordinadora reportada en la Relación de Entidades Paraestatales 2026.
rel-0864,para-active-029,Aeropuertos y Servicios Auxiliares,sectorización,sec-11,"Secretaría de Infraestructura, Comunicaciones y Transportes",Relación de las Entidades Paraestatales de la Administración Pública Federal,https://dof.gob.mx/nota_detalle.php?codigo=5796062&fecha=12/08/2026,2026-09-28,Dependencia coordinadora reportada en la Relación de Entidades Paraestatales 2026.
rel-0865,para-active-030,Agencia de Trenes y Transporte Público Integrado,sectorización,sec-11,"Secretaría de Infraestructura, Comunicaciones y Transportes",Relación de las Entidades Paraestatales de la Administración Pública Federal,https://dof.gob.mx/nota_detalle.php?codigo=5796062&fecha=12/08/2026,2026-09-28,Dependencia coordinadora reportada en la Relación de Entidades Paraestatales 2026.
rel-0866,para-active-031,Caminos y Puentes Federales de Ingresos y Servicios Conexos,sectorización,sec-11,"Secretaría de Infraestructura, Comunicaciones y Transportes",Relación de las Entidades Paraestatales de la Administración Pública Federal,https://dof.gob.mx/nota_detalle.php?codigo=5796062&fecha=12/08/2026,2026-09-28,Dependencia coordinadora reportada en la Relación de Entidades Paraestatales 2026.
rel-0867,para-active-032,Organismo Promotor de Inversiones en Telecomunicaciones,sectorización,sec-11,"Secretaría de Infraestructura, Comunicaciones y Transportes",Relación de las Entidades Paraestatales de la Administración Pública Federal,https://dof.gob.mx/nota_detalle.php?codigo=5796062&fecha=12/08/2026,2026-09-28,Dependencia coordinadora reportada en la Relación de Entidades Paraestatales 2026.
rel-0868,para-active-033,Centro de Enseñanza Técnica Industrial,sectorización,sec-13,Secretaría de Educación Pública,Relación de las Entidades Paraestatales de la Administración Pública Federal,https://dof.gob.mx/nota_detalle.php?codigo=5796062&fecha=12/08/2026,2026-09-28,Dependencia coordinadora reportada en la Relación de Entidades Paraestatales 2026.
rel-0869,para-active-034,Centro de Investigación y de Estudios Avanzados del Instituto Politécnico Nacional,sectorización,sec-13,Secretaría de Educación Pública,Relación de las Entidades Paraestatales de la Administración Pública Federal,https://dof.gob.mx/nota_detalle.php?codigo=5796062&fecha=12/08/2026,2026-09-28,Dependencia coordinadora reportada en la Relación de Entidades Paraestatales 2026.
rel-0870,para-active-035,Colegio de Bachilleres,sectorización,sec-13,Secretaría de Educación Pública,Relación de las Entidades Paraestatales de la Administración Pública Federal,https://dof.gob.mx/nota_detalle.php?codigo=5796062&fecha=12/08/2026,2026-09-28,Dependencia coordinadora reportada en la Relación de Entidades Paraestatales 2026.
rel-0871,para-active-036,Colegio Nacional de Educación Profesional Técnica,sectorización,sec-13,Secretaría de Educación Pública,Relación de las Entidades Paraestatales de la Administración Pública Federal,https://dof.gob.mx/nota_detalle.php?codigo=5796062&fecha=12/08/2026,2026-09-28,Dependencia coordinadora reportada en la Relación de Entidades Paraestatales 2026.
rel-0872,para-active-037,Comisión de Operación y Fomento de Actividades Académicas del Instituto Politécnico Nacional,sectorización,sec-13,Secretaría de Educación Pública,Relación de las Entidades Paraestatales de la Administración Pública Federal,https://dof.gob.mx/nota_detalle.php?codigo=5796062&fecha=12/08/2026,2026-09-28,Dependencia coordinadora reportada en la Relación de Entidades Paraestatales 2026.
rel-0873,para-active-038,Comisión Nacional de Cultura Física y Deporte,sectorización,sec-13,Secretaría de Educación Pública,Relación de las Entidades Paraestatales de la Administración Pública Federal,https://dof.gob.mx/nota_detalle.php?codigo=5796062&fecha=12/08/2026,2026-09-28,Dependencia coordinadora reportada en la Relación de Entidades Paraestatales 2026.
rel-0874,para-active-039,Comisión Nacional de Libros de Texto Gratuitos,sectorización,sec-13,Secretaría de Educación Pública,Relación de las Entidades Paraestatales de la Administración Pública Federal,https://dof.gob.mx/nota_detalle.php?codigo=5796062&fecha=12/08/2026,2026-09-28,Dependencia coordinadora reportada en la Relación de Entidades Paraestatales 2026.
rel-0875,para-active-040,Consejo Nacional de Fomento Educativo,sectorización,sec-13,Secretaría de Educación Pública,Relación de las Entidades Paraestatales de la Administración Pública Federal,https://dof.gob.mx/nota_detalle.php?codigo=5796062&fecha=12/08/2026,2026-09-28,Dependencia coordinadora reportada en la Relación de Entidades Paraestatales 2026.
rel-0876,para-active-041,Fondo de Cultura Económica,sectorización,sec-13,Secretaría de Educación Pública,Relación de las Entidades Paraestatales de la Administración Pública Federal,https://dof.gob.mx/nota_detalle.php?codigo=5796062&fecha=12/08/2026,2026-09-28,Dependencia coordinadora reportada en la Relación de Entidades Paraestatales 2026.
rel-0877,para-active-042,Instituto Nacional para la Educación de los Adultos,sectorización,sec-13,Secretaría de Educación Pública,Relación de las Entidades Paraestatales de la Administración Pública Federal,https://dof.gob.mx/nota_detalle.php?codigo=5796062&fecha=12/08/2026,2026-09-28,Dependencia coordinadora reportada en la Relación de Entidades Paraestatales 2026.
rel-0878,para-active-043,Organismo Coordinador de las Universidades para el Bienestar Benito Juárez García,sectorización,sec-13,Secretaría de Educación Pública,Relación de las Entidades Paraestatales de la Administración Pública Federal,https://dof.gob.mx/nota_detalle.php?codigo=5796062&fecha=12/08/2026,2026-09-28,Dependencia coordinadora reportada en la Relación de Entidades Paraestatales 2026.
rel-0879,para-active-044,Patronato de Obras e Instalaciones del Instituto Politécnico Nacional,sectorización,sec-13,Secretaría de Educación Pública,Relación de las Entidades Paraestatales de la Administración Pública Federal,https://dof.gob.mx/nota_detalle.php?codigo=5796062&fecha=12/08/2026,2026-09-28,Dependencia coordinadora reportada en la Relación de Entidades Paraestatales 2026.
rel-0880,para-active-045,"Universidad de las Lenguas Indígenas de México ""ULIM""",sectorización,sec-13,Secretaría de Educación Pública,Relación de las Entidades Paraestatales de la Administración Pública Federal,https://dof.gob.mx/nota_detalle.php?codigo=5796062&fecha=12/08/2026,2026-09-28,Dependencia coordinadora reportada en la Relación de Entidades Paraestatales 2026.
rel-0881,para-active-046,Instituto Nacional de Estudios Históricos de las Revoluciones de México,sectorización,sec-14,"Secretaría de Ciencia, Humanidades, Tecnología e Innovación",Relación de las Entidades Paraestatales de la Administración Pública Federal,https://dof.gob.mx/nota_detalle.php?codigo=5796062&fecha=12/08/2026,2026-09-28,Dependencia coordinadora reportada en la Relación de Entidades Paraestatales 2026.
rel-0882,para-active-047,Universidad Nacional Rosario Castellanos,sectorización,sec-14,"Secretaría de Ciencia, Humanidades, Tecnología e Innovación",Relación de las Entidades Paraestatales de la Administración Pública Federal,https://dof.gob.mx/nota_detalle.php?codigo=5796062&fecha=12/08/2026,2026-09-28,Dependencia coordinadora reportada en la Relación de Entidades Paraestatales 2026.
rel-0883,para-active-048,"Hospital General de México ""Dr. Eduardo Liceaga""",sectorización,sec-15,Secretaría de Salud,Relación de las Entidades Paraestatales de la Administración Pública Federal,https://dof.gob.mx/nota_detalle.php?codigo=5796062&fecha=12/08/2026,2026-09-28,Dependencia coordinadora reportada en la Relación de Entidades Paraestatales 2026.
rel-0884,para-active-049,"Hospital General ""Dr. Manuel Gea González""",sectorización,sec-15,Secretaría de Salud,Relación de las Entidades Paraestatales de la Administración Pública Federal,https://dof.gob.mx/nota_detalle.php?codigo=5796062&fecha=12/08/2026,2026-09-28,Dependencia coordinadora reportada en la Relación de Entidades Paraestatales 2026.
rel-0885,para-active-050,Hospital Juárez de México,sectorización,sec-15,Secretaría de Salud,Relación de las Entidades Paraestatales de la Administración Pública Federal,https://dof.gob.mx/nota_detalle.php?codigo=5796062&fecha=12/08/2026,2026-09-28,Dependencia coordinadora reportada en la Relación de Entidades Paraestatales 2026.
rel-0886,para-active-051,Sistema Nacional para el Desarrollo Integral de la Familia,sectorización,sec-15,Secretaría de Salud,Relación de las Entidades Paraestatales de la Administración Pública Federal,https://dof.gob.mx/nota_detalle.php?codigo=5796062&fecha=12/08/2026,2026-09-28,Dependencia coordinadora reportada en la Relación de Entidades Paraestatales 2026.
rel-0887,para-active-052,Centro Federal de Conciliación y Registro Laboral,sectorización,sec-16,Secretaría del Trabajo y Previsión Social,Relación de las Entidades Paraestatales de la Administración Pública Federal,https://dof.gob.mx/nota_detalle.php?codigo=5796062&fecha=12/08/2026,2026-09-28,Dependencia coordinadora reportada en la Relación de Entidades Paraestatales 2026.
rel-0888,para-active-053,Comisión Nacional de los Salarios Mínimos,sectorización,sec-16,Secretaría del Trabajo y Previsión Social,Relación de las Entidades Paraestatales de la Administración Pública Federal,https://dof.gob.mx/nota_detalle.php?codigo=5796062&fecha=12/08/2026,2026-09-28,Dependencia coordinadora reportada en la Relación de Entidades Paraestatales 2026.
rel-0889,para-active-054,Instituto del Fondo Nacional para el Consumo de los Trabajadores,sectorización,sec-16,Secretaría del Trabajo y Previsión Social,Relación de las Entidades Paraestatales de la Administración Pública Federal,https://dof.gob.mx/nota_detalle.php?codigo=5796062&fecha=12/08/2026,2026-09-28,Dependencia coordinadora reportada en la Relación de Entidades Paraestatales 2026.
rel-0890,para-active-055,Instituto Mexicano de la Juventud,sectorización,sec-16,Secretaría del Trabajo y Previsión Social,Relación de las Entidades Paraestatales de la Administración Pública Federal,https://dof.gob.mx/nota_detalle.php?codigo=5796062&fecha=12/08/2026,2026-09-28,Dependencia coordinadora reportada en la Relación de Entidades Paraestatales 2026.
rel-0891,para-active-056,Comisión Nacional de Vivienda,sectorización,sec-17,"Secretaría de Desarrollo Agrario, Territorial y Urbano",Relación de las Entidades Paraestatales de la Administración Pública Federal,https://dof.gob.mx/nota_detalle.php?codigo=5796062&fecha=12/08/2026,2026-09-28,Dependencia coordinadora reportada en la Relación de Entidades Paraestatales 2026.
rel-0892,para-active-057,Instituto Nacional del Suelo Sustentable,sectorización,sec-17,"Secretaría de Desarrollo Agrario, Territorial y Urbano",Relación de las Entidades Paraestatales de la Administración Pública Federal,https://dof.gob.mx/nota_detalle.php?codigo=5796062&fecha=12/08/2026,2026-09-28,Dependencia coordinadora reportada en la Relación de Entidades Paraestatales 2026.
rel-0893,para-active-058,Procuraduría Agraria,sectorización,sec-17,"Secretaría de Desarrollo Agrario, Territorial y Urbano",Relación de las Entidades Paraestatales de la Administración Pública Federal,https://dof.gob.mx/nota_detalle.php?codigo=5796062&fecha=12/08/2026,2026-09-28,Dependencia coordinadora reportada en la Relación de Entidades Paraestatales 2026.
rel-0894,para-active-059,Instituto Mexicano de Cinematografía,sectorización,sec-18,Secretaría de Cultura,Relación de las Entidades Paraestatales de la Administración Pública Federal,https://dof.gob.mx/nota_detalle.php?codigo=5796062&fecha=12/08/2026,2026-09-28,Dependencia coordinadora reportada en la Relación de Entidades Paraestatales 2026.
rel-0895,para-active-060,Instituto Nacional de Lenguas Indígenas,sectorización,sec-18,Secretaría de Cultura,Relación de las Entidades Paraestatales de la Administración Pública Federal,https://dof.gob.mx/nota_detalle.php?codigo=5796062&fecha=12/08/2026,2026-09-28,Dependencia coordinadora reportada en la Relación de Entidades Paraestatales 2026.
rel-0896,para-active-061,Agencia Espacial Mexicana,sectorización,sec-21,Agencia de Transformación Digital y Telecomunicaciones,Relación de las Entidades Paraestatales de la Administración Pública Federal,https://dof.gob.mx/nota_detalle.php?codigo=5796062&fecha=12/08/2026,2026-09-28,Dependencia coordinadora reportada en la Relación de Entidades Paraestatales 2026.
rel-0897,para-active-062,Servicio Postal Mexicano,sectorización,sec-21,Agencia de Transformación Digital y Telecomunicaciones,Relación de las Entidades Paraestatales de la Administración Pública Federal,https://dof.gob.mx/nota_detalle.php?codigo=5796062&fecha=12/08/2026,2026-09-28,Dependencia coordinadora reportada en la Relación de Entidades Paraestatales 2026.
rel-0898,para-active-075,"Hospital Infantil de México ""Federico Gómez""",sectorización,sec-15,Secretaría de Salud,Relación de las Entidades Paraestatales de la Administración Pública Federal,https://dof.gob.mx/nota_detalle.php?codigo=5796062&fecha=12/08/2026,2026-09-28,Dependencia coordinadora reportada en la Relación de Entidades Paraestatales 2026.
rel-0899,para-active-076,Instituto Nacional de Cancerología,sectorización,sec-15,Secretaría de Salud,Relación de las Entidades Paraestatales de la Administración Pública Federal,https://dof.gob.mx/nota_detalle.php?codigo=5796062&fecha=12/08/2026,2026-09-28,Dependencia coordinadora reportada en la Relación de Entidades Paraestatales 2026.
rel-0900,para-active-077,"Instituto Nacional de Cardiología ""Ignacio Chávez""",sectorización,sec-15,Secretaría de Salud,Relación de las Entidades Paraestatales de la Administración Pública Federal,https://dof.gob.mx/nota_detalle.php?codigo=5796062&fecha=12/08/2026,2026-09-28,Dependencia coordinadora reportada en la Relación de Entidades Paraestatales 2026.
rel-0901,para-active-078,"Instituto Nacional de Ciencias Médicas y Nutrición ""Salvador Zubirán""",sectorización,sec-15,Secretaría de Salud,Relación de las Entidades Paraestatales de la Administración Pública Federal,https://dof.gob.mx/nota_detalle.php?codigo=5796062&fecha=12/08/2026,2026-09-28,Dependencia coordinadora reportada en la Relación de Entidades Paraestatales 2026.
rel-0902,para-active-079,"Instituto Nacional de Enfermedades Respiratorias ""Ismael Cosío Villegas""",sectorización,sec-15,Secretaría de Salud,Relación de las Entidades Paraestatales de la Administración Pública Federal,https://dof.gob.mx/nota_detalle.php?codigo=5796062&fecha=12/08/2026,2026-09-28,Dependencia coordinadora reportada en la Relación de Entidades Paraestatales 2026.
rel-0903,para-active-080,Instituto Nacional de Geriatría,sectorización,sec-15,Secretaría de Salud,Relación de las Entidades Paraestatales de la Administración Pública Federal,https://dof.gob.mx/nota_detalle.php?codigo=5796062&fecha=12/08/2026,2026-09-28,Dependencia coordinadora reportada en la Relación de Entidades Paraestatales 2026.
rel-0904,para-active-081,Instituto Nacional de Medicina Genómica,sectorización,sec-15,Secretaría de Salud,Relación de las Entidades Paraestatales de la Administración Pública Federal,https://dof.gob.mx/nota_detalle.php?codigo=5796062&fecha=12/08/2026,2026-09-28,Dependencia coordinadora reportada en la Relación de Entidades Paraestatales 2026.
rel-0905,para-active-082,"Instituto Nacional de Neurología y Neurocirugía ""Manuel Velasco Suárez""",sectorización,sec-15,Secretaría de Salud,Relación de las Entidades Paraestatales de la Administración Pública Federal,https://dof.gob.mx/nota_detalle.php?codigo=5796062&fecha=12/08/2026,2026-09-28,Dependencia coordinadora reportada en la Relación de Entidades Paraestatales 2026.
rel-0906,para-active-083,Instituto Nacional de Pediatría,sectorización,sec-15,Secretaría de Salud,Relación de las Entidades Paraestatales de la Administración Pública Federal,https://dof.gob.mx/nota_detalle.php?codigo=5796062&fecha=12/08/2026,2026-09-28,Dependencia coordinadora reportada en la Relación de Entidades Paraestatales 2026.
rel-0907,para-active-084,"Instituto Nacional de Perinatología ""Isidro Espinosa de los Reyes""",sectorización,sec-15,Secretaría de Salud,Relación de las Entidades Paraestatales de la Administración Pública Federal,https://dof.gob.mx/nota_detalle.php?codigo=5796062&fecha=12/08/2026,2026-09-28,Dependencia coordinadora reportada en la Relación de Entidades Paraestatales 2026.
rel-0908,para-active-085,"Instituto Nacional de Psiquiatría ""Ramón de la Fuente Muñiz""",sectorización,sec-15,Secretaría de Salud,Relación de las Entidades Paraestatales de la Administración Pública Federal,https://dof.gob.mx/nota_detalle.php?codigo=5796062&fecha=12/08/2026,2026-09-28,Dependencia coordinadora reportada en la Relación de Entidades Paraestatales 2026.
rel-0909,para-active-086,"Instituto Nacional de Rehabilitación ""Luis Guillermo Ibarra Ibarra""",sectorización,sec-15,Secretaría de Salud,Relación de las Entidades Paraestatales de la Administración Pública Federal,https://dof.gob.mx/nota_detalle.php?codigo=5796062&fecha=12/08/2026,2026-09-28,Dependencia coordinadora reportada en la Relación de Entidades Paraestatales 2026.
rel-0910,para-active-087,Instituto Nacional de Salud Pública,sectorización,sec-15,Secretaría de Salud,Relación de las Entidades Paraestatales de la Administración Pública Federal,https://dof.gob.mx/nota_detalle.php?codigo=5796062&fecha=12/08/2026,2026-09-28,Dependencia coordinadora reportada en la Relación de Entidades Paraestatales 2026.
rel-0911,para-active-088,Instituto Mexicano de Tecnología del Agua,sectorización,sec-7,Secretaría de Medio Ambiente y Recursos Naturales,Relación de las Entidades Paraestatales de la Administración Pública Federal,https://dof.gob.mx/nota_detalle.php?codigo=5796062&fecha=12/08/2026,2026-09-28,Dependencia coordinadora reportada en la Relación de Entidades Paraestatales 2026.
rel-0912,para-active-089,Instituto Mexicano del Petróleo,sectorización,sec-8,Secretaría de Energía,Relación de las Entidades Paraestatales de la Administración Pública Federal,https://dof.gob.mx/nota_detalle.php?codigo=5796062&fecha=12/08/2026,2026-09-28,Dependencia coordinadora reportada en la Relación de Entidades Paraestatales 2026.
rel-0913,para-active-090,Instituto Nacional de Electricidad y Energías Limpias,sectorización,sec-8,Secretaría de Energía,Relación de las Entidades Paraestatales de la Administración Pública Federal,https://dof.gob.mx/nota_detalle.php?codigo=5796062&fecha=12/08/2026,2026-09-28,Dependencia coordinadora reportada en la Relación de Entidades Paraestatales 2026.
rel-0914,para-active-091,Colegio de Postgraduados,sectorización,sec-10,Secretaría de Agricultura y Desarrollo Rural,Relación de las Entidades Paraestatales de la Administración Pública Federal,https://dof.gob.mx/nota_detalle.php?codigo=5796062&fecha=12/08/2026,2026-09-28,Dependencia coordinadora reportada en la Relación de Entidades Paraestatales 2026.
rel-0915,para-active-092,"Instituto Nacional de Investigaciones Forestales, Agrícolas y Pecuarias",sectorización,sec-10,Secretaría de Agricultura y Desarrollo Rural,Relación de las Entidades Paraestatales de la Administración Pública Federal,https://dof.gob.mx/nota_detalle.php?codigo=5796062&fecha=12/08/2026,2026-09-28,Dependencia coordinadora reportada en la Relación de Entidades Paraestatales 2026.
rel-0916,para-active-093,Centro de Ingeniería y Desarrollo Industrial,sectorización,sec-14,"Secretaría de Ciencia, Humanidades, Tecnología e Innovación",Relación de las Entidades Paraestatales de la Administración Pública Federal,https://dof.gob.mx/nota_detalle.php?codigo=5796062&fecha=12/08/2026,2026-09-28,Dependencia coordinadora reportada en la Relación de Entidades Paraestatales 2026.
rel-0917,para-active-094,"Centro de Investigación Científica y de Educación Superior de Ensenada, Baja California",sectorización,sec-14,"Secretaría de Ciencia, Humanidades, Tecnología e Innovación",Relación de las Entidades Paraestatales de la Administración Pública Federal,https://dof.gob.mx/nota_detalle.php?codigo=5796062&fecha=12/08/2026,2026-09-28,Dependencia coordinadora reportada en la Relación de Entidades Paraestatales 2026.
rel-0918,para-active-095,Centro de Investigación en Química Aplicada,sectorización,sec-14,"Secretaría de Ciencia, Humanidades, Tecnología e Innovación",Relación de las Entidades Paraestatales de la Administración Pública Federal,https://dof.gob.mx/nota_detalle.php?codigo=5796062&fecha=12/08/2026,2026-09-28,Dependencia coordinadora reportada en la Relación de Entidades Paraestatales 2026.
rel-0919,para-active-096,Centro de Investigaciones y Estudios Superiores en Antropología Social,sectorización,sec-14,"Secretaría de Ciencia, Humanidades, Tecnología e Innovación",Relación de las Entidades Paraestatales de la Administración Pública Federal,https://dof.gob.mx/nota_detalle.php?codigo=5796062&fecha=12/08/2026,2026-09-28,Dependencia coordinadora reportada en la Relación de Entidades Paraestatales 2026.
rel-0920,para-active-097,El Colegio de la Frontera Sur,sectorización,sec-14,"Secretaría de Ciencia, Humanidades, Tecnología e Innovación",Relación de las Entidades Paraestatales de la Administración Pública Federal,https://dof.gob.mx/nota_detalle.php?codigo=5796062&fecha=12/08/2026,2026-09-28,Dependencia coordinadora reportada en la Relación de Entidades Paraestatales 2026.
rel-0921,para-active-098,"Instituto de Investigaciones ""Dr. José María Luis Mora""",sectorización,sec-14,"Secretaría de Ciencia, Humanidades, Tecnología e Innovación",Relación de las Entidades Paraestatales de la Administración Pública Federal,https://dof.gob.mx/nota_detalle.php?codigo=5796062&fecha=12/08/2026,2026-09-28,Dependencia coordinadora reportada en la Relación de Entidades Paraestatales 2026.
rel-0922,para-active-099,"Instituto Nacional de Astrofísica, Óptica y Electrónica",sectorización,sec-14,"Secretaría de Ciencia, Humanidades, Tecnología e Innovación",Relación de las Entidades Paraestatales de la Administración Pública Federal,https://dof.gob.mx/nota_detalle.php?codigo=5796062&fecha=12/08/2026,2026-09-28,Dependencia coordinadora reportada en la Relación de Entidades Paraestatales 2026.
rel-0923,para-active-100,"Aeropuerto Internacional Felipe Ángeles, S.A. de C.V.",sectorización,sec-2,Secretaría de la Defensa Nacional,Relación de las Entidades Paraestatales de la Administración Pública Federal,https://dof.gob.mx/nota_detalle.php?codigo=5796062&fecha=12/08/2026,2026-09-28,Dependencia coordinadora reportada en la Relación de Entidades Paraestatales 2026.
rel-0924,para-active-101,"Grupo Aeroportuario, Ferroviario, de Servicios Auxiliares y Conexos, Olmeca-Maya-Mexica, S.A. de C.V.",sectorización,sec-2,Secretaría de la Defensa Nacional,Relación de las Entidades Paraestatales de la Administración Pública Federal,https://dof.gob.mx/nota_detalle.php?codigo=5796062&fecha=12/08/2026,2026-09-28,Dependencia coordinadora reportada en la Relación de Entidades Paraestatales 2026.
rel-0925,para-active-102,"Tren Maya, S.A. de C.V.",sectorización,sec-2,Secretaría de la Defensa Nacional,Relación de las Entidades Paraestatales de la Administración Pública Federal,https://dof.gob.mx/nota_detalle.php?codigo=5796062&fecha=12/08/2026,2026-09-28,Dependencia coordinadora reportada en la Relación de Entidades Paraestatales 2026.
rel-0926,para-active-103,"Administración del Sistema Portuario Nacional Acapulco, S.A. de C.V.",sectorización,sec-3,Secretaría de Marina,Relación de las Entidades Paraestatales de la Administración Pública Federal,https://dof.gob.mx/nota_detalle.php?codigo=5796062&fecha=12/08/2026,2026-09-28,Dependencia coordinadora reportada en la Relación de Entidades Paraestatales 2026.
rel-0927,para-active-104,"Administración del Sistema Portuario Nacional Altamira, S.A. de C.V.",sectorización,sec-3,Secretaría de Marina,Relación de las Entidades Paraestatales de la Administración Pública Federal,https://dof.gob.mx/nota_detalle.php?codigo=5796062&fecha=12/08/2026,2026-09-28,Dependencia coordinadora reportada en la Relación de Entidades Paraestatales 2026.
rel-0928,para-active-105,"Administración del Sistema Portuario Nacional Cabo San Lucas, S.A. de C.V.",sectorización,sec-3,Secretaría de Marina,Relación de las Entidades Paraestatales de la Administración Pública Federal,https://dof.gob.mx/nota_detalle.php?codigo=5796062&fecha=12/08/2026,2026-09-28,Dependencia coordinadora reportada en la Relación de Entidades Paraestatales 2026.
rel-0929,para-active-106,"Administración del Sistema Portuario Nacional Coatzacoalcos, S.A. de C.V.",sectorización,sec-3,Secretaría de Marina,Relación de las Entidades Paraestatales de la Administración Pública Federal,https://dof.gob.mx/nota_detalle.php?codigo=5796062&fecha=12/08/2026,2026-09-28,Dependencia coordinadora reportada en la Relación de Entidades Paraestatales 2026.
rel-0930,para-active-107,"Administración del Sistema Portuario Nacional Dos Bocas, S.A. de C.V.",sectorización,sec-3,Secretaría de Marina,Relación de las Entidades Paraestatales de la Administración Pública Federal,https://dof.gob.mx/nota_detalle.php?codigo=5796062&fecha=12/08/2026,2026-09-28,Dependencia coordinadora reportada en la Relación de Entidades Paraestatales 2026.
rel-0931,para-active-108,"Administración del Sistema Portuario Nacional Ensenada, S.A. de C.V.",sectorización,sec-3,Secretaría de Marina,Relación de las Entidades Paraestatales de la Administración Pública Federal,https://dof.gob.mx/nota_detalle.php?codigo=5796062&fecha=12/08/2026,2026-09-28,Dependencia coordinadora reportada en la Relación de Entidades Paraestatales 2026.
rel-0932,para-active-109,"Administración del Sistema Portuario Nacional Guaymas, S.A. de C.V.",sectorización,sec-3,Secretaría de Marina,Relación de las Entidades Paraestatales de la Administración Pública Federal,https://dof.gob.mx/nota_detalle.php?codigo=5796062&fecha=12/08/2026,2026-09-28,Dependencia coordinadora reportada en la Relación de Entidades Paraestatales 2026.
rel-0933,para-active-110,"Administración del Sistema Portuario Nacional Lázaro Cárdenas, S.A. de C.V.",sectorización,sec-3,Secretaría de Marina,Relación de las Entidades Paraestatales de la Administración Pública Federal,https://dof.gob.mx/nota_detalle.php?codigo=5796062&fecha=12/08/2026,2026-09-28,Dependencia coordinadora reportada en la Relación de Entidades Paraestatales 2026.
rel-0934,para-active-111,"Administración del Sistema Portuario Nacional Manzanillo, S.A. de C.V.",sectorización,sec-3,Secretaría de Marina,Relación de las Entidades Paraestatales de la Administración Pública Federal,https://dof.gob.mx/nota_detalle.php?codigo=5796062&fecha=12/08/2026,2026-09-28,Dependencia coordinadora reportada en la Relación de Entidades Paraestatales 2026.
rel-0935,para-active-112,"Administración del Sistema Portuario Nacional Mazatlán, S.A. de C.V.",sectorización,sec-3,Secretaría de Marina,Relación de las Entidades Paraestatales de la Administración Pública Federal,https://dof.gob.mx/nota_detalle.php?codigo=5796062&fecha=12/08/2026,2026-09-28,Dependencia coordinadora reportada en la Relación de Entidades Paraestatales 2026.
rel-0936,para-active-113,"Administración del Sistema Portuario Nacional Progreso, S.A. de C.V.",sectorización,sec-3,Secretaría de Marina,Relación de las Entidades Paraestatales de la Administración Pública Federal,https://dof.gob.mx/nota_detalle.php?codigo=5796062&fecha=12/08/2026,2026-09-28,Dependencia coordinadora reportada en la Relación de Entidades Paraestatales 2026.
rel-0937,para-active-114,"Administración del Sistema Portuario Nacional Puerto Chiapas, S.A. de C.V.",sectorización,sec-3,Secretaría de Marina,Relación de las Entidades Paraestatales de la Administración Pública Federal,https://dof.gob.mx/nota_detalle.php?codigo=5796062&fecha=12/08/2026,2026-09-28,Dependencia coordinadora reportada en la Relación de Entidades Paraestatales 2026.
rel-0938,para-active-115,"Administración del Sistema Portuario Nacional Puerto Vallarta, S.A. de C.V.",sectorización,sec-3,Secretaría de Marina,Relación de las Entidades Paraestatales de la Administración Pública Federal,https://dof.gob.mx/nota_detalle.php?codigo=5796062&fecha=12/08/2026,2026-09-28,Dependencia coordinadora reportada en la Relación de Entidades Paraestatales 2026.
rel-0939,para-active-116,"Administración del Sistema Portuario Nacional Salina Cruz, S.A. de C.V.",sectorización,sec-3,Secretaría de Marina,Relación de las Entidades Paraestatales de la Administración Pública Federal,https://dof.gob.mx/nota_detalle.php?codigo=5796062&fecha=12/08/2026,2026-09-28,Dependencia coordinadora reportada en la Relación de Entidades Paraestatales 2026.
rel-0940,para-active-117,"Administración del Sistema Portuario Nacional Tampico, S.A. de C.V.",sectorización,sec-3,Secretaría de Marina,Relación de las Entidades Paraestatales de la Administración Pública Federal,https://dof.gob.mx/nota_detalle.php?codigo=5796062&fecha=12/08/2026,2026-09-28,Dependencia coordinadora reportada en la Relación de Entidades Paraestatales 2026.
rel-0941,para-active-118,"Administración del Sistema Portuario Nacional Topolobampo, S.A. de C.V.",sectorización,sec-3,Secretaría de Marina,Relación de las Entidades Paraestatales de la Administración Pública Federal,https://dof.gob.mx/nota_detalle.php?codigo=5796062&fecha=12/08/2026,2026-09-28,Dependencia coordinadora reportada en la Relación de Entidades Paraestatales 2026.
rel-0942,para-active-119,"Administración del Sistema Portuario Nacional Tuxpan, S.A. de C.V.",sectorización,sec-3,Secretaría de Marina,Relación de las Entidades Paraestatales de la Administración Pública Federal,https://dof.gob.mx/nota_detalle.php?codigo=5796062&fecha=12/08/2026,2026-09-28,Dependencia coordinadora reportada en la Relación de Entidades Paraestatales 2026.
rel-0943,para-active-120,"Administración del Sistema Portuario Nacional Veracruz, S.A. de C.V.",sectorización,sec-3,Secretaría de Marina,Relación de las Entidades Paraestatales de la Administración Pública Federal,https://dof.gob.mx/nota_detalle.php?codigo=5796062&fecha=12/08/2026,2026-09-28,Dependencia coordinadora reportada en la Relación de Entidades Paraestatales 2026.
rel-0944,para-active-121,"Aeropuerto Internacional de la Ciudad de México, S.A. de C.V.",sectorización,sec-3,Secretaría de Marina,Relación de las Entidades Paraestatales de la Administración Pública Federal,https://dof.gob.mx/nota_detalle.php?codigo=5796062&fecha=12/08/2026,2026-09-28,Dependencia coordinadora reportada en la Relación de Entidades Paraestatales 2026.
rel-0945,para-active-122,"Ferrocarril del Istmo de Tehuantepec, S.A. de C.V.",sectorización,sec-3,Secretaría de Marina,Relación de las Entidades Paraestatales de la Administración Pública Federal,https://dof.gob.mx/nota_detalle.php?codigo=5796062&fecha=12/08/2026,2026-09-28,Dependencia coordinadora reportada en la Relación de Entidades Paraestatales 2026.
rel-0946,para-active-123,"Turística Integral Islas Marías, S.A. de C.V.",sectorización,sec-3,Secretaría de Marina,Relación de las Entidades Paraestatales de la Administración Pública Federal,https://dof.gob.mx/nota_detalle.php?codigo=5796062&fecha=12/08/2026,2026-09-28,Dependencia coordinadora reportada en la Relación de Entidades Paraestatales 2026.
rel-0947,para-active-124,"Exportadora de Sal, S.A. de C.V.",sectorización,sec-9,Secretaría de Economía,Relación de las Entidades Paraestatales de la Administración Pública Federal,https://dof.gob.mx/nota_detalle.php?codigo=5796062&fecha=12/08/2026,2026-09-28,Dependencia coordinadora reportada en la Relación de Entidades Paraestatales 2026.
rel-0948,para-active-125,"Alimentación para el Bienestar, S.A. de C.V.",sectorización,sec-10,Secretaría de Agricultura y Desarrollo Rural,Relación de las Entidades Paraestatales de la Administración Pública Federal,https://dof.gob.mx/nota_detalle.php?codigo=5796062&fecha=12/08/2026,2026-09-28,Dependencia coordinadora reportada en la Relación de Entidades Paraestatales 2026.
rel-0949,para-active-126,"Leche para el Bienestar, S.A. de C.V.",sectorización,sec-10,Secretaría de Agricultura y Desarrollo Rural,Relación de las Entidades Paraestatales de la Administración Pública Federal,https://dof.gob.mx/nota_detalle.php?codigo=5796062&fecha=12/08/2026,2026-09-28,Dependencia coordinadora reportada en la Relación de Entidades Paraestatales 2026.
rel-0950,para-active-127,"Grupo Aeroportuario Turístico Mexicano, S.A. de C.V.",sectorización,sec-11,"Secretaría de Infraestructura, Comunicaciones y Transportes",Relación de las Entidades Paraestatales de la Administración Pública Federal,https://dof.gob.mx/nota_detalle.php?codigo=5796062&fecha=12/08/2026,2026-09-28,Dependencia coordinadora reportada en la Relación de Entidades Paraestatales 2026.
rel-0951,para-active-128,"Educal, S.A. de C.V.",sectorización,sec-13,Secretaría de Educación Pública,Relación de las Entidades Paraestatales de la Administración Pública Federal,https://dof.gob.mx/nota_detalle.php?codigo=5796062&fecha=12/08/2026,2026-09-28,Dependencia coordinadora reportada en la Relación de Entidades Paraestatales 2026.
rel-0952,para-active-129,"Impresora y Encuadernadora Progreso, S.A. de C.V.",sectorización,sec-13,Secretaría de Educación Pública,Relación de las Entidades Paraestatales de la Administración Pública Federal,https://dof.gob.mx/nota_detalle.php?codigo=5796062&fecha=12/08/2026,2026-09-28,Dependencia coordinadora reportada en la Relación de Entidades Paraestatales 2026.
rel-0953,para-active-130,"Centros de Integración Juvenil, A.C.",sectorización,sec-15,Secretaría de Salud,Relación de las Entidades Paraestatales de la Administración Pública Federal,https://dof.gob.mx/nota_detalle.php?codigo=5796062&fecha=12/08/2026,2026-09-28,Dependencia coordinadora reportada en la Relación de Entidades Paraestatales 2026.
rel-0954,para-active-131,"Laboratorios de Biológicos y Reactivos de México, S.A. de C.V.",sectorización,sec-15,Secretaría de Salud,Relación de las Entidades Paraestatales de la Administración Pública Federal,https://dof.gob.mx/nota_detalle.php?codigo=5796062&fecha=12/08/2026,2026-09-28,Dependencia coordinadora reportada en la Relación de Entidades Paraestatales 2026.
rel-0955,para-active-132,"Centro de Capacitación Cinematográfica, A.C.",sectorización,sec-18,Secretaría de Cultura,Relación de las Entidades Paraestatales de la Administración Pública Federal,https://dof.gob.mx/nota_detalle.php?codigo=5796062&fecha=12/08/2026,2026-09-28,Dependencia coordinadora reportada en la Relación de Entidades Paraestatales 2026.
rel-0956,para-active-133,"Compañía Operadora del Centro Cultural y Turístico de Tijuana, S.A. de C.V.",sectorización,sec-18,Secretaría de Cultura,Relación de las Entidades Paraestatales de la Administración Pública Federal,https://dof.gob.mx/nota_detalle.php?codigo=5796062&fecha=12/08/2026,2026-09-28,Dependencia coordinadora reportada en la Relación de Entidades Paraestatales 2026.
rel-0957,para-active-134,"Estudios Churubusco Azteca, S.A.",sectorización,sec-18,Secretaría de Cultura,Relación de las Entidades Paraestatales de la Administración Pública Federal,https://dof.gob.mx/nota_detalle.php?codigo=5796062&fecha=12/08/2026,2026-09-28,Dependencia coordinadora reportada en la Relación de Entidades Paraestatales 2026.
rel-0958,para-active-135,"Televisión Metropolitana, S.A. de C.V.",sectorización,sec-18,Secretaría de Cultura,Relación de las Entidades Paraestatales de la Administración Pública Federal,https://dof.gob.mx/nota_detalle.php?codigo=5796062&fecha=12/08/2026,2026-09-28,Dependencia coordinadora reportada en la Relación de Entidades Paraestatales 2026.
rel-0959,para-active-136,"FONATUR Constructora, S.A. de C.V.",sectorización,sec-19,Secretaría de Turismo,Relación de las Entidades Paraestatales de la Administración Pública Federal,https://dof.gob.mx/nota_detalle.php?codigo=5796062&fecha=12/08/2026,2026-09-28,Dependencia coordinadora reportada en la Relación de Entidades Paraestatales 2026.
rel-0960,para-active-137,"FONATUR Infraestructura, S.A. de C.V.",sectorización,sec-19,Secretaría de Turismo,Relación de las Entidades Paraestatales de la Administración Pública Federal,https://dof.gob.mx/nota_detalle.php?codigo=5796062&fecha=12/08/2026,2026-09-28,Dependencia coordinadora reportada en la Relación de Entidades Paraestatales 2026.
rel-0961,para-active-138,"Banco del Bienestar, S.N.C.",sectorización,sec-5,Secretaría de Hacienda y Crédito Público,Relación de las Entidades Paraestatales de la Administración Pública Federal,https://dof.gob.mx/nota_detalle.php?codigo=5796062&fecha=12/08/2026,2026-09-28,Dependencia coordinadora reportada en la Relación de Entidades Paraestatales 2026.
rel-0962,para-active-139,"Banco Nacional de Comercio Exterior, S.N.C.",sectorización,sec-5,Secretaría de Hacienda y Crédito Público,Relación de las Entidades Paraestatales de la Administración Pública Federal,https://dof.gob.mx/nota_detalle.php?codigo=5796062&fecha=12/08/2026,2026-09-28,Dependencia coordinadora reportada en la Relación de Entidades Paraestatales 2026.
rel-0963,para-active-140,"Banco Nacional de Obras y Servicios Públicos, S.N.C.",sectorización,sec-5,Secretaría de Hacienda y Crédito Público,Relación de las Entidades Paraestatales de la Administración Pública Federal,https://dof.gob.mx/nota_detalle.php?codigo=5796062&fecha=12/08/2026,2026-09-28,Dependencia coordinadora reportada en la Relación de Entidades Paraestatales 2026.
rel-0964,para-active-141,"Banco Nacional del Ejército, Fuerza Aérea y Armada, S.N.C.",sectorización,sec-5,Secretaría de Hacienda y Crédito Público,Relación de las Entidades Paraestatales de la Administración Pública Federal,https://dof.gob.mx/nota_detalle.php?codigo=5796062&fecha=12/08/2026,2026-09-28,Dependencia coordinadora reportada en la Relación de Entidades Paraestatales 2026.
rel-0965,para-active-142,"Nacional Financiera, S.N.C.",sectorización,sec-5,Secretaría de Hacienda y Crédito Público,Relación de las Entidades Paraestatales de la Administración Pública Federal,https://dof.gob.mx/nota_detalle.php?codigo=5796062&fecha=12/08/2026,2026-09-28,Dependencia coordinadora reportada en la Relación de Entidades Paraestatales 2026.
rel-0966,para-active-143,"Sociedad Hipotecaria Federal, S.N.C.",sectorización,sec-5,Secretaría de Hacienda y Crédito Público,Relación de las Entidades Paraestatales de la Administración Pública Federal,https://dof.gob.mx/nota_detalle.php?codigo=5796062&fecha=12/08/2026,2026-09-28,Dependencia coordinadora reportada en la Relación de Entidades Paraestatales 2026.
rel-0967,para-active-144,"AGROASEMEX, S.A.",sectorización,sec-5,Secretaría de Hacienda y Crédito Público,Relación de las Entidades Paraestatales de la Administración Pública Federal,https://dof.gob.mx/nota_detalle.php?codigo=5796062&fecha=12/08/2026,2026-09-28,Dependencia coordinadora reportada en la Relación de Entidades Paraestatales 2026.
rel-0968,para-active-145,"Seguros de Crédito a la Vivienda SHF, S.A. de C.V.",sectorización,sec-5,Secretaría de Hacienda y Crédito Público,Relación de las Entidades Paraestatales de la Administración Pública Federal,https://dof.gob.mx/nota_detalle.php?codigo=5796062&fecha=12/08/2026,2026-09-28,Dependencia coordinadora reportada en la Relación de Entidades Paraestatales 2026.
rel-0969,para-active-146,"Centro de Investigación Científica de Yucatán, A.C.",sectorización,sec-14,"Secretaría de Ciencia, Humanidades, Tecnología e Innovación",Relación de las Entidades Paraestatales de la Administración Pública Federal,https://dof.gob.mx/nota_detalle.php?codigo=5796062&fecha=12/08/2026,2026-09-28,Dependencia coordinadora reportada en la Relación de Entidades Paraestatales 2026.
rel-0970,para-active-147,"Centro de Investigación en Alimentación y Desarrollo, A.C.",sectorización,sec-14,"Secretaría de Ciencia, Humanidades, Tecnología e Innovación",Relación de las Entidades Paraestatales de la Administración Pública Federal,https://dof.gob.mx/nota_detalle.php?codigo=5796062&fecha=12/08/2026,2026-09-28,Dependencia coordinadora reportada en la Relación de Entidades Paraestatales 2026.
rel-0971,para-active-148,"Centro de Investigación en Ciencias de Información Geoespacial, A.C.",sectorización,sec-14,"Secretaría de Ciencia, Humanidades, Tecnología e Innovación",Relación de las Entidades Paraestatales de la Administración Pública Federal,https://dof.gob.mx/nota_detalle.php?codigo=5796062&fecha=12/08/2026,2026-09-28,Dependencia coordinadora reportada en la Relación de Entidades Paraestatales 2026.
rel-0972,para-active-149,"Centro de Investigación en Matemáticas, A.C.",sectorización,sec-14,"Secretaría de Ciencia, Humanidades, Tecnología e Innovación",Relación de las Entidades Paraestatales de la Administración Pública Federal,https://dof.gob.mx/nota_detalle.php?codigo=5796062&fecha=12/08/2026,2026-09-28,Dependencia coordinadora reportada en la Relación de Entidades Paraestatales 2026.
rel-0973,para-active-150,"Centro de Investigación en Materiales Avanzados, S.C.",sectorización,sec-14,"Secretaría de Ciencia, Humanidades, Tecnología e Innovación",Relación de las Entidades Paraestatales de la Administración Pública Federal,https://dof.gob.mx/nota_detalle.php?codigo=5796062&fecha=12/08/2026,2026-09-28,Dependencia coordinadora reportada en la Relación de Entidades Paraestatales 2026.
rel-0974,para-active-151,"Centro de Investigación y Asistencia en Tecnología y Diseño del Estado de Jalisco, A.C.",sectorización,sec-14,"Secretaría de Ciencia, Humanidades, Tecnología e Innovación",Relación de las Entidades Paraestatales de la Administración Pública Federal,https://dof.gob.mx/nota_detalle.php?codigo=5796062&fecha=12/08/2026,2026-09-28,Dependencia coordinadora reportada en la Relación de Entidades Paraestatales 2026.
rel-0975,para-active-152,"Centro de Investigación y Desarrollo Tecnológico en Electroquímica, S.C.",sectorización,sec-14,"Secretaría de Ciencia, Humanidades, Tecnología e Innovación",Relación de las Entidades Paraestatales de la Administración Pública Federal,https://dof.gob.mx/nota_detalle.php?codigo=5796062&fecha=12/08/2026,2026-09-28,Dependencia coordinadora reportada en la Relación de Entidades Paraestatales 2026.
rel-0976,para-active-153,"Centro de Investigación y Docencia Económicas, A.C.",sectorización,sec-14,"Secretaría de Ciencia, Humanidades, Tecnología e Innovación",Relación de las Entidades Paraestatales de la Administración Pública Federal,https://dof.gob.mx/nota_detalle.php?codigo=5796062&fecha=12/08/2026,2026-09-28,Dependencia coordinadora reportada en la Relación de Entidades Paraestatales 2026.
rel-0977,para-active-154,"Centro de Investigaciones Biológicas del Noroeste, S.C.",sectorización,sec-14,"Secretaría de Ciencia, Humanidades, Tecnología e Innovación",Relación de las Entidades Paraestatales de la Administración Pública Federal,https://dof.gob.mx/nota_detalle.php?codigo=5796062&fecha=12/08/2026,2026-09-28,Dependencia coordinadora reportada en la Relación de Entidades Paraestatales 2026.
rel-0978,para-active-155,"Centro de Investigaciones en Óptica, A.C.",sectorización,sec-14,"Secretaría de Ciencia, Humanidades, Tecnología e Innovación",Relación de las Entidades Paraestatales de la Administración Pública Federal,https://dof.gob.mx/nota_detalle.php?codigo=5796062&fecha=12/08/2026,2026-09-28,Dependencia coordinadora reportada en la Relación de Entidades Paraestatales 2026.
rel-0979,para-active-156,"CIATEC, A.C. ""Centro de Innovación Aplicada en Tecnologías Competitivas""",sectorización,sec-14,"Secretaría de Ciencia, Humanidades, Tecnología e Innovación",Relación de las Entidades Paraestatales de la Administración Pública Federal,https://dof.gob.mx/nota_detalle.php?codigo=5796062&fecha=12/08/2026,2026-09-28,Dependencia coordinadora reportada en la Relación de Entidades Paraestatales 2026.
rel-0980,para-active-157,"CIATEQ, A.C. ""Centro de Tecnología Avanzada""",sectorización,sec-14,"Secretaría de Ciencia, Humanidades, Tecnología e Innovación",Relación de las Entidades Paraestatales de la Administración Pública Federal,https://dof.gob.mx/nota_detalle.php?codigo=5796062&fecha=12/08/2026,2026-09-28,Dependencia coordinadora reportada en la Relación de Entidades Paraestatales 2026.
rel-0981,para-active-158,"El Colegio de la Frontera Norte, A.C.",sectorización,sec-14,"Secretaría de Ciencia, Humanidades, Tecnología e Innovación",Relación de las Entidades Paraestatales de la Administración Pública Federal,https://dof.gob.mx/nota_detalle.php?codigo=5796062&fecha=12/08/2026,2026-09-28,Dependencia coordinadora reportada en la Relación de Entidades Paraestatales 2026.
rel-0982,para-active-159,"El Colegio de Michoacán, A.C.",sectorización,sec-14,"Secretaría de Ciencia, Humanidades, Tecnología e Innovación",Relación de las Entidades Paraestatales de la Administración Pública Federal,https://dof.gob.mx/nota_detalle.php?codigo=5796062&fecha=12/08/2026,2026-09-28,Dependencia coordinadora reportada en la Relación de Entidades Paraestatales 2026.
rel-0983,para-active-160,"El Colegio de San Luis, A.C.",sectorización,sec-14,"Secretaría de Ciencia, Humanidades, Tecnología e Innovación",Relación de las Entidades Paraestatales de la Administración Pública Federal,https://dof.gob.mx/nota_detalle.php?codigo=5796062&fecha=12/08/2026,2026-09-28,Dependencia coordinadora reportada en la Relación de Entidades Paraestatales 2026.
rel-0984,para-active-161,"InnovaBienestar de México, S.A.P.I. de C.V.",sectorización,sec-14,"Secretaría de Ciencia, Humanidades, Tecnología e Innovación",Relación de las Entidades Paraestatales de la Administración Pública Federal,https://dof.gob.mx/nota_detalle.php?codigo=5796062&fecha=12/08/2026,2026-09-28,Dependencia coordinadora reportada en la Relación de Entidades Paraestatales 2026.
rel-0985,para-active-162,"Instituto de Ecología, A.C.",sectorización,sec-14,"Secretaría de Ciencia, Humanidades, Tecnología e Innovación",Relación de las Entidades Paraestatales de la Administración Pública Federal,https://dof.gob.mx/nota_detalle.php?codigo=5796062&fecha=12/08/2026,2026-09-28,Dependencia coordinadora reportada en la Relación de Entidades Paraestatales 2026.
rel-0986,para-active-163,"Instituto Potosino de Investigación Científica y Tecnológica, A.C.",sectorización,sec-14,"Secretaría de Ciencia, Humanidades, Tecnología e Innovación",Relación de las Entidades Paraestatales de la Administración Pública Federal,https://dof.gob.mx/nota_detalle.php?codigo=5796062&fecha=12/08/2026,2026-09-28,Dependencia coordinadora reportada en la Relación de Entidades Paraestatales 2026.
rel-0987,para-active-164,Fideicomiso Universidad Marítima y Portuaria de México,sectorización,sec-3,Secretaría de Marina,Relación de las Entidades Paraestatales de la Administración Pública Federal,https://dof.gob.mx/nota_detalle.php?codigo=5796062&fecha=12/08/2026,2026-09-28,Dependencia coordinadora reportada en la Relación de Entidades Paraestatales 2026.
rel-0988,para-active-165,Fondo de Capitalización e Inversión del Sector Rural,sectorización,sec-5,Secretaría de Hacienda y Crédito Público,Relación de las Entidades Paraestatales de la Administración Pública Federal,https://dof.gob.mx/nota_detalle.php?codigo=5796062&fecha=12/08/2026,2026-09-28,Dependencia coordinadora reportada en la Relación de Entidades Paraestatales 2026.
rel-0989,para-active-166,Fideicomiso de Riesgo Compartido,sectorización,sec-10,Secretaría de Agricultura y Desarrollo Rural,Relación de las Entidades Paraestatales de la Administración Pública Federal,https://dof.gob.mx/nota_detalle.php?codigo=5796062&fecha=12/08/2026,2026-09-28,Dependencia coordinadora reportada en la Relación de Entidades Paraestatales 2026.
rel-0990,para-active-167,Fideicomiso de los Sistemas Normalizado de Competencia Laboral y de Certificación de Competencia Laboral,sectorización,sec-13,Secretaría de Educación Pública,Relación de las Entidades Paraestatales de la Administración Pública Federal,https://dof.gob.mx/nota_detalle.php?codigo=5796062&fecha=12/08/2026,2026-09-28,Dependencia coordinadora reportada en la Relación de Entidades Paraestatales 2026.
rel-0991,para-active-168,Fideicomiso Fondo Nacional de Fomento Ejidal,sectorización,sec-17,"Secretaría de Desarrollo Agrario, Territorial y Urbano",Relación de las Entidades Paraestatales de la Administración Pública Federal,https://dof.gob.mx/nota_detalle.php?codigo=5796062&fecha=12/08/2026,2026-09-28,Dependencia coordinadora reportada en la Relación de Entidades Paraestatales 2026.
rel-0992,para-active-169,Fideicomiso para la Cineteca Nacional,sectorización,sec-18,Secretaría de Cultura,Relación de las Entidades Paraestatales de la Administración Pública Federal,https://dof.gob.mx/nota_detalle.php?codigo=5796062&fecha=12/08/2026,2026-09-28,Dependencia coordinadora reportada en la Relación de Entidades Paraestatales 2026.
rel-0993,para-active-170,Fondo Nacional para el Fomento de las Artesanías,sectorización,sec-18,Secretaría de Cultura,Relación de las Entidades Paraestatales de la Administración Pública Federal,https://dof.gob.mx/nota_detalle.php?codigo=5796062&fecha=12/08/2026,2026-09-28,Dependencia coordinadora reportada en la Relación de Entidades Paraestatales 2026.
rel-0994,para-active-171,Fondo Nacional de Fomento al Turismo,sectorización,sec-19,Secretaría de Turismo,Relación de las Entidades Paraestatales de la Administración Pública Federal,https://dof.gob.mx/nota_detalle.php?codigo=5796062&fecha=12/08/2026,2026-09-28,Dependencia coordinadora reportada en la Relación de Entidades Paraestatales 2026.
rel-0995,para-active-172,Fondo para el Desarrollo de Recursos Humanos,sectorización,sec-14,"Secretaría de Ciencia, Humanidades, Tecnología e Innovación",Relación de las Entidades Paraestatales de la Administración Pública Federal,https://dof.gob.mx/nota_detalle.php?codigo=5796062&fecha=12/08/2026,2026-09-28,Dependencia coordinadora reportada en la Relación de Entidades Paraestatales 2026.
rel-0996,para-active-173,INFOTEC Centro de Investigación e Innovación en Tecnologías de la Información y Comunicación,sectorización,sec-21,Agencia de Transformación Digital y Telecomunicaciones,Relación de las Entidades Paraestatales de la Administración Pública Federal,https://dof.gob.mx/nota_detalle.php?codigo=5796062&fecha=12/08/2026,2026-09-28,Dependencia coordinadora reportada en la Relación de Entidades Paraestatales 2026.
rel-0997,para-active-174,"Fondo de Garantía y Fomento para la Agricultura, Ganadería y Avicultura",sectorización,sec-5,Secretaría de Hacienda y Crédito Público,Relación de las Entidades Paraestatales de la Administración Pública Federal,https://dof.gob.mx/nota_detalle.php?codigo=5796062&fecha=12/08/2026,2026-09-28,Dependencia coordinadora reportada en la Relación de Entidades Paraestatales 2026.
rel-0998,para-active-175,Fondo de Garantía y Fomento para las Actividades Pesqueras,sectorización,sec-5,Secretaría de Hacienda y Crédito Público,Relación de las Entidades Paraestatales de la Administración Pública Federal,https://dof.gob.mx/nota_detalle.php?codigo=5796062&fecha=12/08/2026,2026-09-28,Dependencia coordinadora reportada en la Relación de Entidades Paraestatales 2026.
rel-0999,para-active-176,Fondo de Operación y Financiamiento Bancario a la Vivienda,sectorización,sec-5,Secretaría de Hacienda y Crédito Público,Relación de las Entidades Paraestatales de la Administración Pública Federal,https://dof.gob.mx/nota_detalle.php?codigo=5796062&fecha=12/08/2026,2026-09-28,Dependencia coordinadora reportada en la Relación de Entidades Paraestatales 2026.
rel-1000,para-active-177,Fondo Especial de Asistencia Técnica y Garantía para Créditos Agropecuarios,sectorización,sec-5,Secretaría de Hacienda y Crédito Público,Relación de las Entidades Paraestatales de la Administración Pública Federal,https://dof.gob.mx/nota_detalle.php?codigo=5796062&fecha=12/08/2026,2026-09-28,Dependencia coordinadora reportada en la Relación de Entidades Paraestatales 2026.
rel-1001,para-active-178,Fondo Especial para Financiamientos Agropecuarios,sectorización,sec-5,Secretaría de Hacienda y Crédito Público,Relación de las Entidades Paraestatales de la Administración Pública Federal,https://dof.gob.mx/nota_detalle.php?codigo=5796062&fecha=12/08/2026,2026-09-28,Dependencia coordinadora reportada en la Relación de Entidades Paraestatales 2026.
rel-1002,para-active-179,Fideicomiso de Fomento Minero,sectorización,sec-9,Secretaría de Economía,Relación de las Entidades Paraestatales de la Administración Pública Federal,https://dof.gob.mx/nota_detalle.php?codigo=5796062&fecha=12/08/2026,2026-09-28,Dependencia coordinadora reportada en la Relación de Entidades Paraestatales 2026.
rel-1003,para-active-180,Comisión Federal de Electricidad,sectorización,sec-8,Secretaría de Energía,Relación de las Entidades Paraestatales de la Administración Pública Federal,https://dof.gob.mx/nota_detalle.php?codigo=5796062&fecha=12/08/2026,2026-09-28,Dependencia coordinadora reportada en la Relación de Entidades Paraestatales 2026.
rel-1004,para-active-181,Petróleos Mexicanos,sectorización,sec-8,Secretaría de Energía,Relación de las Entidades Paraestatales de la Administración Pública Federal,https://dof.gob.mx/nota_detalle.php?codigo=5796062&fecha=12/08/2026,2026-09-28,Dependencia coordinadora reportada en la Relación de Entidades Paraestatales 2026.
rel-1005,para-status-001,"Financiera Nacional de Desarrollo Agropecuario, Rural, Forestal y Pesquero",sectorización,sec-5,Secretaría de Hacienda y Crédito Público,Relación de las Entidades Paraestatales de la Administración Pública Federal,https://dof.gob.mx/nota_detalle.php?codigo=5796062&fecha=12/08/2026,2026-09-28,Dependencia coordinadora reportada en la Relación de Entidades Paraestatales 2026.
rel-1006,para-status-002,Comisión Nacional de las Zonas Áridas,sectorización,sec-10,Secretaría de Agricultura y Desarrollo Rural,Relación de las Entidades Paraestatales de la Administración Pública Federal,https://dof.gob.mx/nota_detalle.php?codigo=5796062&fecha=12/08/2026,2026-09-28,Dependencia coordinadora reportada en la Relación de Entidades Paraestatales 2026.
rel-1007,para-status-003,Seguridad Alimentaria Mexicana,sectorización,sec-10,Secretaría de Agricultura y Desarrollo Rural,Relación de las Entidades Paraestatales de la Administración Pública Federal,https://dof.gob.mx/nota_detalle.php?codigo=5796062&fecha=12/08/2026,2026-09-28,Dependencia coordinadora reportada en la Relación de Entidades Paraestatales 2026.
rel-1008,para-status-004,Ferrocarriles Nacionales de México,sectorización,sec-11,"Secretaría de Infraestructura, Comunicaciones y Transportes",Relación de las Entidades Paraestatales de la Administración Pública Federal,https://dof.gob.mx/nota_detalle.php?codigo=5796062&fecha=12/08/2026,2026-09-28,Dependencia coordinadora reportada en la Relación de Entidades Paraestatales 2026.
rel-1009,para-status-005,Instituto Nacional de la Infraestructura Física Educativa,sectorización,sec-13,Secretaría de Educación Pública,Relación de las Entidades Paraestatales de la Administración Pública Federal,https://dof.gob.mx/nota_detalle.php?codigo=5796062&fecha=12/08/2026,2026-09-28,Dependencia coordinadora reportada en la Relación de Entidades Paraestatales 2026.
rel-1010,para-status-007,"Compañía Mexicana de Exploraciones, S.A. de C.V.",sectorización,sec-8,Secretaría de Energía,Relación de las Entidades Paraestatales de la Administración Pública Federal,https://dof.gob.mx/nota_detalle.php?codigo=5796062&fecha=12/08/2026,2026-09-28,Dependencia coordinadora reportada en la Relación de Entidades Paraestatales 2026.
rel-1011,para-status-008,"Instituto Nacional para el Desarrollo de Capacidades del Sector Rural, A.C.",sectorización,sec-10,Secretaría de Agricultura y Desarrollo Rural,Relación de las Entidades Paraestatales de la Administración Pública Federal,https://dof.gob.mx/nota_detalle.php?codigo=5796062&fecha=12/08/2026,2026-09-28,Dependencia coordinadora reportada en la Relación de Entidades Paraestatales 2026.
rel-1012,para-status-009,"FONATUR Solar, S.A. de C.V.",sectorización,sec-19,Secretaría de Turismo,Relación de las Entidades Paraestatales de la Administración Pública Federal,https://dof.gob.mx/nota_detalle.php?codigo=5796062&fecha=12/08/2026,2026-09-28,Dependencia coordinadora reportada en la Relación de Entidades Paraestatales 2026.
rel-1013,para-status-010,"FONATUR Tren Maya, S.A. de C.V.",sectorización,sec-19,Secretaría de Turismo,Relación de las Entidades Paraestatales de la Administración Pública Federal,https://dof.gob.mx/nota_detalle.php?codigo=5796062&fecha=12/08/2026,2026-09-28,Dependencia coordinadora reportada en la Relación de Entidades Paraestatales 2026.
rel-1014,para-status-011,Fondo de Empresas Expropiadas del Sector Azucarero,sectorización,sec-10,Secretaría de Agricultura y Desarrollo Rural,Relación de las Entidades Paraestatales de la Administración Pública Federal,https://dof.gob.mx/nota_detalle.php?codigo=5796062&fecha=12/08/2026,2026-09-28,Dependencia coordinadora reportada en la Relación de Entidades Paraestatales 2026.
rel-1015,para-status-012,"Aerolínea del Estado Mexicano, S.A. de C.V.",sectorización,sec-2,Secretaría de la Defensa Nacional,Relación de las Entidades Paraestatales de la Administración Pública Federal,https://dof.gob.mx/nota_detalle.php?codigo=5796062&fecha=12/08/2026,2026-09-28,Dependencia coordinadora reportada en la Relación de Entidades Paraestatales 2026.
