id_relacion,origen_id,origen_nombre,tipo_relacion,destino_id,destino_nombre,fuente_nombre,fuente_url,fecha_verificacion,nota
rel-0001,apf-central,Administración Pública Federal Centralizada,jerarquía / adscripción,exec-root,Poder Ejecutivo de la Unión,Ley Orgánica de la Administración Pública Federal,https://www.diputados.gob.mx/LeyesBiblio/pdf/LOAPF.pdf,2026-09-25,Relación padre-hijo utilizada por la estructura navegable.
rel-0002,presidencia,Oficina de la Presidencia de la República,jerarquía / adscripción,apf-central,Administración Pública Federal Centralizada,Ley Orgánica de la Administración Pública Federal,https://www.diputados.gob.mx/LeyesBiblio/pdf/LOAPF.pdf,2026-09-28,Relación padre-hijo utilizada por la estructura navegable.
rel-0003,cjer,Consejería Jurídica del Ejecutivo Federal,jerarquía / adscripción,apf-central,Administración Pública Federal Centralizada,Ley Orgánica de la Administración Pública Federal,https://www.diputados.gob.mx/LeyesBiblio/pdf/LOAPF.pdf,2026-09-28,Relación padre-hijo utilizada por la estructura navegable.
rel-0004,sec-0,Secretaría de Gobernación,jerarquía / adscripción,apf-central,Administración Pública Federal Centralizada,Reglamento Interior de la Secretaría de Gobernación,https://dof.gob.mx/abrirPDF.php?anio=2025&archivo=21032025-VES.pdf&repo=repositorio%2F,2026-09-25,Relación padre-hijo utilizada por la estructura navegable.
rel-0005,sec-1,Secretaría de Relaciones Exteriores,jerarquía / adscripción,apf-central,Administración Pública Federal Centralizada,Ley Orgánica de la Administración Pública Federal,https://www.diputados.gob.mx/LeyesBiblio/pdf/LOAPF.pdf,2026-09-28,Relación padre-hijo utilizada por la estructura navegable.
rel-0006,sec-2,Secretaría de la Defensa Nacional,jerarquía / adscripción,apf-central,Administración Pública Federal Centralizada,Ley Orgánica de la Administración Pública Federal,https://www.diputados.gob.mx/LeyesBiblio/pdf/LOAPF.pdf,2026-09-28,Relación padre-hijo utilizada por la estructura navegable.
rel-0007,sec-3,Secretaría de Marina,jerarquía / adscripción,apf-central,Administración Pública Federal Centralizada,Ley Orgánica de la Administración Pública Federal,https://www.diputados.gob.mx/LeyesBiblio/pdf/LOAPF.pdf,2026-09-28,Relación padre-hijo utilizada por la estructura navegable.
rel-0008,sec-4,Secretaría de Seguridad y Protección Ciudadana,jerarquía / adscripción,apf-central,Administración Pública Federal Centralizada,Ley Orgánica de la Administración Pública Federal,https://www.diputados.gob.mx/LeyesBiblio/pdf/LOAPF.pdf,2026-09-28,Relación padre-hijo utilizada por la estructura navegable.
rel-0009,sec-5,Secretaría de Hacienda y Crédito Público,jerarquía / adscripción,apf-central,Administración Pública Federal Centralizada,Decreto de reforma al Reglamento Interior de la Secretaría de Hacienda y Crédito Público,https://www.dof.gob.mx/nota_detalle.php?codigo=5750009&fecha=24/02/2025,2026-09-25,Relación padre-hijo utilizada por la estructura navegable.
rel-0010,sec-6,Secretaría de Bienestar,jerarquía / adscripción,apf-central,Administración Pública Federal Centralizada,Ley Orgánica de la Administración Pública Federal,https://www.diputados.gob.mx/LeyesBiblio/pdf/LOAPF.pdf,2026-09-28,Relación padre-hijo utilizada por la estructura navegable.
rel-0011,sec-7,Secretaría de Medio Ambiente y Recursos Naturales,jerarquía / adscripción,apf-central,Administración Pública Federal Centralizada,Reglamento Interior de la Secretaría de Medio Ambiente y Recursos Naturales,https://www.dof.gob.mx/abrirPDF.php?anio=2025&archivo=14032025-MAT.pdf&repo=repositorio%2F,2026-09-25,Relación padre-hijo utilizada por la estructura navegable.
rel-0012,sec-8,Secretaría de Energía,jerarquía / adscripción,apf-central,Administración Pública Federal Centralizada,Ley Orgánica de la Administración Pública Federal,https://www.diputados.gob.mx/LeyesBiblio/pdf/LOAPF.pdf,2026-09-25,Relación padre-hijo utilizada por la estructura navegable.
rel-0013,sec-9,Secretaría de Economía,jerarquía / adscripción,apf-central,Administración Pública Federal Centralizada,Ley Orgánica de la Administración Pública Federal,https://www.diputados.gob.mx/LeyesBiblio/pdf/LOAPF.pdf,2026-09-28,Relación padre-hijo utilizada por la estructura navegable.
rel-0014,sec-10,Secretaría de Agricultura y Desarrollo Rural,jerarquía / adscripción,apf-central,Administración Pública Federal Centralizada,Ley Orgánica de la Administración Pública Federal,https://www.diputados.gob.mx/LeyesBiblio/pdf/LOAPF.pdf,2026-09-28,Relación padre-hijo utilizada por la estructura navegable.
rel-0015,sec-11,"Secretaría de Infraestructura, Comunicaciones y Transportes",jerarquía / adscripción,apf-central,Administración Pública Federal Centralizada,"Reglamento Interior de la Secretaría de Infraestructura, Comunicaciones y Transportes",https://www.dof.gob.mx/abrirPDF.php?anio=2026&archivo=09062026-VES.pdf&repo=repositorio%2F,2026-09-25,Relación padre-hijo utilizada por la estructura navegable.
rel-0016,sec-12,Secretaría Anticorrupción y Buen Gobierno,jerarquía / adscripción,apf-central,Administración Pública Federal Centralizada,Reforma al Reglamento Interior de la Secretaría Anticorrupción y Buen Gobierno,https://dof.gob.mx/nota_detalle.php?codigo=5752650&fecha=21/03/2025,2026-09-25,Relación padre-hijo utilizada por la estructura navegable.
rel-0017,sec-13,Secretaría de Educación Pública,jerarquía / adscripción,apf-central,Administración Pública Federal Centralizada,Reforma al Reglamento Interior de la Secretaría de Educación Pública,https://www.dof.gob.mx/nota_detalle.php?codigo=5769097&fecha=03/10/2025,2026-09-25,Relación padre-hijo utilizada por la estructura navegable.
rel-0018,sec-14,"Secretaría de Ciencia, Humanidades, Tecnología e Innovación",jerarquía / adscripción,apf-central,Administración Pública Federal Centralizada,Ley Orgánica de la Administración Pública Federal,https://www.diputados.gob.mx/LeyesBiblio/pdf/LOAPF.pdf,2026-09-28,Relación padre-hijo utilizada por la estructura navegable.
rel-0019,sec-15,Secretaría de Salud,jerarquía / adscripción,apf-central,Administración Pública Federal Centralizada,Ley Orgánica de la Administración Pública Federal,https://www.diputados.gob.mx/LeyesBiblio/pdf/LOAPF.pdf,2026-09-25,Relación padre-hijo utilizada por la estructura navegable.
rel-0020,sec-16,Secretaría del Trabajo y Previsión Social,jerarquía / adscripción,apf-central,Administración Pública Federal Centralizada,Ley Orgánica de la Administración Pública Federal,https://www.diputados.gob.mx/LeyesBiblio/pdf/LOAPF.pdf,2026-09-28,Relación padre-hijo utilizada por la estructura navegable.
rel-0021,sec-17,"Secretaría de Desarrollo Agrario, Territorial y Urbano",jerarquía / adscripción,apf-central,Administración Pública Federal Centralizada,Ley Orgánica de la Administración Pública Federal,https://www.diputados.gob.mx/LeyesBiblio/pdf/LOAPF.pdf,2026-09-28,Relación padre-hijo utilizada por la estructura navegable.
rel-0022,sec-18,Secretaría de Cultura,jerarquía / adscripción,apf-central,Administración Pública Federal Centralizada,Ley Orgánica de la Administración Pública Federal,https://www.diputados.gob.mx/LeyesBiblio/pdf/LOAPF.pdf,2026-09-28,Relación padre-hijo utilizada por la estructura navegable.
rel-0023,sec-19,Secretaría de Turismo,jerarquía / adscripción,apf-central,Administración Pública Federal Centralizada,Ley Orgánica de la Administración Pública Federal,https://www.diputados.gob.mx/LeyesBiblio/pdf/LOAPF.pdf,2026-09-28,Relación padre-hijo utilizada por la estructura navegable.
rel-0024,sec-20,Secretaría de las Mujeres,jerarquía / adscripción,apf-central,Administración Pública Federal Centralizada,Ley Orgánica de la Administración Pública Federal,https://www.diputados.gob.mx/LeyesBiblio/pdf/LOAPF.pdf,2026-09-25,Relación padre-hijo utilizada por la estructura navegable.
rel-0025,sec-21,Agencia de Transformación Digital y Telecomunicaciones,jerarquía / adscripción,apf-central,Administración Pública Federal Centralizada,Ley Orgánica de la Administración Pública Federal,https://www.diputados.gob.mx/LeyesBiblio/pdf/LOAPF.pdf,2026-09-25,Relación padre-hijo utilizada por la estructura navegable.
rel-0026,apf-para,Administración Pública Federal Paraestatal,jerarquía / adscripción,exec-root,Poder Ejecutivo de la Unión,Relación de las Entidades Paraestatales de la Administración Pública Federal,https://dof.gob.mx/nota_detalle.php?codigo=5796062&fecha=12/08/2026,2026-09-28,Relación padre-hijo utilizada por la estructura navegable.
rel-0027,dip,Cámara de Diputados,jerarquía / adscripción,leg-root,Congreso General de los Estados Unidos Mexicanos,Constitución Política de los Estados Unidos Mexicanos,https://www.diputados.gob.mx/LeyesBiblio/pdf/CPEUM.pdf,2026-09-25,Relación padre-hijo utilizada por la estructura navegable.
rel-0028,sen,Cámara de Senadores,jerarquía / adscripción,leg-root,Congreso General de los Estados Unidos Mexicanos,Constitución Política de los Estados Unidos Mexicanos,https://www.diputados.gob.mx/LeyesBiblio/pdf/CPEUM.pdf,2026-09-25,Relación padre-hijo utilizada por la estructura navegable.
rel-0029,jud-0,Suprema Corte de Justicia de la Nación,jerarquía / adscripción,jud-root,Poder Judicial de la Federación,Constitución Política de los Estados Unidos Mexicanos,https://www.diputados.gob.mx/LeyesBiblio/pdf/CPEUM.pdf,2026-09-25,Relación padre-hijo utilizada por la estructura navegable.
rel-0030,jud-1,Tribunal Electoral,jerarquía / adscripción,jud-root,Poder Judicial de la Federación,Constitución Política de los Estados Unidos Mexicanos,https://www.diputados.gob.mx/LeyesBiblio/pdf/CPEUM.pdf,2026-09-25,Relación padre-hijo utilizada por la estructura navegable.
rel-0031,jud-2,Plenos Regionales,jerarquía / adscripción,jud-root,Poder Judicial de la Federación,Constitución Política de los Estados Unidos Mexicanos,https://www.diputados.gob.mx/LeyesBiblio/pdf/CPEUM.pdf,2026-09-25,Relación padre-hijo utilizada por la estructura navegable.
rel-0032,jud-3,Tribunales Colegiados de Circuito,jerarquía / adscripción,jud-root,Poder Judicial de la Federación,Constitución Política de los Estados Unidos Mexicanos,https://www.diputados.gob.mx/LeyesBiblio/pdf/CPEUM.pdf,2026-09-25,Relación padre-hijo utilizada por la estructura navegable.
rel-0033,jud-4,Tribunales Colegiados de Apelación,jerarquía / adscripción,jud-root,Poder Judicial de la Federación,Constitución Política de los Estados Unidos Mexicanos,https://www.diputados.gob.mx/LeyesBiblio/pdf/CPEUM.pdf,2026-09-25,Relación padre-hijo utilizada por la estructura navegable.
rel-0034,jud-5,Juzgados de Distrito,jerarquía / adscripción,jud-root,Poder Judicial de la Federación,Constitución Política de los Estados Unidos Mexicanos,https://www.diputados.gob.mx/LeyesBiblio/pdf/CPEUM.pdf,2026-09-25,Relación padre-hijo utilizada por la estructura navegable.
rel-0035,state-0,Aguascalientes,jerarquía / adscripción,fed-root,Entidades federativas,Constitución Política de los Estados Unidos Mexicanos,https://www.diputados.gob.mx/LeyesBiblio/pdf/CPEUM.pdf,2026-09-25,Relación padre-hijo utilizada por la estructura navegable.
rel-0036,state-1,Baja California,jerarquía / adscripción,fed-root,Entidades federativas,Constitución Política de los Estados Unidos Mexicanos,https://www.diputados.gob.mx/LeyesBiblio/pdf/CPEUM.pdf,2026-09-25,Relación padre-hijo utilizada por la estructura navegable.
rel-0037,state-2,Baja California Sur,jerarquía / adscripción,fed-root,Entidades federativas,Constitución Política de los Estados Unidos Mexicanos,https://www.diputados.gob.mx/LeyesBiblio/pdf/CPEUM.pdf,2026-09-25,Relación padre-hijo utilizada por la estructura navegable.
rel-0038,state-3,Campeche,jerarquía / adscripción,fed-root,Entidades federativas,Constitución Política de los Estados Unidos Mexicanos,https://www.diputados.gob.mx/LeyesBiblio/pdf/CPEUM.pdf,2026-09-25,Relación padre-hijo utilizada por la estructura navegable.
rel-0039,state-4,Coahuila de Zaragoza,jerarquía / adscripción,fed-root,Entidades federativas,Constitución Política de los Estados Unidos Mexicanos,https://www.diputados.gob.mx/LeyesBiblio/pdf/CPEUM.pdf,2026-09-25,Relación padre-hijo utilizada por la estructura navegable.
rel-0040,state-5,Colima,jerarquía / adscripción,fed-root,Entidades federativas,Constitución Política de los Estados Unidos Mexicanos,https://www.diputados.gob.mx/LeyesBiblio/pdf/CPEUM.pdf,2026-09-25,Relación padre-hijo utilizada por la estructura navegable.
rel-0041,state-6,Chiapas,jerarquía / adscripción,fed-root,Entidades federativas,Constitución Política de los Estados Unidos Mexicanos,https://www.diputados.gob.mx/LeyesBiblio/pdf/CPEUM.pdf,2026-09-25,Relación padre-hijo utilizada por la estructura navegable.
rel-0042,state-7,Chihuahua,jerarquía / adscripción,fed-root,Entidades federativas,Constitución Política de los Estados Unidos Mexicanos,https://www.diputados.gob.mx/LeyesBiblio/pdf/CPEUM.pdf,2026-09-25,Relación padre-hijo utilizada por la estructura navegable.
rel-0043,state-8,Durango,jerarquía / adscripción,fed-root,Entidades federativas,Constitución Política de los Estados Unidos Mexicanos,https://www.diputados.gob.mx/LeyesBiblio/pdf/CPEUM.pdf,2026-09-25,Relación padre-hijo utilizada por la estructura navegable.
rel-0044,state-9,Guanajuato,jerarquía / adscripción,fed-root,Entidades federativas,Constitución Política de los Estados Unidos Mexicanos,https://www.diputados.gob.mx/LeyesBiblio/pdf/CPEUM.pdf,2026-09-25,Relación padre-hijo utilizada por la estructura navegable.
rel-0045,state-10,Guerrero,jerarquía / adscripción,fed-root,Entidades federativas,Constitución Política de los Estados Unidos Mexicanos,https://www.diputados.gob.mx/LeyesBiblio/pdf/CPEUM.pdf,2026-09-25,Relación padre-hijo utilizada por la estructura navegable.
rel-0046,state-11,Hidalgo,jerarquía / adscripción,fed-root,Entidades federativas,Constitución Política de los Estados Unidos Mexicanos,https://www.diputados.gob.mx/LeyesBiblio/pdf/CPEUM.pdf,2026-09-25,Relación padre-hijo utilizada por la estructura navegable.
rel-0047,state-12,Jalisco,jerarquía / adscripción,fed-root,Entidades federativas,Constitución Política de los Estados Unidos Mexicanos,https://www.diputados.gob.mx/LeyesBiblio/pdf/CPEUM.pdf,2026-09-25,Relación padre-hijo utilizada por la estructura navegable.
rel-0048,state-13,México,jerarquía / adscripción,fed-root,Entidades federativas,Constitución Política de los Estados Unidos Mexicanos,https://www.diputados.gob.mx/LeyesBiblio/pdf/CPEUM.pdf,2026-09-25,Relación padre-hijo utilizada por la estructura navegable.
rel-0049,state-14,Michoacán de Ocampo,jerarquía / adscripción,fed-root,Entidades federativas,Constitución Política de los Estados Unidos Mexicanos,https://www.diputados.gob.mx/LeyesBiblio/pdf/CPEUM.pdf,2026-09-25,Relación padre-hijo utilizada por la estructura navegable.
rel-0050,state-15,Morelos,jerarquía / adscripción,fed-root,Entidades federativas,Constitución Política de los Estados Unidos Mexicanos,https://www.diputados.gob.mx/LeyesBiblio/pdf/CPEUM.pdf,2026-09-25,Relación padre-hijo utilizada por la estructura navegable.
rel-0051,state-16,Nayarit,jerarquía / adscripción,fed-root,Entidades federativas,Constitución Política de los Estados Unidos Mexicanos,https://www.diputados.gob.mx/LeyesBiblio/pdf/CPEUM.pdf,2026-09-25,Relación padre-hijo utilizada por la estructura navegable.
rel-0052,state-17,Nuevo León,jerarquía / adscripción,fed-root,Entidades federativas,Constitución Política de los Estados Unidos Mexicanos,https://www.diputados.gob.mx/LeyesBiblio/pdf/CPEUM.pdf,2026-09-25,Relación padre-hijo utilizada por la estructura navegable.
rel-0053,state-18,Oaxaca,jerarquía / adscripción,fed-root,Entidades federativas,Constitución Política de los Estados Unidos Mexicanos,https://www.diputados.gob.mx/LeyesBiblio/pdf/CPEUM.pdf,2026-09-25,Relación padre-hijo utilizada por la estructura navegable.
rel-0054,state-19,Puebla,jerarquía / adscripción,fed-root,Entidades federativas,Constitución Política de los Estados Unidos Mexicanos,https://www.diputados.gob.mx/LeyesBiblio/pdf/CPEUM.pdf,2026-09-25,Relación padre-hijo utilizada por la estructura navegable.
rel-0055,state-20,Querétaro,jerarquía / adscripción,fed-root,Entidades federativas,Constitución Política de los Estados Unidos Mexicanos,https://www.diputados.gob.mx/LeyesBiblio/pdf/CPEUM.pdf,2026-09-25,Relación padre-hijo utilizada por la estructura navegable.
rel-0056,state-21,Quintana Roo,jerarquía / adscripción,fed-root,Entidades federativas,Constitución Política de los Estados Unidos Mexicanos,https://www.diputados.gob.mx/LeyesBiblio/pdf/CPEUM.pdf,2026-09-25,Relación padre-hijo utilizada por la estructura navegable.
rel-0057,state-22,San Luis Potosí,jerarquía / adscripción,fed-root,Entidades federativas,Constitución Política de los Estados Unidos Mexicanos,https://www.diputados.gob.mx/LeyesBiblio/pdf/CPEUM.pdf,2026-09-25,Relación padre-hijo utilizada por la estructura navegable.
rel-0058,state-23,Sinaloa,jerarquía / adscripción,fed-root,Entidades federativas,Constitución Política de los Estados Unidos Mexicanos,https://www.diputados.gob.mx/LeyesBiblio/pdf/CPEUM.pdf,2026-09-25,Relación padre-hijo utilizada por la estructura navegable.
rel-0059,state-24,Sonora,jerarquía / adscripción,fed-root,Entidades federativas,Constitución Política de los Estados Unidos Mexicanos,https://www.diputados.gob.mx/LeyesBiblio/pdf/CPEUM.pdf,2026-09-25,Relación padre-hijo utilizada por la estructura navegable.
rel-0060,state-25,Tabasco,jerarquía / adscripción,fed-root,Entidades federativas,Constitución Política de los Estados Unidos Mexicanos,https://www.diputados.gob.mx/LeyesBiblio/pdf/CPEUM.pdf,2026-09-25,Relación padre-hijo utilizada por la estructura navegable.
rel-0061,state-26,Tamaulipas,jerarquía / adscripción,fed-root,Entidades federativas,Constitución Política de los Estados Unidos Mexicanos,https://www.diputados.gob.mx/LeyesBiblio/pdf/CPEUM.pdf,2026-09-25,Relación padre-hijo utilizada por la estructura navegable.
rel-0062,state-27,Tlaxcala,jerarquía / adscripción,fed-root,Entidades federativas,Constitución Política de los Estados Unidos Mexicanos,https://www.diputados.gob.mx/LeyesBiblio/pdf/CPEUM.pdf,2026-09-25,Relación padre-hijo utilizada por la estructura navegable.
rel-0063,state-28,Veracruz de Ignacio de la Llave,jerarquía / adscripción,fed-root,Entidades federativas,Constitución Política de los Estados Unidos Mexicanos,https://www.diputados.gob.mx/LeyesBiblio/pdf/CPEUM.pdf,2026-09-25,Relación padre-hijo utilizada por la estructura navegable.
rel-0064,state-29,Yucatán,jerarquía / adscripción,fed-root,Entidades federativas,Constitución Política de los Estados Unidos Mexicanos,https://www.diputados.gob.mx/LeyesBiblio/pdf/CPEUM.pdf,2026-09-25,Relación padre-hijo utilizada por la estructura navegable.
rel-0065,state-30,Zacatecas,jerarquía / adscripción,fed-root,Entidades federativas,Constitución Política de los Estados Unidos Mexicanos,https://www.diputados.gob.mx/LeyesBiblio/pdf/CPEUM.pdf,2026-09-25,Relación padre-hijo utilizada por la estructura navegable.
rel-0066,state-31,Ciudad de México,jerarquía / adscripción,fed-root,Entidades federativas,Constitución Política de los Estados Unidos Mexicanos,https://www.diputados.gob.mx/LeyesBiblio/pdf/CPEUM.pdf,2026-09-25,Relación padre-hijo utilizada por la estructura navegable.
rel-0067,jud-tdj,Tribunal de Disciplina Judicial,jerarquía / adscripción,jud-root,Poder Judicial de la Federación,Constitución Política de los Estados Unidos Mexicanos,https://www.diputados.gob.mx/LeyesBiblio/pdf/CPEUM.pdf,2026-09-25,Relación padre-hijo utilizada por la estructura navegable.
rel-0068,jud-oaj,Órgano de Administración Judicial,jerarquía / adscripción,jud-root,Poder Judicial de la Federación,Constitución Política de los Estados Unidos Mexicanos,https://www.diputados.gob.mx/LeyesBiblio/pdf/CPEUM.pdf,2026-09-25,Relación padre-hijo utilizada por la estructura navegable.
rel-0069,muj-uaj,Unidad de Asuntos Jurídicos,jerarquía / adscripción,sec-20,Secretaría de las Mujeres,Manual de Organización General de la Secretaría de las Mujeres,https://www.dof.gob.mx/nota_detalle.php?codigo=5785056&fecha=16/04/2026,2026-09-25,Relación padre-hijo utilizada por la estructura navegable.
rel-0070,muj-dgcs,Dirección General de Comunicación Social,jerarquía / adscripción,sec-20,Secretaría de las Mujeres,Manual de Organización General de la Secretaría de las Mujeres,https://www.dof.gob.mx/nota_detalle.php?codigo=5785056&fecha=16/04/2026,2026-09-25,Relación padre-hijo utilizada por la estructura navegable.
rel-0071,muj-cgvs,Coordinación General de Vinculación y Seguimiento,jerarquía / adscripción,sec-20,Secretaría de las Mujeres,Manual de Organización General de la Secretaría de las Mujeres,https://www.dof.gob.mx/nota_detalle.php?codigo=5785056&fecha=16/04/2026,2026-09-25,Relación padre-hijo utilizada por la estructura navegable.
rel-0072,muj-dgct,Dirección General de Cooperación Técnica,jerarquía / adscripción,muj-cgvs,Coordinación General de Vinculación y Seguimiento,Manual de Organización General de la Secretaría de las Mujeres,https://www.dof.gob.mx/nota_detalle.php?codigo=5785056&fecha=16/04/2026,2026-09-25,Relación padre-hijo utilizada por la estructura navegable.
rel-0073,muj-dgipeef,Dirección General de Implementación de Proyectos Estratégicos en las Entidades Federativas,jerarquía / adscripción,muj-cgvs,Coordinación General de Vinculación y Seguimiento,Manual de Organización General de la Secretaría de las Mujeres,https://www.dof.gob.mx/nota_detalle.php?codigo=5785056&fecha=16/04/2026,2026-09-25,Relación padre-hijo utilizada por la estructura navegable.
rel-0074,muj-dgrivps,"Dirección General de Relaciones Interinstitucionales, Vinculación Política y Social",jerarquía / adscripción,muj-cgvs,Coordinación General de Vinculación y Seguimiento,Manual de Organización General de la Secretaría de las Mujeres,https://www.dof.gob.mx/nota_detalle.php?codigo=5785056&fecha=16/04/2026,2026-09-25,Relación padre-hijo utilizada por la estructura navegable.
rel-0075,muj-dgiipe,"Dirección General de Inteligencia, Innovación y Planeación Estratégica para la Mejora Continua de los Programas",jerarquía / adscripción,sec-20,Secretaría de las Mujeres,Manual de Organización General de la Secretaría de las Mujeres,https://www.dof.gob.mx/nota_detalle.php?codigo=5785056&fecha=16/04/2026,2026-09-25,Relación padre-hijo utilizada por la estructura navegable.
rel-0076,muj-sis,Subsecretaría de Igualdad Sustantiva,jerarquía / adscripción,sec-20,Secretaría de las Mujeres,Manual de Organización General de la Secretaría de las Mujeres,https://www.dof.gob.mx/nota_detalle.php?codigo=5785056&fecha=16/04/2026,2026-09-25,Relación padre-hijo utilizada por la estructura navegable.
rel-0077,muj-dgipni,Dirección General de los Instrumentos de la Política Nacional de Igualdad,jerarquía / adscripción,muj-sis,Subsecretaría de Igualdad Sustantiva,Manual de Organización General de la Secretaría de las Mujeres,https://www.dof.gob.mx/nota_detalle.php?codigo=5785056&fecha=16/04/2026,2026-09-25,Relación padre-hijo utilizada por la estructura navegable.
rel-0078,muj-dgddm,Dirección General de los Derechos y la Dignificación de las Mujeres,jerarquía / adscripción,muj-sis,Subsecretaría de Igualdad Sustantiva,Manual de Organización General de la Secretaría de las Mujeres,https://www.dof.gob.mx/nota_detalle.php?codigo=5785056&fecha=16/04/2026,2026-09-25,Relación padre-hijo utilizada por la estructura navegable.
rel-0079,muj-svlv,Subsecretaría del Derecho a una Vida Libre de Violencias,jerarquía / adscripción,sec-20,Secretaría de las Mujeres,Manual de Organización General de la Secretaría de las Mujeres,https://www.dof.gob.mx/nota_detalle.php?codigo=5785056&fecha=16/04/2026,2026-09-25,Relación padre-hijo utilizada por la estructura navegable.
rel-0080,muj-dgpp,Dirección General de Políticas de Prevención,jerarquía / adscripción,muj-svlv,Subsecretaría del Derecho a una Vida Libre de Violencias,Manual de Organización General de la Secretaría de las Mujeres,https://www.dof.gob.mx/nota_detalle.php?codigo=5785056&fecha=16/04/2026,2026-09-25,Relación padre-hijo utilizada por la estructura navegable.
rel-0081,muj-dgpavlv,Dirección General de Políticas de Acceso a una Vida Libre de Violencias,jerarquía / adscripción,muj-svlv,Subsecretaría del Derecho a una Vida Libre de Violencias,Manual de Organización General de la Secretaría de las Mujeres,https://www.dof.gob.mx/nota_detalle.php?codigo=5785056&fecha=16/04/2026,2026-09-25,Relación padre-hijo utilizada por la estructura navegable.
rel-0082,muj-dgaaj,Dirección General de Atención y Acceso a la Justicia,jerarquía / adscripción,muj-svlv,Subsecretaría del Derecho a una Vida Libre de Violencias,Manual de Organización General de la Secretaría de las Mujeres,https://www.dof.gob.mx/nota_detalle.php?codigo=5785056&fecha=16/04/2026,2026-09-25,Relación padre-hijo utilizada por la estructura navegable.
rel-0083,muj-uaf,Unidad de Administración y Finanzas,jerarquía / adscripción,sec-20,Secretaría de las Mujeres,Manual de Organización General de la Secretaría de las Mujeres,https://www.dof.gob.mx/nota_detalle.php?codigo=5785056&fecha=16/04/2026,2026-09-25,Relación padre-hijo utilizada por la estructura navegable.
rel-0084,sener-spte,Subsecretaría de Planeación y Transición Energética,jerarquía / adscripción,sec-8,Secretaría de Energía,Manual de Organización General de la Secretaría de Energía,https://www.dof.gob.mx/abrirPDF.php?anio=2026&archivo=27042026-MAT.pdf&repo=,2026-09-25,Relación padre-hijo utilizada por la estructura navegable.
rel-0085,sener-snie,Unidad del Sistema Nacional de Información Energética,jerarquía / adscripción,sener-spte,Subsecretaría de Planeación y Transición Energética,Reglamento Interior de la Secretaría de Energía,https://www.dof.gob.mx/nota_detalle.php?codigo=5755222&fecha=17/04/2025,2026-09-25,Relación padre-hijo utilizada por la estructura navegable.
rel-0086,sener-dgrig,Dirección General de Registros e Información Geoespacial del Sistema Nacional de Información Energética,jerarquía / adscripción,sener-snie,Unidad del Sistema Nacional de Información Energética,Reglamento Interior de la Secretaría de Energía,https://www.dof.gob.mx/nota_detalle.php?codigo=5755222&fecha=17/04/2025,2026-09-25,Relación padre-hijo utilizada por la estructura navegable.
rel-0087,sener-dgmes,Dirección General de Metodologías y Estadísticas del Sistema Nacional de Información Energética,jerarquía / adscripción,sener-snie,Unidad del Sistema Nacional de Información Energética,Reglamento Interior de la Secretaría de Energía,https://www.dof.gob.mx/nota_detalle.php?codigo=5755222&fecha=17/04/2025,2026-09-25,Relación padre-hijo utilizada por la estructura navegable.
rel-0088,sener-dgpie,Dirección General de Planeación e Integración Energética,jerarquía / adscripción,sener-spte,Subsecretaría de Planeación y Transición Energética,Reglamento Interior de la Secretaría de Energía,https://www.dof.gob.mx/nota_detalle.php?codigo=5755222&fecha=17/04/2025,2026-09-25,Relación padre-hijo utilizada por la estructura navegable.
rel-0089,sener-dger,Dirección General de Energías Renovables,jerarquía / adscripción,sener-spte,Subsecretaría de Planeación y Transición Energética,Reglamento Interior de la Secretaría de Energía,https://www.dof.gob.mx/nota_detalle.php?codigo=5755222&fecha=17/04/2025,2026-09-25,Relación padre-hijo utilizada por la estructura navegable.
rel-0090,sener-dgese,Dirección General de Eficiencia y Sustentabilidad Energética,jerarquía / adscripción,sener-spte,Subsecretaría de Planeación y Transición Energética,Reglamento Interior de la Secretaría de Energía,https://www.dof.gob.mx/nota_detalle.php?codigo=5755222&fecha=17/04/2025,2026-09-25,Relación padre-hijo utilizada por la estructura navegable.
rel-0091,sener-dgte,Dirección General de Transición Energética,jerarquía / adscripción,sener-spte,Subsecretaría de Planeación y Transición Energética,Reglamento Interior de la Secretaría de Energía,https://www.dof.gob.mx/nota_detalle.php?codigo=5755222&fecha=17/04/2025,2026-09-25,Relación padre-hijo utilizada por la estructura navegable.
rel-0092,sener-dgdtae,Dirección General de Desarrollo Tecnológico y Acceso a la Energía,jerarquía / adscripción,sener-spte,Subsecretaría de Planeación y Transición Energética,Reglamento Interior de la Secretaría de Energía,https://www.dof.gob.mx/nota_detalle.php?codigo=5755222&fecha=17/04/2025,2026-09-25,Relación padre-hijo utilizada por la estructura navegable.
rel-0093,sener-se,Subsecretaría de Electricidad,jerarquía / adscripción,sec-8,Secretaría de Energía,Manual de Organización General de la Secretaría de Energía,https://www.dof.gob.mx/abrirPDF.php?anio=2026&archivo=27042026-MAT.pdf&repo=,2026-09-25,Relación padre-hijo utilizada por la estructura navegable.
rel-0094,sener-usen,Unidad del Sistema Eléctrico Nacional y Política Nuclear,jerarquía / adscripción,sener-se,Subsecretaría de Electricidad,Reglamento Interior de la Secretaría de Energía,https://www.dof.gob.mx/nota_detalle.php?codigo=5755222&fecha=17/04/2025,2026-09-25,Relación padre-hijo utilizada por la estructura navegable.
rel-0095,sener-dgefsen,Dirección General de Evaluación Financiera de la Unidad del Sistema Eléctrico Nacional y Política Nuclear,jerarquía / adscripción,sener-usen,Unidad del Sistema Eléctrico Nacional y Política Nuclear,Reglamento Interior de la Secretaría de Energía,https://www.dof.gob.mx/nota_detalle.php?codigo=5755222&fecha=17/04/2025,2026-09-25,Relación padre-hijo utilizada por la estructura navegable.
rel-0096,sener-dgcsse,Dirección General de Confiabilidad y Seguridad del Sector Eléctrico,jerarquía / adscripción,sener-se,Subsecretaría de Electricidad,Reglamento Interior de la Secretaría de Energía,https://www.dof.gob.mx/nota_detalle.php?codigo=5755222&fecha=17/04/2025,2026-09-25,Relación padre-hijo utilizada por la estructura navegable.
rel-0097,sener-dgduf,"Dirección General de Distribución, Usos Finales de Energía Eléctrica y Vinculación Social",jerarquía / adscripción,sener-se,Subsecretaría de Electricidad,Reglamento Interior de la Secretaría de Energía,https://www.dof.gob.mx/nota_detalle.php?codigo=5755222&fecha=17/04/2025,2026-09-25,Relación padre-hijo utilizada por la estructura navegable.
rel-0098,sener-dggt,Dirección General de Generación y Transmisión de Energía Eléctrica,jerarquía / adscripción,sener-se,Subsecretaría de Electricidad,Reglamento Interior de la Secretaría de Energía,https://www.dof.gob.mx/nota_detalle.php?codigo=5755222&fecha=17/04/2025,2026-09-25,Relación padre-hijo utilizada por la estructura navegable.
rel-0099,sener-dgaemem,Dirección General de Análisis y Evaluación del Mercado Eléctrico Mayorista,jerarquía / adscripción,sener-se,Subsecretaría de Electricidad,Reglamento Interior de la Secretaría de Energía,https://www.dof.gob.mx/nota_detalle.php?codigo=5755222&fecha=17/04/2025,2026-09-25,Relación padre-hijo utilizada por la estructura navegable.
rel-0100,sener-uaf,Unidad de Administración y Finanzas,jerarquía / adscripción,sec-8,Secretaría de Energía,Manual de Organización General de la Secretaría de Energía,https://www.dof.gob.mx/abrirPDF.php?anio=2026&archivo=27042026-MAT.pdf&repo=,2026-09-25,Relación padre-hijo utilizada por la estructura navegable.
rel-0101,sener-sh,Subsecretaría de Hidrocarburos,jerarquía / adscripción,sec-8,Secretaría de Energía,Manual de Organización General de la Secretaría de Energía,https://www.dof.gob.mx/abrirPDF.php?anio=2026&archivo=27042026-MAT.pdf&repo=,2026-09-25,Relación padre-hijo utilizada por la estructura navegable.
rel-0102,atdt-of,Oficina del titular de la Agencia,jerarquía / adscripción,sec-21,Agencia de Transformación Digital y Telecomunicaciones,Reglamento Interior de la Agencia de Transformación Digital y Telecomunicaciones,https://www.dof.gob.mx/nota_detalle.php?codigo=5747756&fecha=24/01/2025,2026-09-25,Relación padre-hijo utilizada por la estructura navegable.
rel-0103,atdt-upoi,Unidad de Proyectos y Operación Institucional,jerarquía / adscripción,atdt-of,Oficina del titular de la Agencia,Reglamento Interior de la Agencia de Transformación Digital y Telecomunicaciones,https://www.dof.gob.mx/nota_detalle.php?codigo=5747756&fecha=24/01/2025,2026-09-25,Relación padre-hijo utilizada por la estructura navegable.
rel-0104,atdt-dgp,Dirección General de Proyectos,jerarquía / adscripción,atdt-upoi,Unidad de Proyectos y Operación Institucional,Reglamento Interior de la Agencia de Transformación Digital y Telecomunicaciones,https://www.dof.gob.mx/nota_detalle.php?codigo=5747756&fecha=24/01/2025,2026-09-25,Relación padre-hijo utilizada por la estructura navegable.
rel-0105,atdt-dgid,Dirección General de Inteligencia de Datos,jerarquía / adscripción,atdt-of,Oficina del titular de la Agencia,Reglamento Interior de la Agencia de Transformación Digital y Telecomunicaciones,https://www.dof.gob.mx/nota_detalle.php?codigo=5747756&fecha=24/01/2025,2026-09-25,Relación padre-hijo utilizada por la estructura navegable.
rel-0106,atdt-dgj,"Dirección General Jurídica, Cumplimiento Normativo y Gobernanza Tecnológica",jerarquía / adscripción,atdt-of,Oficina del titular de la Agencia,Reglamento Interior de la Agencia de Transformación Digital y Telecomunicaciones,https://www.dof.gob.mx/nota_detalle.php?codigo=5747756&fecha=24/01/2025,2026-09-25,Relación padre-hijo utilizada por la estructura navegable.
rel-0107,atdt-cntd,Coordinación Nacional de Transformación Digital,jerarquía / adscripción,sec-21,Agencia de Transformación Digital y Telecomunicaciones,Reglamento Interior de la Agencia de Transformación Digital y Telecomunicaciones,https://www.dof.gob.mx/nota_detalle.php?codigo=5747756&fecha=24/01/2025,2026-09-25,Relación padre-hijo utilizada por la estructura navegable.
rel-0108,atdt-dggd,Dirección General de Gobierno Digital,jerarquía / adscripción,atdt-cntd,Coordinación Nacional de Transformación Digital,Reglamento Interior de la Agencia de Transformación Digital y Telecomunicaciones,https://www.dof.gob.mx/nota_detalle.php?codigo=5747756&fecha=24/01/2025,2026-09-25,Relación padre-hijo utilizada por la estructura navegable.
rel-0109,atdt-dgsa,Dirección General de Simplificación Administrativa,jerarquía / adscripción,atdt-cntd,Coordinación Nacional de Transformación Digital,Reglamento Interior de la Agencia de Transformación Digital y Telecomunicaciones,https://www.dof.gob.mx/nota_detalle.php?codigo=5747756&fecha=24/01/2025,2026-09-25,Relación padre-hijo utilizada por la estructura navegable.
rel-0110,atdt-dgac,Dirección General de Atención Ciudadana,jerarquía / adscripción,atdt-cntd,Coordinación Nacional de Transformación Digital,Reglamento Interior de la Agencia de Transformación Digital y Telecomunicaciones,https://www.dof.gob.mx/nota_detalle.php?codigo=5747756&fecha=24/01/2025,2026-09-25,Relación padre-hijo utilizada por la estructura navegable.
rel-0111,atdt-dgvi,Dirección General de Vinculación Interinstitucional,jerarquía / adscripción,atdt-cntd,Coordinación Nacional de Transformación Digital,Reglamento Interior de la Agencia de Transformación Digital y Telecomunicaciones,https://www.dof.gob.mx/nota_detalle.php?codigo=5747756&fecha=24/01/2025,2026-09-25,Relación padre-hijo utilizada por la estructura navegable.
rel-0112,atdt-cnid,Coordinación Nacional de Infraestructura Digital,jerarquía / adscripción,sec-21,Agencia de Transformación Digital y Telecomunicaciones,Reglamento Interior de la Agencia de Transformación Digital y Telecomunicaciones,https://www.dof.gob.mx/nota_detalle.php?codigo=5747756&fecha=24/01/2025,2026-09-25,Relación padre-hijo utilizada por la estructura navegable.
rel-0113,atdt-dgcib,Dirección General de Ciberseguridad,jerarquía / adscripción,atdt-cnid,Coordinación Nacional de Infraestructura Digital,Reglamento Interior de la Agencia de Transformación Digital y Telecomunicaciones,https://www.dof.gob.mx/nota_detalle.php?codigo=5747756&fecha=24/01/2025,2026-09-25,Relación padre-hijo utilizada por la estructura navegable.
rel-0114,atdt-dgi,Dirección General de Infraestructura,jerarquía / adscripción,atdt-cnid,Coordinación Nacional de Infraestructura Digital,Reglamento Interior de la Agencia de Transformación Digital y Telecomunicaciones,https://www.dof.gob.mx/nota_detalle.php?codigo=5747756&fecha=24/01/2025,2026-09-25,Relación padre-hijo utilizada por la estructura navegable.
rel-0115,atdt-dgpt,Dirección General de Políticas de Telecomunicaciones,jerarquía / adscripción,atdt-cnid,Coordinación Nacional de Infraestructura Digital,Reglamento Interior de la Agencia de Transformación Digital y Telecomunicaciones,https://www.dof.gob.mx/nota_detalle.php?codigo=5747756&fecha=24/01/2025,2026-09-25,Relación padre-hijo utilizada por la estructura navegable.
rel-0116,atdt-dgsat,Dirección General Satelital,jerarquía / adscripción,atdt-cnid,Coordinación Nacional de Infraestructura Digital,Reglamento Interior de la Agencia de Transformación Digital y Telecomunicaciones,https://www.dof.gob.mx/nota_detalle.php?codigo=5747756&fecha=24/01/2025,2026-09-25,Relación padre-hijo utilizada por la estructura navegable.
rel-0117,atdt-dgaf,Dirección General de Administración y Finanzas,jerarquía / adscripción,sec-21,Agencia de Transformación Digital y Telecomunicaciones,Reglamento Interior de la Agencia de Transformación Digital y Telecomunicaciones,https://www.dof.gob.mx/nota_detalle.php?codigo=5747756&fecha=24/01/2025,2026-09-25,Relación padre-hijo utilizada por la estructura navegable.
rel-0118,atdt-conamer,Comisión Nacional de Mejora Regulatoria,jerarquía / adscripción,sec-21,Agencia de Transformación Digital y Telecomunicaciones,Reglamento Interior de la Agencia de Transformación Digital y Telecomunicaciones,https://www.dof.gob.mx/nota_detalle.php?codigo=5747756&fecha=24/01/2025,2026-09-25,Relación padre-hijo utilizada por la estructura navegable.
rel-0119,atdt-crt,Comisión Reguladora de Telecomunicaciones,jerarquía / adscripción,sec-21,Agencia de Transformación Digital y Telecomunicaciones,Ley en Materia de Telecomunicaciones y Radiodifusión / normativa de la Comisión Reguladora de Telecomunicaciones,https://www.dof.gob.mx/nota_detalle_popup.php?codigo=5783210,2026-09-25,Relación padre-hijo utilizada por la estructura navegable.
rel-0120,sal-siscam,Subsecretaría de Integración Sectorial y Coordinación de Servicios de Atención Médica,jerarquía / adscripción,sec-15,Secretaría de Salud,Reglamento Interior de la Secretaría de Salud,https://www.dof.gob.mx/nota_detalle.php?codigo=5750389&fecha=27/02/2025,2026-09-25,Relación padre-hijo utilizada por la estructura navegable.
rel-0121,sal-psbp,Subsecretaría de Políticas de Salud y Bienestar Poblacional,jerarquía / adscripción,sec-15,Secretaría de Salud,Reglamento Interior de la Secretaría de Salud,https://www.dof.gob.mx/nota_detalle.php?codigo=5750389&fecha=27/02/2025,2026-09-25,Relación padre-hijo utilizada por la estructura navegable.
rel-0122,sal-uaf,Unidad de Administración y Finanzas,jerarquía / adscripción,sec-15,Secretaría de Salud,Reglamento Interior de la Secretaría de Salud,https://www.dof.gob.mx/nota_detalle.php?codigo=5750389&fecha=27/02/2025,2026-09-25,Relación padre-hijo utilizada por la estructura navegable.
rel-0123,sal-ugaj,Unidad General de Asuntos Jurídicos,jerarquía / adscripción,sec-15,Secretaría de Salud,Reglamento Interior de la Secretaría de Salud,https://www.dof.gob.mx/nota_detalle.php?codigo=5750389&fecha=27/02/2025,2026-09-25,Relación padre-hijo utilizada por la estructura navegable.
rel-0124,sal-ccinshae,Comisión Coordinadora de Institutos Nacionales de Salud y Hospitales de Alta Especialidad,jerarquía / adscripción,sec-15,Secretaría de Salud,Reglamento Interior de la Secretaría de Salud,https://www.dof.gob.mx/nota_detalle.php?codigo=5750389&fecha=27/02/2025,2026-09-25,Relación padre-hijo utilizada por la estructura navegable.
rel-0125,sal-ucvps,Unidad Coordinadora de Vinculación y Participación Social,jerarquía / adscripción,sec-15,Secretaría de Salud,Reglamento Interior de la Secretaría de Salud,https://www.dof.gob.mx/nota_detalle.php?codigo=5750389&fecha=27/02/2025,2026-09-25,Relación padre-hijo utilizada por la estructura navegable.
rel-0126,sal-uaeis,Unidad de Análisis Económico e Investigación en Salud,jerarquía / adscripción,sec-15,Secretaría de Salud,Reglamento Interior de la Secretaría de Salud,https://www.dof.gob.mx/nota_detalle.php?codigo=5750389&fecha=27/02/2025,2026-09-25,Relación padre-hijo utilizada por la estructura navegable.
rel-0127,sal-uaais,Unidad de Acceso y Abasto de Insumos para la Salud,jerarquía / adscripción,sec-15,Secretaría de Salud,Reglamento Interior de la Secretaría de Salud,https://www.dof.gob.mx/nota_detalle.php?codigo=5750389&fecha=27/02/2025,2026-09-25,Relación padre-hijo utilizada por la estructura navegable.
rel-0128,segob-subgob,Subsecretaría de Gobernación,jerarquía / adscripción,sec-0,Secretaría de Gobernación,Reglamento Interior de la Secretaría de Gobernación,https://dof.gob.mx/abrirPDF.php?anio=2025&archivo=21032025-VES.pdf&repo=repositorio%2F,2026-09-25,Relación padre-hijo utilizada por la estructura navegable.
rel-0129,segob-subdh,"Subsecretaría de Derechos Humanos, Población y Migración",jerarquía / adscripción,sec-0,Secretaría de Gobernación,Reglamento Interior de la Secretaría de Gobernación,https://dof.gob.mx/abrirPDF.php?anio=2025&archivo=21032025-VES.pdf&repo=repositorio%2F,2026-09-25,Relación padre-hijo utilizada por la estructura navegable.
rel-0130,segob-subpaz,"Subsecretaría de Construcción de Paz, Participación Social y Asuntos Religiosos",jerarquía / adscripción,sec-0,Secretaría de Gobernación,Reglamento Interior de la Secretaría de Gobernación,https://dof.gob.mx/abrirPDF.php?anio=2025&archivo=21032025-VES.pdf&repo=repositorio%2F,2026-09-25,Relación padre-hijo utilizada por la estructura navegable.
rel-0131,segob-upsei,"Unidad de Proyectos, Seguimiento y Evaluación Institucional",jerarquía / adscripción,sec-0,Secretaría de Gobernación,Reglamento Interior de la Secretaría de Gobernación,https://dof.gob.mx/abrirPDF.php?anio=2025&archivo=21032025-VES.pdf&repo=repositorio%2F,2026-09-25,Relación padre-hijo utilizada por la estructura navegable.
rel-0132,segob-ugaj,Unidad General de Asuntos Jurídicos,jerarquía / adscripción,sec-0,Secretaría de Gobernación,Reglamento Interior de la Secretaría de Gobernación,https://dof.gob.mx/abrirPDF.php?anio=2025&archivo=21032025-VES.pdf&repo=repositorio%2F,2026-09-25,Relación padre-hijo utilizada por la estructura navegable.
rel-0133,segob-uaf,Unidad de Administración y Finanzas,jerarquía / adscripción,sec-0,Secretaría de Gobernación,Reglamento Interior de la Secretaría de Gobernación,https://dof.gob.mx/abrirPDF.php?anio=2025&archivo=21032025-VES.pdf&repo=repositorio%2F,2026-09-25,Relación padre-hijo utilizada por la estructura navegable.
rel-0134,segob-dgcs,Dirección General de Comunicación Social,jerarquía / adscripción,sec-0,Secretaría de Gobernación,Reglamento Interior de la Secretaría de Gobernación,https://dof.gob.mx/abrirPDF.php?anio=2025&archivo=21032025-VES.pdf&repo=repositorio%2F,2026-09-25,Relación padre-hijo utilizada por la estructura navegable.
rel-0135,segob-ugob,Unidad de Gobierno,jerarquía / adscripción,segob-subgob,Subsecretaría de Gobernación,Reglamento Interior de la Secretaría de Gobernación,https://dof.gob.mx/abrirPDF.php?anio=2025&archivo=21032025-VES.pdf&repo=repositorio%2F,2026-09-25,Relación padre-hijo utilizada por la estructura navegable.
rel-0136,segob-upiai,Unidad de Política Interior y Análisis de Información,jerarquía / adscripción,segob-subgob,Subsecretaría de Gobernación,Reglamento Interior de la Secretaría de Gobernación,https://dof.gob.mx/abrirPDF.php?anio=2025&archivo=21032025-VES.pdf&repo=repositorio%2F,2026-09-25,Relación padre-hijo utilizada por la estructura navegable.
rel-0137,segob-uenlace,Unidad de Enlace,jerarquía / adscripción,segob-subgob,Subsecretaría de Gobernación,Reglamento Interior de la Secretaría de Gobernación,https://dof.gob.mx/abrirPDF.php?anio=2025&archivo=21032025-VES.pdf&repo=repositorio%2F,2026-09-25,Relación padre-hijo utilizada por la estructura navegable.
rel-0138,segob-unmc,Unidad de Normatividad de Medios de Comunicación,jerarquía / adscripción,segob-subgob,Subsecretaría de Gobernación,Reglamento Interior de la Secretaría de Gobernación,https://dof.gob.mx/abrirPDF.php?anio=2025&archivo=21032025-VES.pdf&repo=repositorio%2F,2026-09-25,Relación padre-hijo utilizada por la estructura navegable.
rel-0139,segob-uaos,Unidad para la Atención de las Organizaciones Sociales,jerarquía / adscripción,segob-subgob,Subsecretaría de Gobernación,Reglamento Interior de la Secretaría de Gobernación,https://dof.gob.mx/abrirPDF.php?anio=2025&archivo=21032025-VES.pdf&repo=repositorio%2F,2026-09-25,Relación padre-hijo utilizada por la estructura navegable.
rel-0140,segob-uddh,Unidad para la Defensa de los Derechos Humanos,jerarquía / adscripción,segob-subdh,"Subsecretaría de Derechos Humanos, Población y Migración",Reglamento Interior de la Secretaría de Gobernación,https://dof.gob.mx/abrirPDF.php?anio=2025&archivo=21032025-VES.pdf&repo=repositorio%2F,2026-09-25,Relación padre-hijo utilizada por la estructura navegable.
rel-0141,segob-upmri,"Unidad de Política Migratoria, Registro e Identidad de Personas",jerarquía / adscripción,segob-subdh,"Subsecretaría de Derechos Humanos, Población y Migración",Reglamento Interior de la Secretaría de Gobernación,https://dof.gob.mx/abrirPDF.php?anio=2025&archivo=21032025-VES.pdf&repo=repositorio%2F,2026-09-25,Relación padre-hijo utilizada por la estructura navegable.
rel-0142,segob-uasj,Unidad de Apoyo al Sistema de Justicia,jerarquía / adscripción,segob-subdh,"Subsecretaría de Derechos Humanos, Población y Migración",Reglamento Interior de la Secretaría de Gobernación,https://dof.gob.mx/abrirPDF.php?anio=2025&archivo=21032025-VES.pdf&repo=repositorio%2F,2026-09-25,Relación padre-hijo utilizada por la estructura navegable.
rel-0143,segob-cdpim,Comisión para el Diálogo con los Pueblos Indígenas de México,jerarquía / adscripción,segob-subdh,"Subsecretaría de Derechos Humanos, Población y Migración",Reglamento Interior de la Secretaría de Gobernación,https://dof.gob.mx/abrirPDF.php?anio=2025&archivo=21032025-VES.pdf&repo=repositorio%2F,2026-09-25,Relación padre-hijo utilizada por la estructura navegable.
rel-0144,segob-ump,Unidad de Mesas de Paz,jerarquía / adscripción,segob-subpaz,"Subsecretaría de Construcción de Paz, Participación Social y Asuntos Religiosos",Reglamento Interior de la Secretaría de Gobernación,https://dof.gob.mx/abrirPDF.php?anio=2025&archivo=21032025-VES.pdf&repo=repositorio%2F,2026-09-25,Relación padre-hijo utilizada por la estructura navegable.
rel-0145,segob-upsc,"Unidad de Participación Social, Consultas y Construcción de Ciudadanía",jerarquía / adscripción,segob-subpaz,"Subsecretaría de Construcción de Paz, Participación Social y Asuntos Religiosos",Reglamento Interior de la Secretaría de Gobernación,https://dof.gob.mx/abrirPDF.php?anio=2025&archivo=21032025-VES.pdf&repo=repositorio%2F,2026-09-25,Relación padre-hijo utilizada por la estructura navegable.
rel-0146,segob-uevdd,"Unidad de Estrategias para la Vinculación, Desarrollo Democrático y Fomento Cívico",jerarquía / adscripción,segob-subpaz,"Subsecretaría de Construcción de Paz, Participación Social y Asuntos Religiosos",Reglamento Interior de la Secretaría de Gobernación,https://dof.gob.mx/abrirPDF.php?anio=2025&archivo=21032025-VES.pdf&repo=repositorio%2F,2026-09-25,Relación padre-hijo utilizada por la estructura navegable.
rel-0147,segob-uar,"Unidad de Asuntos Religiosos, Prevención Social y la Reconstrucción del Tejido Social",jerarquía / adscripción,segob-subpaz,"Subsecretaría de Construcción de Paz, Participación Social y Asuntos Religiosos",Reglamento Interior de la Secretaría de Gobernación,https://dof.gob.mx/abrirPDF.php?anio=2025&archivo=21032025-VES.pdf&repo=repositorio%2F,2026-09-25,Relación padre-hijo utilizada por la estructura navegable.
rel-0148,segob-dgjs,Dirección General de Juegos y Sorteos,jerarquía / adscripción,segob-subpaz,"Subsecretaría de Construcción de Paz, Participación Social y Asuntos Religiosos",Reglamento Interior de la Secretaría de Gobernación,https://dof.gob.mx/abrirPDF.php?anio=2025&archivo=21032025-VES.pdf&repo=repositorio%2F,2026-09-25,Relación padre-hijo utilizada por la estructura navegable.
rel-0149,segob-inafed,Instituto Nacional para el Federalismo y el Desarrollo Municipal,jerarquía / adscripción,segob-subgob,Subsecretaría de Gobernación,Reglamento Interior de la Secretaría de Gobernación,https://dof.gob.mx/abrirPDF.php?anio=2025&archivo=21032025-VES.pdf&repo=repositorio%2F,2026-09-25,Relación padre-hijo utilizada por la estructura navegable.
rel-0150,segob-cepropie,Centro de Producción de Programas Informativos y Especiales,jerarquía / adscripción,segob-subgob,Subsecretaría de Gobernación,Reglamento Interior de la Secretaría de Gobernación,https://dof.gob.mx/abrirPDF.php?anio=2025&archivo=21032025-VES.pdf&repo=repositorio%2F,2026-09-25,Relación padre-hijo utilizada por la estructura navegable.
rel-0151,segob-inm,Instituto Nacional de Migración,jerarquía / adscripción,segob-subdh,"Subsecretaría de Derechos Humanos, Población y Migración",Reglamento Interior de la Secretaría de Gobernación,https://dof.gob.mx/abrirPDF.php?anio=2025&archivo=21032025-VES.pdf&repo=repositorio%2F,2026-09-25,Relación padre-hijo utilizada por la estructura navegable.
rel-0152,segob-conapo,Secretaría Técnica del Consejo Nacional de Población,jerarquía / adscripción,segob-subdh,"Subsecretaría de Derechos Humanos, Población y Migración",Reglamento Interior de la Secretaría de Gobernación,https://dof.gob.mx/abrirPDF.php?anio=2025&archivo=21032025-VES.pdf&repo=repositorio%2F,2026-09-25,Relación padre-hijo utilizada por la estructura navegable.
rel-0153,segob-comar,Coordinación General de la Comisión Mexicana de Ayuda a Refugiados,jerarquía / adscripción,segob-subdh,"Subsecretaría de Derechos Humanos, Población y Migración",Reglamento Interior de la Secretaría de Gobernación,https://dof.gob.mx/abrirPDF.php?anio=2025&archivo=21032025-VES.pdf&repo=repositorio%2F,2026-09-25,Relación padre-hijo utilizada por la estructura navegable.
rel-0154,segob-fronsur,Coordinación para la Atención Integral de la Migración en la Frontera Sur,jerarquía / adscripción,segob-subdh,"Subsecretaría de Derechos Humanos, Población y Migración",Reglamento Interior de la Secretaría de Gobernación,https://dof.gob.mx/abrirPDF.php?anio=2025&archivo=21032025-VES.pdf&repo=repositorio%2F,2026-09-25,Relación padre-hijo utilizada por la estructura navegable.
rel-0155,segob-cnb,Comisión Nacional de Búsqueda de Personas,jerarquía / adscripción,segob-subdh,"Subsecretaría de Derechos Humanos, Población y Migración",Reglamento Interior de la Secretaría de Gobernación,https://dof.gob.mx/abrirPDF.php?anio=2025&archivo=21032025-VES.pdf&repo=repositorio%2F,2026-09-25,Relación padre-hijo utilizada por la estructura navegable.
rel-0156,segob-sipinna,"Secretaría Ejecutiva del Sistema Nacional de Protección Integral de Niñas, Niños y Adolescentes",jerarquía / adscripción,segob-subdh,"Subsecretaría de Derechos Humanos, Población y Migración",Reglamento Interior de la Secretaría de Gobernación,https://dof.gob.mx/abrirPDF.php?anio=2025&archivo=21032025-VES.pdf&repo=repositorio%2F,2026-09-25,Relación padre-hijo utilizada por la estructura navegable.
rel-0157,shcp-subhac,Subsecretaría de Hacienda y Crédito Público,jerarquía / adscripción,sec-5,Secretaría de Hacienda y Crédito Público,Decreto de reforma al Reglamento Interior de la Secretaría de Hacienda y Crédito Público,https://www.dof.gob.mx/nota_detalle.php?codigo=5750009&fecha=24/02/2025,2026-09-25,Relación padre-hijo utilizada por la estructura navegable.
rel-0158,shcp-subing,Subsecretaría de Ingresos,jerarquía / adscripción,sec-5,Secretaría de Hacienda y Crédito Público,Decreto de reforma al Reglamento Interior de la Secretaría de Hacienda y Crédito Público,https://www.dof.gob.mx/nota_detalle.php?codigo=5750009&fecha=24/02/2025,2026-09-25,Relación padre-hijo utilizada por la estructura navegable.
rel-0159,shcp-subeg,Subsecretaría de Egresos,jerarquía / adscripción,sec-5,Secretaría de Hacienda y Crédito Público,Decreto de reforma al Reglamento Interior de la Secretaría de Hacienda y Crédito Público,https://www.dof.gob.mx/nota_detalle.php?codigo=5750009&fecha=24/02/2025,2026-09-25,Relación padre-hijo utilizada por la estructura navegable.
rel-0160,shcp-pff,Procuraduría Fiscal de la Federación,jerarquía / adscripción,sec-5,Secretaría de Hacienda y Crédito Público,Decreto de reforma al Reglamento Interior de la Secretaría de Hacienda y Crédito Público,https://www.dof.gob.mx/nota_detalle.php?codigo=5750009&fecha=24/02/2025,2026-09-25,Relación padre-hijo utilizada por la estructura navegable.
rel-0161,shcp-ucef,Unidad de Coordinación con Entidades Federativas,jerarquía / adscripción,sec-5,Secretaría de Hacienda y Crédito Público,Decreto de reforma al Reglamento Interior de la Secretaría de Hacienda y Crédito Público,https://www.dof.gob.mx/nota_detalle.php?codigo=5750009&fecha=24/02/2025,2026-09-25,Relación padre-hijo utilizada por la estructura navegable.
rel-0162,shcp-uaf,Unidad de Administración y Finanzas,jerarquía / adscripción,sec-5,Secretaría de Hacienda y Crédito Público,Decreto de reforma al Reglamento Interior de la Secretaría de Hacienda y Crédito Público,https://www.dof.gob.mx/nota_detalle.php?codigo=5750009&fecha=24/02/2025,2026-09-25,Relación padre-hijo utilizada por la estructura navegable.
rel-0163,shcp-tesofe,Tesorería de la Federación,jerarquía / adscripción,sec-5,Secretaría de Hacienda y Crédito Público,Decreto de reforma al Reglamento Interior de la Secretaría de Hacienda y Crédito Público,https://www.dof.gob.mx/nota_detalle.php?codigo=5750009&fecha=24/02/2025,2026-09-25,Relación padre-hijo utilizada por la estructura navegable.
rel-0164,shcp-uif,Unidad de Inteligencia Financiera,jerarquía / adscripción,sec-5,Secretaría de Hacienda y Crédito Público,Decreto de reforma al Reglamento Interior de la Secretaría de Hacienda y Crédito Público,https://www.dof.gob.mx/nota_detalle.php?codigo=5750009&fecha=24/02/2025,2026-09-25,Relación padre-hijo utilizada por la estructura navegable.
rel-0165,shcp-ucpaih,Unidad de Crédito Público y Asuntos Internacionales de Hacienda,jerarquía / adscripción,shcp-subhac,Subsecretaría de Hacienda y Crédito Público,Decreto de reforma al Reglamento Interior de la Secretaría de Hacienda y Crédito Público,https://www.dof.gob.mx/nota_detalle.php?codigo=5750009&fecha=24/02/2025,2026-09-25,Relación padre-hijo utilizada por la estructura navegable.
rel-0166,shcp-upehp,Unidad de Planeación Económica de la Hacienda Pública,jerarquía / adscripción,shcp-subhac,Subsecretaría de Hacienda y Crédito Público,Decreto de reforma al Reglamento Interior de la Secretaría de Hacienda y Crédito Público,https://www.dof.gob.mx/nota_detalle.php?codigo=5750009&fecha=24/02/2025,2026-09-25,Relación padre-hijo utilizada por la estructura navegable.
rel-0167,shcp-upit,Unidad de Política de Ingresos Tributarios,jerarquía / adscripción,shcp-subing,Subsecretaría de Ingresos,Decreto de reforma al Reglamento Interior de la Secretaría de Hacienda y Crédito Público,https://www.dof.gob.mx/nota_detalle.php?codigo=5750009&fecha=24/02/2025,2026-09-25,Relación padre-hijo utilizada por la estructura navegable.
rel-0168,shcp-upinth,Unidad de Política de Ingresos no Tributarios y sobre Hidrocarburos,jerarquía / adscripción,shcp-subing,Subsecretaría de Ingresos,Decreto de reforma al Reglamento Interior de la Secretaría de Hacienda y Crédito Público,https://www.dof.gob.mx/nota_detalle.php?codigo=5750009&fecha=24/02/2025,2026-09-25,Relación padre-hijo utilizada por la estructura navegable.
rel-0169,shcp-ult,Unidad de Legislación Tributaria,jerarquía / adscripción,shcp-subing,Subsecretaría de Ingresos,Decreto de reforma al Reglamento Interior de la Secretaría de Hacienda y Crédito Público,https://www.dof.gob.mx/nota_detalle.php?codigo=5750009&fecha=24/02/2025,2026-09-25,Relación padre-hijo utilizada por la estructura navegable.
rel-0170,shcp-uaje,Unidad de Asuntos Jurídicos de Egresos,jerarquía / adscripción,shcp-subeg,Subsecretaría de Egresos,Decreto de reforma al Reglamento Interior de la Secretaría de Hacienda y Crédito Público,https://www.dof.gob.mx/nota_detalle.php?codigo=5750009&fecha=24/02/2025,2026-09-25,Relación padre-hijo utilizada por la estructura navegable.
rel-0171,shcp-udpcsg,"Unidad de Diseño Presupuestario, Control y Seguimiento del Gasto",jerarquía / adscripción,shcp-subeg,Subsecretaría de Egresos,Decreto de reforma al Reglamento Interior de la Secretaría de Hacienda y Crédito Público,https://www.dof.gob.mx/nota_detalle.php?codigo=5750009&fecha=24/02/2025,2026-09-25,Relación padre-hijo utilizada por la estructura navegable.
rel-0172,shcp-ucg,Unidad de Contabilidad Gubernamental,jerarquía / adscripción,shcp-subeg,Subsecretaría de Egresos,Decreto de reforma al Reglamento Interior de la Secretaría de Hacienda y Crédito Público,https://www.dof.gob.mx/nota_detalle.php?codigo=5750009&fecha=24/02/2025,2026-09-25,Relación padre-hijo utilizada por la estructura navegable.
rel-0173,shcp-ui,Unidad de Inversiones,jerarquía / adscripción,shcp-subeg,Subsecretaría de Egresos,Decreto de reforma al Reglamento Interior de la Secretaría de Hacienda y Crédito Público,https://www.dof.gob.mx/nota_detalle.php?codigo=5750009&fecha=24/02/2025,2026-09-25,Relación padre-hijo utilizada por la estructura navegable.
rel-0174,shcp-uper,Unidad de Política y Estrategia para Resultados,jerarquía / adscripción,shcp-subeg,Subsecretaría de Egresos,Decreto de reforma al Reglamento Interior de la Secretaría de Hacienda y Crédito Público,https://www.dof.gob.mx/nota_detalle.php?codigo=5750009&fecha=24/02/2025,2026-09-25,Relación padre-hijo utilizada por la estructura navegable.
rel-0175,shcp-ucacp,Unidad de Control Administrativo y Contrataciones Públicas,jerarquía / adscripción,shcp-subeg,Subsecretaría de Egresos,Decreto de reforma al Reglamento Interior de la Secretaría de Hacienda y Crédito Público,https://www.dof.gob.mx/nota_detalle.php?codigo=5750009&fecha=24/02/2025,2026-09-25,Relación padre-hijo utilizada por la estructura navegable.
rel-0176,shcp-upe,Unidad de Proyectos Especiales,jerarquía / adscripción,shcp-subeg,Subsecretaría de Egresos,Decreto de reforma al Reglamento Interior de la Secretaría de Hacienda y Crédito Público,https://www.dof.gob.mx/nota_detalle.php?codigo=5750009&fecha=24/02/2025,2026-09-25,Relación padre-hijo utilizada por la estructura navegable.
rel-0177,shcp-spffa,Subprocuraduría Fiscal Federal de Amparos,jerarquía / adscripción,shcp-pff,Procuraduría Fiscal de la Federación,Decreto de reforma al Reglamento Interior de la Secretaría de Hacienda y Crédito Público,https://www.dof.gob.mx/nota_detalle.php?codigo=5750009&fecha=24/02/2025,2026-09-25,Relación padre-hijo utilizada por la estructura navegable.
rel-0178,shcp-spfflc,Subprocuraduría Fiscal Federal de Legislación y Consulta,jerarquía / adscripción,shcp-pff,Procuraduría Fiscal de la Federación,Decreto de reforma al Reglamento Interior de la Secretaría de Hacienda y Crédito Público,https://www.dof.gob.mx/nota_detalle.php?codigo=5750009&fecha=24/02/2025,2026-09-25,Relación padre-hijo utilizada por la estructura navegable.
rel-0179,shcp-spffaf,Subprocuraduría Fiscal Federal de Asuntos Financieros,jerarquía / adscripción,shcp-pff,Procuraduría Fiscal de la Federación,Decreto de reforma al Reglamento Interior de la Secretaría de Hacienda y Crédito Público,https://www.dof.gob.mx/nota_detalle.php?codigo=5750009&fecha=24/02/2025,2026-09-25,Relación padre-hijo utilizada por la estructura navegable.
rel-0180,shcp-spffi,Subprocuraduría Fiscal Federal de Investigaciones,jerarquía / adscripción,shcp-pff,Procuraduría Fiscal de la Federación,Decreto de reforma al Reglamento Interior de la Secretaría de Hacienda y Crédito Público,https://www.dof.gob.mx/nota_detalle.php?codigo=5750009&fecha=24/02/2025,2026-09-25,Relación padre-hijo utilizada por la estructura navegable.
rel-0181,shcp-uaf-dgrf,Dirección General de Recursos Financieros,jerarquía / adscripción,shcp-uaf,Unidad de Administración y Finanzas,Decreto de reforma al Reglamento Interior de la Secretaría de Hacienda y Crédito Público,https://www.dof.gob.mx/nota_detalle.php?codigo=5750009&fecha=24/02/2025,2026-09-25,Relación padre-hijo utilizada por la estructura navegable.
rel-0182,shcp-uaf-dgrh,Dirección General de Recursos Humanos,jerarquía / adscripción,shcp-uaf,Unidad de Administración y Finanzas,Decreto de reforma al Reglamento Interior de la Secretaría de Hacienda y Crédito Público,https://www.dof.gob.mx/nota_detalle.php?codigo=5750009&fecha=24/02/2025,2026-09-25,Relación padre-hijo utilizada por la estructura navegable.
rel-0183,shcp-uaf-dgrmosg,"Dirección General de Recursos Materiales, Obra Pública y Servicios Generales",jerarquía / adscripción,shcp-uaf,Unidad de Administración y Finanzas,Decreto de reforma al Reglamento Interior de la Secretaría de Hacienda y Crédito Público,https://www.dof.gob.mx/nota_detalle.php?codigo=5750009&fecha=24/02/2025,2026-09-25,Relación padre-hijo utilizada por la estructura navegable.
rel-0184,shcp-uaf-dgtiev,Dirección General de Talleres de Impresión de Estampillas y Valores,jerarquía / adscripción,shcp-uaf,Unidad de Administración y Finanzas,Decreto de reforma al Reglamento Interior de la Secretaría de Hacienda y Crédito Público,https://www.dof.gob.mx/nota_detalle.php?codigo=5750009&fecha=24/02/2025,2026-09-25,Relación padre-hijo utilizada por la estructura navegable.
rel-0185,shcp-uaf-dgtsi,Dirección General de Tecnologías y Seguridad de la Información,jerarquía / adscripción,shcp-uaf,Unidad de Administración y Finanzas,Decreto de reforma al Reglamento Interior de la Secretaría de Hacienda y Crédito Público,https://www.dof.gob.mx/nota_detalle.php?codigo=5750009&fecha=24/02/2025,2026-09-25,Relación padre-hijo utilizada por la estructura navegable.
rel-0186,shcp-uaf-cpn,Conservaduría de Palacio Nacional y Patrimonio Cultural,jerarquía / adscripción,shcp-uaf,Unidad de Administración y Finanzas,Decreto de reforma al Reglamento Interior de la Secretaría de Hacienda y Crédito Público,https://www.dof.gob.mx/nota_detalle.php?codigo=5750009&fecha=24/02/2025,2026-09-25,Relación padre-hijo utilizada por la estructura navegable.
rel-0187,shcp-teso-subop,Subtesorería de Operación,jerarquía / adscripción,shcp-tesofe,Tesorería de la Federación,Decreto de reforma al Reglamento Interior de la Secretaría de Hacienda y Crédito Público,https://www.dof.gob.mx/nota_detalle.php?codigo=5750009&fecha=24/02/2025,2026-09-25,Relación padre-hijo utilizada por la estructura navegable.
rel-0188,shcp-teso-subpf,Subtesorería de Planeación Financiera y Administración de la Liquidez,jerarquía / adscripción,shcp-tesofe,Tesorería de la Federación,Decreto de reforma al Reglamento Interior de la Secretaría de Hacienda y Crédito Público,https://www.dof.gob.mx/nota_detalle.php?codigo=5750009&fecha=24/02/2025,2026-09-25,Relación padre-hijo utilizada por la estructura navegable.
rel-0189,shcp-teso-dgaj,Dirección General de Asuntos Jurídicos,jerarquía / adscripción,shcp-tesofe,Tesorería de la Federación,Decreto de reforma al Reglamento Interior de la Secretaría de Hacienda y Crédito Público,https://www.dof.gob.mx/nota_detalle.php?codigo=5750009&fecha=24/02/2025,2026-09-25,Relación padre-hijo utilizada por la estructura navegable.
rel-0190,shcp-teso-cvft,Coordinación de Vigilancia de las Funciones de Tesorería,jerarquía / adscripción,shcp-tesofe,Tesorería de la Federación,Decreto de reforma al Reglamento Interior de la Secretaría de Hacienda y Crédito Público,https://www.dof.gob.mx/nota_detalle.php?codigo=5750009&fecha=24/02/2025,2026-09-25,Relación padre-hijo utilizada por la estructura navegable.
rel-0191,shcp-teso-cpv,Coordinación de Planeación y Vinculación,jerarquía / adscripción,shcp-tesofe,Tesorería de la Federación,Decreto de reforma al Reglamento Interior de la Secretaría de Hacienda y Crédito Público,https://www.dof.gob.mx/nota_detalle.php?codigo=5750009&fecha=24/02/2025,2026-09-25,Relación padre-hijo utilizada por la estructura navegable.
rel-0192,shcp-uif-dgani,Dirección General de Asuntos Normativos e Internacionales,jerarquía / adscripción,shcp-uif,Unidad de Inteligencia Financiera,Decreto de reforma al Reglamento Interior de la Secretaría de Hacienda y Crédito Público,https://www.dof.gob.mx/nota_detalle.php?codigo=5750009&fecha=24/02/2025,2026-09-25,Relación padre-hijo utilizada por la estructura navegable.
rel-0193,shcp-uif-dgpl,Dirección General de Procesos Legales,jerarquía / adscripción,shcp-uif,Unidad de Inteligencia Financiera,Decreto de reforma al Reglamento Interior de la Secretaría de Hacienda y Crédito Público,https://www.dof.gob.mx/nota_detalle.php?codigo=5750009&fecha=24/02/2025,2026-09-25,Relación padre-hijo utilizada por la estructura navegable.
rel-0194,shcp-uif-dgc,Dirección General de lo Contencioso,jerarquía / adscripción,shcp-uif,Unidad de Inteligencia Financiera,Decreto de reforma al Reglamento Interior de la Secretaría de Hacienda y Crédito Público,https://www.dof.gob.mx/nota_detalle.php?codigo=5750009&fecha=24/02/2025,2026-09-25,Relación padre-hijo utilizada por la estructura navegable.
rel-0195,shcp-uif-dglpb,Dirección General de Integración de la Lista de Personas Bloqueadas y Procedimientos de Garantías de Audiencia,jerarquía / adscripción,shcp-uif,Unidad de Inteligencia Financiera,Decreto de reforma al Reglamento Interior de la Secretaría de Hacienda y Crédito Público,https://www.dof.gob.mx/nota_detalle.php?codigo=5750009&fecha=24/02/2025,2026-09-25,Relación padre-hijo utilizada por la estructura navegable.
rel-0196,shcp-uif-dga,Dirección General de Análisis,jerarquía / adscripción,shcp-uif,Unidad de Inteligencia Financiera,Decreto de reforma al Reglamento Interior de la Secretaría de Hacienda y Crédito Público,https://www.dof.gob.mx/nota_detalle.php?codigo=5750009&fecha=24/02/2025,2026-09-25,Relación padre-hijo utilizada por la estructura navegable.
rel-0197,shcp-uif-dgie,Dirección General de Información Estratégica,jerarquía / adscripción,shcp-uif,Unidad de Inteligencia Financiera,Decreto de reforma al Reglamento Interior de la Secretaría de Hacienda y Crédito Público,https://www.dof.gob.mx/nota_detalle.php?codigo=5750009&fecha=24/02/2025,2026-09-25,Relación padre-hijo utilizada por la estructura navegable.
rel-0198,sabg-subbg,Subsecretaría de Buen Gobierno,jerarquía / adscripción,sec-12,Secretaría Anticorrupción y Buen Gobierno,Reforma al Reglamento Interior de la Secretaría Anticorrupción y Buen Gobierno,https://dof.gob.mx/nota_detalle.php?codigo=5752650&fecha=21/03/2025,2026-09-25,Relación padre-hijo utilizada por la estructura navegable.
rel-0199,sabg-subac,Subsecretaría Anticorrupción,jerarquía / adscripción,sec-12,Secretaría Anticorrupción y Buen Gobierno,Reforma al Reglamento Interior de la Secretaría Anticorrupción y Buen Gobierno,https://dof.gob.mx/nota_detalle.php?codigo=5752650&fecha=21/03/2025,2026-09-25,Relación padre-hijo utilizada por la estructura navegable.
rel-0200,sabg-uci,Unidad de Combate a la Impunidad,jerarquía / adscripción,sec-12,Secretaría Anticorrupción y Buen Gobierno,Reforma al Reglamento Interior de la Secretaría Anticorrupción y Buen Gobierno,https://dof.gob.mx/nota_detalle.php?codigo=5752650&fecha=21/03/2025,2026-09-25,Relación padre-hijo utilizada por la estructura navegable.
rel-0201,sabg-uaj,Unidad de Asuntos Jurídicos,jerarquía / adscripción,sec-12,Secretaría Anticorrupción y Buen Gobierno,Reforma al Reglamento Interior de la Secretaría Anticorrupción y Buen Gobierno,https://dof.gob.mx/nota_detalle.php?codigo=5752650&fecha=21/03/2025,2026-09-25,Relación padre-hijo utilizada por la estructura navegable.
rel-0202,sabg-uta,Unidad Técnica de Apoyo,jerarquía / adscripción,sec-12,Secretaría Anticorrupción y Buen Gobierno,Reforma al Reglamento Interior de la Secretaría Anticorrupción y Buen Gobierno,https://dof.gob.mx/nota_detalle.php?codigo=5752650&fecha=21/03/2025,2026-09-25,Relación padre-hijo utilizada por la estructura navegable.
rel-0203,sabg-uaf,Unidad de Administración y Finanzas,jerarquía / adscripción,sec-12,Secretaría Anticorrupción y Buen Gobierno,Reforma al Reglamento Interior de la Secretaría Anticorrupción y Buen Gobierno,https://dof.gob.mx/nota_detalle.php?codigo=5752650&fecha=21/03/2025,2026-09-25,Relación padre-hijo utilizada por la estructura navegable.
rel-0204,sabg-dgt,Dirección General de Transparencia,jerarquía / adscripción,sec-12,Secretaría Anticorrupción y Buen Gobierno,Reforma al Reglamento Interior de la Secretaría Anticorrupción y Buen Gobierno,https://dof.gob.mx/nota_detalle.php?codigo=5752650&fecha=21/03/2025,2026-09-25,Relación padre-hijo utilizada por la estructura navegable.
rel-0205,sabg-upsp,Unidad de Políticas para el Servicio Público,jerarquía / adscripción,sabg-subbg,Subsecretaría de Buen Gobierno,Reforma al Reglamento Interior de la Secretaría Anticorrupción y Buen Gobierno,https://dof.gob.mx/nota_detalle.php?codigo=5752650&fecha=21/03/2025,2026-09-25,Relación padre-hijo utilizada por la estructura navegable.
rel-0206,sabg-cgbg,Coordinación General de Buen Gobierno,jerarquía / adscripción,sabg-subbg,Subsecretaría de Buen Gobierno,Reforma al Reglamento Interior de la Secretaría Anticorrupción y Buen Gobierno,https://dof.gob.mx/nota_detalle.php?codigo=5752650&fecha=21/03/2025,2026-09-25,Relación padre-hijo utilizada por la estructura navegable.
rel-0207,sabg-ucp,Unidad de Contrataciones Públicas,jerarquía / adscripción,sabg-subbg,Subsecretaría de Buen Gobierno,Reforma al Reglamento Interior de la Secretaría Anticorrupción y Buen Gobierno,https://dof.gob.mx/nota_detalle.php?codigo=5752650&fecha=21/03/2025,2026-09-25,Relación padre-hijo utilizada por la estructura navegable.
rel-0208,sabg-upsrrc,Unidad de Participación Social y Responsabilidad Compartida,jerarquía / adscripción,sabg-subbg,Subsecretaría de Buen Gobierno,Reforma al Reglamento Interior de la Secretaría Anticorrupción y Buen Gobierno,https://dof.gob.mx/nota_detalle.php?codigo=5752650&fecha=21/03/2025,2026-09-25,Relación padre-hijo utilizada por la estructura navegable.
rel-0209,sabg-uigp,Unidad de Innovación de la Gestión Pública,jerarquía / adscripción,sabg-subbg,Subsecretaría de Buen Gobierno,Reforma al Reglamento Interior de la Secretaría Anticorrupción y Buen Gobierno,https://dof.gob.mx/nota_detalle.php?codigo=5752650&fecha=21/03/2025,2026-09-25,Relación padre-hijo utilizada por la estructura navegable.
rel-0210,sabg-updp,Unidad de Protección de Datos Personales,jerarquía / adscripción,sabg-subbg,Subsecretaría de Buen Gobierno,Reforma al Reglamento Interior de la Secretaría Anticorrupción y Buen Gobierno,https://dof.gob.mx/nota_detalle.php?codigo=5752650&fecha=21/03/2025,2026-09-25,Relación padre-hijo utilizada por la estructura navegable.
rel-0211,sabg-uplan,Unidad de Planeación,jerarquía / adscripción,sabg-subac,Subsecretaría Anticorrupción,Reforma al Reglamento Interior de la Secretaría Anticorrupción y Buen Gobierno,https://dof.gob.mx/nota_detalle.php?codigo=5752650&fecha=21/03/2025,2026-09-25,Relación padre-hijo utilizada por la estructura navegable.
rel-0212,sabg-cgoic,Coordinación General de Órganos Internos de Control,jerarquía / adscripción,sabg-subac,Subsecretaría Anticorrupción,Reforma al Reglamento Interior de la Secretaría Anticorrupción y Buen Gobierno,https://dof.gob.mx/nota_detalle.php?codigo=5752650&fecha=21/03/2025,2026-09-25,Relación padre-hijo utilizada por la estructura navegable.
rel-0213,sabg-uacg,Unidad de Auditoría y Control Gubernamental,jerarquía / adscripción,sabg-subac,Subsecretaría Anticorrupción,Reforma al Reglamento Interior de la Secretaría Anticorrupción y Buen Gobierno,https://dof.gob.mx/nota_detalle.php?codigo=5752650&fecha=21/03/2025,2026-09-25,Relación padre-hijo utilizada por la estructura navegable.
rel-0214,sabg-tpp,Transparencia para el Pueblo,jerarquía / adscripción,sec-12,Secretaría Anticorrupción y Buen Gobierno,Reforma al Reglamento Interior de la Secretaría Anticorrupción y Buen Gobierno,https://dof.gob.mx/nota_detalle.php?codigo=5752650&fecha=21/03/2025,2026-09-25,Relación padre-hijo utilizada por la estructura navegable.
rel-0215,sep-jof,Jefatura de Oficina de la Secretaría,jerarquía / adscripción,sec-13,Secretaría de Educación Pública,Reforma al Reglamento Interior de la Secretaría de Educación Pública,https://www.dof.gob.mx/nota_detalle.php?codigo=5769097&fecha=03/10/2025,2026-09-25,Relación padre-hijo utilizada por la estructura navegable.
rel-0216,sep-uajr,Unidad de Asuntos Jurídicos y Regulación,jerarquía / adscripción,sec-13,Secretaría de Educación Pública,Reforma al Reglamento Interior de la Secretaría de Educación Pública,https://www.dof.gob.mx/nota_detalle.php?codigo=5769097&fecha=03/10/2025,2026-09-25,Relación padre-hijo utilizada por la estructura navegable.
rel-0217,sep-unem,Unidad de la Nueva Escuela Mexicana,jerarquía / adscripción,sec-13,Secretaría de Educación Pública,Reforma al Reglamento Interior de la Secretaría de Educación Pública,https://www.dof.gob.mx/nota_detalle.php?codigo=5769097&fecha=03/10/2025,2026-09-25,Relación padre-hijo utilizada por la estructura navegable.
rel-0218,sep-uaf,Unidad de Administración y Finanzas,jerarquía / adscripción,sec-13,Secretaría de Educación Pública,Reforma al Reglamento Interior de la Secretaría de Educación Pública,https://www.dof.gob.mx/nota_detalle.php?codigo=5769097&fecha=03/10/2025,2026-09-25,Relación padre-hijo utilizada por la estructura navegable.
rel-0219,sep-ses,Subsecretaría de Educación Superior,jerarquía / adscripción,sec-13,Secretaría de Educación Pública,Reforma al Reglamento Interior de la Secretaría de Educación Pública,https://www.dof.gob.mx/nota_detalle.php?codigo=5769097&fecha=03/10/2025,2026-09-25,Relación padre-hijo utilizada por la estructura navegable.
rel-0220,sep-sems,Subsecretaría de Educación Media Superior,jerarquía / adscripción,sec-13,Secretaría de Educación Pública,Reforma al Reglamento Interior de la Secretaría de Educación Pública,https://www.dof.gob.mx/nota_detalle.php?codigo=5769097&fecha=03/10/2025,2026-09-25,Relación padre-hijo utilizada por la estructura navegable.
rel-0221,sep-seb,Subsecretaría de Educación Básica,jerarquía / adscripción,sec-13,Secretaría de Educación Pública,Reforma al Reglamento Interior de la Secretaría de Educación Pública,https://www.dof.gob.mx/nota_detalle.php?codigo=5769097&fecha=03/10/2025,2026-09-25,Relación padre-hijo utilizada por la estructura navegable.
rel-0222,sict-subinfra,Subsecretaría de Infraestructura,jerarquía / adscripción,sec-11,"Secretaría de Infraestructura, Comunicaciones y Transportes","Reglamento Interior de la Secretaría de Infraestructura, Comunicaciones y Transportes",https://www.dof.gob.mx/abrirPDF.php?anio=2026&archivo=09062026-VES.pdf&repo=repositorio%2F,2026-09-25,Relación padre-hijo utilizada por la estructura navegable.
rel-0223,sict-subct,Subsecretaría de Comunicaciones y Transportes,jerarquía / adscripción,sec-11,"Secretaría de Infraestructura, Comunicaciones y Transportes","Reglamento Interior de la Secretaría de Infraestructura, Comunicaciones y Transportes",https://www.dof.gob.mx/abrirPDF.php?anio=2026&archivo=09062026-VES.pdf&repo=repositorio%2F,2026-09-25,Relación padre-hijo utilizada por la estructura navegable.
rel-0224,sict-uvip,Unidad de Vinculación Institucional y Patrimonio,jerarquía / adscripción,sec-11,"Secretaría de Infraestructura, Comunicaciones y Transportes","Reglamento Interior de la Secretaría de Infraestructura, Comunicaciones y Transportes",https://www.dof.gob.mx/abrirPDF.php?anio=2026&archivo=09062026-VES.pdf&repo=repositorio%2F,2026-09-25,Relación padre-hijo utilizada por la estructura navegable.
rel-0225,sict-upiuep,Unidad de Diseño y Arquitectura,jerarquía / adscripción,sec-11,"Secretaría de Infraestructura, Comunicaciones y Transportes","Reglamento Interior de la Secretaría de Infraestructura, Comunicaciones y Transportes",https://www.dof.gob.mx/abrirPDF.php?anio=2026&archivo=09062026-VES.pdf&repo=repositorio%2F,2026-09-25,Relación padre-hijo utilizada por la estructura navegable.
rel-0226,sict-ccsict,Coordinación de Centros SICT,jerarquía / adscripción,sec-11,"Secretaría de Infraestructura, Comunicaciones y Transportes","Reglamento Interior de la Secretaría de Infraestructura, Comunicaciones y Transportes",https://www.dof.gob.mx/abrirPDF.php?anio=2026&archivo=09062026-VES.pdf&repo=repositorio%2F,2026-09-25,Relación padre-hijo utilizada por la estructura navegable.
rel-0227,sict-dgc,Dirección General de Carreteras,jerarquía / adscripción,sict-subinfra,Subsecretaría de Infraestructura,"Reglamento Interior de la Secretaría de Infraestructura, Comunicaciones y Transportes",https://www.dof.gob.mx/abrirPDF.php?anio=2026&archivo=09062026-VES.pdf&repo=repositorio%2F,2026-09-25,Relación padre-hijo utilizada por la estructura navegable.
rel-0228,sict-dgcc,Dirección General de Conservación de Carreteras,jerarquía / adscripción,sict-subinfra,Subsecretaría de Infraestructura,"Reglamento Interior de la Secretaría de Infraestructura, Comunicaciones y Transportes",https://www.dof.gob.mx/abrirPDF.php?anio=2026&archivo=09062026-VES.pdf&repo=repositorio%2F,2026-09-25,Relación padre-hijo utilizada por la estructura navegable.
rel-0229,sict-dgdc,Dirección General de Desarrollo Carretero,jerarquía / adscripción,sict-subinfra,Subsecretaría de Infraestructura,"Reglamento Interior de la Secretaría de Infraestructura, Comunicaciones y Transportes",https://www.dof.gob.mx/abrirPDF.php?anio=2026&archivo=09062026-VES.pdf&repo=repositorio%2F,2026-09-25,Relación padre-hijo utilizada por la estructura navegable.
rel-0230,sict-dgst,Dirección General de Servicios Técnicos,jerarquía / adscripción,sict-subinfra,Subsecretaría de Infraestructura,"Reglamento Interior de la Secretaría de Infraestructura, Comunicaciones y Transportes",https://www.dof.gob.mx/abrirPDF.php?anio=2026&archivo=09062026-VES.pdf&repo=repositorio%2F,2026-09-25,Relación padre-hijo utilizada por la estructura navegable.
rel-0231,sict-dgcra,Dirección General de Caminos Rurales y Alimentadores,jerarquía / adscripción,sict-subinfra,Subsecretaría de Infraestructura,"Reglamento Interior de la Secretaría de Infraestructura, Comunicaciones y Transportes",https://www.dof.gob.mx/abrirPDF.php?anio=2026&archivo=09062026-VES.pdf&repo=repositorio%2F,2026-09-25,Relación padre-hijo utilizada por la estructura navegable.
rel-0232,sict-dgiecs,"Dirección General de Infraestructura Educativa, Cultural y de Salud",jerarquía / adscripción,sict-subinfra,Subsecretaría de Infraestructura,"Reglamento Interior de la Secretaría de Infraestructura, Comunicaciones y Transportes",https://www.dof.gob.mx/abrirPDF.php?anio=2026&archivo=09062026-VES.pdf&repo=repositorio%2F,2026-09-25,Relación padre-hijo utilizada por la estructura navegable.
rel-0233,sict-dgaf,Dirección General de Autotransporte Federal,jerarquía / adscripción,sict-subct,Subsecretaría de Comunicaciones y Transportes,"Reglamento Interior de la Secretaría de Infraestructura, Comunicaciones y Transportes",https://www.dof.gob.mx/abrirPDF.php?anio=2026&archivo=09062026-VES.pdf&repo=repositorio%2F,2026-09-25,Relación padre-hijo utilizada por la estructura navegable.
rel-0234,sict-dgpmpt,Dirección General de Protección y Medicina Preventiva en el Transporte,jerarquía / adscripción,sict-subct,Subsecretaría de Comunicaciones y Transportes,"Reglamento Interior de la Secretaría de Infraestructura, Comunicaciones y Transportes",https://www.dof.gob.mx/abrirPDF.php?anio=2026&archivo=09062026-VES.pdf&repo=repositorio%2F,2026-09-25,Relación padre-hijo utilizada por la estructura navegable.
rel-0235,sict-dgvi,Dirección General de Vinculación Institucional,jerarquía / adscripción,sict-uvip,Unidad de Vinculación Institucional y Patrimonio,"Reglamento Interior de la Secretaría de Infraestructura, Comunicaciones y Transportes",https://www.dof.gob.mx/abrirPDF.php?anio=2026&archivo=09062026-VES.pdf&repo=repositorio%2F,2026-09-25,Relación padre-hijo utilizada por la estructura navegable.
rel-0236,sict-dgp,Dirección General de Patrimonio,jerarquía / adscripción,sict-uvip,Unidad de Vinculación Institucional y Patrimonio,"Reglamento Interior de la Secretaría de Infraestructura, Comunicaciones y Transportes",https://www.dof.gob.mx/abrirPDF.php?anio=2026&archivo=09062026-VES.pdf&repo=repositorio%2F,2026-09-25,Relación padre-hijo utilizada por la estructura navegable.
rel-0237,sict-ded,Dirección Ejecutiva de Diseño,jerarquía / adscripción,sict-upiuep,Unidad de Diseño y Arquitectura,"Reglamento Interior de la Secretaría de Infraestructura, Comunicaciones y Transportes",https://www.dof.gob.mx/abrirPDF.php?anio=2026&archivo=09062026-VES.pdf&repo=repositorio%2F,2026-09-25,Relación padre-hijo utilizada por la estructura navegable.
rel-0238,sict-dea,Dirección Ejecutiva de Arquitectura,jerarquía / adscripción,sict-upiuep,Unidad de Diseño y Arquitectura,"Reglamento Interior de la Secretaría de Infraestructura, Comunicaciones y Transportes",https://www.dof.gob.mx/abrirPDF.php?anio=2026&archivo=09062026-VES.pdf&repo=repositorio%2F,2026-09-25,Relación padre-hijo utilizada por la estructura navegable.
rel-0239,sict-imt,Instituto Mexicano del Transporte,jerarquía / adscripción,sec-11,"Secretaría de Infraestructura, Comunicaciones y Transportes","Reglamento Interior de la Secretaría de Infraestructura, Comunicaciones y Transportes",https://www.dof.gob.mx/abrirPDF.php?anio=2026&archivo=09062026-VES.pdf&repo=repositorio%2F,2026-09-25,Relación padre-hijo utilizada por la estructura navegable.
rel-0240,sict-seneam,Servicios a la Navegación en el Espacio Aéreo Mexicano,jerarquía / adscripción,sec-11,"Secretaría de Infraestructura, Comunicaciones y Transportes","Reglamento Interior de la Secretaría de Infraestructura, Comunicaciones y Transportes",https://www.dof.gob.mx/abrirPDF.php?anio=2026&archivo=09062026-VES.pdf&repo=repositorio%2F,2026-09-25,Relación padre-hijo utilizada por la estructura navegable.
rel-0241,sict-artf,Agencia Reguladora del Transporte Ferroviario,jerarquía / adscripción,sec-11,"Secretaría de Infraestructura, Comunicaciones y Transportes","Reglamento Interior de la Secretaría de Infraestructura, Comunicaciones y Transportes",https://www.dof.gob.mx/abrirPDF.php?anio=2026&archivo=09062026-VES.pdf&repo=repositorio%2F,2026-09-25,Relación padre-hijo utilizada por la estructura navegable.
rel-0242,sict-afac,Agencia Federal de Aviación Civil,jerarquía / adscripción,sec-11,"Secretaría de Infraestructura, Comunicaciones y Transportes","Reglamento Interior de la Secretaría de Infraestructura, Comunicaciones y Transportes",https://www.dof.gob.mx/abrirPDF.php?anio=2026&archivo=09062026-VES.pdf&repo=repositorio%2F,2026-09-25,Relación padre-hijo utilizada por la estructura navegable.
rel-0243,sem-subbra,Subsecretaría de Biodiversidad y Restauración Ambiental,jerarquía / adscripción,sec-7,Secretaría de Medio Ambiente y Recursos Naturales,Reglamento Interior de la Secretaría de Medio Ambiente y Recursos Naturales,https://www.dof.gob.mx/abrirPDF.php?anio=2025&archivo=14032025-MAT.pdf&repo=repositorio%2F,2026-09-25,Relación padre-hijo utilizada por la estructura navegable.
rel-0244,sem-subra,Subsecretaría de Regulación Ambiental,jerarquía / adscripción,sec-7,Secretaría de Medio Ambiente y Recursos Naturales,Reglamento Interior de la Secretaría de Medio Ambiente y Recursos Naturales,https://www.dof.gob.mx/abrirPDF.php?anio=2025&archivo=14032025-MAT.pdf&repo=repositorio%2F,2026-09-25,Relación padre-hijo utilizada por la estructura navegable.
rel-0245,sem-subdsec,Subsecretaría de Desarrollo Sostenible y Economía Circular,jerarquía / adscripción,sec-7,Secretaría de Medio Ambiente y Recursos Naturales,Reglamento Interior de la Secretaría de Medio Ambiente y Recursos Naturales,https://www.dof.gob.mx/abrirPDF.php?anio=2025&archivo=14032025-MAT.pdf&repo=repositorio%2F,2026-09-25,Relación padre-hijo utilizada por la estructura navegable.
rel-0246,sem-uaf,Unidad de Administración y Finanzas,jerarquía / adscripción,sec-7,Secretaría de Medio Ambiente y Recursos Naturales,Reglamento Interior de la Secretaría de Medio Ambiente y Recursos Naturales,https://www.dof.gob.mx/abrirPDF.php?anio=2025&archivo=14032025-MAT.pdf&repo=repositorio%2F,2026-09-25,Relación padre-hijo utilizada por la estructura navegable.
rel-0247,sem-ucpp,"Unidad Coordinadora de Proyectos Prioritarios, Vinculación Social y Derechos Humanos",jerarquía / adscripción,sec-7,Secretaría de Medio Ambiente y Recursos Naturales,Reglamento Interior de la Secretaría de Medio Ambiente y Recursos Naturales,https://www.dof.gob.mx/abrirPDF.php?anio=2025&archivo=14032025-MAT.pdf&repo=repositorio%2F,2026-09-25,Relación padre-hijo utilizada por la estructura navegable.
rel-0248,sem-ucai,Unidad Coordinadora de Asuntos Internacionales,jerarquía / adscripción,sec-7,Secretaría de Medio Ambiente y Recursos Naturales,Reglamento Interior de la Secretaría de Medio Ambiente y Recursos Naturales,https://www.dof.gob.mx/abrirPDF.php?anio=2025&archivo=14032025-MAT.pdf&repo=repositorio%2F,2026-09-25,Relación padre-hijo utilizada por la estructura navegable.
rel-0249,sem-ucaj,Unidad Coordinadora de Asuntos Jurídicos,jerarquía / adscripción,sec-7,Secretaría de Medio Ambiente y Recursos Naturales,Reglamento Interior de la Secretaría de Medio Ambiente y Recursos Naturales,https://www.dof.gob.mx/abrirPDF.php?anio=2025&archivo=14032025-MAT.pdf&repo=repositorio%2F,2026-09-25,Relación padre-hijo utilizada por la estructura navegable.
rel-0250,sem-ucorgt,Unidad Coordinadora de Oficinas de Representación y Gestión Territorial,jerarquía / adscripción,sec-7,Secretaría de Medio Ambiente y Recursos Naturales,Reglamento Interior de la Secretaría de Medio Ambiente y Recursos Naturales,https://www.dof.gob.mx/abrirPDF.php?anio=2025&archivo=14032025-MAT.pdf&repo=repositorio%2F,2026-09-25,Relación padre-hijo utilizada por la estructura navegable.
rel-0251,sem-cgcs,Coordinación General de Comunicación Social,jerarquía / adscripción,sec-7,Secretaría de Medio Ambiente y Recursos Naturales,Reglamento Interior de la Secretaría de Medio Ambiente y Recursos Naturales,https://www.dof.gob.mx/abrirPDF.php?anio=2025&archivo=14032025-MAT.pdf&repo=repositorio%2F,2026-09-25,Relación padre-hijo utilizada por la estructura navegable.
rel-0252,sem-dgpeea,"Dirección General de Planeación, Evaluación y Estadística Ambiental",jerarquía / adscripción,sec-7,Secretaría de Medio Ambiente y Recursos Naturales,Reglamento Interior de la Secretaría de Medio Ambiente y Recursos Naturales,https://www.dof.gob.mx/abrirPDF.php?anio=2025&archivo=14032025-MAT.pdf&repo=repositorio%2F,2026-09-25,Relación padre-hijo utilizada por la estructura navegable.
rel-0253,sem-cecadesu,Centro de Educación y Capacitación para el Desarrollo Sustentable,jerarquía / adscripción,sec-7,Secretaría de Medio Ambiente y Recursos Naturales,Reglamento Interior de la Secretaría de Medio Ambiente y Recursos Naturales,https://www.dof.gob.mx/abrirPDF.php?anio=2025&archivo=14032025-MAT.pdf&repo=repositorio%2F,2026-09-25,Relación padre-hijo utilizada por la estructura navegable.
rel-0254,sem-dgra,Dirección General de Restauración Ambiental,jerarquía / adscripción,sem-subbra,Subsecretaría de Biodiversidad y Restauración Ambiental,Reglamento Interior de la Secretaría de Medio Ambiente y Recursos Naturales,https://www.dof.gob.mx/abrirPDF.php?anio=2025&archivo=14032025-MAT.pdf&repo=repositorio%2F,2026-09-25,Relación padre-hijo utilizada por la estructura navegable.
rel-0255,sem-dgcmc,Dirección General de Conservación y Gestión de Mares y Costas,jerarquía / adscripción,sem-subbra,Subsecretaría de Biodiversidad y Restauración Ambiental,Reglamento Interior de la Secretaría de Medio Ambiente y Recursos Naturales,https://www.dof.gob.mx/abrirPDF.php?anio=2025&archivo=14032025-MAT.pdf&repo=repositorio%2F,2026-09-25,Relación padre-hijo utilizada por la estructura navegable.
rel-0256,sem-dgvs,Dirección General de Vida Silvestre,jerarquía / adscripción,sem-subbra,Subsecretaría de Biodiversidad y Restauración Ambiental,Reglamento Interior de la Secretaría de Medio Ambiente y Recursos Naturales,https://www.dof.gob.mx/abrirPDF.php?anio=2025&archivo=14032025-MAT.pdf&repo=repositorio%2F,2026-09-25,Relación padre-hijo utilizada por la estructura navegable.
rel-0257,sem-dggfsoe,"Dirección General de Gestión Forestal, Suelos y Ordenamiento Ecológico",jerarquía / adscripción,sem-subbra,Subsecretaría de Biodiversidad y Restauración Ambiental,Reglamento Interior de la Secretaría de Medio Ambiente y Recursos Naturales,https://www.dof.gob.mx/abrirPDF.php?anio=2025&archivo=14032025-MAT.pdf&repo=repositorio%2F,2026-09-25,Relación padre-hijo utilizada por la estructura navegable.
rel-0258,sem-dgielca,"Dirección General de Industria, Energías Limpias y Gestión de la Calidad del Aire",jerarquía / adscripción,sem-subra,Subsecretaría de Regulación Ambiental,Reglamento Interior de la Secretaría de Medio Ambiente y Recursos Naturales,https://www.dof.gob.mx/abrirPDF.php?anio=2025&archivo=14032025-MAT.pdf&repo=repositorio%2F,2026-09-25,Relación padre-hijo utilizada por la estructura navegable.
rel-0259,sem-dgzfmtac,Dirección General de Zona Federal Marítimo Terrestre y Ambientes Costeros,jerarquía / adscripción,sem-subra,Subsecretaría de Regulación Ambiental,Reglamento Interior de la Secretaría de Medio Ambiente y Recursos Naturales,https://www.dof.gob.mx/abrirPDF.php?anio=2025&archivo=14032025-MAT.pdf&repo=repositorio%2F,2026-09-25,Relación padre-hijo utilizada por la estructura navegable.
rel-0260,sem-dgira,Dirección General de Impacto y Riesgo Ambiental,jerarquía / adscripción,sem-subra,Subsecretaría de Regulación Ambiental,Reglamento Interior de la Secretaría de Medio Ambiente y Recursos Naturales,https://www.dof.gob.mx/abrirPDF.php?anio=2025&archivo=14032025-MAT.pdf&repo=repositorio%2F,2026-09-25,Relación padre-hijo utilizada por la estructura navegable.
rel-0261,sem-dggimar,Dirección General de Gestión Integral de Materiales y Actividades Riesgosas,jerarquía / adscripción,sem-subra,Subsecretaría de Regulación Ambiental,Reglamento Interior de la Secretaría de Medio Ambiente y Recursos Naturales,https://www.dof.gob.mx/abrirPDF.php?anio=2025&archivo=14032025-MAT.pdf&repo=repositorio%2F,2026-09-25,Relación padre-hijo utilizada por la estructura navegable.
rel-0262,sem-cevi,Coordinación Ejecutiva de Vinculación Institucional,jerarquía / adscripción,sem-subdsec,Subsecretaría de Desarrollo Sostenible y Economía Circular,Reglamento Interior de la Secretaría de Medio Ambiente y Recursos Naturales,https://www.dof.gob.mx/abrirPDF.php?anio=2025&archivo=14032025-MAT.pdf&repo=repositorio%2F,2026-09-25,Relación padre-hijo utilizada por la estructura navegable.
rel-0263,sem-dgpac,Dirección General de Políticas para la Acción Climática,jerarquía / adscripción,sem-subdsec,Subsecretaría de Desarrollo Sostenible y Economía Circular,Reglamento Interior de la Secretaría de Medio Ambiente y Recursos Naturales,https://www.dof.gob.mx/abrirPDF.php?anio=2025&archivo=14032025-MAT.pdf&repo=repositorio%2F,2026-09-25,Relación padre-hijo utilizada por la estructura navegable.
rel-0264,sem-dgfduas,Dirección General de Fomento y Desempeño Urbano Ambiental Sostenible,jerarquía / adscripción,sem-subdsec,Subsecretaría de Desarrollo Sostenible y Economía Circular,Reglamento Interior de la Secretaría de Medio Ambiente y Recursos Naturales,https://www.dof.gob.mx/abrirPDF.php?anio=2025&archivo=14032025-MAT.pdf&repo=repositorio%2F,2026-09-25,Relación padre-hijo utilizada por la estructura navegable.
rel-0265,sem-dgapeec,Dirección General de Alianzas y Proyectos Estratégicos para la Economía Circular,jerarquía / adscripción,sem-subdsec,Subsecretaría de Desarrollo Sostenible y Economía Circular,Reglamento Interior de la Secretaría de Medio Ambiente y Recursos Naturales,https://www.dof.gob.mx/abrirPDF.php?anio=2025&archivo=14032025-MAT.pdf&repo=repositorio%2F,2026-09-25,Relación padre-hijo utilizada por la estructura navegable.
rel-0266,sem-dgpp,Dirección General de Programación y Presupuesto,jerarquía / adscripción,sem-uaf,Unidad de Administración y Finanzas,Reglamento Interior de la Secretaría de Medio Ambiente y Recursos Naturales,https://www.dof.gob.mx/abrirPDF.php?anio=2025&archivo=14032025-MAT.pdf&repo=repositorio%2F,2026-09-25,Relación padre-hijo utilizada por la estructura navegable.
rel-0267,sem-dgdho,Dirección General de Desarrollo Humano y Organización,jerarquía / adscripción,sem-uaf,Unidad de Administración y Finanzas,Reglamento Interior de la Secretaría de Medio Ambiente y Recursos Naturales,https://www.dof.gob.mx/abrirPDF.php?anio=2025&archivo=14032025-MAT.pdf&repo=repositorio%2F,2026-09-25,Relación padre-hijo utilizada por la estructura navegable.
rel-0268,sem-dgrmis,"Dirección General de Recursos Materiales, Inmuebles y Servicios",jerarquía / adscripción,sem-uaf,Unidad de Administración y Finanzas,Reglamento Interior de la Secretaría de Medio Ambiente y Recursos Naturales,https://www.dof.gob.mx/abrirPDF.php?anio=2025&archivo=14032025-MAT.pdf&repo=repositorio%2F,2026-09-25,Relación padre-hijo utilizada por la estructura navegable.
rel-0269,sem-dgit,Dirección General de Informática y Telecomunicaciones,jerarquía / adscripción,sem-uaf,Unidad de Administración y Finanzas,Reglamento Interior de la Secretaría de Medio Ambiente y Recursos Naturales,https://www.dof.gob.mx/abrirPDF.php?anio=2025&archivo=14032025-MAT.pdf&repo=repositorio%2F,2026-09-25,Relación padre-hijo utilizada por la estructura navegable.
rel-0270,sem-ccaj,Coordinación de lo Contencioso Administrativo y Judicial,jerarquía / adscripción,sem-ucaj,Unidad Coordinadora de Asuntos Jurídicos,Reglamento Interior de la Secretaría de Medio Ambiente y Recursos Naturales,https://www.dof.gob.mx/abrirPDF.php?anio=2025&archivo=14032025-MAT.pdf&repo=repositorio%2F,2026-09-25,Relación padre-hijo utilizada por la estructura navegable.
rel-0271,sem-cla,Coordinación de Legalidad Ambiental,jerarquía / adscripción,sem-ucaj,Unidad Coordinadora de Asuntos Jurídicos,Reglamento Interior de la Secretaría de Medio Ambiente y Recursos Naturales,https://www.dof.gob.mx/abrirPDF.php?anio=2025&archivo=14032025-MAT.pdf&repo=repositorio%2F,2026-09-25,Relación padre-hijo utilizada por la estructura navegable.
rel-0272,sem-clc,Coordinación de Legislación y Consulta,jerarquía / adscripción,sem-ucaj,Unidad Coordinadora de Asuntos Jurídicos,Reglamento Interior de la Secretaría de Medio Ambiente y Recursos Naturales,https://www.dof.gob.mx/abrirPDF.php?anio=2025&archivo=14032025-MAT.pdf&repo=repositorio%2F,2026-09-25,Relación padre-hijo utilizada por la estructura navegable.
rel-0273,sem-ofrep,Oficinas de Representación,jerarquía / adscripción,sem-ucorgt,Unidad Coordinadora de Oficinas de Representación y Gestión Territorial,Reglamento Interior de la Secretaría de Medio Ambiente y Recursos Naturales,https://www.dof.gob.mx/abrirPDF.php?anio=2025&archivo=14032025-MAT.pdf&repo=repositorio%2F,2026-09-25,Relación padre-hijo utilizada por la estructura navegable.
rel-0274,sem-profepa,Procuraduría Federal de Protección al Ambiente,jerarquía / adscripción,sec-7,Secretaría de Medio Ambiente y Recursos Naturales,Reglamento Interior de la Secretaría de Medio Ambiente y Recursos Naturales,https://www.dof.gob.mx/abrirPDF.php?anio=2025&archivo=14032025-MAT.pdf&repo=repositorio%2F,2026-09-25,Relación padre-hijo utilizada por la estructura navegable.
rel-0275,sem-conanp,Comisión Nacional de Áreas Naturales Protegidas,jerarquía / adscripción,sec-7,Secretaría de Medio Ambiente y Recursos Naturales,Reglamento Interior de la Secretaría de Medio Ambiente y Recursos Naturales,https://www.dof.gob.mx/abrirPDF.php?anio=2025&archivo=14032025-MAT.pdf&repo=repositorio%2F,2026-09-25,Relación padre-hijo utilizada por la estructura navegable.
rel-0276,sem-conagua,Comisión Nacional del Agua,jerarquía / adscripción,sec-7,Secretaría de Medio Ambiente y Recursos Naturales,Reglamento Interior de la Secretaría de Medio Ambiente y Recursos Naturales,https://www.dof.gob.mx/abrirPDF.php?anio=2025&archivo=14032025-MAT.pdf&repo=repositorio%2F,2026-09-25,Relación padre-hijo utilizada por la estructura navegable.
rel-0277,sem-asea,Agencia Nacional de Seguridad Industrial y de Protección al Medio Ambiente del Sector Hidrocarburos,jerarquía / adscripción,sec-7,Secretaría de Medio Ambiente y Recursos Naturales,Reglamento Interior de la Secretaría de Medio Ambiente y Recursos Naturales,https://www.dof.gob.mx/abrirPDF.php?anio=2025&archivo=14032025-MAT.pdf&repo=repositorio%2F,2026-09-25,Relación padre-hijo utilizada por la estructura navegable.
rel-0278,sre-sub-re,Subsecretaría de Relaciones Exteriores,jerarquía / adscripción,sec-1,Secretaría de Relaciones Exteriores,Acuerdo por el que se adscriben orgánicamente las unidades administrativas de la Secretaría de Relaciones Exteriores,https://www.dof.gob.mx/abrirPDF.php?anio=2026&archivo=20022026-MAT.pdf&repo=,2026-09-28,Relación padre-hijo utilizada por la estructura navegable.
rel-0279,sre-sub-na,Subsecretaría para América del Norte,jerarquía / adscripción,sec-1,Secretaría de Relaciones Exteriores,Acuerdo por el que se adscriben orgánicamente las unidades administrativas de la Secretaría de Relaciones Exteriores,https://www.dof.gob.mx/abrirPDF.php?anio=2026&archivo=20022026-MAT.pdf&repo=,2026-09-28,Relación padre-hijo utilizada por la estructura navegable.
rel-0280,sre-sub-alc,Subsecretaría para América Latina y el Caribe,jerarquía / adscripción,sec-1,Secretaría de Relaciones Exteriores,Acuerdo por el que se adscriben orgánicamente las unidades administrativas de la Secretaría de Relaciones Exteriores,https://www.dof.gob.mx/abrirPDF.php?anio=2026&archivo=20022026-MAT.pdf&repo=,2026-09-28,Relación padre-hijo utilizada por la estructura navegable.
rel-0281,sre-sub-mult,Subsecretaría para Asuntos Multilaterales y Derechos Humanos,jerarquía / adscripción,sec-1,Secretaría de Relaciones Exteriores,Acuerdo por el que se adscriben orgánicamente las unidades administrativas de la Secretaría de Relaciones Exteriores,https://www.dof.gob.mx/abrirPDF.php?anio=2026&archivo=20022026-MAT.pdf&repo=,2026-09-28,Relación padre-hijo utilizada por la estructura navegable.
rel-0282,sre-uaf,Unidad de Administración y Finanzas,jerarquía / adscripción,sec-1,Secretaría de Relaciones Exteriores,Acuerdo por el que se adscriben orgánicamente las unidades administrativas de la Secretaría de Relaciones Exteriores,https://www.dof.gob.mx/abrirPDF.php?anio=2026&archivo=20022026-MAT.pdf&repo=,2026-09-28,Relación padre-hijo utilizada por la estructura navegable.
rel-0283,sre-consjur,Consultoría Jurídica,jerarquía / adscripción,sec-1,Secretaría de Relaciones Exteriores,Acuerdo por el que se adscriben orgánicamente las unidades administrativas de la Secretaría de Relaciones Exteriores,https://www.dof.gob.mx/abrirPDF.php?anio=2026&archivo=20022026-MAT.pdf&repo=,2026-09-28,Relación padre-hijo utilizada por la estructura navegable.
rel-0284,sre-uci,Jefatura de Unidad de Coordinación Intersectorial,jerarquía / adscripción,sec-1,Secretaría de Relaciones Exteriores,Acuerdo por el que se adscriben orgánicamente las unidades administrativas de la Secretaría de Relaciones Exteriores,https://www.dof.gob.mx/abrirPDF.php?anio=2026&archivo=20022026-MAT.pdf&repo=,2026-09-28,Relación padre-hijo utilizada por la estructura navegable.
rel-0285,sre-dg-protocolo,Dirección General de Protocolo,jerarquía / adscripción,sec-1,Secretaría de Relaciones Exteriores,Acuerdo por el que se adscriben orgánicamente las unidades administrativas de la Secretaría de Relaciones Exteriores,https://www.dof.gob.mx/abrirPDF.php?anio=2026&archivo=20022026-MAT.pdf&repo=,2026-09-28,Relación padre-hijo utilizada por la estructura navegable.
rel-0286,sre-dg-coordpol,Dirección General de Coordinación Política,jerarquía / adscripción,sec-1,Secretaría de Relaciones Exteriores,Acuerdo por el que se adscriben orgánicamente las unidades administrativas de la Secretaría de Relaciones Exteriores,https://www.dof.gob.mx/abrirPDF.php?anio=2026&archivo=20022026-MAT.pdf&repo=,2026-09-28,Relación padre-hijo utilizada por la estructura navegable.
rel-0287,sre-dg-comsoc,Dirección General de Comunicación Social,jerarquía / adscripción,sec-1,Secretaría de Relaciones Exteriores,Acuerdo por el que se adscriben orgánicamente las unidades administrativas de la Secretaría de Relaciones Exteriores,https://www.dof.gob.mx/abrirPDF.php?anio=2026&archivo=20022026-MAT.pdf&repo=,2026-09-28,Relación padre-hijo utilizada por la estructura navegable.
rel-0288,sre-dg-juridicos,Dirección General de Asuntos Jurídicos,jerarquía / adscripción,sec-1,Secretaría de Relaciones Exteriores,Acuerdo por el que se adscriben orgánicamente las unidades administrativas de la Secretaría de Relaciones Exteriores,https://www.dof.gob.mx/abrirPDF.php?anio=2026&archivo=20022026-MAT.pdf&repo=,2026-09-28,Relación padre-hijo utilizada por la estructura navegable.
rel-0289,sre-imme,Instituto de Mexicanas y Mexicanos en el Exterior,jerarquía / adscripción,sec-1,Secretaría de Relaciones Exteriores,Acuerdo por el que se adscriben orgánicamente las unidades administrativas de la Secretaría de Relaciones Exteriores,https://www.dof.gob.mx/abrirPDF.php?anio=2026&archivo=20022026-MAT.pdf&repo=,2026-09-28,Relación padre-hijo utilizada por la estructura navegable.
rel-0290,sre-amexcid,Agencia Mexicana de Cooperación Internacional para el Desarrollo,jerarquía / adscripción,sec-1,Secretaría de Relaciones Exteriores,Acuerdo por el que se adscriben orgánicamente las unidades administrativas de la Secretaría de Relaciones Exteriores,https://www.dof.gob.mx/abrirPDF.php?anio=2026&archivo=20022026-MAT.pdf&repo=,2026-09-28,Relación padre-hijo utilizada por la estructura navegable.
rel-0291,sre-repex,Representaciones de México en el exterior,jerarquía / adscripción,sec-1,Secretaría de Relaciones Exteriores,Acuerdo por el que se adscriben orgánicamente las unidades administrativas de la Secretaría de Relaciones Exteriores,https://www.dof.gob.mx/abrirPDF.php?anio=2026&archivo=20022026-MAT.pdf&repo=,2026-09-28,Relación padre-hijo utilizada por la estructura navegable.
rel-0292,sre-dg-africa,"Dirección General para África, Asia Central y Medio Oriente",jerarquía / adscripción,sre-sub-re,Subsecretaría de Relaciones Exteriores,Acuerdo por el que se adscriben orgánicamente las unidades administrativas de la Secretaría de Relaciones Exteriores,https://www.dof.gob.mx/abrirPDF.php?anio=2026&archivo=20022026-MAT.pdf&repo=,2026-09-28,Relación padre-hijo utilizada por la estructura navegable.
rel-0293,sre-dg-asiapac,Dirección General para Asia-Pacífico,jerarquía / adscripción,sre-sub-re,Subsecretaría de Relaciones Exteriores,Acuerdo por el que se adscriben orgánicamente las unidades administrativas de la Secretaría de Relaciones Exteriores,https://www.dof.gob.mx/abrirPDF.php?anio=2026&archivo=20022026-MAT.pdf&repo=,2026-09-28,Relación padre-hijo utilizada por la estructura navegable.
rel-0294,sre-dg-europa,Dirección General para Europa,jerarquía / adscripción,sre-sub-re,Subsecretaría de Relaciones Exteriores,Acuerdo por el que se adscriben orgánicamente las unidades administrativas de la Secretaría de Relaciones Exteriores,https://www.dof.gob.mx/abrirPDF.php?anio=2026&archivo=20022026-MAT.pdf&repo=,2026-09-28,Relación padre-hijo utilizada por la estructura navegable.
rel-0295,sre-imr,Instituto Matías Romero,jerarquía / adscripción,sre-sub-re,Subsecretaría de Relaciones Exteriores,Acuerdo por el que se adscriben orgánicamente las unidades administrativas de la Secretaría de Relaciones Exteriores,https://www.dof.gob.mx/abrirPDF.php?anio=2026&archivo=20022026-MAT.pdf&repo=,2026-09-28,Relación padre-hijo utilizada por la estructura navegable.
rel-0296,sre-dg-frontera,Dirección General de Asuntos Especiales y Modernización Fronteriza,jerarquía / adscripción,sre-sub-na,Subsecretaría para América del Norte,Acuerdo por el que se adscriben orgánicamente las unidades administrativas de la Secretaría de Relaciones Exteriores,https://www.dof.gob.mx/abrirPDF.php?anio=2026&archivo=20022026-MAT.pdf&repo=,2026-09-28,Relación padre-hijo utilizada por la estructura navegable.
rel-0297,sre-dg-protcons,Dirección General de Protección Consular,jerarquía / adscripción,sre-sub-na,Subsecretaría para América del Norte,Acuerdo por el que se adscriben orgánicamente las unidades administrativas de la Secretaría de Relaciones Exteriores,https://www.dof.gob.mx/abrirPDF.php?anio=2026&archivo=20022026-MAT.pdf&repo=,2026-09-28,Relación padre-hijo utilizada por la estructura navegable.
rel-0298,sre-dg-servcons,Dirección General de Servicios Consulares,jerarquía / adscripción,sre-sub-na,Subsecretaría para América del Norte,Acuerdo por el que se adscriben orgánicamente las unidades administrativas de la Secretaría de Relaciones Exteriores,https://www.dof.gob.mx/abrirPDF.php?anio=2026&archivo=20022026-MAT.pdf&repo=,2026-09-28,Relación padre-hijo utilizada por la estructura navegable.
rel-0299,sre-dg-estratna,Dirección General de Estrategia Diplomática para América del Norte,jerarquía / adscripción,sre-sub-na,Subsecretaría para América del Norte,Acuerdo por el que se adscriben orgánicamente las unidades administrativas de la Secretaría de Relaciones Exteriores,https://www.dof.gob.mx/abrirPDF.php?anio=2026&archivo=20022026-MAT.pdf&repo=,2026-09-28,Relación padre-hijo utilizada por la estructura navegable.
rel-0300,sre-dg-movhum,Dirección General de Movilidad Humana y Desarrollo,jerarquía / adscripción,sre-sub-na,Subsecretaría para América del Norte,Acuerdo por el que se adscriben orgánicamente las unidades administrativas de la Secretaría de Relaciones Exteriores,https://www.dof.gob.mx/abrirPDF.php?anio=2026&archivo=20022026-MAT.pdf&repo=,2026-09-28,Relación padre-hijo utilizada por la estructura navegable.
rel-0301,sre-cila-eu,Sección Mexicana de la Comisión Internacional de Límites y Aguas México-Estados Unidos,jerarquía / adscripción,sre-sub-na,Subsecretaría para América del Norte,Acuerdo por el que se adscriben orgánicamente las unidades administrativas de la Secretaría de Relaciones Exteriores,https://www.dof.gob.mx/abrirPDF.php?anio=2026&archivo=20022026-MAT.pdf&repo=,2026-09-28,Relación padre-hijo utilizada por la estructura navegable.
rel-0302,sre-dg-centrocar,Dirección General para Centroamérica y el Caribe,jerarquía / adscripción,sre-sub-alc,Subsecretaría para América Latina y el Caribe,Acuerdo por el que se adscriben orgánicamente las unidades administrativas de la Secretaría de Relaciones Exteriores,https://www.dof.gob.mx/abrirPDF.php?anio=2026&archivo=20022026-MAT.pdf&repo=,2026-09-28,Relación padre-hijo utilizada por la estructura navegable.
rel-0303,sre-dg-amsur,Dirección General para América del Sur,jerarquía / adscripción,sre-sub-alc,Subsecretaría para América Latina y el Caribe,Acuerdo por el que se adscriben orgánicamente las unidades administrativas de la Secretaría de Relaciones Exteriores,https://www.dof.gob.mx/abrirPDF.php?anio=2026&archivo=20022026-MAT.pdf&repo=,2026-09-28,Relación padre-hijo utilizada por la estructura navegable.
rel-0304,sre-dg-orgam,Dirección General de Organismos y Mecanismos Regionales Americanos,jerarquía / adscripción,sre-sub-alc,Subsecretaría para América Latina y el Caribe,Acuerdo por el que se adscriben orgánicamente las unidades administrativas de la Secretaría de Relaciones Exteriores,https://www.dof.gob.mx/abrirPDF.php?anio=2026&archivo=20022026-MAT.pdf&repo=,2026-09-28,Relación padre-hijo utilizada por la estructura navegable.
rel-0305,sre-cila-gb,Sección Mexicana de las Comisiones Internacionales de Límites y Aguas México-Guatemala y México-Belice,jerarquía / adscripción,sre-sub-alc,Subsecretaría para América Latina y el Caribe,Acuerdo por el que se adscriben orgánicamente las unidades administrativas de la Secretaría de Relaciones Exteriores,https://www.dof.gob.mx/abrirPDF.php?anio=2026&archivo=20022026-MAT.pdf&repo=,2026-09-28,Relación padre-hijo utilizada por la estructura navegable.
rel-0306,sre-dg-globales,Dirección General para Temas Globales,jerarquía / adscripción,sre-sub-mult,Subsecretaría para Asuntos Multilaterales y Derechos Humanos,Acuerdo por el que se adscriben orgánicamente las unidades administrativas de la Secretaría de Relaciones Exteriores,https://www.dof.gob.mx/abrirPDF.php?anio=2026&archivo=20022026-MAT.pdf&repo=,2026-09-28,Relación padre-hijo utilizada por la estructura navegable.
rel-0307,sre-dg-onu,Dirección General para la Organización de las Naciones Unidas,jerarquía / adscripción,sre-sub-mult,Subsecretaría para Asuntos Multilaterales y Derechos Humanos,Acuerdo por el que se adscriben orgánicamente las unidades administrativas de la Secretaría de Relaciones Exteriores,https://www.dof.gob.mx/abrirPDF.php?anio=2026&archivo=20022026-MAT.pdf&repo=,2026-09-28,Relación padre-hijo utilizada por la estructura navegable.
rel-0308,sre-dg-ddhh,Dirección General de Derechos Humanos y Democracia,jerarquía / adscripción,sre-sub-mult,Subsecretaría para Asuntos Multilaterales y Derechos Humanos,Acuerdo por el que se adscriben orgánicamente las unidades administrativas de la Secretaría de Relaciones Exteriores,https://www.dof.gob.mx/abrirPDF.php?anio=2026&archivo=20022026-MAT.pdf&repo=,2026-09-28,Relación padre-hijo utilizada por la estructura navegable.
rel-0309,sre-dg-vincosc,Dirección General de Vinculación con las Organizaciones de la Sociedad Civil,jerarquía / adscripción,sre-sub-mult,Subsecretaría para Asuntos Multilaterales y Derechos Humanos,Acuerdo por el que se adscriben orgánicamente las unidades administrativas de la Secretaría de Relaciones Exteriores,https://www.dof.gob.mx/abrirPDF.php?anio=2026&archivo=20022026-MAT.pdf&repo=,2026-09-28,Relación padre-hijo utilizada por la estructura navegable.
rel-0310,sre-dg-serh,Dirección General del Servicio Exterior y de Recursos Humanos,jerarquía / adscripción,sre-uaf,Unidad de Administración y Finanzas,Acuerdo por el que se adscriben orgánicamente las unidades administrativas de la Secretaría de Relaciones Exteriores,https://www.dof.gob.mx/abrirPDF.php?anio=2026&archivo=20022026-MAT.pdf&repo=,2026-09-28,Relación padre-hijo utilizada por la estructura navegable.
rel-0311,sre-dg-pp,"Dirección General de Programación, Organización y Presupuesto",jerarquía / adscripción,sre-uaf,Unidad de Administración y Finanzas,Acuerdo por el que se adscriben orgánicamente las unidades administrativas de la Secretaría de Relaciones Exteriores,https://www.dof.gob.mx/abrirPDF.php?anio=2026&archivo=20022026-MAT.pdf&repo=,2026-09-28,Relación padre-hijo utilizada por la estructura navegable.
rel-0312,sre-dg-birm,Dirección General de Bienes Inmuebles y Recursos Materiales,jerarquía / adscripción,sre-uaf,Unidad de Administración y Finanzas,Acuerdo por el que se adscriben orgánicamente las unidades administrativas de la Secretaría de Relaciones Exteriores,https://www.dof.gob.mx/abrirPDF.php?anio=2026&archivo=20022026-MAT.pdf&repo=,2026-09-28,Relación padre-hijo utilizada por la estructura navegable.
rel-0313,sre-dg-ti,Dirección General de Tecnologías de Información y Digitalización,jerarquía / adscripción,sre-uaf,Unidad de Administración y Finanzas,Acuerdo por el que se adscriben orgánicamente las unidades administrativas de la Secretaría de Relaciones Exteriores,https://www.dof.gob.mx/abrirPDF.php?anio=2026&archivo=20022026-MAT.pdf&repo=,2026-09-28,Relación padre-hijo utilizada por la estructura navegable.
rel-0314,sre-dg-pas,Dirección General de Oficinas de Pasaportes,jerarquía / adscripción,sre-uaf,Unidad de Administración y Finanzas,Acuerdo por el que se adscriben orgánicamente las unidades administrativas de la Secretaría de Relaciones Exteriores,https://www.dof.gob.mx/abrirPDF.php?anio=2026&archivo=20022026-MAT.pdf&repo=,2026-09-28,Relación padre-hijo utilizada por la estructura navegable.
rel-0315,sre-dg-ahd,Dirección General del Acervo Histórico Diplomático,jerarquía / adscripción,sre-consjur,Consultoría Jurídica,Acuerdo por el que se adscriben orgánicamente las unidades administrativas de la Secretaría de Relaciones Exteriores,https://www.dof.gob.mx/abrirPDF.php?anio=2026&archivo=20022026-MAT.pdf&repo=,2026-09-28,Relación padre-hijo utilizada por la estructura navegable.
rel-0316,sre-amex-proy,"Dirección General de Proyectos de Cooperación Internacional para el Desarrollo, Ayuda Humanitaria y Vinculación",jerarquía / adscripción,sre-amexcid,Agencia Mexicana de Cooperación Internacional para el Desarrollo,Acuerdo por el que se adscriben orgánicamente las unidades administrativas de la Secretaría de Relaciones Exteriores,https://www.dof.gob.mx/abrirPDF.php?anio=2026&archivo=20022026-MAT.pdf&repo=,2026-09-28,Relación padre-hijo utilizada por la estructura navegable.
rel-0317,sre-amex-plan,"Dirección General de Planeación, Evaluación y Cooperación Internacional para el Desarrollo",jerarquía / adscripción,sre-amexcid,Agencia Mexicana de Cooperación Internacional para el Desarrollo,Acuerdo por el que se adscriben orgánicamente las unidades administrativas de la Secretaría de Relaciones Exteriores,https://www.dof.gob.mx/abrirPDF.php?anio=2026&archivo=20022026-MAT.pdf&repo=,2026-09-28,Relación padre-hijo utilizada por la estructura navegable.
rel-0318,sre-amex-cyt,"Dirección General de Proyectos de Cooperación Internacional para el Desarrollo, Ciencia, Tecnología y Entidades Federativas",jerarquía / adscripción,sre-amexcid,Agencia Mexicana de Cooperación Internacional para el Desarrollo,Acuerdo por el que se adscriben orgánicamente las unidades administrativas de la Secretaría de Relaciones Exteriores,https://www.dof.gob.mx/abrirPDF.php?anio=2026&archivo=20022026-MAT.pdf&repo=,2026-09-28,Relación padre-hijo utilizada por la estructura navegable.
rel-0319,sre-amex-becas,"Dirección General de Proyectos de Cooperación Internacional para el Desarrollo, Convenios y Becas",jerarquía / adscripción,sre-amexcid,Agencia Mexicana de Cooperación Internacional para el Desarrollo,Acuerdo por el que se adscriben orgánicamente las unidades administrativas de la Secretaría de Relaciones Exteriores,https://www.dof.gob.mx/abrirPDF.php?anio=2026&archivo=20022026-MAT.pdf&repo=,2026-09-28,Relación padre-hijo utilizada por la estructura navegable.
rel-0320,sre-amex-fondos,Dirección General de Proyectos Especiales y Fondos de Cooperación Internacional para el Desarrollo,jerarquía / adscripción,sre-amexcid,Agencia Mexicana de Cooperación Internacional para el Desarrollo,Acuerdo por el que se adscriben orgánicamente las unidades administrativas de la Secretaría de Relaciones Exteriores,https://www.dof.gob.mx/abrirPDF.php?anio=2026&archivo=20022026-MAT.pdf&repo=,2026-09-28,Relación padre-hijo utilizada por la estructura navegable.
rel-0321,sre-pas-of,Oficinas de Pasaportes,jerarquía / adscripción,sre-dg-pas,Dirección General de Oficinas de Pasaportes,Acuerdo por el que se adscriben orgánicamente las unidades administrativas de la Secretaría de Relaciones Exteriores,https://www.dof.gob.mx/abrirPDF.php?anio=2026&archivo=20022026-MAT.pdf&repo=,2026-09-28,Relación padre-hijo utilizada por la estructura navegable.
rel-0322,sspc-sub-int,Subsecretaría de Inteligencia e Investigación Policial,jerarquía / adscripción,sec-4,Secretaría de Seguridad y Protección Ciudadana,Reglamento Interior de la Secretaría de Seguridad y Protección Ciudadana,https://www.dof.gob.mx/nota_detalle.php?codigo=5760917&fecha=24/06/2025,2026-09-28,Relación padre-hijo utilizada por la estructura navegable.
rel-0323,sspc-sub-pol,"Subsecretaría de Política Criminal, Vinculación y Protección Civil",jerarquía / adscripción,sec-4,Secretaría de Seguridad y Protección Ciudadana,Reglamento Interior de la Secretaría de Seguridad y Protección Ciudadana,https://www.dof.gob.mx/nota_detalle.php?codigo=5760917&fecha=24/06/2025,2026-09-28,Relación padre-hijo utilizada por la estructura navegable.
rel-0324,sspc-sub-prev,Subsecretaría de Prevención de las Violencias,jerarquía / adscripción,sec-4,Secretaría de Seguridad y Protección Ciudadana,Reglamento Interior de la Secretaría de Seguridad y Protección Ciudadana,https://www.dof.gob.mx/nota_detalle.php?codigo=5760917&fecha=24/06/2025,2026-09-28,Relación padre-hijo utilizada por la estructura navegable.
rel-0325,sspc-u-do,Unidad de Investigación de Delitos en Materia de Delincuencia Organizada y Delitos Contenidos en Leyes Especiales,jerarquía / adscripción,sec-4,Secretaría de Seguridad y Protección Ciudadana,Reglamento Interior de la Secretaría de Seguridad y Protección Ciudadana,https://www.dof.gob.mx/nota_detalle.php?codigo=5760917&fecha=24/06/2025,2026-09-28,Relación padre-hijo utilizada por la estructura navegable.
rel-0326,sspc-u-anal,"Unidad de Análisis, Investigación de Gabinete e Inteligencia Policial",jerarquía / adscripción,sec-4,Secretaría de Seguridad y Protección Ciudadana,Reglamento Interior de la Secretaría de Seguridad y Protección Ciudadana,https://www.dof.gob.mx/nota_detalle.php?codigo=5760917&fecha=24/06/2025,2026-09-28,Relación padre-hijo utilizada por la estructura navegable.
rel-0327,sspc-u-alto,Unidad de Investigación de Delitos de Alto Impacto y Operaciones Estratégicas,jerarquía / adscripción,sec-4,Secretaría de Seguridad y Protección Ciudadana,Reglamento Interior de la Secretaría de Seguridad y Protección Ciudadana,https://www.dof.gob.mx/nota_detalle.php?codigo=5760917&fecha=24/06/2025,2026-09-28,Relación padre-hijo utilizada por la estructura navegable.
rel-0328,sspc-u-anti,Unidad de Antisecuestro y Antiextorsión,jerarquía / adscripción,sec-4,Secretaría de Seguridad y Protección Ciudadana,Reglamento Interior de la Secretaría de Seguridad y Protección Ciudadana,https://www.dof.gob.mx/nota_detalle.php?codigo=5760917&fecha=24/06/2025,2026-09-28,Relación padre-hijo utilizada por la estructura navegable.
rel-0329,sspc-u-trans,Unidad para la Atención de Delitos Transnacionales,jerarquía / adscripción,sec-4,Secretaría de Seguridad y Protección Ciudadana,Reglamento Interior de la Secretaría de Seguridad y Protección Ciudadana,https://www.dof.gob.mx/nota_detalle.php?codigo=5760917&fecha=24/06/2025,2026-09-28,Relación padre-hijo utilizada por la estructura navegable.
rel-0330,sspc-u-ciber,"Unidad de Inteligencia, Investigación Cibernética y Operaciones Tecnológicas",jerarquía / adscripción,sec-4,Secretaría de Seguridad y Protección Ciudadana,Reglamento Interior de la Secretaría de Seguridad y Protección Ciudadana,https://www.dof.gob.mx/nota_detalle.php?codigo=5760917&fecha=24/06/2025,2026-09-28,Relación padre-hijo utilizada por la estructura navegable.
rel-0331,sspc-u-infra,Unidad de Infraestructura Informática y Vinculación Tecnológica,jerarquía / adscripción,sec-4,Secretaría de Seguridad y Protección Ciudadana,Reglamento Interior de la Secretaría de Seguridad y Protección Ciudadana,https://www.dof.gob.mx/nota_detalle.php?codigo=5760917&fecha=24/06/2025,2026-09-28,Relación padre-hijo utilizada por la estructura navegable.
rel-0332,sspc-u-plan,Unidad de Planeación Estratégica y Vinculación Interinstitucional e Internacional,jerarquía / adscripción,sec-4,Secretaría de Seguridad y Protección Ciudadana,Reglamento Interior de la Secretaría de Seguridad y Protección Ciudadana,https://www.dof.gob.mx/nota_detalle.php?codigo=5760917&fecha=24/06/2025,2026-09-28,Relación padre-hijo utilizada por la estructura navegable.
rel-0333,sspc-u-polpen,Unidad de Política Policial y Penitenciaria,jerarquía / adscripción,sec-4,Secretaría de Seguridad y Protección Ciudadana,Reglamento Interior de la Secretaría de Seguridad y Protección Ciudadana,https://www.dof.gob.mx/nota_detalle.php?codigo=5760917&fecha=24/06/2025,2026-09-28,Relación padre-hijo utilizada por la estructura navegable.
rel-0334,sspc-cnpc,Coordinación Nacional de Protección Civil,jerarquía / adscripción,sec-4,Secretaría de Seguridad y Protección Ciudadana,Reglamento Interior de la Secretaría de Seguridad y Protección Ciudadana,https://www.dof.gob.mx/nota_detalle.php?codigo=5760917&fecha=24/06/2025,2026-09-28,Relación padre-hijo utilizada por la estructura navegable.
rel-0335,sspc-u-paz,Unidad para el Fomento de la Paz,jerarquía / adscripción,sec-4,Secretaría de Seguridad y Protección Ciudadana,Reglamento Interior de la Secretaría de Seguridad y Protección Ciudadana,https://www.dof.gob.mx/nota_detalle.php?codigo=5760917&fecha=24/06/2025,2026-09-28,Relación padre-hijo utilizada por la estructura navegable.
rel-0336,sspc-u-jur,"Unidad General de Asuntos Jurídicos, Derechos Humanos y Transparencia",jerarquía / adscripción,sec-4,Secretaría de Seguridad y Protección Ciudadana,Reglamento Interior de la Secretaría de Seguridad y Protección Ciudadana,https://www.dof.gob.mx/nota_detalle.php?codigo=5760917&fecha=24/06/2025,2026-09-28,Relación padre-hijo utilizada por la estructura navegable.
rel-0337,sspc-uaf,Unidad de Administración y Finanzas,jerarquía / adscripción,sec-4,Secretaría de Seguridad y Protección Ciudadana,Reglamento Interior de la Secretaría de Seguridad y Protección Ciudadana,https://www.dof.gob.mx/nota_detalle.php?codigo=5760917&fecha=24/06/2025,2026-09-28,Relación padre-hijo utilizada por la estructura navegable.
rel-0338,sspc-u-ai,Unidad de Asuntos Internos,jerarquía / adscripción,sec-4,Secretaría de Seguridad y Protección Ciudadana,Reglamento Interior de la Secretaría de Seguridad y Protección Ciudadana,https://www.dof.gob.mx/nota_detalle.php?codigo=5760917&fecha=24/06/2025,2026-09-28,Relación padre-hijo utilizada por la estructura navegable.
rel-0339,sspc-spf,Servicio de Protección Federal,jerarquía / adscripción,sec-4,Secretaría de Seguridad y Protección Ciudadana,Reglamento Interior de la Secretaría de Seguridad y Protección Ciudadana,https://www.dof.gob.mx/nota_detalle.php?codigo=5760917&fecha=24/06/2025,2026-09-28,Relación padre-hijo utilizada por la estructura navegable.
rel-0340,sspc-prs,Prevención y Reinserción Social,jerarquía / adscripción,sec-4,Secretaría de Seguridad y Protección Ciudadana,Reglamento Interior de la Secretaría de Seguridad y Protección Ciudadana,https://www.dof.gob.mx/nota_detalle.php?codigo=5760917&fecha=24/06/2025,2026-09-28,Relación padre-hijo utilizada por la estructura navegable.
rel-0341,sspc-cenapred,Centro Nacional de Prevención de Desastres,jerarquía / adscripción,sec-4,Secretaría de Seguridad y Protección Ciudadana,Reglamento Interior de la Secretaría de Seguridad y Protección Ciudadana,https://www.dof.gob.mx/nota_detalle.php?codigo=5760917&fecha=24/06/2025,2026-09-28,Relación padre-hijo utilizada por la estructura navegable.
rel-0342,sspc-cni,Centro Nacional de Inteligencia,jerarquía / adscripción,sec-4,Secretaría de Seguridad y Protección Ciudadana,Reglamento Interior de la Secretaría de Seguridad y Protección Ciudadana,https://www.dof.gob.mx/nota_detalle.php?codigo=5760917&fecha=24/06/2025,2026-09-28,Relación padre-hijo utilizada por la estructura navegable.
rel-0343,sspc-sesnsp,Secretariado Ejecutivo del Sistema Nacional de Seguridad Pública,jerarquía / adscripción,sec-4,Secretaría de Seguridad y Protección Ciudadana,Reglamento Interior de la Secretaría de Seguridad y Protección Ciudadana,https://www.dof.gob.mx/nota_detalle.php?codigo=5760917&fecha=24/06/2025,2026-09-28,Relación padre-hijo utilizada por la estructura navegable.
rel-0344,bien-dg-com,Dirección General de Comunicación Social,jerarquía / adscripción,sec-6,Secretaría de Bienestar,Manual de Organización General de la Secretaría de Bienestar,https://dof.gob.mx/abrirPDF.php?anio=2024&archivo=19062024-MAT.pdf&repo=,2026-09-28,Relación padre-hijo utilizada por la estructura navegable.
rel-0345,bien-dg-reg,Dirección General de Desarrollo Regional,jerarquía / adscripción,sec-6,Secretaría de Bienestar,Manual de Organización General de la Secretaría de Bienestar,https://dof.gob.mx/abrirPDF.php?anio=2024&archivo=19062024-MAT.pdf&repo=,2026-09-28,Relación padre-hijo utilizada por la estructura navegable.
rel-0346,bien-u-del,Unidad de Coordinación de Delegaciones,jerarquía / adscripción,sec-6,Secretaría de Bienestar,Manual de Organización General de la Secretaría de Bienestar,https://dof.gob.mx/abrirPDF.php?anio=2024&archivo=19062024-MAT.pdf&repo=,2026-09-28,Relación padre-hijo utilizada por la estructura navegable.
rel-0347,bien-u-vinc,Unidad de Vinculación Interinstitucional,jerarquía / adscripción,sec-6,Secretaría de Bienestar,Manual de Organización General de la Secretaría de Bienestar,https://dof.gob.mx/abrirPDF.php?anio=2024&archivo=19062024-MAT.pdf&repo=,2026-09-28,Relación padre-hijo utilizada por la estructura navegable.
rel-0348,bien-dg-cohesion,Dirección General para el Bienestar y la Cohesión Social,jerarquía / adscripción,sec-6,Secretaría de Bienestar,Manual de Organización General de la Secretaría de Bienestar,https://dof.gob.mx/abrirPDF.php?anio=2024&archivo=19062024-MAT.pdf&repo=,2026-09-28,Relación padre-hijo utilizada por la estructura navegable.
rel-0349,bien-sub,Subsecretaría de Bienestar,jerarquía / adscripción,sec-6,Secretaría de Bienestar,Manual de Organización General de la Secretaría de Bienestar,https://dof.gob.mx/abrirPDF.php?anio=2024&archivo=19062024-MAT.pdf&repo=,2026-09-28,Relación padre-hijo utilizada por la estructura navegable.
rel-0350,bien-sub-inc,Subsecretaría de Inclusión Productiva y Desarrollo Rural,jerarquía / adscripción,sec-6,Secretaría de Bienestar,Manual de Organización General de la Secretaría de Bienestar,https://dof.gob.mx/abrirPDF.php?anio=2024&archivo=19062024-MAT.pdf&repo=,2026-09-28,Relación padre-hijo utilizada por la estructura navegable.
rel-0351,bien-uaf,Unidad de Administración y Finanzas,jerarquía / adscripción,sec-6,Secretaría de Bienestar,Manual de Organización General de la Secretaría de Bienestar,https://dof.gob.mx/abrirPDF.php?anio=2024&archivo=19062024-MAT.pdf&repo=,2026-09-28,Relación padre-hijo utilizada por la estructura navegable.
rel-0352,bien-uagct,Unidad del Abogado General y Comisionado para la Transparencia,jerarquía / adscripción,sec-6,Secretaría de Bienestar,Manual de Organización General de la Secretaría de Bienestar,https://dof.gob.mx/abrirPDF.php?anio=2024&archivo=19062024-MAT.pdf&repo=,2026-09-28,Relación padre-hijo utilizada por la estructura navegable.
rel-0353,bien-u-plan,Unidad de Planeación y Evaluación de Programas para el Desarrollo,jerarquía / adscripción,sec-6,Secretaría de Bienestar,Manual de Organización General de la Secretaría de Bienestar,https://dof.gob.mx/abrirPDF.php?anio=2024&archivo=19062024-MAT.pdf&repo=,2026-09-28,Relación padre-hijo utilizada por la estructura navegable.
rel-0354,bien-inaes,Instituto Nacional de la Economía Social,jerarquía / adscripción,sec-6,Secretaría de Bienestar,Manual de Organización General de la Secretaría de Bienestar,https://dof.gob.mx/abrirPDF.php?anio=2024&archivo=19062024-MAT.pdf&repo=,2026-09-28,Relación padre-hijo utilizada por la estructura navegable.
rel-0355,bien-deleg,Delegaciones de Programas para el Desarrollo,jerarquía / adscripción,sec-6,Secretaría de Bienestar,Manual de Organización General de la Secretaría de Bienestar,https://dof.gob.mx/abrirPDF.php?anio=2024&archivo=19062024-MAT.pdf&repo=,2026-09-28,Relación padre-hijo utilizada por la estructura navegable.
rel-0356,bien-u-grupos,Unidad para la Atención de Grupos Prioritarios,jerarquía / adscripción,bien-sub,Subsecretaría de Bienestar,Manual de Organización General de la Secretaría de Bienestar,https://dof.gob.mx/abrirPDF.php?anio=2024&archivo=19062024-MAT.pdf&repo=,2026-09-28,Relación padre-hijo utilizada por la estructura navegable.
rel-0357,bien-dg-adultos,Dirección General para el Bienestar de las Personas Adultas Mayores,jerarquía / adscripción,bien-u-grupos,Unidad para la Atención de Grupos Prioritarios,Manual de Organización General de la Secretaría de Bienestar,https://dof.gob.mx/abrirPDF.php?anio=2024&archivo=19062024-MAT.pdf&repo=,2026-09-28,Relación padre-hijo utilizada por la estructura navegable.
rel-0358,bien-dg-disc,Dirección General para el Bienestar de las Personas con Discapacidad,jerarquía / adscripción,bien-u-grupos,Unidad para la Atención de Grupos Prioritarios,Manual de Organización General de la Secretaría de Bienestar,https://dof.gob.mx/abrirPDF.php?anio=2024&archivo=19062024-MAT.pdf&repo=,2026-09-28,Relación padre-hijo utilizada por la estructura navegable.
rel-0359,bien-dg-nna,"Dirección General para el Bienestar de las Niñas, Niños y Adolescentes",jerarquía / adscripción,bien-u-grupos,Unidad para la Atención de Grupos Prioritarios,Manual de Organización General de la Secretaría de Bienestar,https://dof.gob.mx/abrirPDF.php?anio=2024&archivo=19062024-MAT.pdf&repo=,2026-09-28,Relación padre-hijo utilizada por la estructura navegable.
rel-0360,bien-dg-valid,Dirección General para la Validación de Beneficiarios,jerarquía / adscripción,bien-u-grupos,Unidad para la Atención de Grupos Prioritarios,Manual de Organización General de la Secretaría de Bienestar,https://dof.gob.mx/abrirPDF.php?anio=2024&archivo=19062024-MAT.pdf&repo=,2026-09-28,Relación padre-hijo utilizada por la estructura navegable.
rel-0361,bien-dg-oper,Dirección General de Operación Integral de Programas,jerarquía / adscripción,bien-u-grupos,Unidad para la Atención de Grupos Prioritarios,Manual de Organización General de la Secretaría de Bienestar,https://dof.gob.mx/abrirPDF.php?anio=2024&archivo=19062024-MAT.pdf&repo=,2026-09-28,Relación padre-hijo utilizada por la estructura navegable.
rel-0362,bien-dg-seg,Dirección General de Seguimiento y Evaluación,jerarquía / adscripción,bien-sub,Subsecretaría de Bienestar,Manual de Organización General de la Secretaría de Bienestar,https://dof.gob.mx/abrirPDF.php?anio=2024&archivo=19062024-MAT.pdf&repo=,2026-09-28,Relación padre-hijo utilizada por la estructura navegable.
rel-0363,bien-dg-org,"Dirección General de Organización, Formación e Inclusión Productiva",jerarquía / adscripción,bien-sub-inc,Subsecretaría de Inclusión Productiva y Desarrollo Rural,Manual de Organización General de la Secretaría de Bienestar,https://dof.gob.mx/abrirPDF.php?anio=2024&archivo=19062024-MAT.pdf&repo=,2026-09-28,Relación padre-hijo utilizada por la estructura navegable.
rel-0364,bien-dg-log,Dirección General de Seguimiento y Logística para el Desarrollo Rural y Productivo,jerarquía / adscripción,bien-sub-inc,Subsecretaría de Inclusión Productiva y Desarrollo Rural,Manual de Organización General de la Secretaría de Bienestar,https://dof.gob.mx/abrirPDF.php?anio=2024&archivo=19062024-MAT.pdf&repo=,2026-09-28,Relación padre-hijo utilizada por la estructura navegable.
rel-0365,bien-dg-agro,Dirección General de Instrumentación de Programas de Agroforestería,jerarquía / adscripción,bien-sub-inc,Subsecretaría de Inclusión Productiva y Desarrollo Rural,Manual de Organización General de la Secretaría de Bienestar,https://dof.gob.mx/abrirPDF.php?anio=2024&archivo=19062024-MAT.pdf&repo=,2026-09-28,Relación padre-hijo utilizada por la estructura navegable.
rel-0366,bien-dg-vincrur,Dirección General de Vinculación y Estrategias de Programas de Desarrollo Rural,jerarquía / adscripción,bien-sub-inc,Subsecretaría de Inclusión Productiva y Desarrollo Rural,Manual de Organización General de la Secretaría de Bienestar,https://dof.gob.mx/abrirPDF.php?anio=2024&archivo=19062024-MAT.pdf&repo=,2026-09-28,Relación padre-hijo utilizada por la estructura navegable.
rel-0367,bien-dg-pp,Dirección General de Programación y Presupuesto,jerarquía / adscripción,bien-uaf,Unidad de Administración y Finanzas,Manual de Organización General de la Secretaría de Bienestar,https://dof.gob.mx/abrirPDF.php?anio=2024&archivo=19062024-MAT.pdf&repo=,2026-09-28,Relación padre-hijo utilizada por la estructura navegable.
rel-0368,bien-dg-rm,Dirección General de Recursos Materiales,jerarquía / adscripción,bien-uaf,Unidad de Administración y Finanzas,Manual de Organización General de la Secretaría de Bienestar,https://dof.gob.mx/abrirPDF.php?anio=2024&archivo=19062024-MAT.pdf&repo=,2026-09-28,Relación padre-hijo utilizada por la estructura navegable.
rel-0369,bien-dg-rh,Dirección General de Recursos Humanos,jerarquía / adscripción,bien-uaf,Unidad de Administración y Finanzas,Manual de Organización General de la Secretaría de Bienestar,https://dof.gob.mx/abrirPDF.php?anio=2024&archivo=19062024-MAT.pdf&repo=,2026-09-28,Relación padre-hijo utilizada por la estructura navegable.
rel-0370,bien-dg-ti,Dirección General de Tecnologías de la Información y Comunicaciones,jerarquía / adscripción,bien-uaf,Unidad de Administración y Finanzas,Manual de Organización General de la Secretaría de Bienestar,https://dof.gob.mx/abrirPDF.php?anio=2024&archivo=19062024-MAT.pdf&repo=,2026-09-28,Relación padre-hijo utilizada por la estructura navegable.
rel-0371,bien-dg-proc,Dirección General de Procesos y Estructuras Organizacionales,jerarquía / adscripción,bien-uaf,Unidad de Administración y Finanzas,Manual de Organización General de la Secretaría de Bienestar,https://dof.gob.mx/abrirPDF.php?anio=2024&archivo=19062024-MAT.pdf&repo=,2026-09-28,Relación padre-hijo utilizada por la estructura navegable.
rel-0372,bien-dg-norm,Dirección General de Normatividad y Asuntos Contenciosos,jerarquía / adscripción,bien-uagct,Unidad del Abogado General y Comisionado para la Transparencia,Manual de Organización General de la Secretaría de Bienestar,https://dof.gob.mx/abrirPDF.php?anio=2024&archivo=19062024-MAT.pdf&repo=,2026-09-28,Relación padre-hijo utilizada por la estructura navegable.
rel-0373,bien-dg-mon,Dirección General de Monitoreo y Evaluación para el Desarrollo,jerarquía / adscripción,bien-u-plan,Unidad de Planeación y Evaluación de Programas para el Desarrollo,Manual de Organización General de la Secretaría de Bienestar,https://dof.gob.mx/abrirPDF.php?anio=2024&archivo=19062024-MAT.pdf&repo=,2026-09-28,Relación padre-hijo utilizada por la estructura navegable.
rel-0374,bien-dg-plan,Dirección General de Planeación y Análisis,jerarquía / adscripción,bien-u-plan,Unidad de Planeación y Evaluación de Programas para el Desarrollo,Manual de Organización General de la Secretaría de Bienestar,https://dof.gob.mx/abrirPDF.php?anio=2024&archivo=19062024-MAT.pdf&repo=,2026-09-28,Relación padre-hijo utilizada por la estructura navegable.
rel-0375,bien-dg-pad,Dirección General de Padrones de Beneficiarios,jerarquía / adscripción,bien-u-plan,Unidad de Planeación y Evaluación de Programas para el Desarrollo,Manual de Organización General de la Secretaría de Bienestar,https://dof.gob.mx/abrirPDF.php?anio=2024&archivo=19062024-MAT.pdf&repo=,2026-09-28,Relación padre-hijo utilizada por la estructura navegable.
rel-0376,eco-sub-ind,Subsecretaría de Industria y Comercio,jerarquía / adscripción,sec-9,Secretaría de Economía,Acuerdo por el que se adscriben orgánicamente las unidades administrativas de la Secretaría de Economía,https://www.dof.gob.mx/abrirPDF.php?anio=2024&archivo=10042024-MAT.pdf&repo=,2026-09-28,Relación padre-hijo utilizada por la estructura navegable.
rel-0377,eco-sub-ext,Subsecretaría de Comercio Exterior,jerarquía / adscripción,sec-9,Secretaría de Economía,Acuerdo por el que se adscriben orgánicamente las unidades administrativas de la Secretaría de Economía,https://www.dof.gob.mx/abrirPDF.php?anio=2024&archivo=10042024-MAT.pdf&repo=,2026-09-28,Relación padre-hijo utilizada por la estructura navegable.
rel-0378,eco-uaf,Unidad de Administración y Finanzas,jerarquía / adscripción,sec-9,Secretaría de Economía,Acuerdo por el que se adscriben orgánicamente las unidades administrativas de la Secretaría de Economía,https://www.dof.gob.mx/abrirPDF.php?anio=2024&archivo=10042024-MAT.pdf&repo=,2026-09-28,Relación padre-hijo utilizada por la estructura navegable.
rel-0379,eco-uaj,Unidad de Apoyo Jurídico,jerarquía / adscripción,sec-9,Secretaría de Economía,Acuerdo por el que se adscriben orgánicamente las unidades administrativas de la Secretaría de Economía,https://www.dof.gob.mx/abrirPDF.php?anio=2024&archivo=10042024-MAT.pdf&repo=,2026-09-28,Relación padre-hijo utilizada por la estructura navegable.
rel-0380,eco-u-norm,"Unidad de Normatividad, Competitividad y Competencia",jerarquía / adscripción,sec-9,Secretaría de Economía,Acuerdo por el que se adscriben orgánicamente las unidades administrativas de la Secretaría de Economía,https://www.dof.gob.mx/abrirPDF.php?anio=2024&archivo=10042024-MAT.pdf&repo=,2026-09-28,Relación padre-hijo utilizada por la estructura navegable.
rel-0381,eco-u-ext,Unidad de Coordinación de Actividades Extractivas,jerarquía / adscripción,sec-9,Secretaría de Economía,Acuerdo por el que se adscriben orgánicamente las unidades administrativas de la Secretaría de Economía,https://www.dof.gob.mx/abrirPDF.php?anio=2024&archivo=10042024-MAT.pdf&repo=,2026-09-28,Relación padre-hijo utilizada por la estructura navegable.
rel-0382,eco-u-plan,"Unidad de Prospectiva, Planeación y Evaluación",jerarquía / adscripción,sec-9,Secretaría de Economía,Acuerdo por el que se adscriben orgánicamente las unidades administrativas de la Secretaría de Economía,https://www.dof.gob.mx/abrirPDF.php?anio=2024&archivo=10042024-MAT.pdf&repo=,2026-09-28,Relación padre-hijo utilizada por la estructura navegable.
rel-0383,eco-dg-vinc,Dirección General de Vinculación con el Sector Coordinado,jerarquía / adscripción,sec-9,Secretaría de Economía,Acuerdo por el que se adscriben orgánicamente las unidades administrativas de la Secretaría de Economía,https://www.dof.gob.mx/abrirPDF.php?anio=2024&archivo=10042024-MAT.pdf&repo=,2026-09-28,Relación padre-hijo utilizada por la estructura navegable.
rel-0384,eco-ocs,Oficina de Comunicación Social,jerarquía / adscripción,sec-9,Secretaría de Economía,Acuerdo por el que se adscriben orgánicamente las unidades administrativas de la Secretaría de Economía,https://www.dof.gob.mx/abrirPDF.php?anio=2024&archivo=10042024-MAT.pdf&repo=,2026-09-28,Relación padre-hijo utilizada por la estructura navegable.
rel-0385,eco-oel,Oficina de Enlace Legislativo,jerarquía / adscripción,sec-9,Secretaría de Economía,Acuerdo por el que se adscriben orgánicamente las unidades administrativas de la Secretaría de Economía,https://www.dof.gob.mx/abrirPDF.php?anio=2024&archivo=10042024-MAT.pdf&repo=,2026-09-28,Relación padre-hijo utilizada por la estructura navegable.
rel-0386,eco-dg-ppc,"Dirección General de Programación, Presupuesto y Contabilidad",jerarquía / adscripción,eco-uaf,Unidad de Administración y Finanzas,Manual de Organización General de la Secretaría de Economía,https://dof.gob.mx/nota_detalle.php?codigo=5641872&fecha=02/02/2022,2026-09-28,Relación padre-hijo utilizada por la estructura navegable.
rel-0387,eco-dg-rh,Dirección General de Recursos Humanos,jerarquía / adscripción,eco-uaf,Unidad de Administración y Finanzas,Manual de Organización General de la Secretaría de Economía,https://dof.gob.mx/nota_detalle.php?codigo=5641872&fecha=02/02/2022,2026-09-28,Relación padre-hijo utilizada por la estructura navegable.
rel-0388,eco-dg-rma,Dirección General de Recursos Materiales y Archivo,jerarquía / adscripción,eco-uaf,Unidad de Administración y Finanzas,Manual de Organización General de la Secretaría de Economía,https://dof.gob.mx/nota_detalle.php?codigo=5641872&fecha=02/02/2022,2026-09-28,Relación padre-hijo utilizada por la estructura navegable.
rel-0389,eco-dg-ti,Dirección General de Tecnologías de la Información,jerarquía / adscripción,eco-uaf,Unidad de Administración y Finanzas,Manual de Organización General de la Secretaría de Economía,https://dof.gob.mx/nota_detalle.php?codigo=5641872&fecha=02/02/2022,2026-09-28,Relación padre-hijo utilizada por la estructura navegable.
rel-0390,eco-coord-conv,Coordinación de Convenios y Contratos,jerarquía / adscripción,eco-uaj,Unidad de Apoyo Jurídico,Manual de Organización General de la Secretaría de Economía,https://dof.gob.mx/nota_detalle.php?codigo=5641872&fecha=02/02/2022,2026-09-28,Relación padre-hijo utilizada por la estructura navegable.
rel-0391,eco-coord-cont,Coordinación de lo Contencioso,jerarquía / adscripción,eco-uaj,Unidad de Apoyo Jurídico,Manual de Organización General de la Secretaría de Economía,https://dof.gob.mx/nota_detalle.php?codigo=5641872&fecha=02/02/2022,2026-09-28,Relación padre-hijo utilizada por la estructura navegable.
rel-0392,eco-dg-leg,Dirección General de Legislación y Consulta,jerarquía / adscripción,eco-uaj,Unidad de Apoyo Jurídico,Manual de Organización General de la Secretaría de Economía,https://dof.gob.mx/nota_detalle.php?codigo=5641872&fecha=02/02/2022,2026-09-28,Relación padre-hijo utilizada por la estructura navegable.
rel-0393,eco-dg-proc,Dirección General de Procedimientos Constitucionales y Legales,jerarquía / adscripción,eco-uaj,Unidad de Apoyo Jurídico,Manual de Organización General de la Secretaría de Economía,https://dof.gob.mx/nota_detalle.php?codigo=5641872&fecha=02/02/2022,2026-09-28,Relación padre-hijo utilizada por la estructura navegable.
rel-0394,eco-dg-normas,Dirección General de Normas,jerarquía / adscripción,eco-u-norm,"Unidad de Normatividad, Competitividad y Competencia",Manual de Organización General de la Secretaría de Economía,https://dof.gob.mx/nota_detalle.php?codigo=5641872&fecha=02/02/2022,2026-09-28,Relación padre-hijo utilizada por la estructura navegable.
rel-0395,eco-dg-normmerc,Dirección General de Normatividad Mercantil,jerarquía / adscripción,eco-u-norm,"Unidad de Normatividad, Competitividad y Competencia",Manual de Organización General de la Secretaría de Economía,https://dof.gob.mx/nota_detalle.php?codigo=5641872&fecha=02/02/2022,2026-09-28,Relación padre-hijo utilizada por la estructura navegable.
rel-0396,eco-dg-comp,Dirección General de Competitividad y Competencia,jerarquía / adscripción,eco-u-norm,"Unidad de Normatividad, Competitividad y Competencia",Manual de Organización General de la Secretaría de Economía,https://dof.gob.mx/nota_detalle.php?codigo=5641872&fecha=02/02/2022,2026-09-28,Relación padre-hijo utilizada por la estructura navegable.
rel-0397,eco-dg-apoyo,Dirección General de Apoyo Técnico,jerarquía / adscripción,eco-u-norm,"Unidad de Normatividad, Competitividad y Competencia",Manual de Organización General de la Secretaría de Economía,https://dof.gob.mx/nota_detalle.php?codigo=5641872&fecha=02/02/2022,2026-09-28,Relación padre-hijo utilizada por la estructura navegable.
rel-0398,eco-dg-minero,Dirección General de Desarrollo Minero,jerarquía / adscripción,eco-u-ext,Unidad de Coordinación de Actividades Extractivas,Manual de Organización General de la Secretaría de Economía,https://dof.gob.mx/nota_detalle.php?codigo=5641872&fecha=02/02/2022,2026-09-28,Relación padre-hijo utilizada por la estructura navegable.
rel-0399,eco-dg-minas,Dirección General de Minas,jerarquía / adscripción,eco-u-ext,Unidad de Coordinación de Actividades Extractivas,Manual de Organización General de la Secretaría de Economía,https://dof.gob.mx/nota_detalle.php?codigo=5641872&fecha=02/02/2022,2026-09-28,Relación padre-hijo utilizada por la estructura navegable.
rel-0400,eco-dg-innov,Dirección General de Innovación de Trámites,jerarquía / adscripción,eco-u-plan,"Unidad de Prospectiva, Planeación y Evaluación",Manual de Organización General de la Secretaría de Economía,https://dof.gob.mx/nota_detalle.php?codigo=5641872&fecha=02/02/2022,2026-09-28,Relación padre-hijo utilizada por la estructura navegable.
rel-0401,eco-dg-planev,Dirección General de Planeación y Evaluación,jerarquía / adscripción,eco-u-plan,"Unidad de Prospectiva, Planeación y Evaluación",Manual de Organización General de la Secretaría de Economía,https://dof.gob.mx/nota_detalle.php?codigo=5641872&fecha=02/02/2022,2026-09-28,Relación padre-hijo utilizada por la estructura navegable.
rel-0402,eco-dg-territ,Dirección General de Coordinación Territorial de los Centros de Fomento Económico para el Bienestar,jerarquía / adscripción,eco-u-plan,"Unidad de Prospectiva, Planeación y Evaluación",Reforma al Reglamento Interior de la Secretaría de Economía,https://www.dof.gob.mx/abrirPDF.php?anio=2025&archivo=14032025-MAT.pdf&repo=,2026-09-28,Relación padre-hijo utilizada por la estructura navegable.
rel-0403,eco-u-fom,Unidad de Fomento y Crecimiento Económico,jerarquía / adscripción,eco-sub-ind,Subsecretaría de Industria y Comercio,Manual de Organización General de la Secretaría de Economía,https://dof.gob.mx/nota_detalle.php?codigo=5641872&fecha=02/02/2022,2026-09-28,Relación padre-hijo utilizada por la estructura navegable.
rel-0404,eco-u-pci,Unidad de Prácticas Comerciales Internacionales,jerarquía / adscripción,eco-sub-ind,Subsecretaría de Industria y Comercio,Manual de Organización General de la Secretaría de Economía,https://dof.gob.mx/nota_detalle.php?codigo=5641872&fecha=02/02/2022,2026-09-28,Relación padre-hijo utilizada por la estructura navegable.
rel-0405,eco-dg-cn,Dirección General de Contenido Nacional y Fomento en el Sector Energético,jerarquía / adscripción,eco-sub-ind,Subsecretaría de Industria y Comercio,Manual de Organización General de la Secretaría de Economía,https://dof.gob.mx/nota_detalle.php?codigo=5641872&fecha=02/02/2022,2026-09-28,Relación padre-hijo utilizada por la estructura navegable.
rel-0406,eco-dg-lig,Dirección General de Industrias Ligeras,jerarquía / adscripción,eco-sub-ind,Subsecretaría de Industria y Comercio,Manual de Organización General de la Secretaría de Economía,https://dof.gob.mx/nota_detalle.php?codigo=5641872&fecha=02/02/2022,2026-09-28,Relación padre-hijo utilizada por la estructura navegable.
rel-0407,eco-dg-pes,Dirección General de Industrias Pesadas y de Alta Tecnología,jerarquía / adscripción,eco-sub-ind,Subsecretaría de Industria y Comercio,Manual de Organización General de la Secretaría de Economía,https://dof.gob.mx/nota_detalle.php?codigo=5641872&fecha=02/02/2022,2026-09-28,Relación padre-hijo utilizada por la estructura navegable.
rel-0408,eco-dg-isc,"Dirección General de Innovación, Servicios y Comercio Interior",jerarquía / adscripción,eco-sub-ind,Subsecretaría de Industria y Comercio,Manual de Organización General de la Secretaría de Economía,https://dof.gob.mx/nota_detalle.php?codigo=5641872&fecha=02/02/2022,2026-09-28,Relación padre-hijo utilizada por la estructura navegable.
rel-0409,eco-u-ieg,Unidad de Inteligencia Económica Global,jerarquía / adscripción,eco-sub-ext,Subsecretaría de Comercio Exterior,Manual de Organización General de la Secretaría de Economía,https://dof.gob.mx/nota_detalle.php?codigo=5641872&fecha=02/02/2022,2026-09-28,Relación padre-hijo utilizada por la estructura navegable.
rel-0410,eco-u-neg,Unidad de Negociaciones Comerciales Internacionales,jerarquía / adscripción,eco-sub-ext,Subsecretaría de Comercio Exterior,Manual de Organización General de la Secretaría de Economía,https://dof.gob.mx/nota_detalle.php?codigo=5641872&fecha=02/02/2022,2026-09-28,Relación padre-hijo utilizada por la estructura navegable.
rel-0411,eco-dg-acceso,Dirección General de Acceso a Mercados de Bienes,jerarquía / adscripción,eco-sub-ext,Subsecretaría de Comercio Exterior,Manual de Organización General de la Secretaría de Economía,https://dof.gob.mx/nota_detalle.php?codigo=5641872&fecha=02/02/2022,2026-09-28,Relación padre-hijo utilizada por la estructura navegable.
rel-0412,eco-dg-conscom,Dirección General de Consultoría Jurídica de Comercio Internacional,jerarquía / adscripción,eco-sub-ext,Subsecretaría de Comercio Exterior,Manual de Organización General de la Secretaría de Economía,https://dof.gob.mx/nota_detalle.php?codigo=5641872&fecha=02/02/2022,2026-09-28,Relación padre-hijo utilizada por la estructura navegable.
rel-0413,eco-dg-planneg,Dirección General de Planeación y Estrategias de Negociación,jerarquía / adscripción,eco-sub-ext,Subsecretaría de Comercio Exterior,Manual de Organización General de la Secretaría de Economía,https://dof.gob.mx/nota_detalle.php?codigo=5641872&fecha=02/02/2022,2026-09-28,Relación padre-hijo utilizada por la estructura navegable.
rel-0414,eco-dg-trat,"Dirección General de Seguimiento, Administración y Supervisión del Cumplimiento de Tratados Comerciales",jerarquía / adscripción,eco-sub-ext,Subsecretaría de Comercio Exterior,Manual de Organización General de la Secretaría de Economía,https://dof.gob.mx/nota_detalle.php?codigo=5641872&fecha=02/02/2022,2026-09-28,Relación padre-hijo utilizada por la estructura navegable.
rel-0415,eco-dg-fac,Dirección General de Facilitación Comercial y de Comercio Exterior,jerarquía / adscripción,eco-sub-ext,Subsecretaría de Comercio Exterior,Manual de Organización General de la Secretaría de Economía,https://dof.gob.mx/nota_detalle.php?codigo=5641872&fecha=02/02/2022,2026-09-28,Relación padre-hijo utilizada por la estructura navegable.
rel-0416,eco-coord-cal,Coordinación de la Infraestructura de la Calidad,jerarquía / adscripción,eco-dg-normas,Dirección General de Normas,Manual de Organización General de la Secretaría de Economía,https://dof.gob.mx/nota_detalle.php?codigo=5641872&fecha=02/02/2022,2026-09-28,Relación padre-hijo utilizada por la estructura navegable.
rel-0417,eco-coord-pol,Coordinación de Política Mercantil,jerarquía / adscripción,eco-dg-normmerc,Dirección General de Normatividad Mercantil,Manual de Organización General de la Secretaría de Economía,https://dof.gob.mx/nota_detalle.php?codigo=5641872&fecha=02/02/2022,2026-09-28,Relación padre-hijo utilizada por la estructura navegable.
rel-0418,eco-dg-def,Dirección General de Defensa Comercial Internacional,jerarquía / adscripción,eco-u-pci,Unidad de Prácticas Comerciales Internacionales,Manual de Organización General de la Secretaría de Economía,https://dof.gob.mx/nota_detalle.php?codigo=5641872&fecha=02/02/2022,2026-09-28,Relación padre-hijo utilizada por la estructura navegable.
rel-0419,eco-coord-afc,Coordinación de Análisis Financiero y Contable,jerarquía / adscripción,eco-u-pci,Unidad de Prácticas Comerciales Internacionales,Manual de Organización General de la Secretaría de Economía,https://dof.gob.mx/nota_detalle.php?codigo=5641872&fecha=02/02/2022,2026-09-28,Relación padre-hijo utilizada por la estructura navegable.
rel-0420,eco-coord-dano,Coordinación de Daño y Salvaguardas,jerarquía / adscripción,eco-u-pci,Unidad de Prácticas Comerciales Internacionales,Manual de Organización General de la Secretaría de Economía,https://dof.gob.mx/nota_detalle.php?codigo=5641872&fecha=02/02/2022,2026-09-28,Relación padre-hijo utilizada por la estructura navegable.
rel-0421,eco-coord-dump,Coordinación de Dumping y Subvenciones,jerarquía / adscripción,eco-u-pci,Unidad de Prácticas Comerciales Internacionales,Manual de Organización General de la Secretaría de Economía,https://dof.gob.mx/nota_detalle.php?codigo=5641872&fecha=02/02/2022,2026-09-28,Relación padre-hijo utilizada por la estructura navegable.
rel-0422,eco-coord-jur,Coordinación Jurídica,jerarquía / adscripción,eco-u-pci,Unidad de Prácticas Comerciales Internacionales,Manual de Organización General de la Secretaría de Economía,https://dof.gob.mx/nota_detalle.php?codigo=5641872&fecha=02/02/2022,2026-09-28,Relación padre-hijo utilizada por la estructura navegable.
rel-0423,eco-coord-juri,Coordinación Jurídica Internacional,jerarquía / adscripción,eco-u-pci,Unidad de Prácticas Comerciales Internacionales,Manual de Organización General de la Secretaría de Economía,https://dof.gob.mx/nota_detalle.php?codigo=5641872&fecha=02/02/2022,2026-09-28,Relación padre-hijo utilizada por la estructura navegable.
rel-0424,eco-dg-inv,Dirección General de Inversión Extranjera,jerarquía / adscripción,eco-u-ieg,Unidad de Inteligencia Económica Global,Manual de Organización General de la Secretaría de Economía,https://dof.gob.mx/nota_detalle.php?codigo=5641872&fecha=02/02/2022,2026-09-28,Relación padre-hijo utilizada por la estructura navegable.
rel-0425,eco-dg-prom,Dirección General de Política de Promoción de Inversiones y Exportación,jerarquía / adscripción,eco-u-ieg,Unidad de Inteligencia Económica Global,Manual de Organización General de la Secretaría de Economía,https://dof.gob.mx/nota_detalle.php?codigo=5641872&fecha=02/02/2022,2026-09-28,Relación padre-hijo utilizada por la estructura navegable.
rel-0426,eco-dg-servinv,Dirección General de Comercio Internacional de Servicios e Inversión,jerarquía / adscripción,eco-u-neg,Unidad de Negociaciones Comerciales Internacionales,Manual de Organización General de la Secretaría de Economía,https://dof.gob.mx/nota_detalle.php?codigo=5641872&fecha=02/02/2022,2026-09-28,Relación padre-hijo utilizada por la estructura navegable.
rel-0427,eco-dg-disc,Dirección General de Disciplinas de Comercio Internacional,jerarquía / adscripción,eco-u-neg,Unidad de Negociaciones Comerciales Internacionales,Manual de Organización General de la Secretaría de Economía,https://dof.gob.mx/nota_detalle.php?codigo=5641872&fecha=02/02/2022,2026-09-28,Relación padre-hijo utilizada por la estructura navegable.
rel-0428,eco-dg-est,Dirección General de Sistemas de Información Estadística de Comercio Internacional,jerarquía / adscripción,eco-u-neg,Unidad de Negociaciones Comerciales Internacionales,Manual de Organización General de la Secretaría de Economía,https://dof.gob.mx/nota_detalle.php?codigo=5641872&fecha=02/02/2022,2026-09-28,Relación padre-hijo utilizada por la estructura navegable.
rel-0429,eco-centros,Centros de Fomento Económico para el Bienestar en las entidades federativas,jerarquía / adscripción,eco-dg-territ,Dirección General de Coordinación Territorial de los Centros de Fomento Económico para el Bienestar,Reforma al Reglamento Interior de la Secretaría de Economía,https://www.dof.gob.mx/abrirPDF.php?anio=2025&archivo=14032025-MAT.pdf&repo=,2026-09-28,Relación padre-hijo utilizada por la estructura navegable.
rel-0430,agri-sub,Subsecretaría de Agricultura y Desarrollo Rural,jerarquía / adscripción,sec-10,Secretaría de Agricultura y Desarrollo Rural,Reglamento Interior de la Secretaría de Agricultura y Desarrollo Rural,https://www.dof.gob.mx/abrirPDF.php?anio=2025&archivo=31122025-MAT.pdf&repo=,2026-09-28,Relación padre-hijo utilizada por la estructura navegable.
rel-0431,agri-cg,"Coordinación General de Producción, Comercialización, Sustentabilidad e Innovación",jerarquía / adscripción,sec-10,Secretaría de Agricultura y Desarrollo Rural,Reglamento Interior de la Secretaría de Agricultura y Desarrollo Rural,https://www.dof.gob.mx/abrirPDF.php?anio=2025&archivo=31122025-MAT.pdf&repo=,2026-09-28,Relación padre-hijo utilizada por la estructura navegable.
rel-0432,agri-u-bien,Unidad de Bienestar para el Campo,jerarquía / adscripción,agri-sub,Subsecretaría de Agricultura y Desarrollo Rural,Reglamento Interior de la Secretaría de Agricultura y Desarrollo Rural,https://www.dof.gob.mx/abrirPDF.php?anio=2025&archivo=31122025-MAT.pdf&repo=,2026-09-28,Relación padre-hijo utilizada por la estructura navegable.
rel-0433,agri-u-oper,Unidad de Operación Territorial y Eficiencia Hídrica Agroalimentaria,jerarquía / adscripción,agri-sub,Subsecretaría de Agricultura y Desarrollo Rural,Reglamento Interior de la Secretaría de Agricultura y Desarrollo Rural,https://www.dof.gob.mx/abrirPDF.php?anio=2025&archivo=31122025-MAT.pdf&repo=,2026-09-28,Relación padre-hijo utilizada por la estructura navegable.
rel-0434,agri-u-innov,"Unidad de Innovación, Sustentabilidad y Resiliencia Climática",jerarquía / adscripción,agri-cg,"Coordinación General de Producción, Comercialización, Sustentabilidad e Innovación",Reglamento Interior de la Secretaría de Agricultura y Desarrollo Rural,https://www.dof.gob.mx/abrirPDF.php?anio=2025&archivo=31122025-MAT.pdf&repo=,2026-09-28,Relación padre-hijo utilizada por la estructura navegable.
rel-0435,agri-u-prod,"Unidad de Producción, Comercialización y Financiamiento",jerarquía / adscripción,agri-cg,"Coordinación General de Producción, Comercialización, Sustentabilidad e Innovación",Reglamento Interior de la Secretaría de Agricultura y Desarrollo Rural,https://www.dof.gob.mx/abrirPDF.php?anio=2025&archivo=31122025-MAT.pdf&repo=,2026-09-28,Relación padre-hijo utilizada por la estructura navegable.
rel-0436,agri-dg-fert,Dirección General de Fertilizantes para el Bienestar,jerarquía / adscripción,agri-u-bien,Unidad de Bienestar para el Campo,Reglamento Interior de la Secretaría de Agricultura y Desarrollo Rural,https://www.dof.gob.mx/abrirPDF.php?anio=2025&archivo=31122025-MAT.pdf&repo=,2026-09-28,Relación padre-hijo utilizada por la estructura navegable.
rel-0437,agri-dg-pbien,Dirección General de Producción para el Bienestar,jerarquía / adscripción,agri-u-bien,Unidad de Bienestar para el Campo,Reglamento Interior de la Secretaría de Agricultura y Desarrollo Rural,https://www.dof.gob.mx/abrirPDF.php?anio=2025&archivo=31122025-MAT.pdf&repo=,2026-09-28,Relación padre-hijo utilizada por la estructura navegable.
rel-0438,agri-dg-hid,Dirección General de Eficiencia Hídrica en Riego y Temporal,jerarquía / adscripción,agri-u-oper,Unidad de Operación Territorial y Eficiencia Hídrica Agroalimentaria,Reglamento Interior de la Secretaría de Agricultura y Desarrollo Rural,https://www.dof.gob.mx/abrirPDF.php?anio=2025&archivo=31122025-MAT.pdf&repo=,2026-09-28,Relación padre-hijo utilizada por la estructura navegable.
rel-0439,agri-dg-ter,Dirección General de Intervención Territorial Estratégica,jerarquía / adscripción,agri-u-oper,Unidad de Operación Territorial y Eficiencia Hídrica Agroalimentaria,Reglamento Interior de la Secretaría de Agricultura y Desarrollo Rural,https://www.dof.gob.mx/abrirPDF.php?anio=2025&archivo=31122025-MAT.pdf&repo=,2026-09-28,Relación padre-hijo utilizada por la estructura navegable.
rel-0440,agri-dg-des,Dirección General de Desarrollo e Innovación,jerarquía / adscripción,agri-u-innov,"Unidad de Innovación, Sustentabilidad y Resiliencia Climática",Reglamento Interior de la Secretaría de Agricultura y Desarrollo Rural,https://www.dof.gob.mx/abrirPDF.php?anio=2025&archivo=31122025-MAT.pdf&repo=,2026-09-28,Relación padre-hijo utilizada por la estructura navegable.
rel-0441,agri-dg-res,Dirección General de Sustentabilidad y Resiliencia Climática,jerarquía / adscripción,agri-u-innov,"Unidad de Innovación, Sustentabilidad y Resiliencia Climática",Reglamento Interior de la Secretaría de Agricultura y Desarrollo Rural,https://www.dof.gob.mx/abrirPDF.php?anio=2025&archivo=31122025-MAT.pdf&repo=,2026-09-28,Relación padre-hijo utilizada por la estructura navegable.
rel-0442,agri-dg-pa,Dirección General de Producción Agrícola,jerarquía / adscripción,agri-u-prod,"Unidad de Producción, Comercialización y Financiamiento",Reglamento Interior de la Secretaría de Agricultura y Desarrollo Rural,https://www.dof.gob.mx/abrirPDF.php?anio=2025&archivo=31122025-MAT.pdf&repo=,2026-09-28,Relación padre-hijo utilizada por la estructura navegable.
rel-0443,agri-dg-gan,"Dirección General de Producción Ganadera, Pesquera y Acuícola",jerarquía / adscripción,agri-u-prod,"Unidad de Producción, Comercialización y Financiamiento",Reglamento Interior de la Secretaría de Agricultura y Desarrollo Rural,https://www.dof.gob.mx/abrirPDF.php?anio=2025&archivo=31122025-MAT.pdf&repo=,2026-09-28,Relación padre-hijo utilizada por la estructura navegable.
rel-0444,agri-dg-pre,"Dirección General de Precios, Ordenamiento Comercial y Valor Agregado",jerarquía / adscripción,agri-u-prod,"Unidad de Producción, Comercialización y Financiamiento",Reglamento Interior de la Secretaría de Agricultura y Desarrollo Rural,https://www.dof.gob.mx/abrirPDF.php?anio=2025&archivo=31122025-MAT.pdf&repo=,2026-09-28,Relación padre-hijo utilizada por la estructura navegable.
rel-0445,agri-dg-fin,Dirección General de Financiamiento y Gestión de Riesgos,jerarquía / adscripción,agri-u-prod,"Unidad de Producción, Comercialización y Financiamiento",Reglamento Interior de la Secretaría de Agricultura y Desarrollo Rural,https://www.dof.gob.mx/abrirPDF.php?anio=2025&archivo=31122025-MAT.pdf&repo=,2026-09-28,Relación padre-hijo utilizada por la estructura navegable.
rel-0446,agri-red-ter,"Oficinas de Representación en las Entidades Federativas, Distritos de Desarrollo Rural y Centros de Apoyo al Desarrollo Rural Sustentable",jerarquía / adscripción,agri-u-oper,Unidad de Operación Territorial y Eficiencia Hídrica Agroalimentaria,Reglamento Interior de la Secretaría de Agricultura y Desarrollo Rural,https://www.dof.gob.mx/abrirPDF.php?anio=2025&archivo=31122025-MAT.pdf&repo=,2026-09-28,Relación padre-hijo utilizada por la estructura navegable.
rel-0447,secihti-sub-cyh,Subsecretaría de Ciencia y Humanidades,jerarquía / adscripción,sec-14,"Secretaría de Ciencia, Humanidades, Tecnología e Innovación","Reglamento Interior de la Secretaría de Ciencia, Humanidades, Tecnología e Innovación",https://dof.gob.mx/nota_detalle.php?codigo=5747752&fecha=24/01/2025,2026-09-28,Relación padre-hijo utilizada por la estructura navegable.
rel-0448,secihti-sub-dt,"Subsecretaría de Desarrollo Tecnológico, Vinculación e Innovación",jerarquía / adscripción,sec-14,"Secretaría de Ciencia, Humanidades, Tecnología e Innovación","Reglamento Interior de la Secretaría de Ciencia, Humanidades, Tecnología e Innovación",https://dof.gob.mx/nota_detalle.php?codigo=5747752&fecha=24/01/2025,2026-09-28,Relación padre-hijo utilizada por la estructura navegable.
rel-0449,secihti-u-pol,Unidad de Políticas Transversales,jerarquía / adscripción,sec-14,"Secretaría de Ciencia, Humanidades, Tecnología e Innovación","Reglamento Interior de la Secretaría de Ciencia, Humanidades, Tecnología e Innovación",https://dof.gob.mx/nota_detalle.php?codigo=5747752&fecha=24/01/2025,2026-09-28,Relación padre-hijo utilizada por la estructura navegable.
rel-0450,secihti-uaf,Unidad de Administración y Finanzas,jerarquía / adscripción,sec-14,"Secretaría de Ciencia, Humanidades, Tecnología e Innovación","Reglamento Interior de la Secretaría de Ciencia, Humanidades, Tecnología e Innovación",https://dof.gob.mx/nota_detalle.php?codigo=5747752&fecha=24/01/2025,2026-09-28,Relación padre-hijo utilizada por la estructura navegable.
rel-0451,secihti-uaj,Unidad de Asuntos Jurídicos,jerarquía / adscripción,sec-14,"Secretaría de Ciencia, Humanidades, Tecnología e Innovación","Reglamento Interior de la Secretaría de Ciencia, Humanidades, Tecnología e Innovación",https://dof.gob.mx/nota_detalle.php?codigo=5747752&fecha=24/01/2025,2026-09-28,Relación padre-hijo utilizada por la estructura navegable.
rel-0452,secihti-cibiogem,Secretaría Ejecutiva de la Comisión Intersecretarial de Bioseguridad de los Organismos Genéticamente Modificados,jerarquía / adscripción,sec-14,"Secretaría de Ciencia, Humanidades, Tecnología e Innovación","Reglamento Interior de la Secretaría de Ciencia, Humanidades, Tecnología e Innovación",https://dof.gob.mx/nota_detalle.php?codigo=5747752&fecha=24/01/2025,2026-09-28,Relación padre-hijo utilizada por la estructura navegable.
rel-0453,secihti-dg-inv,Dirección General de Investigación Científica y Humanística,jerarquía / adscripción,secihti-sub-cyh,Subsecretaría de Ciencia y Humanidades,"Reglamento Interior de la Secretaría de Ciencia, Humanidades, Tecnología e Innovación",https://dof.gob.mx/nota_detalle.php?codigo=5747752&fecha=24/01/2025,2026-09-28,Relación padre-hijo utilizada por la estructura navegable.
rel-0454,secihti-dg-becas,Dirección General de Becas y Apoyos a la Comunidad Científica y Humanística,jerarquía / adscripción,secihti-sub-cyh,Subsecretaría de Ciencia y Humanidades,"Reglamento Interior de la Secretaría de Ciencia, Humanidades, Tecnología e Innovación",https://dof.gob.mx/nota_detalle.php?codigo=5747752&fecha=24/01/2025,2026-09-28,Relación padre-hijo utilizada por la estructura navegable.
rel-0455,secihti-dg-prom,Dirección General de Promoción e Incidencia de la Ciencia y las Humanidades,jerarquía / adscripción,secihti-sub-cyh,Subsecretaría de Ciencia y Humanidades,"Reglamento Interior de la Secretaría de Ciencia, Humanidades, Tecnología e Innovación",https://dof.gob.mx/nota_detalle.php?codigo=5747752&fecha=24/01/2025,2026-09-28,Relación padre-hijo utilizada por la estructura navegable.
rel-0456,secihti-dg-trans,"Dirección General de Desarrollo, Transferencia de Tecnología e Innovación",jerarquía / adscripción,secihti-sub-dt,"Subsecretaría de Desarrollo Tecnológico, Vinculación e Innovación","Reglamento Interior de la Secretaría de Ciencia, Humanidades, Tecnología e Innovación",https://dof.gob.mx/nota_detalle.php?codigo=5747752&fecha=24/01/2025,2026-09-28,Relación padre-hijo utilizada por la estructura navegable.
rel-0457,secihti-dg-centros,Dirección General de Centros Públicos de Investigación y Laboratorios Nacionales,jerarquía / adscripción,secihti-sub-dt,"Subsecretaría de Desarrollo Tecnológico, Vinculación e Innovación","Reglamento Interior de la Secretaría de Ciencia, Humanidades, Tecnología e Innovación",https://dof.gob.mx/nota_detalle.php?codigo=5747752&fecha=24/01/2025,2026-09-28,Relación padre-hijo utilizada por la estructura navegable.
rel-0458,secihti-dg-prio,Dirección General de Programas Prioritarios,jerarquía / adscripción,secihti-sub-dt,"Subsecretaría de Desarrollo Tecnológico, Vinculación e Innovación","Reglamento Interior de la Secretaría de Ciencia, Humanidades, Tecnología e Innovación",https://dof.gob.mx/nota_detalle.php?codigo=5747752&fecha=24/01/2025,2026-09-28,Relación padre-hijo utilizada por la estructura navegable.
rel-0459,secihti-dg-sist,Dirección General de Sistemas Nacionales de Información Científica,jerarquía / adscripción,secihti-sub-dt,"Subsecretaría de Desarrollo Tecnológico, Vinculación e Innovación","Reglamento Interior de la Secretaría de Ciencia, Humanidades, Tecnología e Innovación",https://dof.gob.mx/nota_detalle.php?codigo=5747752&fecha=24/01/2025,2026-09-28,Relación padre-hijo utilizada por la estructura navegable.
rel-0460,secihti-dg-coop,Dirección General de Cooperación Institucional y Sectorial,jerarquía / adscripción,secihti-u-pol,Unidad de Políticas Transversales,"Reglamento Interior de la Secretaría de Ciencia, Humanidades, Tecnología e Innovación",https://dof.gob.mx/nota_detalle.php?codigo=5747752&fecha=24/01/2025,2026-09-28,Relación padre-hijo utilizada por la estructura navegable.
rel-0461,secihti-dg-plan,Dirección General de Planeación y Evaluación,jerarquía / adscripción,secihti-u-pol,Unidad de Políticas Transversales,"Reglamento Interior de la Secretaría de Ciencia, Humanidades, Tecnología e Innovación",https://dof.gob.mx/nota_detalle.php?codigo=5747752&fecha=24/01/2025,2026-09-28,Relación padre-hijo utilizada por la estructura navegable.
rel-0462,secihti-dg-rho,Dirección General de Recursos Humanos y Organización,jerarquía / adscripción,secihti-uaf,Unidad de Administración y Finanzas,"Reglamento Interior de la Secretaría de Ciencia, Humanidades, Tecnología e Innovación",https://dof.gob.mx/nota_detalle.php?codigo=5747752&fecha=24/01/2025,2026-09-28,Relación padre-hijo utilizada por la estructura navegable.
rel-0463,secihti-dg-rmsg,Dirección General de Recursos Materiales y Servicios Generales,jerarquía / adscripción,secihti-uaf,Unidad de Administración y Finanzas,"Reglamento Interior de la Secretaría de Ciencia, Humanidades, Tecnología e Innovación",https://dof.gob.mx/nota_detalle.php?codigo=5747752&fecha=24/01/2025,2026-09-28,Relación padre-hijo utilizada por la estructura navegable.
rel-0464,secihti-dg-prf,Dirección General de Presupuesto y Recursos Financieros,jerarquía / adscripción,secihti-uaf,Unidad de Administración y Finanzas,"Reglamento Interior de la Secretaría de Ciencia, Humanidades, Tecnología e Innovación",https://dof.gob.mx/nota_detalle.php?codigo=5747752&fecha=24/01/2025,2026-09-28,Relación padre-hijo utilizada por la estructura navegable.
rel-0465,secihti-dg-cons,Dirección General de Consulta y Estudios Normativos,jerarquía / adscripción,secihti-uaj,Unidad de Asuntos Jurídicos,"Reglamento Interior de la Secretaría de Ciencia, Humanidades, Tecnología e Innovación",https://dof.gob.mx/nota_detalle.php?codigo=5747752&fecha=24/01/2025,2026-09-28,Relación padre-hijo utilizada por la estructura navegable.
rel-0466,secihti-dg-jud,Dirección General de Estrategias y Procedimientos Judiciales,jerarquía / adscripción,secihti-uaj,Unidad de Asuntos Jurídicos,"Reglamento Interior de la Secretaría de Ciencia, Humanidades, Tecnología e Innovación",https://dof.gob.mx/nota_detalle.php?codigo=5747752&fecha=24/01/2025,2026-09-28,Relación padre-hijo utilizada por la estructura navegable.
rel-0467,pres-secretaria,Secretaría Particular del Presidente,jerarquía / adscripción,presidencia,Oficina de la Presidencia de la República,"Calendario de gasto autorizado al Ramo 02 Oficina de la Presidencia de la República, ejercicio fiscal 2025",https://www.dof.gob.mx/abrirPDF.php?anio=2025&archivo=16012025-MAT.pdf&repo=repositorio%2F,2026-09-28,Relación padre-hijo utilizada por la estructura navegable.
rel-0468,pres-uaf,Unidad de Administración y Finanzas,jerarquía / adscripción,presidencia,Oficina de la Presidencia de la República,"Calendario de gasto autorizado al Ramo 02 Oficina de la Presidencia de la República, ejercicio fiscal 2025",https://www.dof.gob.mx/abrirPDF.php?anio=2025&archivo=16012025-MAT.pdf&repo=repositorio%2F,2026-09-28,Relación padre-hijo utilizada por la estructura navegable.
rel-0469,pres-sub-innov,Subjefatura de Innovación y Análisis,jerarquía / adscripción,presidencia,Oficina de la Presidencia de la República,"Calendario de gasto autorizado al Ramo 02 Oficina de la Presidencia de la República, ejercicio fiscal 2025",https://www.dof.gob.mx/abrirPDF.php?anio=2025&archivo=16012025-MAT.pdf&repo=repositorio%2F,2026-09-28,Relación padre-hijo utilizada por la estructura navegable.
rel-0470,pres-comsoc,Coordinación General de Comunicación Social y Vocería del Gobierno de la República,jerarquía / adscripción,presidencia,Oficina de la Presidencia de la República,"Calendario de gasto autorizado al Ramo 02 Oficina de la Presidencia de la República, ejercicio fiscal 2025",https://www.dof.gob.mx/abrirPDF.php?anio=2025&archivo=16012025-MAT.pdf&repo=repositorio%2F,2026-09-28,Relación padre-hijo utilizada por la estructura navegable.
rel-0471,pres-sec-gab,Secretaría Técnica del Gabinete,jerarquía / adscripción,presidencia,Oficina de la Presidencia de la República,"Calendario de gasto autorizado al Ramo 02 Oficina de la Presidencia de la República, ejercicio fiscal 2025",https://www.dof.gob.mx/abrirPDF.php?anio=2025&archivo=16012025-MAT.pdf&repo=repositorio%2F,2026-09-28,Relación padre-hijo utilizada por la estructura navegable.
rel-0472,pres-ases,Coordinación de Asesores del Presidente,jerarquía / adscripción,presidencia,Oficina de la Presidencia de la República,"Calendario de gasto autorizado al Ramo 02 Oficina de la Presidencia de la República, ejercicio fiscal 2025",https://www.dof.gob.mx/abrirPDF.php?anio=2025&archivo=16012025-MAT.pdf&repo=repositorio%2F,2026-09-28,Relación padre-hijo utilizada por la estructura navegable.
rel-0473,pres-jef,Jefatura de la Oficina de la Presidencia,jerarquía / adscripción,presidencia,Oficina de la Presidencia de la República,"Calendario de gasto autorizado al Ramo 02 Oficina de la Presidencia de la República, ejercicio fiscal 2025",https://www.dof.gob.mx/abrirPDF.php?anio=2025&archivo=16012025-MAT.pdf&repo=repositorio%2F,2026-09-28,Relación padre-hijo utilizada por la estructura navegable.
rel-0474,pres-subjef,Subjefatura de la Oficina de la Presidencia,jerarquía / adscripción,presidencia,Oficina de la Presidencia de la República,"Calendario de gasto autorizado al Ramo 02 Oficina de la Presidencia de la República, ejercicio fiscal 2025",https://www.dof.gob.mx/abrirPDF.php?anio=2025&archivo=16012025-MAT.pdf&repo=repositorio%2F,2026-09-28,Relación padre-hijo utilizada por la estructura navegable.
rel-0475,pres-int,Subjefatura de Asuntos Internacionales e Interlocución con Sectores Productivos,jerarquía / adscripción,presidencia,Oficina de la Presidencia de la República,"Calendario de gasto autorizado al Ramo 02 Oficina de la Presidencia de la República, ejercicio fiscal 2025",https://www.dof.gob.mx/abrirPDF.php?anio=2025&archivo=16012025-MAT.pdf&repo=repositorio%2F,2026-09-28,Relación padre-hijo utilizada por la estructura navegable.
rel-0476,pres-pol,Coordinación General de Política y Gobierno,jerarquía / adscripción,presidencia,Oficina de la Presidencia de la República,"Calendario de gasto autorizado al Ramo 02 Oficina de la Presidencia de la República, ejercicio fiscal 2025",https://www.dof.gob.mx/abrirPDF.php?anio=2025&archivo=16012025-MAT.pdf&repo=repositorio%2F,2026-09-28,Relación padre-hijo utilizada por la estructura navegable.
rel-0477,pres-prog,Coordinación General de Programas para el Desarrollo,jerarquía / adscripción,presidencia,Oficina de la Presidencia de la República,"Calendario de gasto autorizado al Ramo 02 Oficina de la Presidencia de la República, ejercicio fiscal 2025",https://www.dof.gob.mx/abrirPDF.php?anio=2025&archivo=16012025-MAT.pdf&repo=repositorio%2F,2026-09-28,Relación padre-hijo utilizada por la estructura navegable.
rel-0478,cjef-cons,Consejería Adjunta de Consulta y Estudios Constitucionales,jerarquía / adscripción,cjer,Consejería Jurídica del Ejecutivo Federal,Reglamento Interior de la Consejería Jurídica del Ejecutivo Federal,https://dof.gob.mx/nota_detalle.php?codigo=5769301&fecha=06/10/2025,2026-09-28,Relación padre-hijo utilizada por la estructura navegable.
rel-0479,cjef-leg,Consejería Adjunta de Legislación y Estudios Normativos,jerarquía / adscripción,cjer,Consejería Jurídica del Ejecutivo Federal,Reglamento Interior de la Consejería Jurídica del Ejecutivo Federal,https://dof.gob.mx/nota_detalle.php?codigo=5769301&fecha=06/10/2025,2026-09-28,Relación padre-hijo utilizada por la estructura navegable.
rel-0480,cjef-cont,Consejería Adjunta de Control Constitucional y de lo Contencioso,jerarquía / adscripción,cjer,Consejería Jurídica del Ejecutivo Federal,Reglamento Interior de la Consejería Jurídica del Ejecutivo Federal,https://dof.gob.mx/nota_detalle.php?codigo=5769301&fecha=06/10/2025,2026-09-28,Relación padre-hijo utilizada por la estructura navegable.
rel-0481,cjef-uaf,Unidad de Administración y Finanzas,jerarquía / adscripción,cjer,Consejería Jurídica del Ejecutivo Federal,Reglamento Interior de la Consejería Jurídica del Ejecutivo Federal,https://dof.gob.mx/nota_detalle.php?codigo=5769301&fecha=06/10/2025,2026-09-28,Relación padre-hijo utilizada por la estructura navegable.
rel-0482,cjef-dgcc,Dirección General de Control Constitucional,jerarquía / adscripción,cjef-cont,Consejería Adjunta de Control Constitucional y de lo Contencioso,Reglamento Interior de la Consejería Jurídica del Ejecutivo Federal,https://dof.gob.mx/nota_detalle.php?codigo=5769301&fecha=06/10/2025,2026-09-28,Relación padre-hijo utilizada por la estructura navegable.
rel-0483,cjef-dgdef,Dirección General de Defensa Jurídica Federal,jerarquía / adscripción,cjef-cont,Consejería Adjunta de Control Constitucional y de lo Contencioso,Reglamento Interior de la Consejería Jurídica del Ejecutivo Federal,https://dof.gob.mx/nota_detalle.php?codigo=5769301&fecha=06/10/2025,2026-09-28,Relación padre-hijo utilizada por la estructura navegable.
rel-0484,def-tsm,Tribunal Superior Militar,jerarquía / adscripción,sec-2,Secretaría de la Defensa Nacional,Manual de Organización General de la Secretaría de la Defensa Nacional,https://sidof.segob.gob.mx/notas/5791257,2026-09-28,Relación padre-hijo utilizada por la estructura navegable.
rel-0485,def-fgjm,Fiscalía General de Justicia Militar,jerarquía / adscripción,sec-2,Secretaría de la Defensa Nacional,Manual de Organización General de la Secretaría de la Defensa Nacional,https://sidof.segob.gob.mx/notas/5791257,2026-09-28,Relación padre-hijo utilizada por la estructura navegable.
rel-0486,def-dom,Defensoría de Oficio Militar,jerarquía / adscripción,sec-2,Secretaría de la Defensa Nacional,Manual de Organización General de la Secretaría de la Defensa Nacional,https://sidof.segob.gob.mx/notas/5791257,2026-09-28,Relación padre-hijo utilizada por la estructura navegable.
rel-0487,def-uaj,Unidad de Asuntos Jurídicos,jerarquía / adscripción,sec-2,Secretaría de la Defensa Nacional,Manual de Organización General de la Secretaría de la Defensa Nacional,https://sidof.segob.gob.mx/notas/5791257,2026-09-28,Relación padre-hijo utilizada por la estructura navegable.
rel-0488,def-sub,Subsecretaría de la Defensa Nacional,jerarquía / adscripción,sec-2,Secretaría de la Defensa Nacional,Manual de Organización General de la Secretaría de la Defensa Nacional,https://sidof.segob.gob.mx/notas/5791257,2026-09-28,Relación padre-hijo utilizada por la estructura navegable.
rel-0489,def-emc,Estado Mayor Conjunto de la Defensa Nacional,jerarquía / adscripción,sec-2,Secretaría de la Defensa Nacional,Manual de Organización General de la Secretaría de la Defensa Nacional,https://sidof.segob.gob.mx/notas/5791257,2026-09-28,Relación padre-hijo utilizada por la estructura navegable.
rel-0490,def-om,Oficialía Mayor,jerarquía / adscripción,sec-2,Secretaría de la Defensa Nacional,Manual de Organización General de la Secretaría de la Defensa Nacional,https://sidof.segob.gob.mx/notas/5791257,2026-09-28,Relación padre-hijo utilizada por la estructura navegable.
rel-0491,def-icg,"Inspección y Contraloría General del Ejército, Fuerza Aérea y Guardia Nacional",jerarquía / adscripción,sec-2,Secretaría de la Defensa Nacional,Manual de Organización General de la Secretaría de la Defensa Nacional,https://sidof.segob.gob.mx/notas/5791257,2026-09-28,Relación padre-hijo utilizada por la estructura navegable.
rel-0492,def-dg-edu,"Dirección General de Educación Militar y Rectoría de la Universidad del Ejército, Fuerza Aérea y Guardia Nacional",jerarquía / adscripción,def-sub,Subsecretaría de la Defensa Nacional,Manual de Organización General de la Secretaría de la Defensa Nacional,https://sidof.segob.gob.mx/notas/5791257,2026-09-28,Relación padre-hijo utilizada por la estructura navegable.
rel-0493,def-dg-ss,Dirección General de Seguridad Social Militar,jerarquía / adscripción,def-sub,Subsecretaría de la Defensa Nacional,Manual de Organización General de la Secretaría de la Defensa Nacional,https://sidof.segob.gob.mx/notas/5791257,2026-09-28,Relación padre-hijo utilizada por la estructura navegable.
rel-0494,def-dg-smn,Dirección General del Servicio Militar Nacional,jerarquía / adscripción,def-sub,Subsecretaría de la Defensa Nacional,Manual de Organización General de la Secretaría de la Defensa Nacional,https://sidof.segob.gob.mx/notas/5791257,2026-09-28,Relación padre-hijo utilizada por la estructura navegable.
rel-0495,def-dg-armas,Dirección General del Registro Federal de Armas de Fuego y Control de Explosivos,jerarquía / adscripción,def-sub,Subsecretaría de la Defensa Nacional,Manual de Organización General de la Secretaría de la Defensa Nacional,https://sidof.segob.gob.mx/notas/5791257,2026-09-28,Relación padre-hijo utilizada por la estructura navegable.
rel-0496,def-dg-ddhh,Dirección General de Derechos Humanos,jerarquía / adscripción,def-sub,Subsecretaría de la Defensa Nacional,Manual de Organización General de la Secretaría de la Defensa Nacional,https://sidof.segob.gob.mx/notas/5791257,2026-09-28,Relación padre-hijo utilizada por la estructura navegable.
rel-0497,def-dg-cart,Dirección General de Cartografía,jerarquía / adscripción,def-sub,Subsecretaría de la Defensa Nacional,Manual de Organización General de la Secretaría de la Defensa Nacional,https://sidof.segob.gob.mx/notas/5791257,2026-09-28,Relación padre-hijo utilizada por la estructura navegable.
rel-0498,def-dg-jm,Dirección General de Justicia Militar,jerarquía / adscripción,def-sub,Subsecretaría de la Defensa Nacional,Manual de Organización General de la Secretaría de la Defensa Nacional,https://sidof.segob.gob.mx/notas/5791257,2026-09-28,Relación padre-hijo utilizada por la estructura navegable.
rel-0499,def-pericial,Coordinación de Servicios Periciales y Ciencias Forenses,jerarquía / adscripción,def-dg-jm,Dirección General de Justicia Militar,Manual de Organización General de la Secretaría de la Defensa Nacional,https://sidof.segob.gob.mx/notas/5791257,2026-09-28,Relación padre-hijo utilizada por la estructura navegable.
rel-0500,def-cenavi,Centro Nacional de Vigilancia y Protección del Espacio Aéreo,jerarquía / adscripción,def-emc,Estado Mayor Conjunto de la Defensa Nacional,Manual de Organización General de la Secretaría de la Defensa Nacional,https://sidof.segob.gob.mx/notas/5791257,2026-09-28,Relación padre-hijo utilizada por la estructura navegable.
rel-0501,def-dg-com,Dirección General de Comunicación Social,jerarquía / adscripción,def-emc,Estado Mayor Conjunto de la Defensa Nacional,Manual de Organización General de la Secretaría de la Defensa Nacional,https://sidof.segob.gob.mx/notas/5791257,2026-09-28,Relación padre-hijo utilizada por la estructura navegable.
rel-0502,def-ej,Comandancia del Ejército Mexicano,jerarquía / adscripción,def-emc,Estado Mayor Conjunto de la Defensa Nacional,Manual de Organización General de la Secretaría de la Defensa Nacional,https://sidof.segob.gob.mx/notas/5791257,2026-09-28,Relación padre-hijo utilizada por la estructura navegable.
rel-0503,def-fam,Comandancia de la Fuerza Aérea Mexicana,jerarquía / adscripción,def-emc,Estado Mayor Conjunto de la Defensa Nacional,Manual de Organización General de la Secretaría de la Defensa Nacional,https://sidof.segob.gob.mx/notas/5791257,2026-09-28,Relación padre-hijo utilizada por la estructura navegable.
rel-0504,def-gn,Comandancia de la Guardia Nacional,jerarquía / adscripción,def-emc,Estado Mayor Conjunto de la Defensa Nacional,Manual de Organización General de la Secretaría de la Defensa Nacional,https://sidof.segob.gob.mx/notas/5791257,2026-09-28,Relación padre-hijo utilizada por la estructura navegable.
rel-0505,def-em-ej,Estado Mayor del Ejército,jerarquía / adscripción,def-ej,Comandancia del Ejército Mexicano,Manual de Organización General de la Secretaría de la Defensa Nacional,https://sidof.segob.gob.mx/notas/5791257,2026-09-28,Relación padre-hijo utilizada por la estructura navegable.
rel-0506,def-dg-inf,Dirección General de Infantería,jerarquía / adscripción,def-ej,Comandancia del Ejército Mexicano,Manual de Organización General de la Secretaría de la Defensa Nacional,https://sidof.segob.gob.mx/notas/5791257,2026-09-28,Relación padre-hijo utilizada por la estructura navegable.
rel-0507,def-dg-cab,Dirección General de Caballería,jerarquía / adscripción,def-ej,Comandancia del Ejército Mexicano,Manual de Organización General de la Secretaría de la Defensa Nacional,https://sidof.segob.gob.mx/notas/5791257,2026-09-28,Relación padre-hijo utilizada por la estructura navegable.
rel-0508,def-dg-art,Dirección General de Artillería,jerarquía / adscripción,def-ej,Comandancia del Ejército Mexicano,Manual de Organización General de la Secretaría de la Defensa Nacional,https://sidof.segob.gob.mx/notas/5791257,2026-09-28,Relación padre-hijo utilizada por la estructura navegable.
rel-0509,def-dg-blind,Dirección General del Arma Blindada,jerarquía / adscripción,def-ej,Comandancia del Ejército Mexicano,Manual de Organización General de la Secretaría de la Defensa Nacional,https://sidof.segob.gob.mx/notas/5791257,2026-09-28,Relación padre-hijo utilizada por la estructura navegable.
rel-0510,def-dg-ing,Dirección General de Ingenieros,jerarquía / adscripción,def-ej,Comandancia del Ejército Mexicano,Manual de Organización General de la Secretaría de la Defensa Nacional,https://sidof.segob.gob.mx/notas/5791257,2026-09-28,Relación padre-hijo utilizada por la estructura navegable.
rel-0511,def-dg-pm,Dirección General de Policía Militar,jerarquía / adscripción,def-ej,Comandancia del Ejército Mexicano,Manual de Organización General de la Secretaría de la Defensa Nacional,https://sidof.segob.gob.mx/notas/5791257,2026-09-28,Relación padre-hijo utilizada por la estructura navegable.
rel-0512,def-dg-dr,Dirección General de Defensas Rurales,jerarquía / adscripción,def-ej,Comandancia del Ejército Mexicano,Manual de Organización General de la Secretaría de la Defensa Nacional,https://sidof.segob.gob.mx/notas/5791257,2026-09-28,Relación padre-hijo utilizada por la estructura navegable.
rel-0513,def-em-fam,Estado Mayor de la Fuerza Aérea,jerarquía / adscripción,def-fam,Comandancia de la Fuerza Aérea Mexicana,Manual de Organización General de la Secretaría de la Defensa Nacional,https://sidof.segob.gob.mx/notas/5791257,2026-09-28,Relación padre-hijo utilizada por la estructura navegable.
rel-0514,def-pilotos,Dirección de Pilotos Aviadores,jerarquía / adscripción,def-fam,Comandancia de la Fuerza Aérea Mexicana,Manual de Organización General de la Secretaría de la Defensa Nacional,https://sidof.segob.gob.mx/notas/5791257,2026-09-28,Relación padre-hijo utilizada por la estructura navegable.
rel-0515,def-meteo,Dirección del Servicio Meteorológico,jerarquía / adscripción,def-fam,Comandancia de la Fuerza Aérea Mexicana,Manual de Organización General de la Secretaría de la Defensa Nacional,https://sidof.segob.gob.mx/notas/5791257,2026-09-28,Relación padre-hijo utilizada por la estructura navegable.
rel-0516,def-defa,Dirección de Defensa Aérea,jerarquía / adscripción,def-fam,Comandancia de la Fuerza Aérea Mexicana,Manual de Organización General de la Secretaría de la Defensa Nacional,https://sidof.segob.gob.mx/notas/5791257,2026-09-28,Relación padre-hijo utilizada por la estructura navegable.
rel-0517,def-matbel,Dirección de Material Bélico de la Fuerza Aérea,jerarquía / adscripción,def-fam,Comandancia de la Fuerza Aérea Mexicana,Manual de Organización General de la Secretaría de la Defensa Nacional,https://sidof.segob.gob.mx/notas/5791257,2026-09-28,Relación padre-hijo utilizada por la estructura navegable.
rel-0518,def-log,Dirección de Logística Aérea,jerarquía / adscripción,def-fam,Comandancia de la Fuerza Aérea Mexicana,Manual de Organización General de la Secretaría de la Defensa Nacional,https://sidof.segob.gob.mx/notas/5791257,2026-09-28,Relación padre-hijo utilizada por la estructura navegable.
rel-0519,def-mant,Dirección de Mantenimiento de Material Aéreo,jerarquía / adscripción,def-fam,Comandancia de la Fuerza Aérea Mexicana,Manual de Organización General de la Secretaría de la Defensa Nacional,https://sidof.segob.gob.mx/notas/5791257,2026-09-28,Relación padre-hijo utilizada por la estructura navegable.
rel-0520,def-elec,Dirección de Material Aéreo Electrónico,jerarquía / adscripción,def-fam,Comandancia de la Fuerza Aérea Mexicana,Manual de Organización General de la Secretaría de la Defensa Nacional,https://sidof.segob.gob.mx/notas/5791257,2026-09-28,Relación padre-hijo utilizada por la estructura navegable.
rel-0521,def-adq,Dirección de Adquisiciones de la Fuerza Aérea Mexicana,jerarquía / adscripción,def-fam,Comandancia de la Fuerza Aérea Mexicana,Manual de Organización General de la Secretaría de la Defensa Nacional,https://sidof.segob.gob.mx/notas/5791257,2026-09-28,Relación padre-hijo utilizada por la estructura navegable.
rel-0522,def-gn-jef,Jefatura General de Coordinación Policial,jerarquía / adscripción,def-gn,Comandancia de la Guardia Nacional,Manual de Organización General de la Secretaría de la Defensa Nacional,https://sidof.segob.gob.mx/notas/5791257,2026-09-28,Relación padre-hijo utilizada por la estructura navegable.
rel-0523,def-gn-dg,Dirección General de Guardia Nacional,jerarquía / adscripción,def-gn,Comandancia de la Guardia Nacional,Manual de Organización General de la Secretaría de la Defensa Nacional,https://sidof.segob.gob.mx/notas/5791257,2026-09-28,Relación padre-hijo utilizada por la estructura navegable.
rel-0524,def-dg-pers,Dirección General de Personal,jerarquía / adscripción,def-om,Oficialía Mayor,Manual de Organización General de la Secretaría de la Defensa Nacional,https://sidof.segob.gob.mx/notas/5791257,2026-09-28,Relación padre-hijo utilizada por la estructura navegable.
rel-0525,def-dg-arch,Dirección General de Archivo e Historia,jerarquía / adscripción,def-om,Oficialía Mayor,Manual de Organización General de la Secretaría de la Defensa Nacional,https://sidof.segob.gob.mx/notas/5791257,2026-09-28,Relación padre-hijo utilizada por la estructura navegable.
rel-0526,def-dg-ind,Dirección General de Industria Militar,jerarquía / adscripción,def-om,Oficialía Mayor,Manual de Organización General de la Secretaría de la Defensa Nacional,https://sidof.segob.gob.mx/notas/5791257,2026-09-28,Relación padre-hijo utilizada por la estructura navegable.
rel-0527,def-dg-fab,Dirección General de Fábricas de Vestuario y Equipo,jerarquía / adscripción,def-om,Oficialía Mayor,Manual de Organización General de la Secretaría de la Defensa Nacional,https://sidof.segob.gob.mx/notas/5791257,2026-09-28,Relación padre-hijo utilizada por la estructura navegable.
rel-0528,def-dg-adm,Dirección General de Administración,jerarquía / adscripción,def-om,Oficialía Mayor,Manual de Organización General de la Secretaría de la Defensa Nacional,https://sidof.segob.gob.mx/notas/5791257,2026-09-28,Relación padre-hijo utilizada por la estructura navegable.
rel-0529,def-dg-san,Dirección General de Sanidad,jerarquía / adscripción,def-om,Oficialía Mayor,Manual de Organización General de la Secretaría de la Defensa Nacional,https://sidof.segob.gob.mx/notas/5791257,2026-09-28,Relación padre-hijo utilizada por la estructura navegable.
rel-0530,def-dg-trans,Dirección General de Transportes Militares,jerarquía / adscripción,def-om,Oficialía Mayor,Manual de Organización General de la Secretaría de la Defensa Nacional,https://sidof.segob.gob.mx/notas/5791257,2026-09-28,Relación padre-hijo utilizada por la estructura navegable.
rel-0531,def-dg-matg,Dirección General de Materiales de Guerra,jerarquía / adscripción,def-om,Oficialía Mayor,Manual de Organización General de la Secretaría de la Defensa Nacional,https://sidof.segob.gob.mx/notas/5791257,2026-09-28,Relación padre-hijo utilizada por la estructura navegable.
rel-0532,def-dg-int,Dirección General de Intendencia,jerarquía / adscripción,def-om,Oficialía Mayor,Manual de Organización General de la Secretaría de la Defensa Nacional,https://sidof.segob.gob.mx/notas/5791257,2026-09-28,Relación padre-hijo utilizada por la estructura navegable.
rel-0533,def-dg-vet,Dirección General de Veterinaria y Remonta,jerarquía / adscripción,def-om,Oficialía Mayor,Manual de Organización General de la Secretaría de la Defensa Nacional,https://sidof.segob.gob.mx/notas/5791257,2026-09-28,Relación padre-hijo utilizada por la estructura navegable.
rel-0534,def-dg-tic,Dirección General de Tecnologías de la Información y Comunicaciones,jerarquía / adscripción,def-om,Oficialía Mayor,Manual de Organización General de la Secretaría de la Defensa Nacional,https://sidof.segob.gob.mx/notas/5791257,2026-09-28,Relación padre-hijo utilizada por la estructura navegable.
rel-0535,mar-u-jur,Unidad Jurídica,jerarquía / adscripción,sec-3,Secretaría de Marina,Reglamento Interior de la Secretaría de Marina,https://www.dof.gob.mx/abrirPDF.php?anio=2025&archivo=11122025-VES.pdf&repo=,2026-09-28,Relación padre-hijo utilizada por la estructura navegable.
rel-0536,mar-u-igual,"Unidad de Igualdad de Género, Derechos Humanos e Inclusión",jerarquía / adscripción,sec-3,Secretaría de Marina,Reglamento Interior de la Secretaría de Marina,https://www.dof.gob.mx/abrirPDF.php?anio=2025&archivo=11122025-VES.pdf&repo=,2026-09-28,Relación padre-hijo utilizada por la estructura navegable.
rel-0537,mar-sub,Subsecretaría de Marina,jerarquía / adscripción,sec-3,Secretaría de Marina,Reglamento Interior de la Secretaría de Marina,https://www.dof.gob.mx/abrirPDF.php?anio=2025&archivo=11122025-VES.pdf&repo=,2026-09-28,Relación padre-hijo utilizada por la estructura navegable.
rel-0538,mar-sub-amp,Subsecretaría de Asuntos Marítimos y Portuarios,jerarquía / adscripción,sec-3,Secretaría de Marina,Reglamento Interior de la Secretaría de Marina,https://www.dof.gob.mx/abrirPDF.php?anio=2025&archivo=11122025-VES.pdf&repo=,2026-09-28,Relación padre-hijo utilizada por la estructura navegable.
rel-0539,mar-om,Oficialía Mayor,jerarquía / adscripción,sec-3,Secretaría de Marina,Reglamento Interior de la Secretaría de Marina,https://www.dof.gob.mx/abrirPDF.php?anio=2025&archivo=11122025-VES.pdf&repo=,2026-09-28,Relación padre-hijo utilizada por la estructura navegable.
rel-0540,mar-jon,Jefatura de Operaciones Navales,jerarquía / adscripción,sec-3,Secretaría de Marina,Reglamento Interior de la Secretaría de Marina,https://www.dof.gob.mx/abrirPDF.php?anio=2025&archivo=11122025-VES.pdf&repo=,2026-09-28,Relación padre-hijo utilizada por la estructura navegable.
rel-0541,mar-emga,Estado Mayor General de la Armada,jerarquía / adscripción,sec-3,Secretaría de Marina,Reglamento Interior de la Secretaría de Marina,https://www.dof.gob.mx/abrirPDF.php?anio=2025&archivo=11122025-VES.pdf&repo=,2026-09-28,Relación padre-hijo utilizada por la estructura navegable.
rel-0542,mar-icg,Inspección y Contraloría General de Marina,jerarquía / adscripción,sec-3,Secretaría de Marina,Reglamento Interior de la Secretaría de Marina,https://www.dof.gob.mx/abrirPDF.php?anio=2025&archivo=11122025-VES.pdf&repo=,2026-09-28,Relación padre-hijo utilizada por la estructura navegable.
rel-0543,mar-uin,Unidad de Inteligencia Naval,jerarquía / adscripción,sec-3,Secretaría de Marina,Reglamento Interior de la Secretaría de Marina,https://www.dof.gob.mx/abrirPDF.php?anio=2025&archivo=11122025-VES.pdf&repo=,2026-09-28,Relación padre-hijo utilizada por la estructura navegable.
rel-0544,mar-dg-cons,Dirección General de Construcciones Navales,jerarquía / adscripción,mar-sub,Subsecretaría de Marina,Reglamento Interior de la Secretaría de Marina,https://www.dof.gob.mx/abrirPDF.php?anio=2025&archivo=11122025-VES.pdf&repo=,2026-09-28,Relación padre-hijo utilizada por la estructura navegable.
rel-0545,mar-dg-ind,Dirección General de Industria Naval,jerarquía / adscripción,mar-sub,Subsecretaría de Marina,Reglamento Interior de la Secretaría de Marina,https://www.dof.gob.mx/abrirPDF.php?anio=2025&archivo=11122025-VES.pdf&repo=,2026-09-28,Relación padre-hijo utilizada por la estructura navegable.
rel-0546,mar-dg-tec,Dirección General de Servicios Técnicos y Científicos,jerarquía / adscripción,mar-sub,Subsecretaría de Marina,Reglamento Interior de la Secretaría de Marina,https://www.dof.gob.mx/abrirPDF.php?anio=2025&archivo=11122025-VES.pdf&repo=,2026-09-28,Relación padre-hijo utilizada por la estructura navegable.
rel-0547,mar-dg-obras,Dirección General de Obras y Dragado,jerarquía / adscripción,mar-sub,Subsecretaría de Marina,Reglamento Interior de la Secretaría de Marina,https://www.dof.gob.mx/abrirPDF.php?anio=2025&archivo=11122025-VES.pdf&repo=,2026-09-28,Relación padre-hijo utilizada por la estructura navegable.
rel-0548,mar-u-amn,Unidad de la Autoridad Marítima Nacional,jerarquía / adscripción,mar-sub-amp,Subsecretaría de Asuntos Marítimos y Portuarios,Reglamento Interior de la Secretaría de Marina,https://www.dof.gob.mx/abrirPDF.php?anio=2025&archivo=11122025-VES.pdf&repo=,2026-09-28,Relación padre-hijo utilizada por la estructura navegable.
rel-0549,mar-u-pmm,Unidad de Puertos y Marina Mercante,jerarquía / adscripción,mar-sub-amp,Subsecretaría de Asuntos Marítimos y Portuarios,Reglamento Interior de la Secretaría de Marina,https://www.dof.gob.mx/abrirPDF.php?anio=2025&archivo=11122025-VES.pdf&repo=,2026-09-28,Relación padre-hijo utilizada por la estructura navegable.
rel-0550,mar-dg-cap,Dirección General de Capitanías de Puerto,jerarquía / adscripción,mar-u-amn,Unidad de la Autoridad Marítima Nacional,Reglamento Interior de la Secretaría de Marina,https://www.dof.gob.mx/abrirPDF.php?anio=2025&archivo=11122025-VES.pdf&repo=,2026-09-28,Relación padre-hijo utilizada por la estructura navegable.
rel-0551,mar-dg-prot,Dirección General de Protección y Certificación Marítima,jerarquía / adscripción,mar-u-amn,Unidad de la Autoridad Marítima Nacional,Reglamento Interior de la Secretaría de Marina,https://www.dof.gob.mx/abrirPDF.php?anio=2025&archivo=11122025-VES.pdf&repo=,2026-09-28,Relación padre-hijo utilizada por la estructura navegable.
rel-0552,mar-dg-enl,Dirección General de Enlace y Asuntos Marítimos,jerarquía / adscripción,mar-u-amn,Unidad de la Autoridad Marítima Nacional,Reglamento Interior de la Secretaría de Marina,https://www.dof.gob.mx/abrirPDF.php?anio=2025&archivo=11122025-VES.pdf&repo=,2026-09-28,Relación padre-hijo utilizada por la estructura navegable.
rel-0553,mar-dg-puertos,Dirección General de Puertos,jerarquía / adscripción,mar-u-pmm,Unidad de Puertos y Marina Mercante,Reglamento Interior de la Secretaría de Marina,https://www.dof.gob.mx/abrirPDF.php?anio=2025&archivo=11122025-VES.pdf&repo=,2026-09-28,Relación padre-hijo utilizada por la estructura navegable.
rel-0554,mar-dg-mm,Dirección General de Marina Mercante,jerarquía / adscripción,mar-u-pmm,Unidad de Puertos y Marina Mercante,Reglamento Interior de la Secretaría de Marina,https://www.dof.gob.mx/abrirPDF.php?anio=2025&archivo=11122025-VES.pdf&repo=,2026-09-28,Relación padre-hijo utilizada por la estructura navegable.
rel-0555,mar-dg-fap,Dirección General de Fomento y Administración Portuaria,jerarquía / adscripción,mar-u-pmm,Unidad de Puertos y Marina Mercante,Reglamento Interior de la Secretaría de Marina,https://www.dof.gob.mx/abrirPDF.php?anio=2025&archivo=11122025-VES.pdf&repo=,2026-09-28,Relación padre-hijo utilizada por la estructura navegable.
rel-0556,mar-cap-red,Capitanías de Puerto,jerarquía / adscripción,mar-dg-cap,Dirección General de Capitanías de Puerto,Reglamento Interior de la Secretaría de Marina,https://www.dof.gob.mx/abrirPDF.php?anio=2025&archivo=11122025-VES.pdf&repo=,2026-09-28,Relación padre-hijo utilizada por la estructura navegable.
rel-0557,mar-dg-rh,Dirección General de Recursos Humanos,jerarquía / adscripción,mar-om,Oficialía Mayor,Reglamento Interior de la Secretaría de Marina,https://www.dof.gob.mx/abrirPDF.php?anio=2025&archivo=11122025-VES.pdf&repo=,2026-09-28,Relación padre-hijo utilizada por la estructura navegable.
rel-0558,mar-dg-pop,"Dirección General de Programación, Organización y Presupuesto",jerarquía / adscripción,mar-om,Oficialía Mayor,Reglamento Interior de la Secretaría de Marina,https://www.dof.gob.mx/abrirPDF.php?anio=2025&archivo=11122025-VES.pdf&repo=,2026-09-28,Relación padre-hijo utilizada por la estructura navegable.
rel-0559,mar-dg-adm,Dirección General de Administración,jerarquía / adscripción,mar-om,Oficialía Mayor,Reglamento Interior de la Secretaría de Marina,https://www.dof.gob.mx/abrirPDF.php?anio=2025&archivo=11122025-VES.pdf&repo=,2026-09-28,Relación padre-hijo utilizada por la estructura navegable.
rel-0560,mar-unav,Universidad Naval,jerarquía / adscripción,mar-om,Oficialía Mayor,Reglamento Interior de la Secretaría de Marina,https://www.dof.gob.mx/abrirPDF.php?anio=2025&archivo=11122025-VES.pdf&repo=,2026-09-28,Relación padre-hijo utilizada por la estructura navegable.
rel-0561,stps-sub,Subsecretaría de Empleo y Productividad Laboral,jerarquía / adscripción,sec-16,Secretaría del Trabajo y Previsión Social,Manual de Organización General de la Secretaría del Trabajo y Previsión Social,https://dof.gob.mx/nota_detalle_popup.php?codigo=5722805,2026-09-28,Relación padre-hijo utilizada por la estructura navegable.
rel-0562,stps-u-pol,Unidad de Política Laboral y Relaciones Institucionales,jerarquía / adscripción,sec-16,Secretaría del Trabajo y Previsión Social,Manual de Organización General de la Secretaría del Trabajo y Previsión Social,https://dof.gob.mx/nota_detalle_popup.php?codigo=5722805,2026-09-28,Relación padre-hijo utilizada por la estructura navegable.
rel-0563,stps-u-digno,Unidad de Trabajo Digno,jerarquía / adscripción,sec-16,Secretaría del Trabajo y Previsión Social,Manual de Organización General de la Secretaría del Trabajo y Previsión Social,https://dof.gob.mx/nota_detalle_popup.php?codigo=5722805,2026-09-28,Relación padre-hijo utilizada por la estructura navegable.
rel-0564,stps-uaf,Unidad de Administración y Finanzas,jerarquía / adscripción,sec-16,Secretaría del Trabajo y Previsión Social,Manual de Organización General de la Secretaría del Trabajo y Previsión Social,https://dof.gob.mx/nota_detalle_popup.php?codigo=5722805,2026-09-28,Relación padre-hijo utilizada por la estructura navegable.
rel-0565,stps-sne,Unidad del Servicio Nacional de Empleo,jerarquía / adscripción,stps-sub,Subsecretaría de Empleo y Productividad Laboral,Manual de Organización General de la Secretaría del Trabajo y Previsión Social,https://dof.gob.mx/nota_detalle_popup.php?codigo=5722805,2026-09-28,Relación padre-hijo utilizada por la estructura navegable.
rel-0566,stps-jcf,Unidad del Programa Jóvenes Construyendo el Futuro,jerarquía / adscripción,stps-sub,Subsecretaría de Empleo y Productividad Laboral,Manual de Organización General de la Secretaría del Trabajo y Previsión Social,https://dof.gob.mx/nota_detalle_popup.php?codigo=5722805,2026-09-28,Relación padre-hijo utilizada por la estructura navegable.
rel-0567,stps-dg-aj,Dirección General de Asuntos Jurídicos,jerarquía / adscripción,sec-16,Secretaría del Trabajo y Previsión Social,Manual de Organización General de la Secretaría del Trabajo y Previsión Social,https://dof.gob.mx/nota_detalle_popup.php?codigo=5722805,2026-09-28,Relación padre-hijo utilizada por la estructura navegable.
rel-0568,stps-dg-est,Dirección General de Investigación y Estadísticas del Trabajo,jerarquía / adscripción,sec-16,Secretaría del Trabajo y Previsión Social,Manual de Organización General de la Secretaría del Trabajo y Previsión Social,https://dof.gob.mx/nota_detalle_popup.php?codigo=5722805,2026-09-28,Relación padre-hijo utilizada por la estructura navegable.
rel-0569,stps-dg-conc,Dirección General de Concertación Social,jerarquía / adscripción,sec-16,Secretaría del Trabajo y Previsión Social,Manual de Organización General de la Secretaría del Trabajo y Previsión Social,https://dof.gob.mx/nota_detalle_popup.php?codigo=5722805,2026-09-28,Relación padre-hijo utilizada por la estructura navegable.
rel-0570,stps-dg-pol,Dirección General de Políticas Públicas y Órganos de Gobierno,jerarquía / adscripción,stps-u-pol,Unidad de Política Laboral y Relaciones Institucionales,Manual de Organización General de la Secretaría del Trabajo y Previsión Social,https://dof.gob.mx/nota_detalle_popup.php?codigo=5722805,2026-09-28,Relación padre-hijo utilizada por la estructura navegable.
rel-0571,stps-dg-rel,Dirección General de Relaciones Institucionales,jerarquía / adscripción,stps-u-pol,Unidad de Política Laboral y Relaciones Institucionales,Manual de Organización General de la Secretaría del Trabajo y Previsión Social,https://dof.gob.mx/nota_detalle_popup.php?codigo=5722805,2026-09-28,Relación padre-hijo utilizada por la estructura navegable.
rel-0572,stps-dg-insp,Dirección General de Inspección Federal del Trabajo,jerarquía / adscripción,stps-u-digno,Unidad de Trabajo Digno,Manual de Organización General de la Secretaría del Trabajo y Previsión Social,https://dof.gob.mx/nota_detalle_popup.php?codigo=5722805,2026-09-28,Relación padre-hijo utilizada por la estructura navegable.
rel-0573,stps-dg-prev,Dirección General de Previsión Social,jerarquía / adscripción,stps-u-digno,Unidad de Trabajo Digno,Manual de Organización General de la Secretaría del Trabajo y Previsión Social,https://dof.gob.mx/nota_detalle_popup.php?codigo=5722805,2026-09-28,Relación padre-hijo utilizada por la estructura navegable.
rel-0574,stps-dg-cap,Dirección General de Capacitación Laboral,jerarquía / adscripción,stps-u-digno,Unidad de Trabajo Digno,Manual de Organización General de la Secretaría del Trabajo y Previsión Social,https://dof.gob.mx/nota_detalle_popup.php?codigo=5722805,2026-09-28,Relación padre-hijo utilizada por la estructura navegable.
rel-0575,stps-dg-rh,Dirección General de Recursos Humanos,jerarquía / adscripción,stps-uaf,Unidad de Administración y Finanzas,Manual de Organización General de la Secretaría del Trabajo y Previsión Social,https://dof.gob.mx/nota_detalle_popup.php?codigo=5722805,2026-09-28,Relación padre-hijo utilizada por la estructura navegable.
rel-0576,stps-dg-pp,Dirección General de Programación y Presupuesto,jerarquía / adscripción,stps-uaf,Unidad de Administración y Finanzas,Manual de Organización General de la Secretaría del Trabajo y Previsión Social,https://dof.gob.mx/nota_detalle_popup.php?codigo=5722805,2026-09-28,Relación padre-hijo utilizada por la estructura navegable.
rel-0577,stps-dg-rm,Dirección General de Recursos Materiales y Servicios Generales,jerarquía / adscripción,stps-uaf,Unidad de Administración y Finanzas,Manual de Organización General de la Secretaría del Trabajo y Previsión Social,https://dof.gob.mx/nota_detalle_popup.php?codigo=5722805,2026-09-28,Relación padre-hijo utilizada por la estructura navegable.
rel-0578,stps-dg-ti,Dirección General de Tecnologías de la Información,jerarquía / adscripción,stps-uaf,Unidad de Administración y Finanzas,Manual de Organización General de la Secretaría del Trabajo y Previsión Social,https://dof.gob.mx/nota_detalle_popup.php?codigo=5722805,2026-09-28,Relación padre-hijo utilizada por la estructura navegable.
rel-0579,stps-profedet,Procuraduría Federal de la Defensa del Trabajo,jerarquía / adscripción,sec-16,Secretaría del Trabajo y Previsión Social,Manual de Organización General de la Secretaría del Trabajo y Previsión Social,https://dof.gob.mx/nota_detalle_popup.php?codigo=5722805,2026-09-28,Relación padre-hijo utilizada por la estructura navegable.
rel-0580,stps-jfca,Junta Federal de Conciliación y Arbitraje,jerarquía / adscripción,sec-16,Secretaría del Trabajo y Previsión Social,Manual de Organización General de la Secretaría del Trabajo y Previsión Social,https://dof.gob.mx/nota_detalle_popup.php?codigo=5722805,2026-09-28,Relación padre-hijo utilizada por la estructura navegable.
rel-0581,stps-coord-reg,Direcciones de Coordinación Regional,jerarquía / adscripción,sec-16,Secretaría del Trabajo y Previsión Social,Manual de Organización General de la Secretaría del Trabajo y Previsión Social,https://dof.gob.mx/nota_detalle_popup.php?codigo=5722805,2026-09-28,Relación padre-hijo utilizada por la estructura navegable.
rel-0582,stps-of-rep,Oficinas de Representación Federal del Trabajo,jerarquía / adscripción,sec-16,Secretaría del Trabajo y Previsión Social,Manual de Organización General de la Secretaría del Trabajo y Previsión Social,https://dof.gob.mx/nota_detalle_popup.php?codigo=5722805,2026-09-28,Relación padre-hijo utilizada por la estructura navegable.
rel-0583,sedatu-sub-ot,"Subsecretaría de Ordenamiento Territorial, Urbano y Vivienda",jerarquía / adscripción,sec-17,"Secretaría de Desarrollo Agrario, Territorial y Urbano","Reglamento Interior de la Secretaría de Desarrollo Agrario, Territorial y Urbano",https://dof.gob.mx/index.php?day=17&edicion=MAT&month=01&year=2025,2026-09-28,Relación padre-hijo utilizada por la estructura navegable.
rel-0584,sedatu-sub-ag,Subsecretaría de Ordenamiento Agrario e Inventarios de la Propiedad,jerarquía / adscripción,sec-17,"Secretaría de Desarrollo Agrario, Territorial y Urbano","Reglamento Interior de la Secretaría de Desarrollo Agrario, Territorial y Urbano",https://dof.gob.mx/index.php?day=17&edicion=MAT&month=01&year=2025,2026-09-28,Relación padre-hijo utilizada por la estructura navegable.
rel-0585,sedatu-uaf,Unidad de Administración y Finanzas,jerarquía / adscripción,sec-17,"Secretaría de Desarrollo Agrario, Territorial y Urbano","Reglamento Interior de la Secretaría de Desarrollo Agrario, Territorial y Urbano",https://dof.gob.mx/index.php?day=17&edicion=MAT&month=01&year=2025,2026-09-28,Relación padre-hijo utilizada por la estructura navegable.
rel-0586,sedatu-uaj,Unidad de Asuntos Jurídicos,jerarquía / adscripción,sec-17,"Secretaría de Desarrollo Agrario, Territorial y Urbano","Reglamento Interior de la Secretaría de Desarrollo Agrario, Territorial y Urbano",https://dof.gob.mx/index.php?day=17&edicion=MAT&month=01&year=2025,2026-09-28,Relación padre-hijo utilizada por la estructura navegable.
rel-0587,sedatu-dg-plan,Dirección General de Planeación y Desarrollo Institucional,jerarquía / adscripción,sec-17,"Secretaría de Desarrollo Agrario, Territorial y Urbano","Reglamento Interior de la Secretaría de Desarrollo Agrario, Territorial y Urbano",https://dof.gob.mx/index.php?day=17&edicion=MAT&month=01&year=2025,2026-09-28,Relación padre-hijo utilizada por la estructura navegable.
rel-0588,sedatu-dg-obras,Dirección General de Obras Comunitarias,jerarquía / adscripción,sedatu-sub-ot,"Subsecretaría de Ordenamiento Territorial, Urbano y Vivienda","Reglamento Interior de la Secretaría de Desarrollo Agrario, Territorial y Urbano",https://dof.gob.mx/index.php?day=17&edicion=MAT&month=01&year=2025,2026-09-28,Relación padre-hijo utilizada por la estructura navegable.
rel-0589,sedatu-dg-infra,Dirección General de Infraestructura y Equipamiento,jerarquía / adscripción,sedatu-sub-ot,"Subsecretaría de Ordenamiento Territorial, Urbano y Vivienda","Reglamento Interior de la Secretaría de Desarrollo Agrario, Territorial y Urbano",https://dof.gob.mx/index.php?day=17&edicion=MAT&month=01&year=2025,2026-09-28,Relación padre-hijo utilizada por la estructura navegable.
rel-0590,sedatu-dg-riesgos,Dirección General de Gestión Integral de Riesgos de Desastres y Cambio Climático,jerarquía / adscripción,sedatu-sub-ot,"Subsecretaría de Ordenamiento Territorial, Urbano y Vivienda","Reglamento Interior de la Secretaría de Desarrollo Agrario, Territorial y Urbano",https://dof.gob.mx/index.php?day=17&edicion=MAT&month=01&year=2025,2026-09-28,Relación padre-hijo utilizada por la estructura navegable.
rel-0591,sedatu-dg-pol,Dirección General de Política Territorial y Movilidad,jerarquía / adscripción,sedatu-sub-ot,"Subsecretaría de Ordenamiento Territorial, Urbano y Vivienda","Reglamento Interior de la Secretaría de Desarrollo Agrario, Territorial y Urbano",https://dof.gob.mx/index.php?day=17&edicion=MAT&month=01&year=2025,2026-09-28,Relación padre-hijo utilizada por la estructura navegable.
rel-0592,sedatu-dg-otu,Dirección General de Ordenamiento Territorial y Urbano,jerarquía / adscripción,sedatu-sub-ot,"Subsecretaría de Ordenamiento Territorial, Urbano y Vivienda","Reglamento Interior de la Secretaría de Desarrollo Agrario, Territorial y Urbano",https://dof.gob.mx/index.php?day=17&edicion=MAT&month=01&year=2025,2026-09-28,Relación padre-hijo utilizada por la estructura navegable.
rel-0593,sedatu-dg-rep,Dirección General de Coordinación de Oficinas de Representación,jerarquía / adscripción,sec-17,"Secretaría de Desarrollo Agrario, Territorial y Urbano","Reglamento Interior de la Secretaría de Desarrollo Agrario, Territorial y Urbano",https://dof.gob.mx/index.php?day=17&edicion=MAT&month=01&year=2025,2026-09-28,Relación padre-hijo utilizada por la estructura navegable.
rel-0594,sedatu-dg-cat,Dirección General de Inventarios y Modernización Registral y Catastral,jerarquía / adscripción,sedatu-sub-ag,Subsecretaría de Ordenamiento Agrario e Inventarios de la Propiedad,"Reglamento Interior de la Secretaría de Desarrollo Agrario, Territorial y Urbano",https://dof.gob.mx/index.php?day=17&edicion=MAT&month=01&year=2025,2026-09-28,Relación padre-hijo utilizada por la estructura navegable.
rel-0595,sedatu-ran,Registro Agrario Nacional,jerarquía / adscripción,sec-17,"Secretaría de Desarrollo Agrario, Territorial y Urbano",Reglamento Interior del Registro Agrario Nacional,https://www.dof.gob.mx/nota_detalle.php?codigo=5714535&fecha=17/01/2024,2026-09-28,Relación padre-hijo utilizada por la estructura navegable.
rel-0596,sedatu-ran-rep,Oficinas de representación del Registro Agrario Nacional en las entidades federativas,jerarquía / adscripción,sedatu-ran,Registro Agrario Nacional,Reglamento Interior del Registro Agrario Nacional,https://www.dof.gob.mx/nota_detalle.php?codigo=5714535&fecha=17/01/2024,2026-09-28,Relación padre-hijo utilizada por la estructura navegable.
rel-0597,cult-sub,Subsecretaría de Desarrollo Cultural,jerarquía / adscripción,sec-18,Secretaría de Cultura,Reglamento Interior de la Secretaría de Cultura,https://dof.gob.mx/nota_detalle.php?codigo=5763480&fecha=22/07/2025,2026-09-28,Relación padre-hijo utilizada por la estructura navegable.
rel-0598,cult-uaf,Unidad de Administración y Finanzas,jerarquía / adscripción,sec-18,Secretaría de Cultura,Reglamento Interior de la Secretaría de Cultura,https://dof.gob.mx/nota_detalle.php?codigo=5763480&fecha=22/07/2025,2026-09-28,Relación padre-hijo utilizada por la estructura navegable.
rel-0599,cult-uaj,Unidad de Asuntos Jurídicos,jerarquía / adscripción,sec-18,Secretaría de Cultura,Reglamento Interior de la Secretaría de Cultura,https://dof.gob.mx/nota_detalle.php?codigo=5763480&fecha=22/07/2025,2026-09-28,Relación padre-hijo utilizada por la estructura navegable.
rel-0600,cult-u-cv,"Unidad de Culturas Vivas, Patrimonio Inmaterial e Interculturalidad",jerarquía / adscripción,sec-18,Secretaría de Cultura,Reglamento Interior de la Secretaría de Cultura,https://dof.gob.mx/nota_detalle.php?codigo=5763480&fecha=22/07/2025,2026-09-28,Relación padre-hijo utilizada por la estructura navegable.
rel-0601,cult-dg-bib,Dirección General de Bibliotecas,jerarquía / adscripción,cult-sub,Subsecretaría de Desarrollo Cultural,Reglamento Interior de la Secretaría de Cultura,https://dof.gob.mx/nota_detalle.php?codigo=5763480&fecha=22/07/2025,2026-09-28,Relación padre-hijo utilizada por la estructura navegable.
rel-0602,cult-dg-apoy,Dirección General de Sistema de Apoyos a la Creación de Proyectos Culturales,jerarquía / adscripción,cult-sub,Subsecretaría de Desarrollo Cultural,Reglamento Interior de la Secretaría de Cultura,https://dof.gob.mx/nota_detalle.php?codigo=5763480&fecha=22/07/2025,2026-09-28,Relación padre-hijo utilizada por la estructura navegable.
rel-0603,cult-dg-circ,Dirección General de Circuitos y Festivales,jerarquía / adscripción,cult-sub,Subsecretaría de Desarrollo Cultural,Reglamento Interior de la Secretaría de Cultura,https://dof.gob.mx/nota_detalle.php?codigo=5763480&fecha=22/07/2025,2026-09-28,Relación padre-hijo utilizada por la estructura navegable.
rel-0604,cult-dg-vinc,Dirección General de Vinculación Cultural,jerarquía / adscripción,cult-sub,Subsecretaría de Desarrollo Cultural,Reglamento Interior de la Secretaría de Cultura,https://dof.gob.mx/nota_detalle.php?codigo=5763480&fecha=22/07/2025,2026-09-28,Relación padre-hijo utilizada por la estructura navegable.
rel-0605,cult-dg-sit,Dirección General de Sitios y Monumentos del Patrimonio Cultural,jerarquía / adscripción,cult-sub,Subsecretaría de Desarrollo Cultural,Reglamento Interior de la Secretaría de Cultura,https://dof.gob.mx/nota_detalle.php?codigo=5763480&fecha=22/07/2025,2026-09-28,Relación padre-hijo utilizada por la estructura navegable.
rel-0606,cult-dif,Dirección de Difusión Cultural,jerarquía / adscripción,cult-sub,Subsecretaría de Desarrollo Cultural,Reglamento Interior de la Secretaría de Cultura,https://dof.gob.mx/nota_detalle.php?codigo=5763480&fecha=22/07/2025,2026-09-28,Relación padre-hijo utilizada por la estructura navegable.
rel-0607,cult-dg-accion,Dirección General de Acción Territorial y Promoción Comunitaria,jerarquía / adscripción,cult-u-cv,"Unidad de Culturas Vivas, Patrimonio Inmaterial e Interculturalidad",Reglamento Interior de la Secretaría de Cultura,https://dof.gob.mx/nota_detalle.php?codigo=5763480&fecha=22/07/2025,2026-09-28,Relación padre-hijo utilizada por la estructura navegable.
rel-0608,cult-dg-pop,Dirección General Técnica y de Investigación de las Culturas Populares,jerarquía / adscripción,cult-u-cv,"Unidad de Culturas Vivas, Patrimonio Inmaterial e Interculturalidad",Reglamento Interior de la Secretaría de Cultura,https://dof.gob.mx/nota_detalle.php?codigo=5763480&fecha=22/07/2025,2026-09-28,Relación padre-hijo utilizada por la estructura navegable.
rel-0609,cult-uaf-rm,Coordinación de Recursos Materiales y Servicios Generales,jerarquía / adscripción,cult-uaf,Unidad de Administración y Finanzas,Reglamento Interior de la Secretaría de Cultura,https://dof.gob.mx/nota_detalle.php?codigo=5763480&fecha=22/07/2025,2026-09-28,Relación padre-hijo utilizada por la estructura navegable.
rel-0610,cult-uaf-pr,Coordinación de Presupuesto y Recursos Financieros,jerarquía / adscripción,cult-uaf,Unidad de Administración y Finanzas,Reglamento Interior de la Secretaría de Cultura,https://dof.gob.mx/nota_detalle.php?codigo=5763480&fecha=22/07/2025,2026-09-28,Relación padre-hijo utilizada por la estructura navegable.
rel-0611,cult-uaf-rh,Coordinación de Recursos Humanos,jerarquía / adscripción,cult-uaf,Unidad de Administración y Finanzas,Reglamento Interior de la Secretaría de Cultura,https://dof.gob.mx/nota_detalle.php?codigo=5763480&fecha=22/07/2025,2026-09-28,Relación padre-hijo utilizada por la estructura navegable.
rel-0612,cult-uaf-tic,Coordinación de Tecnologías de la Información y Comunicaciones,jerarquía / adscripción,cult-uaf,Unidad de Administración y Finanzas,Reglamento Interior de la Secretaría de Cultura,https://dof.gob.mx/nota_detalle.php?codigo=5763480&fecha=22/07/2025,2026-09-28,Relación padre-hijo utilizada por la estructura navegable.
rel-0613,cult-inah,Instituto Nacional de Antropología e Historia,jerarquía / adscripción,sec-18,Secretaría de Cultura,Reglamento Interior de la Secretaría de Cultura,https://dof.gob.mx/nota_detalle.php?codigo=5763480&fecha=22/07/2025,2026-09-28,Relación padre-hijo utilizada por la estructura navegable.
rel-0614,cult-inbal,Instituto Nacional de Bellas Artes y Literatura,jerarquía / adscripción,sec-18,Secretaría de Cultura,Reglamento Interior de la Secretaría de Cultura,https://dof.gob.mx/nota_detalle.php?codigo=5763480&fecha=22/07/2025,2026-09-28,Relación padre-hijo utilizada por la estructura navegable.
rel-0615,cult-indautor,Instituto Nacional del Derecho de Autor,jerarquía / adscripción,sec-18,Secretaría de Cultura,Reglamento Interior de la Secretaría de Cultura,https://dof.gob.mx/nota_detalle.php?codigo=5763480&fecha=22/07/2025,2026-09-28,Relación padre-hijo utilizada por la estructura navegable.
rel-0616,cult-radio,Radio Educación,jerarquía / adscripción,sec-18,Secretaría de Cultura,Reglamento Interior de la Secretaría de Cultura,https://dof.gob.mx/nota_detalle.php?codigo=5763480&fecha=22/07/2025,2026-09-28,Relación padre-hijo utilizada por la estructura navegable.
rel-0617,tur-dg-aj,Dirección General de Asuntos Jurídicos,jerarquía / adscripción,sec-19,Secretaría de Turismo,"Calendario de Presupuesto autorizado al Ramo 21 Turismo, ejercicio fiscal 2026",https://dof.gob.mx/nota_detalle_popup.php?codigo=5776542,2026-09-28,Relación padre-hijo utilizada por la estructura navegable.
rel-0618,tur-sub,Subsecretaría de Turismo,jerarquía / adscripción,sec-19,Secretaría de Turismo,"Calendario de Presupuesto autorizado al Ramo 21 Turismo, ejercicio fiscal 2026",https://dof.gob.mx/nota_detalle_popup.php?codigo=5776542,2026-09-28,Relación padre-hijo utilizada por la estructura navegable.
rel-0619,tur-dg-prom,Dirección General de Promoción y Asuntos Internacionales,jerarquía / adscripción,tur-sub,Subsecretaría de Turismo,"Calendario de Presupuesto autorizado al Ramo 21 Turismo, ejercicio fiscal 2026",https://dof.gob.mx/nota_detalle_popup.php?codigo=5776542,2026-09-28,Relación padre-hijo utilizada por la estructura navegable.
rel-0620,tur-dg-inv,Dirección General de Inversión Turística,jerarquía / adscripción,tur-sub,Subsecretaría de Turismo,"Calendario de Presupuesto autorizado al Ramo 21 Turismo, ejercicio fiscal 2026",https://dof.gob.mx/nota_detalle_popup.php?codigo=5776542,2026-09-28,Relación padre-hijo utilizada por la estructura navegable.
rel-0621,tur-dg-cert,Dirección General de Certificación Turística,jerarquía / adscripción,tur-sub,Subsecretaría de Turismo,"Calendario de Presupuesto autorizado al Ramo 21 Turismo, ejercicio fiscal 2026",https://dof.gob.mx/nota_detalle_popup.php?codigo=5776542,2026-09-28,Relación padre-hijo utilizada por la estructura navegable.
rel-0622,tur-dg-des,Dirección General de Desarrollo Regional y Fomento Turístico,jerarquía / adscripción,tur-sub,Subsecretaría de Turismo,"Calendario de Presupuesto autorizado al Ramo 21 Turismo, ejercicio fiscal 2026",https://dof.gob.mx/nota_detalle_popup.php?codigo=5776542,2026-09-28,Relación padre-hijo utilizada por la estructura navegable.
rel-0623,tur-dg-norm,Dirección General de Normalización y Verificación,jerarquía / adscripción,tur-sub,Subsecretaría de Turismo,"Calendario de Presupuesto autorizado al Ramo 21 Turismo, ejercicio fiscal 2026",https://dof.gob.mx/nota_detalle_popup.php?codigo=5776542,2026-09-28,Relación padre-hijo utilizada por la estructura navegable.
rel-0624,tur-dg-sust,Dirección General de Sustentabilidad Turística,jerarquía / adscripción,tur-innov,Unidad de Innovación Sustentabilidad y Profesionalización Turística,Manual de Organización General de la Secretaría de Turismo,https://dof.gob.mx/nota_detalle.php?codigo=5777508&fecha=30/12/2025,2026-09-28,"Manual Turismo 2025, estructura 1.2.3; adscripción actualizada."
rel-0625,tur-dg-prof,Dirección General de Profesionalización y Competitividad Turística,jerarquía / adscripción,tur-innov,Unidad de Innovación Sustentabilidad y Profesionalización Turística,Manual de Organización General de la Secretaría de Turismo,https://dof.gob.mx/nota_detalle.php?codigo=5777508&fecha=30/12/2025,2026-09-28,"Manual Turismo 2025, estructura 1.2.4; adscripción actualizada."
rel-0626,tur-dg-av,Dirección General de Servicios al Turista Ángeles Verdes,jerarquía / adscripción,tur-sub,Subsecretaría de Turismo,"Calendario de Presupuesto autorizado al Ramo 21 Turismo, ejercicio fiscal 2026",https://dof.gob.mx/nota_detalle_popup.php?codigo=5776542,2026-09-28,Relación padre-hijo utilizada por la estructura navegable.
rel-0627,tur-uaf,Unidad de Administración y Finanzas,jerarquía / adscripción,sec-19,Secretaría de Turismo,"Calendario de Presupuesto autorizado al Ramo 21 Turismo, ejercicio fiscal 2026",https://dof.gob.mx/nota_detalle_popup.php?codigo=5776542,2026-09-28,Relación padre-hijo utilizada por la estructura navegable.
rel-0628,tur-av-red,Jefaturas de Servicios de Auxilio Turístico de Ángeles Verdes,jerarquía / adscripción,tur-dg-av,Dirección General de Servicios al Turista Ángeles Verdes,"Calendario de Presupuesto autorizado al Ramo 21 Turismo, ejercicio fiscal 2026",https://dof.gob.mx/nota_detalle_popup.php?codigo=5776542,2026-09-28,Relación padre-hijo utilizada por la estructura navegable.
rel-0629,para-cat-od-sec,Organismos descentralizados sectorizados,jerarquía / adscripción,apf-para,Administración Pública Federal Paraestatal,Relación de las Entidades Paraestatales de la Administración Pública Federal,https://dof.gob.mx/nota_detalle.php?codigo=5796062&fecha=12/08/2026,2026-09-28,Relación padre-hijo utilizada por la estructura navegable.
rel-0630,para-cat-od-no,Organismos descentralizados no sectorizados,jerarquía / adscripción,apf-para,Administración Pública Federal Paraestatal,Relación de las Entidades Paraestatales de la Administración Pública Federal,https://dof.gob.mx/nota_detalle.php?codigo=5796062&fecha=12/08/2026,2026-09-28,Relación padre-hijo utilizada por la estructura navegable.
rel-0631,para-cat-insalud,Institutos Nacionales de Salud,jerarquía / adscripción,apf-para,Administración Pública Federal Paraestatal,Relación de las Entidades Paraestatales de la Administración Pública Federal,https://dof.gob.mx/nota_detalle.php?codigo=5796062&fecha=12/08/2026,2026-09-28,Relación padre-hijo utilizada por la estructura navegable.
rel-0632,para-cat-cpi-od,Organismos descentralizados considerados Centros Públicos de Investigación,jerarquía / adscripción,apf-para,Administración Pública Federal Paraestatal,Relación de las Entidades Paraestatales de la Administración Pública Federal,https://dof.gob.mx/nota_detalle.php?codigo=5796062&fecha=12/08/2026,2026-09-28,Relación padre-hijo utilizada por la estructura navegable.
rel-0633,para-cat-epem,Empresas de participación estatal mayoritaria,jerarquía / adscripción,apf-para,Administración Pública Federal Paraestatal,Relación de las Entidades Paraestatales de la Administración Pública Federal,https://dof.gob.mx/nota_detalle.php?codigo=5796062&fecha=12/08/2026,2026-09-28,Relación padre-hijo utilizada por la estructura navegable.
rel-0634,para-cat-banca,Instituciones de banca de desarrollo,jerarquía / adscripción,apf-para,Administración Pública Federal Paraestatal,Relación de las Entidades Paraestatales de la Administración Pública Federal,https://dof.gob.mx/nota_detalle.php?codigo=5796062&fecha=12/08/2026,2026-09-28,Relación padre-hijo utilizada por la estructura navegable.
rel-0635,para-cat-seguros,Instituciones nacionales de seguros,jerarquía / adscripción,apf-para,Administración Pública Federal Paraestatal,Relación de las Entidades Paraestatales de la Administración Pública Federal,https://dof.gob.mx/nota_detalle.php?codigo=5796062&fecha=12/08/2026,2026-09-28,Relación padre-hijo utilizada por la estructura navegable.
rel-0636,para-cat-cpi-epem,Empresas de participación estatal mayoritaria consideradas Centros Públicos de Investigación,jerarquía / adscripción,apf-para,Administración Pública Federal Paraestatal,Relación de las Entidades Paraestatales de la Administración Pública Federal,https://dof.gob.mx/nota_detalle.php?codigo=5796062&fecha=12/08/2026,2026-09-28,Relación padre-hijo utilizada por la estructura navegable.
rel-0637,para-cat-fid,Fideicomisos públicos,jerarquía / adscripción,apf-para,Administración Pública Federal Paraestatal,Relación de las Entidades Paraestatales de la Administración Pública Federal,https://dof.gob.mx/nota_detalle.php?codigo=5796062&fecha=12/08/2026,2026-09-28,Relación padre-hijo utilizada por la estructura navegable.
rel-0638,para-cat-fid-cpi,Fideicomisos considerados Centros Públicos de Investigación,jerarquía / adscripción,apf-para,Administración Pública Federal Paraestatal,Relación de las Entidades Paraestatales de la Administración Pública Federal,https://dof.gob.mx/nota_detalle.php?codigo=5796062&fecha=12/08/2026,2026-09-28,Relación padre-hijo utilizada por la estructura navegable.
rel-0639,para-cat-fid-banca,Fideicomisos del Sistema Bancario Mexicano,jerarquía / adscripción,apf-para,Administración Pública Federal Paraestatal,Relación de las Entidades Paraestatales de la Administración Pública Federal,https://dof.gob.mx/nota_detalle.php?codigo=5796062&fecha=12/08/2026,2026-09-28,Relación padre-hijo utilizada por la estructura navegable.
rel-0640,para-cat-epe,Empresas Públicas del Estado,jerarquía / adscripción,apf-para,Administración Pública Federal Paraestatal,Relación de las Entidades Paraestatales de la Administración Pública Federal,https://dof.gob.mx/nota_detalle.php?codigo=5796062&fecha=12/08/2026,2026-09-28,Relación padre-hijo utilizada por la estructura navegable.
rel-0641,para-cat-desinc,Entidades en proceso de desincorporación,jerarquía / adscripción,apf-para,Administración Pública Federal Paraestatal,Relación de las Entidades Paraestatales de la Administración Pública Federal,https://dof.gob.mx/nota_detalle.php?codigo=5796062&fecha=12/08/2026,2026-09-28,Relación padre-hijo utilizada por la estructura navegable.
rel-0642,para-cat-exclusion,Entidades en exclusión de proceso de desincorporación,jerarquía / adscripción,apf-para,Administración Pública Federal Paraestatal,Relación de las Entidades Paraestatales de la Administración Pública Federal,https://dof.gob.mx/nota_detalle.php?codigo=5796062&fecha=12/08/2026,2026-09-28,Relación padre-hijo utilizada por la estructura navegable.
rel-0643,para-active-001,Consejo Nacional para Prevenir la Discriminación,clasificación paraestatal,para-cat-od-sec,Organismos descentralizados sectorizados,Relación de las Entidades Paraestatales de la Administración Pública Federal,https://dof.gob.mx/nota_detalle.php?codigo=5796062&fecha=12/08/2026,2026-09-28,Clasificación según la relación anual oficial de entidades paraestatales.
rel-0644,para-active-002,Talleres Gráficos de México,clasificación paraestatal,para-cat-od-sec,Organismos descentralizados sectorizados,Relación de las Entidades Paraestatales de la Administración Pública Federal,https://dof.gob.mx/nota_detalle.php?codigo=5796062&fecha=12/08/2026,2026-09-28,Clasificación según la relación anual oficial de entidades paraestatales.
rel-0645,para-active-003,Instituto de Seguridad Social para las Fuerzas Armadas Mexicanas,clasificación paraestatal,para-cat-od-sec,Organismos descentralizados sectorizados,Relación de las Entidades Paraestatales de la Administración Pública Federal,https://dof.gob.mx/nota_detalle.php?codigo=5796062&fecha=12/08/2026,2026-09-28,Clasificación según la relación anual oficial de entidades paraestatales.
rel-0646,para-active-004,Corredor Interoceánico del Istmo de Tehuantepec,clasificación paraestatal,para-cat-od-sec,Organismos descentralizados sectorizados,Relación de las Entidades Paraestatales de la Administración Pública Federal,https://dof.gob.mx/nota_detalle.php?codigo=5796062&fecha=12/08/2026,2026-09-28,Clasificación según la relación anual oficial de entidades paraestatales.
rel-0647,para-active-005,Casa de Moneda de México,clasificación paraestatal,para-cat-od-sec,Organismos descentralizados sectorizados,Relación de las Entidades Paraestatales de la Administración Pública Federal,https://dof.gob.mx/nota_detalle.php?codigo=5796062&fecha=12/08/2026,2026-09-28,Clasificación según la relación anual oficial de entidades paraestatales.
rel-0648,para-active-006,Comisión Nacional para la Protección y Defensa de los Usuarios de Servicios Financieros,clasificación paraestatal,para-cat-od-sec,Organismos descentralizados sectorizados,Relación de las Entidades Paraestatales de la Administración Pública Federal,https://dof.gob.mx/nota_detalle.php?codigo=5796062&fecha=12/08/2026,2026-09-28,Clasificación según la relación anual oficial de entidades paraestatales.
rel-0649,para-active-007,Financiera para el Bienestar,clasificación paraestatal,para-cat-od-sec,Organismos descentralizados sectorizados,Relación de las Entidades Paraestatales de la Administración Pública Federal,https://dof.gob.mx/nota_detalle.php?codigo=5796062&fecha=12/08/2026,2026-09-28,Clasificación según la relación anual oficial de entidades paraestatales.
rel-0650,para-active-008,Instituto para Devolver al Pueblo lo Robado,clasificación paraestatal,para-cat-od-sec,Organismos descentralizados sectorizados,Relación de las Entidades Paraestatales de la Administración Pública Federal,https://dof.gob.mx/nota_detalle.php?codigo=5796062&fecha=12/08/2026,2026-09-28,Clasificación según la relación anual oficial de entidades paraestatales.
rel-0651,para-active-009,Instituto para el Desarrollo Técnico de las Haciendas Públicas,clasificación paraestatal,para-cat-od-sec,Organismos descentralizados sectorizados,Relación de las Entidades Paraestatales de la Administración Pública Federal,https://dof.gob.mx/nota_detalle.php?codigo=5796062&fecha=12/08/2026,2026-09-28,Clasificación según la relación anual oficial de entidades paraestatales.
rel-0652,para-active-010,Instituto para la Protección al Ahorro Bancario,clasificación paraestatal,para-cat-od-sec,Organismos descentralizados sectorizados,Relación de las Entidades Paraestatales de la Administración Pública Federal,https://dof.gob.mx/nota_detalle.php?codigo=5796062&fecha=12/08/2026,2026-09-28,Clasificación según la relación anual oficial de entidades paraestatales.
rel-0653,para-active-011,Lotería Nacional,clasificación paraestatal,para-cat-od-sec,Organismos descentralizados sectorizados,Relación de las Entidades Paraestatales de la Administración Pública Federal,https://dof.gob.mx/nota_detalle.php?codigo=5796062&fecha=12/08/2026,2026-09-28,Clasificación según la relación anual oficial de entidades paraestatales.
rel-0654,para-active-012,Consejo Nacional para el Desarrollo y la Inclusión de las Personas con Discapacidad,clasificación paraestatal,para-cat-od-sec,Organismos descentralizados sectorizados,Relación de las Entidades Paraestatales de la Administración Pública Federal,https://dof.gob.mx/nota_detalle.php?codigo=5796062&fecha=12/08/2026,2026-09-28,Clasificación según la relación anual oficial de entidades paraestatales.
rel-0655,para-active-013,Instituto Nacional de las Personas Adultas Mayores,clasificación paraestatal,para-cat-od-sec,Organismos descentralizados sectorizados,Relación de las Entidades Paraestatales de la Administración Pública Federal,https://dof.gob.mx/nota_detalle.php?codigo=5796062&fecha=12/08/2026,2026-09-28,Clasificación según la relación anual oficial de entidades paraestatales.
rel-0656,para-active-014,Comisión Nacional Forestal,clasificación paraestatal,para-cat-od-sec,Organismos descentralizados sectorizados,Relación de las Entidades Paraestatales de la Administración Pública Federal,https://dof.gob.mx/nota_detalle.php?codigo=5796062&fecha=12/08/2026,2026-09-28,Clasificación según la relación anual oficial de entidades paraestatales.
rel-0657,para-active-015,Instituto Nacional de Ecología y Cambio Climático,clasificación paraestatal,para-cat-od-sec,Organismos descentralizados sectorizados,Relación de las Entidades Paraestatales de la Administración Pública Federal,https://dof.gob.mx/nota_detalle.php?codigo=5796062&fecha=12/08/2026,2026-09-28,Clasificación según la relación anual oficial de entidades paraestatales.
rel-0658,para-active-016,Centro Nacional de Control de Energía,clasificación paraestatal,para-cat-od-sec,Organismos descentralizados sectorizados,Relación de las Entidades Paraestatales de la Administración Pública Federal,https://dof.gob.mx/nota_detalle.php?codigo=5796062&fecha=12/08/2026,2026-09-28,Clasificación según la relación anual oficial de entidades paraestatales.
rel-0659,para-active-017,Centro Nacional de Control del Gas Natural,clasificación paraestatal,para-cat-od-sec,Organismos descentralizados sectorizados,Relación de las Entidades Paraestatales de la Administración Pública Federal,https://dof.gob.mx/nota_detalle.php?codigo=5796062&fecha=12/08/2026,2026-09-28,Clasificación según la relación anual oficial de entidades paraestatales.
rel-0660,para-active-018,Instituto Nacional de Investigaciones Nucleares,clasificación paraestatal,para-cat-od-sec,Organismos descentralizados sectorizados,Relación de las Entidades Paraestatales de la Administración Pública Federal,https://dof.gob.mx/nota_detalle.php?codigo=5796062&fecha=12/08/2026,2026-09-28,Clasificación según la relación anual oficial de entidades paraestatales.
rel-0661,para-active-019,Litio para México,clasificación paraestatal,para-cat-od-sec,Organismos descentralizados sectorizados,Relación de las Entidades Paraestatales de la Administración Pública Federal,https://dof.gob.mx/nota_detalle.php?codigo=5796062&fecha=12/08/2026,2026-09-28,Clasificación según la relación anual oficial de entidades paraestatales.
rel-0662,para-active-020,Centro Nacional de Metrología,clasificación paraestatal,para-cat-od-sec,Organismos descentralizados sectorizados,Relación de las Entidades Paraestatales de la Administración Pública Federal,https://dof.gob.mx/nota_detalle.php?codigo=5796062&fecha=12/08/2026,2026-09-28,Clasificación según la relación anual oficial de entidades paraestatales.
rel-0663,para-active-021,Comisión Nacional Antimonopolio,clasificación paraestatal,para-cat-od-sec,Organismos descentralizados sectorizados,Relación de las Entidades Paraestatales de la Administración Pública Federal,https://dof.gob.mx/nota_detalle.php?codigo=5796062&fecha=12/08/2026,2026-09-28,Clasificación según la relación anual oficial de entidades paraestatales.
rel-0664,para-active-022,Instituto Mexicano de la Propiedad Industrial,clasificación paraestatal,para-cat-od-sec,Organismos descentralizados sectorizados,Relación de las Entidades Paraestatales de la Administración Pública Federal,https://dof.gob.mx/nota_detalle.php?codigo=5796062&fecha=12/08/2026,2026-09-28,Clasificación según la relación anual oficial de entidades paraestatales.
rel-0665,para-active-023,Procuraduría Federal del Consumidor,clasificación paraestatal,para-cat-od-sec,Organismos descentralizados sectorizados,Relación de las Entidades Paraestatales de la Administración Pública Federal,https://dof.gob.mx/nota_detalle.php?codigo=5796062&fecha=12/08/2026,2026-09-28,Clasificación según la relación anual oficial de entidades paraestatales.
rel-0666,para-active-024,Servicio Geológico Mexicano,clasificación paraestatal,para-cat-od-sec,Organismos descentralizados sectorizados,Relación de las Entidades Paraestatales de la Administración Pública Federal,https://dof.gob.mx/nota_detalle.php?codigo=5796062&fecha=12/08/2026,2026-09-28,Clasificación según la relación anual oficial de entidades paraestatales.
rel-0667,para-active-025,Comité Nacional para el Desarrollo Sustentable de la Caña de Azúcar,clasificación paraestatal,para-cat-od-sec,Organismos descentralizados sectorizados,Relación de las Entidades Paraestatales de la Administración Pública Federal,https://dof.gob.mx/nota_detalle.php?codigo=5796062&fecha=12/08/2026,2026-09-28,Clasificación según la relación anual oficial de entidades paraestatales.
rel-0668,para-active-026,Instituto Mexicano de Investigación en Pesca y Acuacultura Sustentables,clasificación paraestatal,para-cat-od-sec,Organismos descentralizados sectorizados,Relación de las Entidades Paraestatales de la Administración Pública Federal,https://dof.gob.mx/nota_detalle.php?codigo=5796062&fecha=12/08/2026,2026-09-28,Clasificación según la relación anual oficial de entidades paraestatales.
rel-0669,para-active-027,"Productora de Semillas para el Bienestar ""PROSEBIEN""",clasificación paraestatal,para-cat-od-sec,Organismos descentralizados sectorizados,Relación de las Entidades Paraestatales de la Administración Pública Federal,https://dof.gob.mx/nota_detalle.php?codigo=5796062&fecha=12/08/2026,2026-09-28,Clasificación según la relación anual oficial de entidades paraestatales.
rel-0670,para-active-028,Productora Nacional de Biológicos Veterinarios,clasificación paraestatal,para-cat-od-sec,Organismos descentralizados sectorizados,Relación de las Entidades Paraestatales de la Administración Pública Federal,https://dof.gob.mx/nota_detalle.php?codigo=5796062&fecha=12/08/2026,2026-09-28,Clasificación según la relación anual oficial de entidades paraestatales.
rel-0671,para-active-029,Aeropuertos y Servicios Auxiliares,clasificación paraestatal,para-cat-od-sec,Organismos descentralizados sectorizados,Relación de las Entidades Paraestatales de la Administración Pública Federal,https://dof.gob.mx/nota_detalle.php?codigo=5796062&fecha=12/08/2026,2026-09-28,Clasificación según la relación anual oficial de entidades paraestatales.
rel-0672,para-active-030,Agencia de Trenes y Transporte Público Integrado,clasificación paraestatal,para-cat-od-sec,Organismos descentralizados sectorizados,Relación de las Entidades Paraestatales de la Administración Pública Federal,https://dof.gob.mx/nota_detalle.php?codigo=5796062&fecha=12/08/2026,2026-09-28,Clasificación según la relación anual oficial de entidades paraestatales.
rel-0673,para-active-031,Caminos y Puentes Federales de Ingresos y Servicios Conexos,clasificación paraestatal,para-cat-od-sec,Organismos descentralizados sectorizados,Relación de las Entidades Paraestatales de la Administración Pública Federal,https://dof.gob.mx/nota_detalle.php?codigo=5796062&fecha=12/08/2026,2026-09-28,Clasificación según la relación anual oficial de entidades paraestatales.
rel-0674,para-active-032,Organismo Promotor de Inversiones en Telecomunicaciones,clasificación paraestatal,para-cat-od-sec,Organismos descentralizados sectorizados,Relación de las Entidades Paraestatales de la Administración Pública Federal,https://dof.gob.mx/nota_detalle.php?codigo=5796062&fecha=12/08/2026,2026-09-28,Clasificación según la relación anual oficial de entidades paraestatales.
rel-0675,para-active-033,Centro de Enseñanza Técnica Industrial,clasificación paraestatal,para-cat-od-sec,Organismos descentralizados sectorizados,Relación de las Entidades Paraestatales de la Administración Pública Federal,https://dof.gob.mx/nota_detalle.php?codigo=5796062&fecha=12/08/2026,2026-09-28,Clasificación según la relación anual oficial de entidades paraestatales.
rel-0676,para-active-034,Centro de Investigación y de Estudios Avanzados del Instituto Politécnico Nacional,clasificación paraestatal,para-cat-od-sec,Organismos descentralizados sectorizados,Relación de las Entidades Paraestatales de la Administración Pública Federal,https://dof.gob.mx/nota_detalle.php?codigo=5796062&fecha=12/08/2026,2026-09-28,Clasificación según la relación anual oficial de entidades paraestatales.
rel-0677,para-active-035,Colegio de Bachilleres,clasificación paraestatal,para-cat-od-sec,Organismos descentralizados sectorizados,Relación de las Entidades Paraestatales de la Administración Pública Federal,https://dof.gob.mx/nota_detalle.php?codigo=5796062&fecha=12/08/2026,2026-09-28,Clasificación según la relación anual oficial de entidades paraestatales.
rel-0678,para-active-036,Colegio Nacional de Educación Profesional Técnica,clasificación paraestatal,para-cat-od-sec,Organismos descentralizados sectorizados,Relación de las Entidades Paraestatales de la Administración Pública Federal,https://dof.gob.mx/nota_detalle.php?codigo=5796062&fecha=12/08/2026,2026-09-28,Clasificación según la relación anual oficial de entidades paraestatales.
rel-0679,para-active-037,Comisión de Operación y Fomento de Actividades Académicas del Instituto Politécnico Nacional,clasificación paraestatal,para-cat-od-sec,Organismos descentralizados sectorizados,Relación de las Entidades Paraestatales de la Administración Pública Federal,https://dof.gob.mx/nota_detalle.php?codigo=5796062&fecha=12/08/2026,2026-09-28,Clasificación según la relación anual oficial de entidades paraestatales.
rel-0680,para-active-038,Comisión Nacional de Cultura Física y Deporte,clasificación paraestatal,para-cat-od-sec,Organismos descentralizados sectorizados,Relación de las Entidades Paraestatales de la Administración Pública Federal,https://dof.gob.mx/nota_detalle.php?codigo=5796062&fecha=12/08/2026,2026-09-28,Clasificación según la relación anual oficial de entidades paraestatales.
rel-0681,para-active-039,Comisión Nacional de Libros de Texto Gratuitos,clasificación paraestatal,para-cat-od-sec,Organismos descentralizados sectorizados,Relación de las Entidades Paraestatales de la Administración Pública Federal,https://dof.gob.mx/nota_detalle.php?codigo=5796062&fecha=12/08/2026,2026-09-28,Clasificación según la relación anual oficial de entidades paraestatales.
rel-0682,para-active-040,Consejo Nacional de Fomento Educativo,clasificación paraestatal,para-cat-od-sec,Organismos descentralizados sectorizados,Relación de las Entidades Paraestatales de la Administración Pública Federal,https://dof.gob.mx/nota_detalle.php?codigo=5796062&fecha=12/08/2026,2026-09-28,Clasificación según la relación anual oficial de entidades paraestatales.
rel-0683,para-active-041,Fondo de Cultura Económica,clasificación paraestatal,para-cat-od-sec,Organismos descentralizados sectorizados,Relación de las Entidades Paraestatales de la Administración Pública Federal,https://dof.gob.mx/nota_detalle.php?codigo=5796062&fecha=12/08/2026,2026-09-28,Clasificación según la relación anual oficial de entidades paraestatales.
rel-0684,para-active-042,Instituto Nacional para la Educación de los Adultos,clasificación paraestatal,para-cat-od-sec,Organismos descentralizados sectorizados,Relación de las Entidades Paraestatales de la Administración Pública Federal,https://dof.gob.mx/nota_detalle.php?codigo=5796062&fecha=12/08/2026,2026-09-28,Clasificación según la relación anual oficial de entidades paraestatales.
rel-0685,para-active-043,Organismo Coordinador de las Universidades para el Bienestar Benito Juárez García,clasificación paraestatal,para-cat-od-sec,Organismos descentralizados sectorizados,Relación de las Entidades Paraestatales de la Administración Pública Federal,https://dof.gob.mx/nota_detalle.php?codigo=5796062&fecha=12/08/2026,2026-09-28,Clasificación según la relación anual oficial de entidades paraestatales.
rel-0686,para-active-044,Patronato de Obras e Instalaciones del Instituto Politécnico Nacional,clasificación paraestatal,para-cat-od-sec,Organismos descentralizados sectorizados,Relación de las Entidades Paraestatales de la Administración Pública Federal,https://dof.gob.mx/nota_detalle.php?codigo=5796062&fecha=12/08/2026,2026-09-28,Clasificación según la relación anual oficial de entidades paraestatales.
rel-0687,para-active-045,"Universidad de las Lenguas Indígenas de México ""ULIM""",clasificación paraestatal,para-cat-od-sec,Organismos descentralizados sectorizados,Relación de las Entidades Paraestatales de la Administración Pública Federal,https://dof.gob.mx/nota_detalle.php?codigo=5796062&fecha=12/08/2026,2026-09-28,Clasificación según la relación anual oficial de entidades paraestatales.
rel-0688,para-active-046,Instituto Nacional de Estudios Históricos de las Revoluciones de México,clasificación paraestatal,para-cat-od-sec,Organismos descentralizados sectorizados,Relación de las Entidades Paraestatales de la Administración Pública Federal,https://dof.gob.mx/nota_detalle.php?codigo=5796062&fecha=12/08/2026,2026-09-28,Clasificación según la relación anual oficial de entidades paraestatales.
rel-0689,para-active-047,Universidad Nacional Rosario Castellanos,clasificación paraestatal,para-cat-od-sec,Organismos descentralizados sectorizados,Relación de las Entidades Paraestatales de la Administración Pública Federal,https://dof.gob.mx/nota_detalle.php?codigo=5796062&fecha=12/08/2026,2026-09-28,Clasificación según la relación anual oficial de entidades paraestatales.
rel-0690,para-active-048,"Hospital General de México ""Dr. Eduardo Liceaga""",clasificación paraestatal,para-cat-od-sec,Organismos descentralizados sectorizados,Relación de las Entidades Paraestatales de la Administración Pública Federal,https://dof.gob.mx/nota_detalle.php?codigo=5796062&fecha=12/08/2026,2026-09-28,Clasificación según la relación anual oficial de entidades paraestatales.
rel-0691,para-active-049,"Hospital General ""Dr. Manuel Gea González""",clasificación paraestatal,para-cat-od-sec,Organismos descentralizados sectorizados,Relación de las Entidades Paraestatales de la Administración Pública Federal,https://dof.gob.mx/nota_detalle.php?codigo=5796062&fecha=12/08/2026,2026-09-28,Clasificación según la relación anual oficial de entidades paraestatales.
rel-0692,para-active-050,Hospital Juárez de México,clasificación paraestatal,para-cat-od-sec,Organismos descentralizados sectorizados,Relación de las Entidades Paraestatales de la Administración Pública Federal,https://dof.gob.mx/nota_detalle.php?codigo=5796062&fecha=12/08/2026,2026-09-28,Clasificación según la relación anual oficial de entidades paraestatales.
rel-0693,para-active-051,Sistema Nacional para el Desarrollo Integral de la Familia,clasificación paraestatal,para-cat-od-sec,Organismos descentralizados sectorizados,Relación de las Entidades Paraestatales de la Administración Pública Federal,https://dof.gob.mx/nota_detalle.php?codigo=5796062&fecha=12/08/2026,2026-09-28,Clasificación según la relación anual oficial de entidades paraestatales.
rel-0694,para-active-052,Centro Federal de Conciliación y Registro Laboral,clasificación paraestatal,para-cat-od-sec,Organismos descentralizados sectorizados,Relación de las Entidades Paraestatales de la Administración Pública Federal,https://dof.gob.mx/nota_detalle.php?codigo=5796062&fecha=12/08/2026,2026-09-28,Clasificación según la relación anual oficial de entidades paraestatales.
rel-0695,para-active-053,Comisión Nacional de los Salarios Mínimos,clasificación paraestatal,para-cat-od-sec,Organismos descentralizados sectorizados,Relación de las Entidades Paraestatales de la Administración Pública Federal,https://dof.gob.mx/nota_detalle.php?codigo=5796062&fecha=12/08/2026,2026-09-28,Clasificación según la relación anual oficial de entidades paraestatales.
rel-0696,para-active-054,Instituto del Fondo Nacional para el Consumo de los Trabajadores,clasificación paraestatal,para-cat-od-sec,Organismos descentralizados sectorizados,Relación de las Entidades Paraestatales de la Administración Pública Federal,https://dof.gob.mx/nota_detalle.php?codigo=5796062&fecha=12/08/2026,2026-09-28,Clasificación según la relación anual oficial de entidades paraestatales.
rel-0697,para-active-055,Instituto Mexicano de la Juventud,clasificación paraestatal,para-cat-od-sec,Organismos descentralizados sectorizados,Relación de las Entidades Paraestatales de la Administración Pública Federal,https://dof.gob.mx/nota_detalle.php?codigo=5796062&fecha=12/08/2026,2026-09-28,Clasificación según la relación anual oficial de entidades paraestatales.
rel-0698,para-active-056,Comisión Nacional de Vivienda,clasificación paraestatal,para-cat-od-sec,Organismos descentralizados sectorizados,Relación de las Entidades Paraestatales de la Administración Pública Federal,https://dof.gob.mx/nota_detalle.php?codigo=5796062&fecha=12/08/2026,2026-09-28,Clasificación según la relación anual oficial de entidades paraestatales.
rel-0699,para-active-057,Instituto Nacional del Suelo Sustentable,clasificación paraestatal,para-cat-od-sec,Organismos descentralizados sectorizados,Relación de las Entidades Paraestatales de la Administración Pública Federal,https://dof.gob.mx/nota_detalle.php?codigo=5796062&fecha=12/08/2026,2026-09-28,Clasificación según la relación anual oficial de entidades paraestatales.
rel-0700,para-active-058,Procuraduría Agraria,clasificación paraestatal,para-cat-od-sec,Organismos descentralizados sectorizados,Relación de las Entidades Paraestatales de la Administración Pública Federal,https://dof.gob.mx/nota_detalle.php?codigo=5796062&fecha=12/08/2026,2026-09-28,Clasificación según la relación anual oficial de entidades paraestatales.
rel-0701,para-active-059,Instituto Mexicano de Cinematografía,clasificación paraestatal,para-cat-od-sec,Organismos descentralizados sectorizados,Relación de las Entidades Paraestatales de la Administración Pública Federal,https://dof.gob.mx/nota_detalle.php?codigo=5796062&fecha=12/08/2026,2026-09-28,Clasificación según la relación anual oficial de entidades paraestatales.
rel-0702,para-active-060,Instituto Nacional de Lenguas Indígenas,clasificación paraestatal,para-cat-od-sec,Organismos descentralizados sectorizados,Relación de las Entidades Paraestatales de la Administración Pública Federal,https://dof.gob.mx/nota_detalle.php?codigo=5796062&fecha=12/08/2026,2026-09-28,Clasificación según la relación anual oficial de entidades paraestatales.
rel-0703,para-active-061,Agencia Espacial Mexicana,clasificación paraestatal,para-cat-od-sec,Organismos descentralizados sectorizados,Relación de las Entidades Paraestatales de la Administración Pública Federal,https://dof.gob.mx/nota_detalle.php?codigo=5796062&fecha=12/08/2026,2026-09-28,Clasificación según la relación anual oficial de entidades paraestatales.
rel-0704,para-active-062,Servicio Postal Mexicano,clasificación paraestatal,para-cat-od-sec,Organismos descentralizados sectorizados,Relación de las Entidades Paraestatales de la Administración Pública Federal,https://dof.gob.mx/nota_detalle.php?codigo=5796062&fecha=12/08/2026,2026-09-28,Clasificación según la relación anual oficial de entidades paraestatales.
rel-0705,para-active-063,Archivo General de la Nación,clasificación paraestatal,para-cat-od-no,Organismos descentralizados no sectorizados,Relación de las Entidades Paraestatales de la Administración Pública Federal,https://dof.gob.mx/nota_detalle.php?codigo=5796062&fecha=12/08/2026,2026-09-28,Clasificación según la relación anual oficial de entidades paraestatales.
rel-0706,para-active-064,Comisión Ejecutiva de Atención a Víctimas,clasificación paraestatal,para-cat-od-no,Organismos descentralizados no sectorizados,Relación de las Entidades Paraestatales de la Administración Pública Federal,https://dof.gob.mx/nota_detalle.php?codigo=5796062&fecha=12/08/2026,2026-09-28,Clasificación según la relación anual oficial de entidades paraestatales.
rel-0707,para-active-065,Comisión Nacional para la Mejora Continua de la Educación,clasificación paraestatal,para-cat-od-no,Organismos descentralizados no sectorizados,Relación de las Entidades Paraestatales de la Administración Pública Federal,https://dof.gob.mx/nota_detalle.php?codigo=5796062&fecha=12/08/2026,2026-09-28,Clasificación según la relación anual oficial de entidades paraestatales.
rel-0708,para-active-066,Instituto del Fondo Nacional de la Vivienda para los Trabajadores,clasificación paraestatal,para-cat-od-no,Organismos descentralizados no sectorizados,Relación de las Entidades Paraestatales de la Administración Pública Federal,https://dof.gob.mx/nota_detalle.php?codigo=5796062&fecha=12/08/2026,2026-09-28,Clasificación según la relación anual oficial de entidades paraestatales.
rel-0709,para-active-067,Instituto de Seguridad y Servicios Sociales de los Trabajadores del Estado,clasificación paraestatal,para-cat-od-no,Organismos descentralizados no sectorizados,Relación de las Entidades Paraestatales de la Administración Pública Federal,https://dof.gob.mx/nota_detalle.php?codigo=5796062&fecha=12/08/2026,2026-09-28,Clasificación según la relación anual oficial de entidades paraestatales.
rel-0710,para-active-068,Instituto Mexicano de la Radio,clasificación paraestatal,para-cat-od-no,Organismos descentralizados no sectorizados,Relación de las Entidades Paraestatales de la Administración Pública Federal,https://dof.gob.mx/nota_detalle.php?codigo=5796062&fecha=12/08/2026,2026-09-28,Clasificación según la relación anual oficial de entidades paraestatales.
rel-0711,para-active-069,Instituto Mexicano del Seguro Social,clasificación paraestatal,para-cat-od-no,Organismos descentralizados no sectorizados,Relación de las Entidades Paraestatales de la Administración Pública Federal,https://dof.gob.mx/nota_detalle.php?codigo=5796062&fecha=12/08/2026,2026-09-28,Clasificación según la relación anual oficial de entidades paraestatales.
rel-0712,para-active-070,Instituto Nacional de los Pueblos Indígenas,clasificación paraestatal,para-cat-od-no,Organismos descentralizados no sectorizados,Relación de las Entidades Paraestatales de la Administración Pública Federal,https://dof.gob.mx/nota_detalle.php?codigo=5796062&fecha=12/08/2026,2026-09-28,Clasificación según la relación anual oficial de entidades paraestatales.
rel-0713,para-active-071,Procuraduría de la Defensa del Contribuyente,clasificación paraestatal,para-cat-od-no,Organismos descentralizados no sectorizados,Relación de las Entidades Paraestatales de la Administración Pública Federal,https://dof.gob.mx/nota_detalle.php?codigo=5796062&fecha=12/08/2026,2026-09-28,Clasificación según la relación anual oficial de entidades paraestatales.
rel-0714,para-active-072,Secretaría Ejecutiva del Sistema Nacional Anticorrupción,clasificación paraestatal,para-cat-od-no,Organismos descentralizados no sectorizados,Relación de las Entidades Paraestatales de la Administración Pública Federal,https://dof.gob.mx/nota_detalle.php?codigo=5796062&fecha=12/08/2026,2026-09-28,Clasificación según la relación anual oficial de entidades paraestatales.
rel-0715,para-active-073,Servicios de Salud del Instituto Mexicano del Seguro Social para el Bienestar (IMSS-BIENESTAR),clasificación paraestatal,para-cat-od-no,Organismos descentralizados no sectorizados,Relación de las Entidades Paraestatales de la Administración Pública Federal,https://dof.gob.mx/nota_detalle.php?codigo=5796062&fecha=12/08/2026,2026-09-28,Clasificación según la relación anual oficial de entidades paraestatales.
rel-0716,para-active-074,Sistema Público de Radiodifusión del Estado Mexicano,clasificación paraestatal,para-cat-od-no,Organismos descentralizados no sectorizados,Relación de las Entidades Paraestatales de la Administración Pública Federal,https://dof.gob.mx/nota_detalle.php?codigo=5796062&fecha=12/08/2026,2026-09-28,Clasificación según la relación anual oficial de entidades paraestatales.
rel-0717,para-active-075,"Hospital Infantil de México ""Federico Gómez""",clasificación paraestatal,para-cat-insalud,Institutos Nacionales de Salud,Relación de las Entidades Paraestatales de la Administración Pública Federal,https://dof.gob.mx/nota_detalle.php?codigo=5796062&fecha=12/08/2026,2026-09-28,Clasificación según la relación anual oficial de entidades paraestatales.
rel-0718,para-active-076,Instituto Nacional de Cancerología,clasificación paraestatal,para-cat-insalud,Institutos Nacionales de Salud,Relación de las Entidades Paraestatales de la Administración Pública Federal,https://dof.gob.mx/nota_detalle.php?codigo=5796062&fecha=12/08/2026,2026-09-28,Clasificación según la relación anual oficial de entidades paraestatales.
rel-0719,para-active-077,"Instituto Nacional de Cardiología ""Ignacio Chávez""",clasificación paraestatal,para-cat-insalud,Institutos Nacionales de Salud,Relación de las Entidades Paraestatales de la Administración Pública Federal,https://dof.gob.mx/nota_detalle.php?codigo=5796062&fecha=12/08/2026,2026-09-28,Clasificación según la relación anual oficial de entidades paraestatales.
rel-0720,para-active-078,"Instituto Nacional de Ciencias Médicas y Nutrición ""Salvador Zubirán""",clasificación paraestatal,para-cat-insalud,Institutos Nacionales de Salud,Relación de las Entidades Paraestatales de la Administración Pública Federal,https://dof.gob.mx/nota_detalle.php?codigo=5796062&fecha=12/08/2026,2026-09-28,Clasificación según la relación anual oficial de entidades paraestatales.
rel-0721,para-active-079,"Instituto Nacional de Enfermedades Respiratorias ""Ismael Cosío Villegas""",clasificación paraestatal,para-cat-insalud,Institutos Nacionales de Salud,Relación de las Entidades Paraestatales de la Administración Pública Federal,https://dof.gob.mx/nota_detalle.php?codigo=5796062&fecha=12/08/2026,2026-09-28,Clasificación según la relación anual oficial de entidades paraestatales.
rel-0722,para-active-080,Instituto Nacional de Geriatría,clasificación paraestatal,para-cat-insalud,Institutos Nacionales de Salud,Relación de las Entidades Paraestatales de la Administración Pública Federal,https://dof.gob.mx/nota_detalle.php?codigo=5796062&fecha=12/08/2026,2026-09-28,Clasificación según la relación anual oficial de entidades paraestatales.
rel-0723,para-active-081,Instituto Nacional de Medicina Genómica,clasificación paraestatal,para-cat-insalud,Institutos Nacionales de Salud,Relación de las Entidades Paraestatales de la Administración Pública Federal,https://dof.gob.mx/nota_detalle.php?codigo=5796062&fecha=12/08/2026,2026-09-28,Clasificación según la relación anual oficial de entidades paraestatales.
rel-0724,para-active-082,"Instituto Nacional de Neurología y Neurocirugía ""Manuel Velasco Suárez""",clasificación paraestatal,para-cat-insalud,Institutos Nacionales de Salud,Relación de las Entidades Paraestatales de la Administración Pública Federal,https://dof.gob.mx/nota_detalle.php?codigo=5796062&fecha=12/08/2026,2026-09-28,Clasificación según la relación anual oficial de entidades paraestatales.
rel-0725,para-active-083,Instituto Nacional de Pediatría,clasificación paraestatal,para-cat-insalud,Institutos Nacionales de Salud,Relación de las Entidades Paraestatales de la Administración Pública Federal,https://dof.gob.mx/nota_detalle.php?codigo=5796062&fecha=12/08/2026,2026-09-28,Clasificación según la relación anual oficial de entidades paraestatales.
rel-0726,para-active-084,"Instituto Nacional de Perinatología ""Isidro Espinosa de los Reyes""",clasificación paraestatal,para-cat-insalud,Institutos Nacionales de Salud,Relación de las Entidades Paraestatales de la Administración Pública Federal,https://dof.gob.mx/nota_detalle.php?codigo=5796062&fecha=12/08/2026,2026-09-28,Clasificación según la relación anual oficial de entidades paraestatales.
rel-0727,para-active-085,"Instituto Nacional de Psiquiatría ""Ramón de la Fuente Muñiz""",clasificación paraestatal,para-cat-insalud,Institutos Nacionales de Salud,Relación de las Entidades Paraestatales de la Administración Pública Federal,https://dof.gob.mx/nota_detalle.php?codigo=5796062&fecha=12/08/2026,2026-09-28,Clasificación según la relación anual oficial de entidades paraestatales.
rel-0728,para-active-086,"Instituto Nacional de Rehabilitación ""Luis Guillermo Ibarra Ibarra""",clasificación paraestatal,para-cat-insalud,Institutos Nacionales de Salud,Relación de las Entidades Paraestatales de la Administración Pública Federal,https://dof.gob.mx/nota_detalle.php?codigo=5796062&fecha=12/08/2026,2026-09-28,Clasificación según la relación anual oficial de entidades paraestatales.
rel-0729,para-active-087,Instituto Nacional de Salud Pública,clasificación paraestatal,para-cat-insalud,Institutos Nacionales de Salud,Relación de las Entidades Paraestatales de la Administración Pública Federal,https://dof.gob.mx/nota_detalle.php?codigo=5796062&fecha=12/08/2026,2026-09-28,Clasificación según la relación anual oficial de entidades paraestatales.
rel-0730,para-active-088,Instituto Mexicano de Tecnología del Agua,clasificación paraestatal,para-cat-cpi-od,Organismos descentralizados considerados Centros Públicos de Investigación,Relación de las Entidades Paraestatales de la Administración Pública Federal,https://dof.gob.mx/nota_detalle.php?codigo=5796062&fecha=12/08/2026,2026-09-28,Clasificación según la relación anual oficial de entidades paraestatales.
rel-0731,para-active-089,Instituto Mexicano del Petróleo,clasificación paraestatal,para-cat-cpi-od,Organismos descentralizados considerados Centros Públicos de Investigación,Relación de las Entidades Paraestatales de la Administración Pública Federal,https://dof.gob.mx/nota_detalle.php?codigo=5796062&fecha=12/08/2026,2026-09-28,Clasificación según la relación anual oficial de entidades paraestatales.
rel-0732,para-active-090,Instituto Nacional de Electricidad y Energías Limpias,clasificación paraestatal,para-cat-cpi-od,Organismos descentralizados considerados Centros Públicos de Investigación,Relación de las Entidades Paraestatales de la Administración Pública Federal,https://dof.gob.mx/nota_detalle.php?codigo=5796062&fecha=12/08/2026,2026-09-28,Clasificación según la relación anual oficial de entidades paraestatales.
rel-0733,para-active-091,Colegio de Postgraduados,clasificación paraestatal,para-cat-cpi-od,Organismos descentralizados considerados Centros Públicos de Investigación,Relación de las Entidades Paraestatales de la Administración Pública Federal,https://dof.gob.mx/nota_detalle.php?codigo=5796062&fecha=12/08/2026,2026-09-28,Clasificación según la relación anual oficial de entidades paraestatales.
rel-0734,para-active-092,"Instituto Nacional de Investigaciones Forestales, Agrícolas y Pecuarias",clasificación paraestatal,para-cat-cpi-od,Organismos descentralizados considerados Centros Públicos de Investigación,Relación de las Entidades Paraestatales de la Administración Pública Federal,https://dof.gob.mx/nota_detalle.php?codigo=5796062&fecha=12/08/2026,2026-09-28,Clasificación según la relación anual oficial de entidades paraestatales.
rel-0735,para-active-093,Centro de Ingeniería y Desarrollo Industrial,clasificación paraestatal,para-cat-cpi-od,Organismos descentralizados considerados Centros Públicos de Investigación,Relación de las Entidades Paraestatales de la Administración Pública Federal,https://dof.gob.mx/nota_detalle.php?codigo=5796062&fecha=12/08/2026,2026-09-28,Clasificación según la relación anual oficial de entidades paraestatales.
rel-0736,para-active-094,"Centro de Investigación Científica y de Educación Superior de Ensenada, Baja California",clasificación paraestatal,para-cat-cpi-od,Organismos descentralizados considerados Centros Públicos de Investigación,Relación de las Entidades Paraestatales de la Administración Pública Federal,https://dof.gob.mx/nota_detalle.php?codigo=5796062&fecha=12/08/2026,2026-09-28,Clasificación según la relación anual oficial de entidades paraestatales.
rel-0737,para-active-095,Centro de Investigación en Química Aplicada,clasificación paraestatal,para-cat-cpi-od,Organismos descentralizados considerados Centros Públicos de Investigación,Relación de las Entidades Paraestatales de la Administración Pública Federal,https://dof.gob.mx/nota_detalle.php?codigo=5796062&fecha=12/08/2026,2026-09-28,Clasificación según la relación anual oficial de entidades paraestatales.
rel-0738,para-active-096,Centro de Investigaciones y Estudios Superiores en Antropología Social,clasificación paraestatal,para-cat-cpi-od,Organismos descentralizados considerados Centros Públicos de Investigación,Relación de las Entidades Paraestatales de la Administración Pública Federal,https://dof.gob.mx/nota_detalle.php?codigo=5796062&fecha=12/08/2026,2026-09-28,Clasificación según la relación anual oficial de entidades paraestatales.
rel-0739,para-active-097,El Colegio de la Frontera Sur,clasificación paraestatal,para-cat-cpi-od,Organismos descentralizados considerados Centros Públicos de Investigación,Relación de las Entidades Paraestatales de la Administración Pública Federal,https://dof.gob.mx/nota_detalle.php?codigo=5796062&fecha=12/08/2026,2026-09-28,Clasificación según la relación anual oficial de entidades paraestatales.
rel-0740,para-active-098,"Instituto de Investigaciones ""Dr. José María Luis Mora""",clasificación paraestatal,para-cat-cpi-od,Organismos descentralizados considerados Centros Públicos de Investigación,Relación de las Entidades Paraestatales de la Administración Pública Federal,https://dof.gob.mx/nota_detalle.php?codigo=5796062&fecha=12/08/2026,2026-09-28,Clasificación según la relación anual oficial de entidades paraestatales.
rel-0741,para-active-099,"Instituto Nacional de Astrofísica, Óptica y Electrónica",clasificación paraestatal,para-cat-cpi-od,Organismos descentralizados considerados Centros Públicos de Investigación,Relación de las Entidades Paraestatales de la Administración Pública Federal,https://dof.gob.mx/nota_detalle.php?codigo=5796062&fecha=12/08/2026,2026-09-28,Clasificación según la relación anual oficial de entidades paraestatales.
rel-0742,para-active-100,"Aeropuerto Internacional Felipe Ángeles, S.A. de C.V.",clasificación paraestatal,para-cat-epem,Empresas de participación estatal mayoritaria,Relación de las Entidades Paraestatales de la Administración Pública Federal,https://dof.gob.mx/nota_detalle.php?codigo=5796062&fecha=12/08/2026,2026-09-28,Clasificación según la relación anual oficial de entidades paraestatales.
rel-0743,para-active-101,"Grupo Aeroportuario, Ferroviario, de Servicios Auxiliares y Conexos, Olmeca-Maya-Mexica, S.A. de C.V.",clasificación paraestatal,para-cat-epem,Empresas de participación estatal mayoritaria,Relación de las Entidades Paraestatales de la Administración Pública Federal,https://dof.gob.mx/nota_detalle.php?codigo=5796062&fecha=12/08/2026,2026-09-28,Clasificación según la relación anual oficial de entidades paraestatales.
rel-0744,para-active-102,"Tren Maya, S.A. de C.V.",clasificación paraestatal,para-cat-epem,Empresas de participación estatal mayoritaria,Relación de las Entidades Paraestatales de la Administración Pública Federal,https://dof.gob.mx/nota_detalle.php?codigo=5796062&fecha=12/08/2026,2026-09-28,Clasificación según la relación anual oficial de entidades paraestatales.
rel-0745,para-active-103,"Administración del Sistema Portuario Nacional Acapulco, S.A. de C.V.",clasificación paraestatal,para-cat-epem,Empresas de participación estatal mayoritaria,Relación de las Entidades Paraestatales de la Administración Pública Federal,https://dof.gob.mx/nota_detalle.php?codigo=5796062&fecha=12/08/2026,2026-09-28,Clasificación según la relación anual oficial de entidades paraestatales.
rel-0746,para-active-104,"Administración del Sistema Portuario Nacional Altamira, S.A. de C.V.",clasificación paraestatal,para-cat-epem,Empresas de participación estatal mayoritaria,Relación de las Entidades Paraestatales de la Administración Pública Federal,https://dof.gob.mx/nota_detalle.php?codigo=5796062&fecha=12/08/2026,2026-09-28,Clasificación según la relación anual oficial de entidades paraestatales.
rel-0747,para-active-105,"Administración del Sistema Portuario Nacional Cabo San Lucas, S.A. de C.V.",clasificación paraestatal,para-cat-epem,Empresas de participación estatal mayoritaria,Relación de las Entidades Paraestatales de la Administración Pública Federal,https://dof.gob.mx/nota_detalle.php?codigo=5796062&fecha=12/08/2026,2026-09-28,Clasificación según la relación anual oficial de entidades paraestatales.
rel-0748,para-active-106,"Administración del Sistema Portuario Nacional Coatzacoalcos, S.A. de C.V.",clasificación paraestatal,para-cat-epem,Empresas de participación estatal mayoritaria,Relación de las Entidades Paraestatales de la Administración Pública Federal,https://dof.gob.mx/nota_detalle.php?codigo=5796062&fecha=12/08/2026,2026-09-28,Clasificación según la relación anual oficial de entidades paraestatales.
rel-0749,para-active-107,"Administración del Sistema Portuario Nacional Dos Bocas, S.A. de C.V.",clasificación paraestatal,para-cat-epem,Empresas de participación estatal mayoritaria,Relación de las Entidades Paraestatales de la Administración Pública Federal,https://dof.gob.mx/nota_detalle.php?codigo=5796062&fecha=12/08/2026,2026-09-28,Clasificación según la relación anual oficial de entidades paraestatales.
rel-0750,para-active-108,"Administración del Sistema Portuario Nacional Ensenada, S.A. de C.V.",clasificación paraestatal,para-cat-epem,Empresas de participación estatal mayoritaria,Relación de las Entidades Paraestatales de la Administración Pública Federal,https://dof.gob.mx/nota_detalle.php?codigo=5796062&fecha=12/08/2026,2026-09-28,Clasificación según la relación anual oficial de entidades paraestatales.
rel-0751,para-active-109,"Administración del Sistema Portuario Nacional Guaymas, S.A. de C.V.",clasificación paraestatal,para-cat-epem,Empresas de participación estatal mayoritaria,Relación de las Entidades Paraestatales de la Administración Pública Federal,https://dof.gob.mx/nota_detalle.php?codigo=5796062&fecha=12/08/2026,2026-09-28,Clasificación según la relación anual oficial de entidades paraestatales.
rel-0752,para-active-110,"Administración del Sistema Portuario Nacional Lázaro Cárdenas, S.A. de C.V.",clasificación paraestatal,para-cat-epem,Empresas de participación estatal mayoritaria,Relación de las Entidades Paraestatales de la Administración Pública Federal,https://dof.gob.mx/nota_detalle.php?codigo=5796062&fecha=12/08/2026,2026-09-28,Clasificación según la relación anual oficial de entidades paraestatales.
rel-0753,para-active-111,"Administración del Sistema Portuario Nacional Manzanillo, S.A. de C.V.",clasificación paraestatal,para-cat-epem,Empresas de participación estatal mayoritaria,Relación de las Entidades Paraestatales de la Administración Pública Federal,https://dof.gob.mx/nota_detalle.php?codigo=5796062&fecha=12/08/2026,2026-09-28,Clasificación según la relación anual oficial de entidades paraestatales.
rel-0754,para-active-112,"Administración del Sistema Portuario Nacional Mazatlán, S.A. de C.V.",clasificación paraestatal,para-cat-epem,Empresas de participación estatal mayoritaria,Relación de las Entidades Paraestatales de la Administración Pública Federal,https://dof.gob.mx/nota_detalle.php?codigo=5796062&fecha=12/08/2026,2026-09-28,Clasificación según la relación anual oficial de entidades paraestatales.
rel-0755,para-active-113,"Administración del Sistema Portuario Nacional Progreso, S.A. de C.V.",clasificación paraestatal,para-cat-epem,Empresas de participación estatal mayoritaria,Relación de las Entidades Paraestatales de la Administración Pública Federal,https://dof.gob.mx/nota_detalle.php?codigo=5796062&fecha=12/08/2026,2026-09-28,Clasificación según la relación anual oficial de entidades paraestatales.
rel-0756,para-active-114,"Administración del Sistema Portuario Nacional Puerto Chiapas, S.A. de C.V.",clasificación paraestatal,para-cat-epem,Empresas de participación estatal mayoritaria,Relación de las Entidades Paraestatales de la Administración Pública Federal,https://dof.gob.mx/nota_detalle.php?codigo=5796062&fecha=12/08/2026,2026-09-28,Clasificación según la relación anual oficial de entidades paraestatales.
rel-0757,para-active-115,"Administración del Sistema Portuario Nacional Puerto Vallarta, S.A. de C.V.",clasificación paraestatal,para-cat-epem,Empresas de participación estatal mayoritaria,Relación de las Entidades Paraestatales de la Administración Pública Federal,https://dof.gob.mx/nota_detalle.php?codigo=5796062&fecha=12/08/2026,2026-09-28,Clasificación según la relación anual oficial de entidades paraestatales.
rel-0758,para-active-116,"Administración del Sistema Portuario Nacional Salina Cruz, S.A. de C.V.",clasificación paraestatal,para-cat-epem,Empresas de participación estatal mayoritaria,Relación de las Entidades Paraestatales de la Administración Pública Federal,https://dof.gob.mx/nota_detalle.php?codigo=5796062&fecha=12/08/2026,2026-09-28,Clasificación según la relación anual oficial de entidades paraestatales.
rel-0759,para-active-117,"Administración del Sistema Portuario Nacional Tampico, S.A. de C.V.",clasificación paraestatal,para-cat-epem,Empresas de participación estatal mayoritaria,Relación de las Entidades Paraestatales de la Administración Pública Federal,https://dof.gob.mx/nota_detalle.php?codigo=5796062&fecha=12/08/2026,2026-09-28,Clasificación según la relación anual oficial de entidades paraestatales.
rel-0760,para-active-118,"Administración del Sistema Portuario Nacional Topolobampo, S.A. de C.V.",clasificación paraestatal,para-cat-epem,Empresas de participación estatal mayoritaria,Relación de las Entidades Paraestatales de la Administración Pública Federal,https://dof.gob.mx/nota_detalle.php?codigo=5796062&fecha=12/08/2026,2026-09-28,Clasificación según la relación anual oficial de entidades paraestatales.
rel-0761,para-active-119,"Administración del Sistema Portuario Nacional Tuxpan, S.A. de C.V.",clasificación paraestatal,para-cat-epem,Empresas de participación estatal mayoritaria,Relación de las Entidades Paraestatales de la Administración Pública Federal,https://dof.gob.mx/nota_detalle.php?codigo=5796062&fecha=12/08/2026,2026-09-28,Clasificación según la relación anual oficial de entidades paraestatales.
rel-0762,para-active-120,"Administración del Sistema Portuario Nacional Veracruz, S.A. de C.V.",clasificación paraestatal,para-cat-epem,Empresas de participación estatal mayoritaria,Relación de las Entidades Paraestatales de la Administración Pública Federal,https://dof.gob.mx/nota_detalle.php?codigo=5796062&fecha=12/08/2026,2026-09-28,Clasificación según la relación anual oficial de entidades paraestatales.
rel-0763,para-active-121,"Aeropuerto Internacional de la Ciudad de México, S.A. de C.V.",clasificación paraestatal,para-cat-epem,Empresas de participación estatal mayoritaria,Relación de las Entidades Paraestatales de la Administración Pública Federal,https://dof.gob.mx/nota_detalle.php?codigo=5796062&fecha=12/08/2026,2026-09-28,Clasificación según la relación anual oficial de entidades paraestatales.
rel-0764,para-active-122,"Ferrocarril del Istmo de Tehuantepec, S.A. de C.V.",clasificación paraestatal,para-cat-epem,Empresas de participación estatal mayoritaria,Relación de las Entidades Paraestatales de la Administración Pública Federal,https://dof.gob.mx/nota_detalle.php?codigo=5796062&fecha=12/08/2026,2026-09-28,Clasificación según la relación anual oficial de entidades paraestatales.
rel-0765,para-active-123,"Turística Integral Islas Marías, S.A. de C.V.",clasificación paraestatal,para-cat-epem,Empresas de participación estatal mayoritaria,Relación de las Entidades Paraestatales de la Administración Pública Federal,https://dof.gob.mx/nota_detalle.php?codigo=5796062&fecha=12/08/2026,2026-09-28,Clasificación según la relación anual oficial de entidades paraestatales.
rel-0766,para-active-124,"Exportadora de Sal, S.A. de C.V.",clasificación paraestatal,para-cat-epem,Empresas de participación estatal mayoritaria,Relación de las Entidades Paraestatales de la Administración Pública Federal,https://dof.gob.mx/nota_detalle.php?codigo=5796062&fecha=12/08/2026,2026-09-28,Clasificación según la relación anual oficial de entidades paraestatales.
rel-0767,para-active-125,"Alimentación para el Bienestar, S.A. de C.V.",clasificación paraestatal,para-cat-epem,Empresas de participación estatal mayoritaria,Relación de las Entidades Paraestatales de la Administración Pública Federal,https://dof.gob.mx/nota_detalle.php?codigo=5796062&fecha=12/08/2026,2026-09-28,Clasificación según la relación anual oficial de entidades paraestatales.
rel-0768,para-active-126,"Leche para el Bienestar, S.A. de C.V.",clasificación paraestatal,para-cat-epem,Empresas de participación estatal mayoritaria,Relación de las Entidades Paraestatales de la Administración Pública Federal,https://dof.gob.mx/nota_detalle.php?codigo=5796062&fecha=12/08/2026,2026-09-28,Clasificación según la relación anual oficial de entidades paraestatales.
rel-0769,para-active-127,"Grupo Aeroportuario Turístico Mexicano, S.A. de C.V.",clasificación paraestatal,para-cat-epem,Empresas de participación estatal mayoritaria,Relación de las Entidades Paraestatales de la Administración Pública Federal,https://dof.gob.mx/nota_detalle.php?codigo=5796062&fecha=12/08/2026,2026-09-28,Clasificación según la relación anual oficial de entidades paraestatales.
rel-0770,para-active-128,"Educal, S.A. de C.V.",clasificación paraestatal,para-cat-epem,Empresas de participación estatal mayoritaria,Relación de las Entidades Paraestatales de la Administración Pública Federal,https://dof.gob.mx/nota_detalle.php?codigo=5796062&fecha=12/08/2026,2026-09-28,Clasificación según la relación anual oficial de entidades paraestatales.
rel-0771,para-active-129,"Impresora y Encuadernadora Progreso, S.A. de C.V.",clasificación paraestatal,para-cat-epem,Empresas de participación estatal mayoritaria,Relación de las Entidades Paraestatales de la Administración Pública Federal,https://dof.gob.mx/nota_detalle.php?codigo=5796062&fecha=12/08/2026,2026-09-28,Clasificación según la relación anual oficial de entidades paraestatales.
rel-0772,para-active-130,"Centros de Integración Juvenil, A.C.",clasificación paraestatal,para-cat-epem,Empresas de participación estatal mayoritaria,Relación de las Entidades Paraestatales de la Administración Pública Federal,https://dof.gob.mx/nota_detalle.php?codigo=5796062&fecha=12/08/2026,2026-09-28,Clasificación según la relación anual oficial de entidades paraestatales.
rel-0773,para-active-131,"Laboratorios de Biológicos y Reactivos de México, S.A. de C.V.",clasificación paraestatal,para-cat-epem,Empresas de participación estatal mayoritaria,Relación de las Entidades Paraestatales de la Administración Pública Federal,https://dof.gob.mx/nota_detalle.php?codigo=5796062&fecha=12/08/2026,2026-09-28,Clasificación según la relación anual oficial de entidades paraestatales.
rel-0774,para-active-132,"Centro de Capacitación Cinematográfica, A.C.",clasificación paraestatal,para-cat-epem,Empresas de participación estatal mayoritaria,Relación de las Entidades Paraestatales de la Administración Pública Federal,https://dof.gob.mx/nota_detalle.php?codigo=5796062&fecha=12/08/2026,2026-09-28,Clasificación según la relación anual oficial de entidades paraestatales.
rel-0775,para-active-133,"Compañía Operadora del Centro Cultural y Turístico de Tijuana, S.A. de C.V.",clasificación paraestatal,para-cat-epem,Empresas de participación estatal mayoritaria,Relación de las Entidades Paraestatales de la Administración Pública Federal,https://dof.gob.mx/nota_detalle.php?codigo=5796062&fecha=12/08/2026,2026-09-28,Clasificación según la relación anual oficial de entidades paraestatales.
rel-0776,para-active-134,"Estudios Churubusco Azteca, S.A.",clasificación paraestatal,para-cat-epem,Empresas de participación estatal mayoritaria,Relación de las Entidades Paraestatales de la Administración Pública Federal,https://dof.gob.mx/nota_detalle.php?codigo=5796062&fecha=12/08/2026,2026-09-28,Clasificación según la relación anual oficial de entidades paraestatales.
rel-0777,para-active-135,"Televisión Metropolitana, S.A. de C.V.",clasificación paraestatal,para-cat-epem,Empresas de participación estatal mayoritaria,Relación de las Entidades Paraestatales de la Administración Pública Federal,https://dof.gob.mx/nota_detalle.php?codigo=5796062&fecha=12/08/2026,2026-09-28,Clasificación según la relación anual oficial de entidades paraestatales.
rel-0778,para-active-136,"FONATUR Constructora, S.A. de C.V.",clasificación paraestatal,para-cat-epem,Empresas de participación estatal mayoritaria,Relación de las Entidades Paraestatales de la Administración Pública Federal,https://dof.gob.mx/nota_detalle.php?codigo=5796062&fecha=12/08/2026,2026-09-28,Clasificación según la relación anual oficial de entidades paraestatales.
rel-0779,para-active-137,"FONATUR Infraestructura, S.A. de C.V.",clasificación paraestatal,para-cat-epem,Empresas de participación estatal mayoritaria,Relación de las Entidades Paraestatales de la Administración Pública Federal,https://dof.gob.mx/nota_detalle.php?codigo=5796062&fecha=12/08/2026,2026-09-28,Clasificación según la relación anual oficial de entidades paraestatales.
rel-0780,para-active-138,"Banco del Bienestar, S.N.C.",clasificación paraestatal,para-cat-banca,Instituciones de banca de desarrollo,Relación de las Entidades Paraestatales de la Administración Pública Federal,https://dof.gob.mx/nota_detalle.php?codigo=5796062&fecha=12/08/2026,2026-09-28,Clasificación según la relación anual oficial de entidades paraestatales.
rel-0781,para-active-139,"Banco Nacional de Comercio Exterior, S.N.C.",clasificación paraestatal,para-cat-banca,Instituciones de banca de desarrollo,Relación de las Entidades Paraestatales de la Administración Pública Federal,https://dof.gob.mx/nota_detalle.php?codigo=5796062&fecha=12/08/2026,2026-09-28,Clasificación según la relación anual oficial de entidades paraestatales.
rel-0782,para-active-140,"Banco Nacional de Obras y Servicios Públicos, S.N.C.",clasificación paraestatal,para-cat-banca,Instituciones de banca de desarrollo,Relación de las Entidades Paraestatales de la Administración Pública Federal,https://dof.gob.mx/nota_detalle.php?codigo=5796062&fecha=12/08/2026,2026-09-28,Clasificación según la relación anual oficial de entidades paraestatales.
rel-0783,para-active-141,"Banco Nacional del Ejército, Fuerza Aérea y Armada, S.N.C.",clasificación paraestatal,para-cat-banca,Instituciones de banca de desarrollo,Relación de las Entidades Paraestatales de la Administración Pública Federal,https://dof.gob.mx/nota_detalle.php?codigo=5796062&fecha=12/08/2026,2026-09-28,Clasificación según la relación anual oficial de entidades paraestatales.
rel-0784,para-active-142,"Nacional Financiera, S.N.C.",clasificación paraestatal,para-cat-banca,Instituciones de banca de desarrollo,Relación de las Entidades Paraestatales de la Administración Pública Federal,https://dof.gob.mx/nota_detalle.php?codigo=5796062&fecha=12/08/2026,2026-09-28,Clasificación según la relación anual oficial de entidades paraestatales.
rel-0785,para-active-143,"Sociedad Hipotecaria Federal, S.N.C.",clasificación paraestatal,para-cat-banca,Instituciones de banca de desarrollo,Relación de las Entidades Paraestatales de la Administración Pública Federal,https://dof.gob.mx/nota_detalle.php?codigo=5796062&fecha=12/08/2026,2026-09-28,Clasificación según la relación anual oficial de entidades paraestatales.
rel-0786,para-active-144,"AGROASEMEX, S.A.",clasificación paraestatal,para-cat-seguros,Instituciones nacionales de seguros,Relación de las Entidades Paraestatales de la Administración Pública Federal,https://dof.gob.mx/nota_detalle.php?codigo=5796062&fecha=12/08/2026,2026-09-28,Clasificación según la relación anual oficial de entidades paraestatales.
rel-0787,para-active-145,"Seguros de Crédito a la Vivienda SHF, S.A. de C.V.",clasificación paraestatal,para-cat-seguros,Instituciones nacionales de seguros,Relación de las Entidades Paraestatales de la Administración Pública Federal,https://dof.gob.mx/nota_detalle.php?codigo=5796062&fecha=12/08/2026,2026-09-28,Clasificación según la relación anual oficial de entidades paraestatales.
rel-0788,para-active-146,"Centro de Investigación Científica de Yucatán, A.C.",clasificación paraestatal,para-cat-cpi-epem,Empresas de participación estatal mayoritaria consideradas Centros Públicos de Investigación,Relación de las Entidades Paraestatales de la Administración Pública Federal,https://dof.gob.mx/nota_detalle.php?codigo=5796062&fecha=12/08/2026,2026-09-28,Clasificación según la relación anual oficial de entidades paraestatales.
rel-0789,para-active-147,"Centro de Investigación en Alimentación y Desarrollo, A.C.",clasificación paraestatal,para-cat-cpi-epem,Empresas de participación estatal mayoritaria consideradas Centros Públicos de Investigación,Relación de las Entidades Paraestatales de la Administración Pública Federal,https://dof.gob.mx/nota_detalle.php?codigo=5796062&fecha=12/08/2026,2026-09-28,Clasificación según la relación anual oficial de entidades paraestatales.
rel-0790,para-active-148,"Centro de Investigación en Ciencias de Información Geoespacial, A.C.",clasificación paraestatal,para-cat-cpi-epem,Empresas de participación estatal mayoritaria consideradas Centros Públicos de Investigación,Relación de las Entidades Paraestatales de la Administración Pública Federal,https://dof.gob.mx/nota_detalle.php?codigo=5796062&fecha=12/08/2026,2026-09-28,Clasificación según la relación anual oficial de entidades paraestatales.
rel-0791,para-active-149,"Centro de Investigación en Matemáticas, A.C.",clasificación paraestatal,para-cat-cpi-epem,Empresas de participación estatal mayoritaria consideradas Centros Públicos de Investigación,Relación de las Entidades Paraestatales de la Administración Pública Federal,https://dof.gob.mx/nota_detalle.php?codigo=5796062&fecha=12/08/2026,2026-09-28,Clasificación según la relación anual oficial de entidades paraestatales.
rel-0792,para-active-150,"Centro de Investigación en Materiales Avanzados, S.C.",clasificación paraestatal,para-cat-cpi-epem,Empresas de participación estatal mayoritaria consideradas Centros Públicos de Investigación,Relación de las Entidades Paraestatales de la Administración Pública Federal,https://dof.gob.mx/nota_detalle.php?codigo=5796062&fecha=12/08/2026,2026-09-28,Clasificación según la relación anual oficial de entidades paraestatales.
rel-0793,para-active-151,"Centro de Investigación y Asistencia en Tecnología y Diseño del Estado de Jalisco, A.C.",clasificación paraestatal,para-cat-cpi-epem,Empresas de participación estatal mayoritaria consideradas Centros Públicos de Investigación,Relación de las Entidades Paraestatales de la Administración Pública Federal,https://dof.gob.mx/nota_detalle.php?codigo=5796062&fecha=12/08/2026,2026-09-28,Clasificación según la relación anual oficial de entidades paraestatales.
rel-0794,para-active-152,"Centro de Investigación y Desarrollo Tecnológico en Electroquímica, S.C.",clasificación paraestatal,para-cat-cpi-epem,Empresas de participación estatal mayoritaria consideradas Centros Públicos de Investigación,Relación de las Entidades Paraestatales de la Administración Pública Federal,https://dof.gob.mx/nota_detalle.php?codigo=5796062&fecha=12/08/2026,2026-09-28,Clasificación según la relación anual oficial de entidades paraestatales.
rel-0795,para-active-153,"Centro de Investigación y Docencia Económicas, A.C.",clasificación paraestatal,para-cat-cpi-epem,Empresas de participación estatal mayoritaria consideradas Centros Públicos de Investigación,Relación de las Entidades Paraestatales de la Administración Pública Federal,https://dof.gob.mx/nota_detalle.php?codigo=5796062&fecha=12/08/2026,2026-09-28,Clasificación según la relación anual oficial de entidades paraestatales.
rel-0796,para-active-154,"Centro de Investigaciones Biológicas del Noroeste, S.C.",clasificación paraestatal,para-cat-cpi-epem,Empresas de participación estatal mayoritaria consideradas Centros Públicos de Investigación,Relación de las Entidades Paraestatales de la Administración Pública Federal,https://dof.gob.mx/nota_detalle.php?codigo=5796062&fecha=12/08/2026,2026-09-28,Clasificación según la relación anual oficial de entidades paraestatales.
rel-0797,para-active-155,"Centro de Investigaciones en Óptica, A.C.",clasificación paraestatal,para-cat-cpi-epem,Empresas de participación estatal mayoritaria consideradas Centros Públicos de Investigación,Relación de las Entidades Paraestatales de la Administración Pública Federal,https://dof.gob.mx/nota_detalle.php?codigo=5796062&fecha=12/08/2026,2026-09-28,Clasificación según la relación anual oficial de entidades paraestatales.
rel-0798,para-active-156,"CIATEC, A.C. ""Centro de Innovación Aplicada en Tecnologías Competitivas""",clasificación paraestatal,para-cat-cpi-epem,Empresas de participación estatal mayoritaria consideradas Centros Públicos de Investigación,Relación de las Entidades Paraestatales de la Administración Pública Federal,https://dof.gob.mx/nota_detalle.php?codigo=5796062&fecha=12/08/2026,2026-09-28,Clasificación según la relación anual oficial de entidades paraestatales.
rel-0799,para-active-157,"CIATEQ, A.C. ""Centro de Tecnología Avanzada""",clasificación paraestatal,para-cat-cpi-epem,Empresas de participación estatal mayoritaria consideradas Centros Públicos de Investigación,Relación de las Entidades Paraestatales de la Administración Pública Federal,https://dof.gob.mx/nota_detalle.php?codigo=5796062&fecha=12/08/2026,2026-09-28,Clasificación según la relación anual oficial de entidades paraestatales.
rel-0800,para-active-158,"El Colegio de la Frontera Norte, A.C.",clasificación paraestatal,para-cat-cpi-epem,Empresas de participación estatal mayoritaria consideradas Centros Públicos de Investigación,Relación de las Entidades Paraestatales de la Administración Pública Federal,https://dof.gob.mx/nota_detalle.php?codigo=5796062&fecha=12/08/2026,2026-09-28,Clasificación según la relación anual oficial de entidades paraestatales.
rel-0801,para-active-159,"El Colegio de Michoacán, A.C.",clasificación paraestatal,para-cat-cpi-epem,Empresas de participación estatal mayoritaria consideradas Centros Públicos de Investigación,Relación de las Entidades Paraestatales de la Administración Pública Federal,https://dof.gob.mx/nota_detalle.php?codigo=5796062&fecha=12/08/2026,2026-09-28,Clasificación según la relación anual oficial de entidades paraestatales.
rel-0802,para-active-160,"El Colegio de San Luis, A.C.",clasificación paraestatal,para-cat-cpi-epem,Empresas de participación estatal mayoritaria consideradas Centros Públicos de Investigación,Relación de las Entidades Paraestatales de la Administración Pública Federal,https://dof.gob.mx/nota_detalle.php?codigo=5796062&fecha=12/08/2026,2026-09-28,Clasificación según la relación anual oficial de entidades paraestatales.
rel-0803,para-active-161,"InnovaBienestar de México, S.A.P.I. de C.V.",clasificación paraestatal,para-cat-cpi-epem,Empresas de participación estatal mayoritaria consideradas Centros Públicos de Investigación,Relación de las Entidades Paraestatales de la Administración Pública Federal,https://dof.gob.mx/nota_detalle.php?codigo=5796062&fecha=12/08/2026,2026-09-28,Clasificación según la relación anual oficial de entidades paraestatales.
rel-0804,para-active-162,"Instituto de Ecología, A.C.",clasificación paraestatal,para-cat-cpi-epem,Empresas de participación estatal mayoritaria consideradas Centros Públicos de Investigación,Relación de las Entidades Paraestatales de la Administración Pública Federal,https://dof.gob.mx/nota_detalle.php?codigo=5796062&fecha=12/08/2026,2026-09-28,Clasificación según la relación anual oficial de entidades paraestatales.
rel-0805,para-active-163,"Instituto Potosino de Investigación Científica y Tecnológica, A.C.",clasificación paraestatal,para-cat-cpi-epem,Empresas de participación estatal mayoritaria consideradas Centros Públicos de Investigación,Relación de las Entidades Paraestatales de la Administración Pública Federal,https://dof.gob.mx/nota_detalle.php?codigo=5796062&fecha=12/08/2026,2026-09-28,Clasificación según la relación anual oficial de entidades paraestatales.
rel-0806,para-active-164,Fideicomiso Universidad Marítima y Portuaria de México,clasificación paraestatal,para-cat-fid,Fideicomisos públicos,Relación de las Entidades Paraestatales de la Administración Pública Federal,https://dof.gob.mx/nota_detalle.php?codigo=5796062&fecha=12/08/2026,2026-09-28,Clasificación según la relación anual oficial de entidades paraestatales.
rel-0807,para-active-165,Fondo de Capitalización e Inversión del Sector Rural,clasificación paraestatal,para-cat-fid,Fideicomisos públicos,Relación de las Entidades Paraestatales de la Administración Pública Federal,https://dof.gob.mx/nota_detalle.php?codigo=5796062&fecha=12/08/2026,2026-09-28,Clasificación según la relación anual oficial de entidades paraestatales.
rel-0808,para-active-166,Fideicomiso de Riesgo Compartido,clasificación paraestatal,para-cat-fid,Fideicomisos públicos,Relación de las Entidades Paraestatales de la Administración Pública Federal,https://dof.gob.mx/nota_detalle.php?codigo=5796062&fecha=12/08/2026,2026-09-28,Clasificación según la relación anual oficial de entidades paraestatales.
rel-0809,para-active-167,Fideicomiso de los Sistemas Normalizado de Competencia Laboral y de Certificación de Competencia Laboral,clasificación paraestatal,para-cat-fid,Fideicomisos públicos,Relación de las Entidades Paraestatales de la Administración Pública Federal,https://dof.gob.mx/nota_detalle.php?codigo=5796062&fecha=12/08/2026,2026-09-28,Clasificación según la relación anual oficial de entidades paraestatales.
rel-0810,para-active-168,Fideicomiso Fondo Nacional de Fomento Ejidal,clasificación paraestatal,para-cat-fid,Fideicomisos públicos,Relación de las Entidades Paraestatales de la Administración Pública Federal,https://dof.gob.mx/nota_detalle.php?codigo=5796062&fecha=12/08/2026,2026-09-28,Clasificación según la relación anual oficial de entidades paraestatales.
rel-0811,para-active-169,Fideicomiso para la Cineteca Nacional,clasificación paraestatal,para-cat-fid,Fideicomisos públicos,Relación de las Entidades Paraestatales de la Administración Pública Federal,https://dof.gob.mx/nota_detalle.php?codigo=5796062&fecha=12/08/2026,2026-09-28,Clasificación según la relación anual oficial de entidades paraestatales.
rel-0812,para-active-170,Fondo Nacional para el Fomento de las Artesanías,clasificación paraestatal,para-cat-fid,Fideicomisos públicos,Relación de las Entidades Paraestatales de la Administración Pública Federal,https://dof.gob.mx/nota_detalle.php?codigo=5796062&fecha=12/08/2026,2026-09-28,Clasificación según la relación anual oficial de entidades paraestatales.
rel-0813,para-active-171,Fondo Nacional de Fomento al Turismo,clasificación paraestatal,para-cat-fid,Fideicomisos públicos,Relación de las Entidades Paraestatales de la Administración Pública Federal,https://dof.gob.mx/nota_detalle.php?codigo=5796062&fecha=12/08/2026,2026-09-28,Clasificación según la relación anual oficial de entidades paraestatales.
rel-0814,para-active-172,Fondo para el Desarrollo de Recursos Humanos,clasificación paraestatal,para-cat-fid-cpi,Fideicomisos considerados Centros Públicos de Investigación,Relación de las Entidades Paraestatales de la Administración Pública Federal,https://dof.gob.mx/nota_detalle.php?codigo=5796062&fecha=12/08/2026,2026-09-28,Clasificación según la relación anual oficial de entidades paraestatales.
rel-0815,para-active-173,INFOTEC Centro de Investigación e Innovación en Tecnologías de la Información y Comunicación,clasificación paraestatal,para-cat-fid-cpi,Fideicomisos considerados Centros Públicos de Investigación,Relación de las Entidades Paraestatales de la Administración Pública Federal,https://dof.gob.mx/nota_detalle.php?codigo=5796062&fecha=12/08/2026,2026-09-28,Clasificación según la relación anual oficial de entidades paraestatales.
rel-0816,para-active-174,"Fondo de Garantía y Fomento para la Agricultura, Ganadería y Avicultura",clasificación paraestatal,para-cat-fid-banca,Fideicomisos del Sistema Bancario Mexicano,Relación de las Entidades Paraestatales de la Administración Pública Federal,https://dof.gob.mx/nota_detalle.php?codigo=5796062&fecha=12/08/2026,2026-09-28,Clasificación según la relación anual oficial de entidades paraestatales.
rel-0817,para-active-175,Fondo de Garantía y Fomento para las Actividades Pesqueras,clasificación paraestatal,para-cat-fid-banca,Fideicomisos del Sistema Bancario Mexicano,Relación de las Entidades Paraestatales de la Administración Pública Federal,https://dof.gob.mx/nota_detalle.php?codigo=5796062&fecha=12/08/2026,2026-09-28,Clasificación según la relación anual oficial de entidades paraestatales.
rel-0818,para-active-176,Fondo de Operación y Financiamiento Bancario a la Vivienda,clasificación paraestatal,para-cat-fid-banca,Fideicomisos del Sistema Bancario Mexicano,Relación de las Entidades Paraestatales de la Administración Pública Federal,https://dof.gob.mx/nota_detalle.php?codigo=5796062&fecha=12/08/2026,2026-09-28,Clasificación según la relación anual oficial de entidades paraestatales.
rel-0819,para-active-177,Fondo Especial de Asistencia Técnica y Garantía para Créditos Agropecuarios,clasificación paraestatal,para-cat-fid-banca,Fideicomisos del Sistema Bancario Mexicano,Relación de las Entidades Paraestatales de la Administración Pública Federal,https://dof.gob.mx/nota_detalle.php?codigo=5796062&fecha=12/08/2026,2026-09-28,Clasificación según la relación anual oficial de entidades paraestatales.
rel-0820,para-active-178,Fondo Especial para Financiamientos Agropecuarios,clasificación paraestatal,para-cat-fid-banca,Fideicomisos del Sistema Bancario Mexicano,Relación de las Entidades Paraestatales de la Administración Pública Federal,https://dof.gob.mx/nota_detalle.php?codigo=5796062&fecha=12/08/2026,2026-09-28,Clasificación según la relación anual oficial de entidades paraestatales.
rel-0821,para-active-179,Fideicomiso de Fomento Minero,clasificación paraestatal,para-cat-fid-banca,Fideicomisos del Sistema Bancario Mexicano,Relación de las Entidades Paraestatales de la Administración Pública Federal,https://dof.gob.mx/nota_detalle.php?codigo=5796062&fecha=12/08/2026,2026-09-28,Clasificación según la relación anual oficial de entidades paraestatales.
rel-0822,para-active-180,Comisión Federal de Electricidad,clasificación paraestatal,para-cat-epe,Empresas Públicas del Estado,Relación de las Entidades Paraestatales de la Administración Pública Federal,https://dof.gob.mx/nota_detalle.php?codigo=5796062&fecha=12/08/2026,2026-09-28,Clasificación según la relación anual oficial de entidades paraestatales.
rel-0823,para-active-181,Petróleos Mexicanos,clasificación paraestatal,para-cat-epe,Empresas Públicas del Estado,Relación de las Entidades Paraestatales de la Administración Pública Federal,https://dof.gob.mx/nota_detalle.php?codigo=5796062&fecha=12/08/2026,2026-09-28,Clasificación según la relación anual oficial de entidades paraestatales.
rel-0824,para-status-001,"Financiera Nacional de Desarrollo Agropecuario, Rural, Forestal y Pesquero",clasificación paraestatal,para-cat-desinc,Entidades en proceso de desincorporación,Relación de las Entidades Paraestatales de la Administración Pública Federal,https://dof.gob.mx/nota_detalle.php?codigo=5796062&fecha=12/08/2026,2026-09-28,Clasificación según la relación anual oficial de entidades paraestatales.
rel-0825,para-status-002,Comisión Nacional de las Zonas Áridas,clasificación paraestatal,para-cat-desinc,Entidades en proceso de desincorporación,Relación de las Entidades Paraestatales de la Administración Pública Federal,https://dof.gob.mx/nota_detalle.php?codigo=5796062&fecha=12/08/2026,2026-09-28,Clasificación según la relación anual oficial de entidades paraestatales.
rel-0826,para-status-003,Seguridad Alimentaria Mexicana,clasificación paraestatal,para-cat-desinc,Entidades en proceso de desincorporación,Relación de las Entidades Paraestatales de la Administración Pública Federal,https://dof.gob.mx/nota_detalle.php?codigo=5796062&fecha=12/08/2026,2026-09-28,Clasificación según la relación anual oficial de entidades paraestatales.
rel-0827,para-status-004,Ferrocarriles Nacionales de México,clasificación paraestatal,para-cat-desinc,Entidades en proceso de desincorporación,Relación de las Entidades Paraestatales de la Administración Pública Federal,https://dof.gob.mx/nota_detalle.php?codigo=5796062&fecha=12/08/2026,2026-09-28,Clasificación según la relación anual oficial de entidades paraestatales.
rel-0828,para-status-005,Instituto Nacional de la Infraestructura Física Educativa,clasificación paraestatal,para-cat-desinc,Entidades en proceso de desincorporación,Relación de las Entidades Paraestatales de la Administración Pública Federal,https://dof.gob.mx/nota_detalle.php?codigo=5796062&fecha=12/08/2026,2026-09-28,Clasificación según la relación anual oficial de entidades paraestatales.
rel-0829,para-status-006,"Notimex, Agencia de Noticias del Estado Mexicano",clasificación paraestatal,para-cat-desinc,Entidades en proceso de desincorporación,Relación de las Entidades Paraestatales de la Administración Pública Federal,https://dof.gob.mx/nota_detalle.php?codigo=5796062&fecha=12/08/2026,2026-09-28,Clasificación según la relación anual oficial de entidades paraestatales.
rel-0830,para-status-007,"Compañía Mexicana de Exploraciones, S.A. de C.V.",clasificación paraestatal,para-cat-desinc,Entidades en proceso de desincorporación,Relación de las Entidades Paraestatales de la Administración Pública Federal,https://dof.gob.mx/nota_detalle.php?codigo=5796062&fecha=12/08/2026,2026-09-28,Clasificación según la relación anual oficial de entidades paraestatales.
rel-0831,para-status-008,"Instituto Nacional para el Desarrollo de Capacidades del Sector Rural, A.C.",clasificación paraestatal,para-cat-desinc,Entidades en proceso de desincorporación,Relación de las Entidades Paraestatales de la Administración Pública Federal,https://dof.gob.mx/nota_detalle.php?codigo=5796062&fecha=12/08/2026,2026-09-28,Clasificación según la relación anual oficial de entidades paraestatales.
rel-0832,para-status-009,"FONATUR Solar, S.A. de C.V.",clasificación paraestatal,para-cat-desinc,Entidades en proceso de desincorporación,Relación de las Entidades Paraestatales de la Administración Pública Federal,https://dof.gob.mx/nota_detalle.php?codigo=5796062&fecha=12/08/2026,2026-09-28,Clasificación según la relación anual oficial de entidades paraestatales.
rel-0833,para-status-010,"FONATUR Tren Maya, S.A. de C.V.",clasificación paraestatal,para-cat-desinc,Entidades en proceso de desincorporación,Relación de las Entidades Paraestatales de la Administración Pública Federal,https://dof.gob.mx/nota_detalle.php?codigo=5796062&fecha=12/08/2026,2026-09-28,Clasificación según la relación anual oficial de entidades paraestatales.
rel-0834,para-status-011,Fondo de Empresas Expropiadas del Sector Azucarero,clasificación paraestatal,para-cat-desinc,Entidades en proceso de desincorporación,Relación de las Entidades Paraestatales de la Administración Pública Federal,https://dof.gob.mx/nota_detalle.php?codigo=5796062&fecha=12/08/2026,2026-09-28,Clasificación según la relación anual oficial de entidades paraestatales.
rel-0835,para-status-012,"Aerolínea del Estado Mexicano, S.A. de C.V.",clasificación paraestatal,para-cat-exclusion,Entidades en exclusión de proceso de desincorporación,Relación de las Entidades Paraestatales de la Administración Pública Federal,https://dof.gob.mx/nota_detalle.php?codigo=5796062&fecha=12/08/2026,2026-09-28,Clasificación según la relación anual oficial de entidades paraestatales.
rel-0836,para-active-001,Consejo Nacional para Prevenir la Discriminación,sectorización,sec-0,Secretaría de Gobernación,Relación de las Entidades Paraestatales de la Administración Pública Federal,https://dof.gob.mx/nota_detalle.php?codigo=5796062&fecha=12/08/2026,2026-09-28,Dependencia coordinadora reportada en la Relación de Entidades Paraestatales 2026.
rel-0837,para-active-002,Talleres Gráficos de México,sectorización,sec-0,Secretaría de Gobernación,Relación de las Entidades Paraestatales de la Administración Pública Federal,https://dof.gob.mx/nota_detalle.php?codigo=5796062&fecha=12/08/2026,2026-09-28,Dependencia coordinadora reportada en la Relación de Entidades Paraestatales 2026.
rel-0838,para-active-003,Instituto de Seguridad Social para las Fuerzas Armadas Mexicanas,sectorización,sec-2,Secretaría de la Defensa Nacional,Relación de las Entidades Paraestatales de la Administración Pública Federal,https://dof.gob.mx/nota_detalle.php?codigo=5796062&fecha=12/08/2026,2026-09-28,Dependencia coordinadora reportada en la Relación de Entidades Paraestatales 2026.
rel-0839,para-active-004,Corredor Interoceánico del Istmo de Tehuantepec,sectorización,sec-3,Secretaría de Marina,Relación de las Entidades Paraestatales de la Administración Pública Federal,https://dof.gob.mx/nota_detalle.php?codigo=5796062&fecha=12/08/2026,2026-09-28,Dependencia coordinadora reportada en la Relación de Entidades Paraestatales 2026.
rel-0840,para-active-005,Casa de Moneda de México,sectorización,sec-5,Secretaría de Hacienda y Crédito Público,Relación de las Entidades Paraestatales de la Administración Pública Federal,https://dof.gob.mx/nota_detalle.php?codigo=5796062&fecha=12/08/2026,2026-09-28,Dependencia coordinadora reportada en la Relación de Entidades Paraestatales 2026.
rel-0841,para-active-006,Comisión Nacional para la Protección y Defensa de los Usuarios de Servicios Financieros,sectorización,sec-5,Secretaría de Hacienda y Crédito Público,Relación de las Entidades Paraestatales de la Administración Pública Federal,https://dof.gob.mx/nota_detalle.php?codigo=5796062&fecha=12/08/2026,2026-09-28,Dependencia coordinadora reportada en la Relación de Entidades Paraestatales 2026.
rel-0842,para-active-007,Financiera para el Bienestar,sectorización,sec-5,Secretaría de Hacienda y Crédito Público,Relación de las Entidades Paraestatales de la Administración Pública Federal,https://dof.gob.mx/nota_detalle.php?codigo=5796062&fecha=12/08/2026,2026-09-28,Dependencia coordinadora reportada en la Relación de Entidades Paraestatales 2026.
rel-0843,para-active-008,Instituto para Devolver al Pueblo lo Robado,sectorización,sec-5,Secretaría de Hacienda y Crédito Público,Relación de las Entidades Paraestatales de la Administración Pública Federal,https://dof.gob.mx/nota_detalle.php?codigo=5796062&fecha=12/08/2026,2026-09-28,Dependencia coordinadora reportada en la Relación de Entidades Paraestatales 2026.
rel-0844,para-active-009,Instituto para el Desarrollo Técnico de las Haciendas Públicas,sectorización,sec-5,Secretaría de Hacienda y Crédito Público,Relación de las Entidades Paraestatales de la Administración Pública Federal,https://dof.gob.mx/nota_detalle.php?codigo=5796062&fecha=12/08/2026,2026-09-28,Dependencia coordinadora reportada en la Relación de Entidades Paraestatales 2026.
rel-0845,para-active-010,Instituto para la Protección al Ahorro Bancario,sectorización,sec-5,Secretaría de Hacienda y Crédito Público,Relación de las Entidades Paraestatales de la Administración Pública Federal,https://dof.gob.mx/nota_detalle.php?codigo=5796062&fecha=12/08/2026,2026-09-28,Dependencia coordinadora reportada en la Relación de Entidades Paraestatales 2026.
rel-0846,para-active-011,Lotería Nacional,sectorización,sec-5,Secretaría de Hacienda y Crédito Público,Relación de las Entidades Paraestatales de la Administración Pública Federal,https://dof.gob.mx/nota_detalle.php?codigo=5796062&fecha=12/08/2026,2026-09-28,Dependencia coordinadora reportada en la Relación de Entidades Paraestatales 2026.
rel-0847,para-active-012,Consejo Nacional para el Desarrollo y la Inclusión de las Personas con Discapacidad,sectorización,sec-6,Secretaría de Bienestar,Relación de las Entidades Paraestatales de la Administración Pública Federal,https://dof.gob.mx/nota_detalle.php?codigo=5796062&fecha=12/08/2026,2026-09-28,Dependencia coordinadora reportada en la Relación de Entidades Paraestatales 2026.
rel-0848,para-active-013,Instituto Nacional de las Personas Adultas Mayores,sectorización,sec-6,Secretaría de Bienestar,Relación de las Entidades Paraestatales de la Administración Pública Federal,https://dof.gob.mx/nota_detalle.php?codigo=5796062&fecha=12/08/2026,2026-09-28,Dependencia coordinadora reportada en la Relación de Entidades Paraestatales 2026.
rel-0849,para-active-014,Comisión Nacional Forestal,sectorización,sec-7,Secretaría de Medio Ambiente y Recursos Naturales,Relación de las Entidades Paraestatales de la Administración Pública Federal,https://dof.gob.mx/nota_detalle.php?codigo=5796062&fecha=12/08/2026,2026-09-28,Dependencia coordinadora reportada en la Relación de Entidades Paraestatales 2026.
rel-0850,para-active-015,Instituto Nacional de Ecología y Cambio Climático,sectorización,sec-7,Secretaría de Medio Ambiente y Recursos Naturales,Relación de las Entidades Paraestatales de la Administración Pública Federal,https://dof.gob.mx/nota_detalle.php?codigo=5796062&fecha=12/08/2026,2026-09-28,Dependencia coordinadora reportada en la Relación de Entidades Paraestatales 2026.
rel-0851,para-active-016,Centro Nacional de Control de Energía,sectorización,sec-8,Secretaría de Energía,Relación de las Entidades Paraestatales de la Administración Pública Federal,https://dof.gob.mx/nota_detalle.php?codigo=5796062&fecha=12/08/2026,2026-09-28,Dependencia coordinadora reportada en la Relación de Entidades Paraestatales 2026.
rel-0852,para-active-017,Centro Nacional de Control del Gas Natural,sectorización,sec-8,Secretaría de Energía,Relación de las Entidades Paraestatales de la Administración Pública Federal,https://dof.gob.mx/nota_detalle.php?codigo=5796062&fecha=12/08/2026,2026-09-28,Dependencia coordinadora reportada en la Relación de Entidades Paraestatales 2026.
rel-0853,para-active-018,Instituto Nacional de Investigaciones Nucleares,sectorización,sec-8,Secretaría de Energía,Relación de las Entidades Paraestatales de la Administración Pública Federal,https://dof.gob.mx/nota_detalle.php?codigo=5796062&fecha=12/08/2026,2026-09-28,Dependencia coordinadora reportada en la Relación de Entidades Paraestatales 2026.
rel-0854,para-active-019,Litio para México,sectorización,sec-8,Secretaría de Energía,Relación de las Entidades Paraestatales de la Administración Pública Federal,https://dof.gob.mx/nota_detalle.php?codigo=5796062&fecha=12/08/2026,2026-09-28,Dependencia coordinadora reportada en la Relación de Entidades Paraestatales 2026.
rel-0855,para-active-020,Centro Nacional de Metrología,sectorización,sec-9,Secretaría de Economía,Relación de las Entidades Paraestatales de la Administración Pública Federal,https://dof.gob.mx/nota_detalle.php?codigo=5796062&fecha=12/08/2026,2026-09-28,Dependencia coordinadora reportada en la Relación de Entidades Paraestatales 2026.
rel-0856,para-active-021,Comisión Nacional Antimonopolio,sectorización,sec-9,Secretaría de Economía,Relación de las Entidades Paraestatales de la Administración Pública Federal,https://dof.gob.mx/nota_detalle.php?codigo=5796062&fecha=12/08/2026,2026-09-28,Dependencia coordinadora reportada en la Relación de Entidades Paraestatales 2026.
rel-0857,para-active-022,Instituto Mexicano de la Propiedad Industrial,sectorización,sec-9,Secretaría de Economía,Relación de las Entidades Paraestatales de la Administración Pública Federal,https://dof.gob.mx/nota_detalle.php?codigo=5796062&fecha=12/08/2026,2026-09-28,Dependencia coordinadora reportada en la Relación de Entidades Paraestatales 2026.
rel-0858,para-active-023,Procuraduría Federal del Consumidor,sectorización,sec-9,Secretaría de Economía,Relación de las Entidades Paraestatales de la Administración Pública Federal,https://dof.gob.mx/nota_detalle.php?codigo=5796062&fecha=12/08/2026,2026-09-28,Dependencia coordinadora reportada en la Relación de Entidades Paraestatales 2026.
rel-0859,para-active-024,Servicio Geológico Mexicano,sectorización,sec-9,Secretaría de Economía,Relación de las Entidades Paraestatales de la Administración Pública Federal,https://dof.gob.mx/nota_detalle.php?codigo=5796062&fecha=12/08/2026,2026-09-28,Dependencia coordinadora reportada en la Relación de Entidades Paraestatales 2026.
rel-0860,para-active-025,Comité Nacional para el Desarrollo Sustentable de la Caña de Azúcar,sectorización,sec-10,Secretaría de Agricultura y Desarrollo Rural,Relación de las Entidades Paraestatales de la Administración Pública Federal,https://dof.gob.mx/nota_detalle.php?codigo=5796062&fecha=12/08/2026,2026-09-28,Dependencia coordinadora reportada en la Relación de Entidades Paraestatales 2026.
rel-0861,para-active-026,Instituto Mexicano de Investigación en Pesca y Acuacultura Sustentables,sectorización,sec-10,Secretaría de Agricultura y Desarrollo Rural,Relación de las Entidades Paraestatales de la Administración Pública Federal,https://dof.gob.mx/nota_detalle.php?codigo=5796062&fecha=12/08/2026,2026-09-28,Dependencia coordinadora reportada en la Relación de Entidades Paraestatales 2026.
rel-0862,para-active-027,"Productora de Semillas para el Bienestar ""PROSEBIEN""",sectorización,sec-10,Secretaría de Agricultura y Desarrollo Rural,Relación de las Entidades Paraestatales de la Administración Pública Federal,https://dof.gob.mx/nota_detalle.php?codigo=5796062&fecha=12/08/2026,2026-09-28,Dependencia coordinadora reportada en la Relación de Entidades Paraestatales 2026.
rel-0863,para-active-028,Productora Nacional de Biológicos Veterinarios,sectorización,sec-10,Secretaría de Agricultura y Desarrollo Rural,Relación de las Entidades Paraestatales de la Administración Pública Federal,https://dof.gob.mx/nota_detalle.php?codigo=5796062&fecha=12/08/2026,2026-09-28,Dependencia coordinadora reportada en la Relación de Entidades Paraestatales 2026.
rel-0864,para-active-029,Aeropuertos y Servicios Auxiliares,sectorización,sec-11,"Secretaría de Infraestructura, Comunicaciones y Transportes",Relación de las Entidades Paraestatales de la Administración Pública Federal,https://dof.gob.mx/nota_detalle.php?codigo=5796062&fecha=12/08/2026,2026-09-28,Dependencia coordinadora reportada en la Relación de Entidades Paraestatales 2026.
rel-0865,para-active-030,Agencia de Trenes y Transporte Público Integrado,sectorización,sec-11,"Secretaría de Infraestructura, Comunicaciones y Transportes",Relación de las Entidades Paraestatales de la Administración Pública Federal,https://dof.gob.mx/nota_detalle.php?codigo=5796062&fecha=12/08/2026,2026-09-28,Dependencia coordinadora reportada en la Relación de Entidades Paraestatales 2026.
rel-0866,para-active-031,Caminos y Puentes Federales de Ingresos y Servicios Conexos,sectorización,sec-11,"Secretaría de Infraestructura, Comunicaciones y Transportes",Relación de las Entidades Paraestatales de la Administración Pública Federal,https://dof.gob.mx/nota_detalle.php?codigo=5796062&fecha=12/08/2026,2026-09-28,Dependencia coordinadora reportada en la Relación de Entidades Paraestatales 2026.
rel-0867,para-active-032,Organismo Promotor de Inversiones en Telecomunicaciones,sectorización,sec-11,"Secretaría de Infraestructura, Comunicaciones y Transportes",Relación de las Entidades Paraestatales de la Administración Pública Federal,https://dof.gob.mx/nota_detalle.php?codigo=5796062&fecha=12/08/2026,2026-09-28,Dependencia coordinadora reportada en la Relación de Entidades Paraestatales 2026.
rel-0868,para-active-033,Centro de Enseñanza Técnica Industrial,sectorización,sec-13,Secretaría de Educación Pública,Relación de las Entidades Paraestatales de la Administración Pública Federal,https://dof.gob.mx/nota_detalle.php?codigo=5796062&fecha=12/08/2026,2026-09-28,Dependencia coordinadora reportada en la Relación de Entidades Paraestatales 2026.
rel-0869,para-active-034,Centro de Investigación y de Estudios Avanzados del Instituto Politécnico Nacional,sectorización,sec-13,Secretaría de Educación Pública,Relación de las Entidades Paraestatales de la Administración Pública Federal,https://dof.gob.mx/nota_detalle.php?codigo=5796062&fecha=12/08/2026,2026-09-28,Dependencia coordinadora reportada en la Relación de Entidades Paraestatales 2026.
rel-0870,para-active-035,Colegio de Bachilleres,sectorización,sec-13,Secretaría de Educación Pública,Relación de las Entidades Paraestatales de la Administración Pública Federal,https://dof.gob.mx/nota_detalle.php?codigo=5796062&fecha=12/08/2026,2026-09-28,Dependencia coordinadora reportada en la Relación de Entidades Paraestatales 2026.
rel-0871,para-active-036,Colegio Nacional de Educación Profesional Técnica,sectorización,sec-13,Secretaría de Educación Pública,Relación de las Entidades Paraestatales de la Administración Pública Federal,https://dof.gob.mx/nota_detalle.php?codigo=5796062&fecha=12/08/2026,2026-09-28,Dependencia coordinadora reportada en la Relación de Entidades Paraestatales 2026.
rel-0872,para-active-037,Comisión de Operación y Fomento de Actividades Académicas del Instituto Politécnico Nacional,sectorización,sec-13,Secretaría de Educación Pública,Relación de las Entidades Paraestatales de la Administración Pública Federal,https://dof.gob.mx/nota_detalle.php?codigo=5796062&fecha=12/08/2026,2026-09-28,Dependencia coordinadora reportada en la Relación de Entidades Paraestatales 2026.
rel-0873,para-active-038,Comisión Nacional de Cultura Física y Deporte,sectorización,sec-13,Secretaría de Educación Pública,Relación de las Entidades Paraestatales de la Administración Pública Federal,https://dof.gob.mx/nota_detalle.php?codigo=5796062&fecha=12/08/2026,2026-09-28,Dependencia coordinadora reportada en la Relación de Entidades Paraestatales 2026.
rel-0874,para-active-039,Comisión Nacional de Libros de Texto Gratuitos,sectorización,sec-13,Secretaría de Educación Pública,Relación de las Entidades Paraestatales de la Administración Pública Federal,https://dof.gob.mx/nota_detalle.php?codigo=5796062&fecha=12/08/2026,2026-09-28,Dependencia coordinadora reportada en la Relación de Entidades Paraestatales 2026.
rel-0875,para-active-040,Consejo Nacional de Fomento Educativo,sectorización,sec-13,Secretaría de Educación Pública,Relación de las Entidades Paraestatales de la Administración Pública Federal,https://dof.gob.mx/nota_detalle.php?codigo=5796062&fecha=12/08/2026,2026-09-28,Dependencia coordinadora reportada en la Relación de Entidades Paraestatales 2026.
rel-0876,para-active-041,Fondo de Cultura Económica,sectorización,sec-13,Secretaría de Educación Pública,Relación de las Entidades Paraestatales de la Administración Pública Federal,https://dof.gob.mx/nota_detalle.php?codigo=5796062&fecha=12/08/2026,2026-09-28,Dependencia coordinadora reportada en la Relación de Entidades Paraestatales 2026.
rel-0877,para-active-042,Instituto Nacional para la Educación de los Adultos,sectorización,sec-13,Secretaría de Educación Pública,Relación de las Entidades Paraestatales de la Administración Pública Federal,https://dof.gob.mx/nota_detalle.php?codigo=5796062&fecha=12/08/2026,2026-09-28,Dependencia coordinadora reportada en la Relación de Entidades Paraestatales 2026.
rel-0878,para-active-043,Organismo Coordinador de las Universidades para el Bienestar Benito Juárez García,sectorización,sec-13,Secretaría de Educación Pública,Relación de las Entidades Paraestatales de la Administración Pública Federal,https://dof.gob.mx/nota_detalle.php?codigo=5796062&fecha=12/08/2026,2026-09-28,Dependencia coordinadora reportada en la Relación de Entidades Paraestatales 2026.
rel-0879,para-active-044,Patronato de Obras e Instalaciones del Instituto Politécnico Nacional,sectorización,sec-13,Secretaría de Educación Pública,Relación de las Entidades Paraestatales de la Administración Pública Federal,https://dof.gob.mx/nota_detalle.php?codigo=5796062&fecha=12/08/2026,2026-09-28,Dependencia coordinadora reportada en la Relación de Entidades Paraestatales 2026.
rel-0880,para-active-045,"Universidad de las Lenguas Indígenas de México ""ULIM""",sectorización,sec-13,Secretaría de Educación Pública,Relación de las Entidades Paraestatales de la Administración Pública Federal,https://dof.gob.mx/nota_detalle.php?codigo=5796062&fecha=12/08/2026,2026-09-28,Dependencia coordinadora reportada en la Relación de Entidades Paraestatales 2026.
rel-0881,para-active-046,Instituto Nacional de Estudios Históricos de las Revoluciones de México,sectorización,sec-14,"Secretaría de Ciencia, Humanidades, Tecnología e Innovación",Relación de las Entidades Paraestatales de la Administración Pública Federal,https://dof.gob.mx/nota_detalle.php?codigo=5796062&fecha=12/08/2026,2026-09-28,Dependencia coordinadora reportada en la Relación de Entidades Paraestatales 2026.
rel-0882,para-active-047,Universidad Nacional Rosario Castellanos,sectorización,sec-14,"Secretaría de Ciencia, Humanidades, Tecnología e Innovación",Relación de las Entidades Paraestatales de la Administración Pública Federal,https://dof.gob.mx/nota_detalle.php?codigo=5796062&fecha=12/08/2026,2026-09-28,Dependencia coordinadora reportada en la Relación de Entidades Paraestatales 2026.
rel-0883,para-active-048,"Hospital General de México ""Dr. Eduardo Liceaga""",sectorización,sec-15,Secretaría de Salud,Relación de las Entidades Paraestatales de la Administración Pública Federal,https://dof.gob.mx/nota_detalle.php?codigo=5796062&fecha=12/08/2026,2026-09-28,Dependencia coordinadora reportada en la Relación de Entidades Paraestatales 2026.
rel-0884,para-active-049,"Hospital General ""Dr. Manuel Gea González""",sectorización,sec-15,Secretaría de Salud,Relación de las Entidades Paraestatales de la Administración Pública Federal,https://dof.gob.mx/nota_detalle.php?codigo=5796062&fecha=12/08/2026,2026-09-28,Dependencia coordinadora reportada en la Relación de Entidades Paraestatales 2026.
rel-0885,para-active-050,Hospital Juárez de México,sectorización,sec-15,Secretaría de Salud,Relación de las Entidades Paraestatales de la Administración Pública Federal,https://dof.gob.mx/nota_detalle.php?codigo=5796062&fecha=12/08/2026,2026-09-28,Dependencia coordinadora reportada en la Relación de Entidades Paraestatales 2026.
rel-0886,para-active-051,Sistema Nacional para el Desarrollo Integral de la Familia,sectorización,sec-15,Secretaría de Salud,Relación de las Entidades Paraestatales de la Administración Pública Federal,https://dof.gob.mx/nota_detalle.php?codigo=5796062&fecha=12/08/2026,2026-09-28,Dependencia coordinadora reportada en la Relación de Entidades Paraestatales 2026.
rel-0887,para-active-052,Centro Federal de Conciliación y Registro Laboral,sectorización,sec-16,Secretaría del Trabajo y Previsión Social,Relación de las Entidades Paraestatales de la Administración Pública Federal,https://dof.gob.mx/nota_detalle.php?codigo=5796062&fecha=12/08/2026,2026-09-28,Dependencia coordinadora reportada en la Relación de Entidades Paraestatales 2026.
rel-0888,para-active-053,Comisión Nacional de los Salarios Mínimos,sectorización,sec-16,Secretaría del Trabajo y Previsión Social,Relación de las Entidades Paraestatales de la Administración Pública Federal,https://dof.gob.mx/nota_detalle.php?codigo=5796062&fecha=12/08/2026,2026-09-28,Dependencia coordinadora reportada en la Relación de Entidades Paraestatales 2026.
rel-0889,para-active-054,Instituto del Fondo Nacional para el Consumo de los Trabajadores,sectorización,sec-16,Secretaría del Trabajo y Previsión Social,Relación de las Entidades Paraestatales de la Administración Pública Federal,https://dof.gob.mx/nota_detalle.php?codigo=5796062&fecha=12/08/2026,2026-09-28,Dependencia coordinadora reportada en la Relación de Entidades Paraestatales 2026.
rel-0890,para-active-055,Instituto Mexicano de la Juventud,sectorización,sec-16,Secretaría del Trabajo y Previsión Social,Relación de las Entidades Paraestatales de la Administración Pública Federal,https://dof.gob.mx/nota_detalle.php?codigo=5796062&fecha=12/08/2026,2026-09-28,Dependencia coordinadora reportada en la Relación de Entidades Paraestatales 2026.
rel-0891,para-active-056,Comisión Nacional de Vivienda,sectorización,sec-17,"Secretaría de Desarrollo Agrario, Territorial y Urbano",Relación de las Entidades Paraestatales de la Administración Pública Federal,https://dof.gob.mx/nota_detalle.php?codigo=5796062&fecha=12/08/2026,2026-09-28,Dependencia coordinadora reportada en la Relación de Entidades Paraestatales 2026.
rel-0892,para-active-057,Instituto Nacional del Suelo Sustentable,sectorización,sec-17,"Secretaría de Desarrollo Agrario, Territorial y Urbano",Relación de las Entidades Paraestatales de la Administración Pública Federal,https://dof.gob.mx/nota_detalle.php?codigo=5796062&fecha=12/08/2026,2026-09-28,Dependencia coordinadora reportada en la Relación de Entidades Paraestatales 2026.
rel-0893,para-active-058,Procuraduría Agraria,sectorización,sec-17,"Secretaría de Desarrollo Agrario, Territorial y Urbano",Relación de las Entidades Paraestatales de la Administración Pública Federal,https://dof.gob.mx/nota_detalle.php?codigo=5796062&fecha=12/08/2026,2026-09-28,Dependencia coordinadora reportada en la Relación de Entidades Paraestatales 2026.
rel-0894,para-active-059,Instituto Mexicano de Cinematografía,sectorización,sec-18,Secretaría de Cultura,Relación de las Entidades Paraestatales de la Administración Pública Federal,https://dof.gob.mx/nota_detalle.php?codigo=5796062&fecha=12/08/2026,2026-09-28,Dependencia coordinadora reportada en la Relación de Entidades Paraestatales 2026.
rel-0895,para-active-060,Instituto Nacional de Lenguas Indígenas,sectorización,sec-18,Secretaría de Cultura,Relación de las Entidades Paraestatales de la Administración Pública Federal,https://dof.gob.mx/nota_detalle.php?codigo=5796062&fecha=12/08/2026,2026-09-28,Dependencia coordinadora reportada en la Relación de Entidades Paraestatales 2026.
rel-0896,para-active-061,Agencia Espacial Mexicana,sectorización,sec-21,Agencia de Transformación Digital y Telecomunicaciones,Relación de las Entidades Paraestatales de la Administración Pública Federal,https://dof.gob.mx/nota_detalle.php?codigo=5796062&fecha=12/08/2026,2026-09-28,Dependencia coordinadora reportada en la Relación de Entidades Paraestatales 2026.
rel-0897,para-active-062,Servicio Postal Mexicano,sectorización,sec-21,Agencia de Transformación Digital y Telecomunicaciones,Relación de las Entidades Paraestatales de la Administración Pública Federal,https://dof.gob.mx/nota_detalle.php?codigo=5796062&fecha=12/08/2026,2026-09-28,Dependencia coordinadora reportada en la Relación de Entidades Paraestatales 2026.
rel-0898,para-active-075,"Hospital Infantil de México ""Federico Gómez""",sectorización,sec-15,Secretaría de Salud,Relación de las Entidades Paraestatales de la Administración Pública Federal,https://dof.gob.mx/nota_detalle.php?codigo=5796062&fecha=12/08/2026,2026-09-28,Dependencia coordinadora reportada en la Relación de Entidades Paraestatales 2026.
rel-0899,para-active-076,Instituto Nacional de Cancerología,sectorización,sec-15,Secretaría de Salud,Relación de las Entidades Paraestatales de la Administración Pública Federal,https://dof.gob.mx/nota_detalle.php?codigo=5796062&fecha=12/08/2026,2026-09-28,Dependencia coordinadora reportada en la Relación de Entidades Paraestatales 2026.
rel-0900,para-active-077,"Instituto Nacional de Cardiología ""Ignacio Chávez""",sectorización,sec-15,Secretaría de Salud,Relación de las Entidades Paraestatales de la Administración Pública Federal,https://dof.gob.mx/nota_detalle.php?codigo=5796062&fecha=12/08/2026,2026-09-28,Dependencia coordinadora reportada en la Relación de Entidades Paraestatales 2026.
rel-0901,para-active-078,"Instituto Nacional de Ciencias Médicas y Nutrición ""Salvador Zubirán""",sectorización,sec-15,Secretaría de Salud,Relación de las Entidades Paraestatales de la Administración Pública Federal,https://dof.gob.mx/nota_detalle.php?codigo=5796062&fecha=12/08/2026,2026-09-28,Dependencia coordinadora reportada en la Relación de Entidades Paraestatales 2026.
rel-0902,para-active-079,"Instituto Nacional de Enfermedades Respiratorias ""Ismael Cosío Villegas""",sectorización,sec-15,Secretaría de Salud,Relación de las Entidades Paraestatales de la Administración Pública Federal,https://dof.gob.mx/nota_detalle.php?codigo=5796062&fecha=12/08/2026,2026-09-28,Dependencia coordinadora reportada en la Relación de Entidades Paraestatales 2026.
rel-0903,para-active-080,Instituto Nacional de Geriatría,sectorización,sec-15,Secretaría de Salud,Relación de las Entidades Paraestatales de la Administración Pública Federal,https://dof.gob.mx/nota_detalle.php?codigo=5796062&fecha=12/08/2026,2026-09-28,Dependencia coordinadora reportada en la Relación de Entidades Paraestatales 2026.
rel-0904,para-active-081,Instituto Nacional de Medicina Genómica,sectorización,sec-15,Secretaría de Salud,Relación de las Entidades Paraestatales de la Administración Pública Federal,https://dof.gob.mx/nota_detalle.php?codigo=5796062&fecha=12/08/2026,2026-09-28,Dependencia coordinadora reportada en la Relación de Entidades Paraestatales 2026.
rel-0905,para-active-082,"Instituto Nacional de Neurología y Neurocirugía ""Manuel Velasco Suárez""",sectorización,sec-15,Secretaría de Salud,Relación de las Entidades Paraestatales de la Administración Pública Federal,https://dof.gob.mx/nota_detalle.php?codigo=5796062&fecha=12/08/2026,2026-09-28,Dependencia coordinadora reportada en la Relación de Entidades Paraestatales 2026.
rel-0906,para-active-083,Instituto Nacional de Pediatría,sectorización,sec-15,Secretaría de Salud,Relación de las Entidades Paraestatales de la Administración Pública Federal,https://dof.gob.mx/nota_detalle.php?codigo=5796062&fecha=12/08/2026,2026-09-28,Dependencia coordinadora reportada en la Relación de Entidades Paraestatales 2026.
rel-0907,para-active-084,"Instituto Nacional de Perinatología ""Isidro Espinosa de los Reyes""",sectorización,sec-15,Secretaría de Salud,Relación de las Entidades Paraestatales de la Administración Pública Federal,https://dof.gob.mx/nota_detalle.php?codigo=5796062&fecha=12/08/2026,2026-09-28,Dependencia coordinadora reportada en la Relación de Entidades Paraestatales 2026.
rel-0908,para-active-085,"Instituto Nacional de Psiquiatría ""Ramón de la Fuente Muñiz""",sectorización,sec-15,Secretaría de Salud,Relación de las Entidades Paraestatales de la Administración Pública Federal,https://dof.gob.mx/nota_detalle.php?codigo=5796062&fecha=12/08/2026,2026-09-28,Dependencia coordinadora reportada en la Relación de Entidades Paraestatales 2026.
rel-0909,para-active-086,"Instituto Nacional de Rehabilitación ""Luis Guillermo Ibarra Ibarra""",sectorización,sec-15,Secretaría de Salud,Relación de las Entidades Paraestatales de la Administración Pública Federal,https://dof.gob.mx/nota_detalle.php?codigo=5796062&fecha=12/08/2026,2026-09-28,Dependencia coordinadora reportada en la Relación de Entidades Paraestatales 2026.
rel-0910,para-active-087,Instituto Nacional de Salud Pública,sectorización,sec-15,Secretaría de Salud,Relación de las Entidades Paraestatales de la Administración Pública Federal,https://dof.gob.mx/nota_detalle.php?codigo=5796062&fecha=12/08/2026,2026-09-28,Dependencia coordinadora reportada en la Relación de Entidades Paraestatales 2026.
rel-0911,para-active-088,Instituto Mexicano de Tecnología del Agua,sectorización,sec-7,Secretaría de Medio Ambiente y Recursos Naturales,Relación de las Entidades Paraestatales de la Administración Pública Federal,https://dof.gob.mx/nota_detalle.php?codigo=5796062&fecha=12/08/2026,2026-09-28,Dependencia coordinadora reportada en la Relación de Entidades Paraestatales 2026.
rel-0912,para-active-089,Instituto Mexicano del Petróleo,sectorización,sec-8,Secretaría de Energía,Relación de las Entidades Paraestatales de la Administración Pública Federal,https://dof.gob.mx/nota_detalle.php?codigo=5796062&fecha=12/08/2026,2026-09-28,Dependencia coordinadora reportada en la Relación de Entidades Paraestatales 2026.
rel-0913,para-active-090,Instituto Nacional de Electricidad y Energías Limpias,sectorización,sec-8,Secretaría de Energía,Relación de las Entidades Paraestatales de la Administración Pública Federal,https://dof.gob.mx/nota_detalle.php?codigo=5796062&fecha=12/08/2026,2026-09-28,Dependencia coordinadora reportada en la Relación de Entidades Paraestatales 2026.
rel-0914,para-active-091,Colegio de Postgraduados,sectorización,sec-10,Secretaría de Agricultura y Desarrollo Rural,Relación de las Entidades Paraestatales de la Administración Pública Federal,https://dof.gob.mx/nota_detalle.php?codigo=5796062&fecha=12/08/2026,2026-09-28,Dependencia coordinadora reportada en la Relación de Entidades Paraestatales 2026.
rel-0915,para-active-092,"Instituto Nacional de Investigaciones Forestales, Agrícolas y Pecuarias",sectorización,sec-10,Secretaría de Agricultura y Desarrollo Rural,Relación de las Entidades Paraestatales de la Administración Pública Federal,https://dof.gob.mx/nota_detalle.php?codigo=5796062&fecha=12/08/2026,2026-09-28,Dependencia coordinadora reportada en la Relación de Entidades Paraestatales 2026.
rel-0916,para-active-093,Centro de Ingeniería y Desarrollo Industrial,sectorización,sec-14,"Secretaría de Ciencia, Humanidades, Tecnología e Innovación",Relación de las Entidades Paraestatales de la Administración Pública Federal,https://dof.gob.mx/nota_detalle.php?codigo=5796062&fecha=12/08/2026,2026-09-28,Dependencia coordinadora reportada en la Relación de Entidades Paraestatales 2026.
rel-0917,para-active-094,"Centro de Investigación Científica y de Educación Superior de Ensenada, Baja California",sectorización,sec-14,"Secretaría de Ciencia, Humanidades, Tecnología e Innovación",Relación de las Entidades Paraestatales de la Administración Pública Federal,https://dof.gob.mx/nota_detalle.php?codigo=5796062&fecha=12/08/2026,2026-09-28,Dependencia coordinadora reportada en la Relación de Entidades Paraestatales 2026.
rel-0918,para-active-095,Centro de Investigación en Química Aplicada,sectorización,sec-14,"Secretaría de Ciencia, Humanidades, Tecnología e Innovación",Relación de las Entidades Paraestatales de la Administración Pública Federal,https://dof.gob.mx/nota_detalle.php?codigo=5796062&fecha=12/08/2026,2026-09-28,Dependencia coordinadora reportada en la Relación de Entidades Paraestatales 2026.
rel-0919,para-active-096,Centro de Investigaciones y Estudios Superiores en Antropología Social,sectorización,sec-14,"Secretaría de Ciencia, Humanidades, Tecnología e Innovación",Relación de las Entidades Paraestatales de la Administración Pública Federal,https://dof.gob.mx/nota_detalle.php?codigo=5796062&fecha=12/08/2026,2026-09-28,Dependencia coordinadora reportada en la Relación de Entidades Paraestatales 2026.
rel-0920,para-active-097,El Colegio de la Frontera Sur,sectorización,sec-14,"Secretaría de Ciencia, Humanidades, Tecnología e Innovación",Relación de las Entidades Paraestatales de la Administración Pública Federal,https://dof.gob.mx/nota_detalle.php?codigo=5796062&fecha=12/08/2026,2026-09-28,Dependencia coordinadora reportada en la Relación de Entidades Paraestatales 2026.
rel-0921,para-active-098,"Instituto de Investigaciones ""Dr. José María Luis Mora""",sectorización,sec-14,"Secretaría de Ciencia, Humanidades, Tecnología e Innovación",Relación de las Entidades Paraestatales de la Administración Pública Federal,https://dof.gob.mx/nota_detalle.php?codigo=5796062&fecha=12/08/2026,2026-09-28,Dependencia coordinadora reportada en la Relación de Entidades Paraestatales 2026.
rel-0922,para-active-099,"Instituto Nacional de Astrofísica, Óptica y Electrónica",sectorización,sec-14,"Secretaría de Ciencia, Humanidades, Tecnología e Innovación",Relación de las Entidades Paraestatales de la Administración Pública Federal,https://dof.gob.mx/nota_detalle.php?codigo=5796062&fecha=12/08/2026,2026-09-28,Dependencia coordinadora reportada en la Relación de Entidades Paraestatales 2026.
rel-0923,para-active-100,"Aeropuerto Internacional Felipe Ángeles, S.A. de C.V.",sectorización,sec-2,Secretaría de la Defensa Nacional,Relación de las Entidades Paraestatales de la Administración Pública Federal,https://dof.gob.mx/nota_detalle.php?codigo=5796062&fecha=12/08/2026,2026-09-28,Dependencia coordinadora reportada en la Relación de Entidades Paraestatales 2026.
rel-0924,para-active-101,"Grupo Aeroportuario, Ferroviario, de Servicios Auxiliares y Conexos, Olmeca-Maya-Mexica, S.A. de C.V.",sectorización,sec-2,Secretaría de la Defensa Nacional,Relación de las Entidades Paraestatales de la Administración Pública Federal,https://dof.gob.mx/nota_detalle.php?codigo=5796062&fecha=12/08/2026,2026-09-28,Dependencia coordinadora reportada en la Relación de Entidades Paraestatales 2026.
rel-0925,para-active-102,"Tren Maya, S.A. de C.V.",sectorización,sec-2,Secretaría de la Defensa Nacional,Relación de las Entidades Paraestatales de la Administración Pública Federal,https://dof.gob.mx/nota_detalle.php?codigo=5796062&fecha=12/08/2026,2026-09-28,Dependencia coordinadora reportada en la Relación de Entidades Paraestatales 2026.
rel-0926,para-active-103,"Administración del Sistema Portuario Nacional Acapulco, S.A. de C.V.",sectorización,sec-3,Secretaría de Marina,Relación de las Entidades Paraestatales de la Administración Pública Federal,https://dof.gob.mx/nota_detalle.php?codigo=5796062&fecha=12/08/2026,2026-09-28,Dependencia coordinadora reportada en la Relación de Entidades Paraestatales 2026.
rel-0927,para-active-104,"Administración del Sistema Portuario Nacional Altamira, S.A. de C.V.",sectorización,sec-3,Secretaría de Marina,Relación de las Entidades Paraestatales de la Administración Pública Federal,https://dof.gob.mx/nota_detalle.php?codigo=5796062&fecha=12/08/2026,2026-09-28,Dependencia coordinadora reportada en la Relación de Entidades Paraestatales 2026.
rel-0928,para-active-105,"Administración del Sistema Portuario Nacional Cabo San Lucas, S.A. de C.V.",sectorización,sec-3,Secretaría de Marina,Relación de las Entidades Paraestatales de la Administración Pública Federal,https://dof.gob.mx/nota_detalle.php?codigo=5796062&fecha=12/08/2026,2026-09-28,Dependencia coordinadora reportada en la Relación de Entidades Paraestatales 2026.
rel-0929,para-active-106,"Administración del Sistema Portuario Nacional Coatzacoalcos, S.A. de C.V.",sectorización,sec-3,Secretaría de Marina,Relación de las Entidades Paraestatales de la Administración Pública Federal,https://dof.gob.mx/nota_detalle.php?codigo=5796062&fecha=12/08/2026,2026-09-28,Dependencia coordinadora reportada en la Relación de Entidades Paraestatales 2026.
rel-0930,para-active-107,"Administración del Sistema Portuario Nacional Dos Bocas, S.A. de C.V.",sectorización,sec-3,Secretaría de Marina,Relación de las Entidades Paraestatales de la Administración Pública Federal,https://dof.gob.mx/nota_detalle.php?codigo=5796062&fecha=12/08/2026,2026-09-28,Dependencia coordinadora reportada en la Relación de Entidades Paraestatales 2026.
rel-0931,para-active-108,"Administración del Sistema Portuario Nacional Ensenada, S.A. de C.V.",sectorización,sec-3,Secretaría de Marina,Relación de las Entidades Paraestatales de la Administración Pública Federal,https://dof.gob.mx/nota_detalle.php?codigo=5796062&fecha=12/08/2026,2026-09-28,Dependencia coordinadora reportada en la Relación de Entidades Paraestatales 2026.
rel-0932,para-active-109,"Administración del Sistema Portuario Nacional Guaymas, S.A. de C.V.",sectorización,sec-3,Secretaría de Marina,Relación de las Entidades Paraestatales de la Administración Pública Federal,https://dof.gob.mx/nota_detalle.php?codigo=5796062&fecha=12/08/2026,2026-09-28,Dependencia coordinadora reportada en la Relación de Entidades Paraestatales 2026.
rel-0933,para-active-110,"Administración del Sistema Portuario Nacional Lázaro Cárdenas, S.A. de C.V.",sectorización,sec-3,Secretaría de Marina,Relación de las Entidades Paraestatales de la Administración Pública Federal,https://dof.gob.mx/nota_detalle.php?codigo=5796062&fecha=12/08/2026,2026-09-28,Dependencia coordinadora reportada en la Relación de Entidades Paraestatales 2026.
rel-0934,para-active-111,"Administración del Sistema Portuario Nacional Manzanillo, S.A. de C.V.",sectorización,sec-3,Secretaría de Marina,Relación de las Entidades Paraestatales de la Administración Pública Federal,https://dof.gob.mx/nota_detalle.php?codigo=5796062&fecha=12/08/2026,2026-09-28,Dependencia coordinadora reportada en la Relación de Entidades Paraestatales 2026.
rel-0935,para-active-112,"Administración del Sistema Portuario Nacional Mazatlán, S.A. de C.V.",sectorización,sec-3,Secretaría de Marina,Relación de las Entidades Paraestatales de la Administración Pública Federal,https://dof.gob.mx/nota_detalle.php?codigo=5796062&fecha=12/08/2026,2026-09-28,Dependencia coordinadora reportada en la Relación de Entidades Paraestatales 2026.
rel-0936,para-active-113,"Administración del Sistema Portuario Nacional Progreso, S.A. de C.V.",sectorización,sec-3,Secretaría de Marina,Relación de las Entidades Paraestatales de la Administración Pública Federal,https://dof.gob.mx/nota_detalle.php?codigo=5796062&fecha=12/08/2026,2026-09-28,Dependencia coordinadora reportada en la Relación de Entidades Paraestatales 2026.
rel-0937,para-active-114,"Administración del Sistema Portuario Nacional Puerto Chiapas, S.A. de C.V.",sectorización,sec-3,Secretaría de Marina,Relación de las Entidades Paraestatales de la Administración Pública Federal,https://dof.gob.mx/nota_detalle.php?codigo=5796062&fecha=12/08/2026,2026-09-28,Dependencia coordinadora reportada en la Relación de Entidades Paraestatales 2026.
rel-0938,para-active-115,"Administración del Sistema Portuario Nacional Puerto Vallarta, S.A. de C.V.",sectorización,sec-3,Secretaría de Marina,Relación de las Entidades Paraestatales de la Administración Pública Federal,https://dof.gob.mx/nota_detalle.php?codigo=5796062&fecha=12/08/2026,2026-09-28,Dependencia coordinadora reportada en la Relación de Entidades Paraestatales 2026.
rel-0939,para-active-116,"Administración del Sistema Portuario Nacional Salina Cruz, S.A. de C.V.",sectorización,sec-3,Secretaría de Marina,Relación de las Entidades Paraestatales de la Administración Pública Federal,https://dof.gob.mx/nota_detalle.php?codigo=5796062&fecha=12/08/2026,2026-09-28,Dependencia coordinadora reportada en la Relación de Entidades Paraestatales 2026.
rel-0940,para-active-117,"Administración del Sistema Portuario Nacional Tampico, S.A. de C.V.",sectorización,sec-3,Secretaría de Marina,Relación de las Entidades Paraestatales de la Administración Pública Federal,https://dof.gob.mx/nota_detalle.php?codigo=5796062&fecha=12/08/2026,2026-09-28,Dependencia coordinadora reportada en la Relación de Entidades Paraestatales 2026.
rel-0941,para-active-118,"Administración del Sistema Portuario Nacional Topolobampo, S.A. de C.V.",sectorización,sec-3,Secretaría de Marina,Relación de las Entidades Paraestatales de la Administración Pública Federal,https://dof.gob.mx/nota_detalle.php?codigo=5796062&fecha=12/08/2026,2026-09-28,Dependencia coordinadora reportada en la Relación de Entidades Paraestatales 2026.
rel-0942,para-active-119,"Administración del Sistema Portuario Nacional Tuxpan, S.A. de C.V.",sectorización,sec-3,Secretaría de Marina,Relación de las Entidades Paraestatales de la Administración Pública Federal,https://dof.gob.mx/nota_detalle.php?codigo=5796062&fecha=12/08/2026,2026-09-28,Dependencia coordinadora reportada en la Relación de Entidades Paraestatales 2026.
rel-0943,para-active-120,"Administración del Sistema Portuario Nacional Veracruz, S.A. de C.V.",sectorización,sec-3,Secretaría de Marina,Relación de las Entidades Paraestatales de la Administración Pública Federal,https://dof.gob.mx/nota_detalle.php?codigo=5796062&fecha=12/08/2026,2026-09-28,Dependencia coordinadora reportada en la Relación de Entidades Paraestatales 2026.
rel-0944,para-active-121,"Aeropuerto Internacional de la Ciudad de México, S.A. de C.V.",sectorización,sec-3,Secretaría de Marina,Relación de las Entidades Paraestatales de la Administración Pública Federal,https://dof.gob.mx/nota_detalle.php?codigo=5796062&fecha=12/08/2026,2026-09-28,Dependencia coordinadora reportada en la Relación de Entidades Paraestatales 2026.
rel-0945,para-active-122,"Ferrocarril del Istmo de Tehuantepec, S.A. de C.V.",sectorización,sec-3,Secretaría de Marina,Relación de las Entidades Paraestatales de la Administración Pública Federal,https://dof.gob.mx/nota_detalle.php?codigo=5796062&fecha=12/08/2026,2026-09-28,Dependencia coordinadora reportada en la Relación de Entidades Paraestatales 2026.
rel-0946,para-active-123,"Turística Integral Islas Marías, S.A. de C.V.",sectorización,sec-3,Secretaría de Marina,Relación de las Entidades Paraestatales de la Administración Pública Federal,https://dof.gob.mx/nota_detalle.php?codigo=5796062&fecha=12/08/2026,2026-09-28,Dependencia coordinadora reportada en la Relación de Entidades Paraestatales 2026.
rel-0947,para-active-124,"Exportadora de Sal, S.A. de C.V.",sectorización,sec-9,Secretaría de Economía,Relación de las Entidades Paraestatales de la Administración Pública Federal,https://dof.gob.mx/nota_detalle.php?codigo=5796062&fecha=12/08/2026,2026-09-28,Dependencia coordinadora reportada en la Relación de Entidades Paraestatales 2026.
rel-0948,para-active-125,"Alimentación para el Bienestar, S.A. de C.V.",sectorización,sec-10,Secretaría de Agricultura y Desarrollo Rural,Relación de las Entidades Paraestatales de la Administración Pública Federal,https://dof.gob.mx/nota_detalle.php?codigo=5796062&fecha=12/08/2026,2026-09-28,Dependencia coordinadora reportada en la Relación de Entidades Paraestatales 2026.
rel-0949,para-active-126,"Leche para el Bienestar, S.A. de C.V.",sectorización,sec-10,Secretaría de Agricultura y Desarrollo Rural,Relación de las Entidades Paraestatales de la Administración Pública Federal,https://dof.gob.mx/nota_detalle.php?codigo=5796062&fecha=12/08/2026,2026-09-28,Dependencia coordinadora reportada en la Relación de Entidades Paraestatales 2026.
rel-0950,para-active-127,"Grupo Aeroportuario Turístico Mexicano, S.A. de C.V.",sectorización,sec-11,"Secretaría de Infraestructura, Comunicaciones y Transportes",Relación de las Entidades Paraestatales de la Administración Pública Federal,https://dof.gob.mx/nota_detalle.php?codigo=5796062&fecha=12/08/2026,2026-09-28,Dependencia coordinadora reportada en la Relación de Entidades Paraestatales 2026.
rel-0951,para-active-128,"Educal, S.A. de C.V.",sectorización,sec-13,Secretaría de Educación Pública,Relación de las Entidades Paraestatales de la Administración Pública Federal,https://dof.gob.mx/nota_detalle.php?codigo=5796062&fecha=12/08/2026,2026-09-28,Dependencia coordinadora reportada en la Relación de Entidades Paraestatales 2026.
rel-0952,para-active-129,"Impresora y Encuadernadora Progreso, S.A. de C.V.",sectorización,sec-13,Secretaría de Educación Pública,Relación de las Entidades Paraestatales de la Administración Pública Federal,https://dof.gob.mx/nota_detalle.php?codigo=5796062&fecha=12/08/2026,2026-09-28,Dependencia coordinadora reportada en la Relación de Entidades Paraestatales 2026.
rel-0953,para-active-130,"Centros de Integración Juvenil, A.C.",sectorización,sec-15,Secretaría de Salud,Relación de las Entidades Paraestatales de la Administración Pública Federal,https://dof.gob.mx/nota_detalle.php?codigo=5796062&fecha=12/08/2026,2026-09-28,Dependencia coordinadora reportada en la Relación de Entidades Paraestatales 2026.
rel-0954,para-active-131,"Laboratorios de Biológicos y Reactivos de México, S.A. de C.V.",sectorización,sec-15,Secretaría de Salud,Relación de las Entidades Paraestatales de la Administración Pública Federal,https://dof.gob.mx/nota_detalle.php?codigo=5796062&fecha=12/08/2026,2026-09-28,Dependencia coordinadora reportada en la Relación de Entidades Paraestatales 2026.
rel-0955,para-active-132,"Centro de Capacitación Cinematográfica, A.C.",sectorización,sec-18,Secretaría de Cultura,Relación de las Entidades Paraestatales de la Administración Pública Federal,https://dof.gob.mx/nota_detalle.php?codigo=5796062&fecha=12/08/2026,2026-09-28,Dependencia coordinadora reportada en la Relación de Entidades Paraestatales 2026.
rel-0956,para-active-133,"Compañía Operadora del Centro Cultural y Turístico de Tijuana, S.A. de C.V.",sectorización,sec-18,Secretaría de Cultura,Relación de las Entidades Paraestatales de la Administración Pública Federal,https://dof.gob.mx/nota_detalle.php?codigo=5796062&fecha=12/08/2026,2026-09-28,Dependencia coordinadora reportada en la Relación de Entidades Paraestatales 2026.
rel-0957,para-active-134,"Estudios Churubusco Azteca, S.A.",sectorización,sec-18,Secretaría de Cultura,Relación de las Entidades Paraestatales de la Administración Pública Federal,https://dof.gob.mx/nota_detalle.php?codigo=5796062&fecha=12/08/2026,2026-09-28,Dependencia coordinadora reportada en la Relación de Entidades Paraestatales 2026.
rel-0958,para-active-135,"Televisión Metropolitana, S.A. de C.V.",sectorización,sec-18,Secretaría de Cultura,Relación de las Entidades Paraestatales de la Administración Pública Federal,https://dof.gob.mx/nota_detalle.php?codigo=5796062&fecha=12/08/2026,2026-09-28,Dependencia coordinadora reportada en la Relación de Entidades Paraestatales 2026.
rel-0959,para-active-136,"FONATUR Constructora, S.A. de C.V.",sectorización,sec-19,Secretaría de Turismo,Relación de las Entidades Paraestatales de la Administración Pública Federal,https://dof.gob.mx/nota_detalle.php?codigo=5796062&fecha=12/08/2026,2026-09-28,Dependencia coordinadora reportada en la Relación de Entidades Paraestatales 2026.
rel-0960,para-active-137,"FONATUR Infraestructura, S.A. de C.V.",sectorización,sec-19,Secretaría de Turismo,Relación de las Entidades Paraestatales de la Administración Pública Federal,https://dof.gob.mx/nota_detalle.php?codigo=5796062&fecha=12/08/2026,2026-09-28,Dependencia coordinadora reportada en la Relación de Entidades Paraestatales 2026.
rel-0961,para-active-138,"Banco del Bienestar, S.N.C.",sectorización,sec-5,Secretaría de Hacienda y Crédito Público,Relación de las Entidades Paraestatales de la Administración Pública Federal,https://dof.gob.mx/nota_detalle.php?codigo=5796062&fecha=12/08/2026,2026-09-28,Dependencia coordinadora reportada en la Relación de Entidades Paraestatales 2026.
rel-0962,para-active-139,"Banco Nacional de Comercio Exterior, S.N.C.",sectorización,sec-5,Secretaría de Hacienda y Crédito Público,Relación de las Entidades Paraestatales de la Administración Pública Federal,https://dof.gob.mx/nota_detalle.php?codigo=5796062&fecha=12/08/2026,2026-09-28,Dependencia coordinadora reportada en la Relación de Entidades Paraestatales 2026.
rel-0963,para-active-140,"Banco Nacional de Obras y Servicios Públicos, S.N.C.",sectorización,sec-5,Secretaría de Hacienda y Crédito Público,Relación de las Entidades Paraestatales de la Administración Pública Federal,https://dof.gob.mx/nota_detalle.php?codigo=5796062&fecha=12/08/2026,2026-09-28,Dependencia coordinadora reportada en la Relación de Entidades Paraestatales 2026.
rel-0964,para-active-141,"Banco Nacional del Ejército, Fuerza Aérea y Armada, S.N.C.",sectorización,sec-5,Secretaría de Hacienda y Crédito Público,Relación de las Entidades Paraestatales de la Administración Pública Federal,https://dof.gob.mx/nota_detalle.php?codigo=5796062&fecha=12/08/2026,2026-09-28,Dependencia coordinadora reportada en la Relación de Entidades Paraestatales 2026.
rel-0965,para-active-142,"Nacional Financiera, S.N.C.",sectorización,sec-5,Secretaría de Hacienda y Crédito Público,Relación de las Entidades Paraestatales de la Administración Pública Federal,https://dof.gob.mx/nota_detalle.php?codigo=5796062&fecha=12/08/2026,2026-09-28,Dependencia coordinadora reportada en la Relación de Entidades Paraestatales 2026.
rel-0966,para-active-143,"Sociedad Hipotecaria Federal, S.N.C.",sectorización,sec-5,Secretaría de Hacienda y Crédito Público,Relación de las Entidades Paraestatales de la Administración Pública Federal,https://dof.gob.mx/nota_detalle.php?codigo=5796062&fecha=12/08/2026,2026-09-28,Dependencia coordinadora reportada en la Relación de Entidades Paraestatales 2026.
rel-0967,para-active-144,"AGROASEMEX, S.A.",sectorización,sec-5,Secretaría de Hacienda y Crédito Público,Relación de las Entidades Paraestatales de la Administración Pública Federal,https://dof.gob.mx/nota_detalle.php?codigo=5796062&fecha=12/08/2026,2026-09-28,Dependencia coordinadora reportada en la Relación de Entidades Paraestatales 2026.
rel-0968,para-active-145,"Seguros de Crédito a la Vivienda SHF, S.A. de C.V.",sectorización,sec-5,Secretaría de Hacienda y Crédito Público,Relación de las Entidades Paraestatales de la Administración Pública Federal,https://dof.gob.mx/nota_detalle.php?codigo=5796062&fecha=12/08/2026,2026-09-28,Dependencia coordinadora reportada en la Relación de Entidades Paraestatales 2026.
rel-0969,para-active-146,"Centro de Investigación Científica de Yucatán, A.C.",sectorización,sec-14,"Secretaría de Ciencia, Humanidades, Tecnología e Innovación",Relación de las Entidades Paraestatales de la Administración Pública Federal,https://dof.gob.mx/nota_detalle.php?codigo=5796062&fecha=12/08/2026,2026-09-28,Dependencia coordinadora reportada en la Relación de Entidades Paraestatales 2026.
rel-0970,para-active-147,"Centro de Investigación en Alimentación y Desarrollo, A.C.",sectorización,sec-14,"Secretaría de Ciencia, Humanidades, Tecnología e Innovación",Relación de las Entidades Paraestatales de la Administración Pública Federal,https://dof.gob.mx/nota_detalle.php?codigo=5796062&fecha=12/08/2026,2026-09-28,Dependencia coordinadora reportada en la Relación de Entidades Paraestatales 2026.
rel-0971,para-active-148,"Centro de Investigación en Ciencias de Información Geoespacial, A.C.",sectorización,sec-14,"Secretaría de Ciencia, Humanidades, Tecnología e Innovación",Relación de las Entidades Paraestatales de la Administración Pública Federal,https://dof.gob.mx/nota_detalle.php?codigo=5796062&fecha=12/08/2026,2026-09-28,Dependencia coordinadora reportada en la Relación de Entidades Paraestatales 2026.
rel-0972,para-active-149,"Centro de Investigación en Matemáticas, A.C.",sectorización,sec-14,"Secretaría de Ciencia, Humanidades, Tecnología e Innovación",Relación de las Entidades Paraestatales de la Administración Pública Federal,https://dof.gob.mx/nota_detalle.php?codigo=5796062&fecha=12/08/2026,2026-09-28,Dependencia coordinadora reportada en la Relación de Entidades Paraestatales 2026.
rel-0973,para-active-150,"Centro de Investigación en Materiales Avanzados, S.C.",sectorización,sec-14,"Secretaría de Ciencia, Humanidades, Tecnología e Innovación",Relación de las Entidades Paraestatales de la Administración Pública Federal,https://dof.gob.mx/nota_detalle.php?codigo=5796062&fecha=12/08/2026,2026-09-28,Dependencia coordinadora reportada en la Relación de Entidades Paraestatales 2026.
rel-0974,para-active-151,"Centro de Investigación y Asistencia en Tecnología y Diseño del Estado de Jalisco, A.C.",sectorización,sec-14,"Secretaría de Ciencia, Humanidades, Tecnología e Innovación",Relación de las Entidades Paraestatales de la Administración Pública Federal,https://dof.gob.mx/nota_detalle.php?codigo=5796062&fecha=12/08/2026,2026-09-28,Dependencia coordinadora reportada en la Relación de Entidades Paraestatales 2026.
rel-0975,para-active-152,"Centro de Investigación y Desarrollo Tecnológico en Electroquímica, S.C.",sectorización,sec-14,"Secretaría de Ciencia, Humanidades, Tecnología e Innovación",Relación de las Entidades Paraestatales de la Administración Pública Federal,https://dof.gob.mx/nota_detalle.php?codigo=5796062&fecha=12/08/2026,2026-09-28,Dependencia coordinadora reportada en la Relación de Entidades Paraestatales 2026.
rel-0976,para-active-153,"Centro de Investigación y Docencia Económicas, A.C.",sectorización,sec-14,"Secretaría de Ciencia, Humanidades, Tecnología e Innovación",Relación de las Entidades Paraestatales de la Administración Pública Federal,https://dof.gob.mx/nota_detalle.php?codigo=5796062&fecha=12/08/2026,2026-09-28,Dependencia coordinadora reportada en la Relación de Entidades Paraestatales 2026.
rel-0977,para-active-154,"Centro de Investigaciones Biológicas del Noroeste, S.C.",sectorización,sec-14,"Secretaría de Ciencia, Humanidades, Tecnología e Innovación",Relación de las Entidades Paraestatales de la Administración Pública Federal,https://dof.gob.mx/nota_detalle.php?codigo=5796062&fecha=12/08/2026,2026-09-28,Dependencia coordinadora reportada en la Relación de Entidades Paraestatales 2026.
rel-0978,para-active-155,"Centro de Investigaciones en Óptica, A.C.",sectorización,sec-14,"Secretaría de Ciencia, Humanidades, Tecnología e Innovación",Relación de las Entidades Paraestatales de la Administración Pública Federal,https://dof.gob.mx/nota_detalle.php?codigo=5796062&fecha=12/08/2026,2026-09-28,Dependencia coordinadora reportada en la Relación de Entidades Paraestatales 2026.
rel-0979,para-active-156,"CIATEC, A.C. ""Centro de Innovación Aplicada en Tecnologías Competitivas""",sectorización,sec-14,"Secretaría de Ciencia, Humanidades, Tecnología e Innovación",Relación de las Entidades Paraestatales de la Administración Pública Federal,https://dof.gob.mx/nota_detalle.php?codigo=5796062&fecha=12/08/2026,2026-09-28,Dependencia coordinadora reportada en la Relación de Entidades Paraestatales 2026.
rel-0980,para-active-157,"CIATEQ, A.C. ""Centro de Tecnología Avanzada""",sectorización,sec-14,"Secretaría de Ciencia, Humanidades, Tecnología e Innovación",Relación de las Entidades Paraestatales de la Administración Pública Federal,https://dof.gob.mx/nota_detalle.php?codigo=5796062&fecha=12/08/2026,2026-09-28,Dependencia coordinadora reportada en la Relación de Entidades Paraestatales 2026.
rel-0981,para-active-158,"El Colegio de la Frontera Norte, A.C.",sectorización,sec-14,"Secretaría de Ciencia, Humanidades, Tecnología e Innovación",Relación de las Entidades Paraestatales de la Administración Pública Federal,https://dof.gob.mx/nota_detalle.php?codigo=5796062&fecha=12/08/2026,2026-09-28,Dependencia coordinadora reportada en la Relación de Entidades Paraestatales 2026.
rel-0982,para-active-159,"El Colegio de Michoacán, A.C.",sectorización,sec-14,"Secretaría de Ciencia, Humanidades, Tecnología e Innovación",Relación de las Entidades Paraestatales de la Administración Pública Federal,https://dof.gob.mx/nota_detalle.php?codigo=5796062&fecha=12/08/2026,2026-09-28,Dependencia coordinadora reportada en la Relación de Entidades Paraestatales 2026.
rel-0983,para-active-160,"El Colegio de San Luis, A.C.",sectorización,sec-14,"Secretaría de Ciencia, Humanidades, Tecnología e Innovación",Relación de las Entidades Paraestatales de la Administración Pública Federal,https://dof.gob.mx/nota_detalle.php?codigo=5796062&fecha=12/08/2026,2026-09-28,Dependencia coordinadora reportada en la Relación de Entidades Paraestatales 2026.
rel-0984,para-active-161,"InnovaBienestar de México, S.A.P.I. de C.V.",sectorización,sec-14,"Secretaría de Ciencia, Humanidades, Tecnología e Innovación",Relación de las Entidades Paraestatales de la Administración Pública Federal,https://dof.gob.mx/nota_detalle.php?codigo=5796062&fecha=12/08/2026,2026-09-28,Dependencia coordinadora reportada en la Relación de Entidades Paraestatales 2026.
rel-0985,para-active-162,"Instituto de Ecología, A.C.",sectorización,sec-14,"Secretaría de Ciencia, Humanidades, Tecnología e Innovación",Relación de las Entidades Paraestatales de la Administración Pública Federal,https://dof.gob.mx/nota_detalle.php?codigo=5796062&fecha=12/08/2026,2026-09-28,Dependencia coordinadora reportada en la Relación de Entidades Paraestatales 2026.
rel-0986,para-active-163,"Instituto Potosino de Investigación Científica y Tecnológica, A.C.",sectorización,sec-14,"Secretaría de Ciencia, Humanidades, Tecnología e Innovación",Relación de las Entidades Paraestatales de la Administración Pública Federal,https://dof.gob.mx/nota_detalle.php?codigo=5796062&fecha=12/08/2026,2026-09-28,Dependencia coordinadora reportada en la Relación de Entidades Paraestatales 2026.
rel-0987,para-active-164,Fideicomiso Universidad Marítima y Portuaria de México,sectorización,sec-3,Secretaría de Marina,Relación de las Entidades Paraestatales de la Administración Pública Federal,https://dof.gob.mx/nota_detalle.php?codigo=5796062&fecha=12/08/2026,2026-09-28,Dependencia coordinadora reportada en la Relación de Entidades Paraestatales 2026.
rel-0988,para-active-165,Fondo de Capitalización e Inversión del Sector Rural,sectorización,sec-5,Secretaría de Hacienda y Crédito Público,Relación de las Entidades Paraestatales de la Administración Pública Federal,https://dof.gob.mx/nota_detalle.php?codigo=5796062&fecha=12/08/2026,2026-09-28,Dependencia coordinadora reportada en la Relación de Entidades Paraestatales 2026.
rel-0989,para-active-166,Fideicomiso de Riesgo Compartido,sectorización,sec-10,Secretaría de Agricultura y Desarrollo Rural,Relación de las Entidades Paraestatales de la Administración Pública Federal,https://dof.gob.mx/nota_detalle.php?codigo=5796062&fecha=12/08/2026,2026-09-28,Dependencia coordinadora reportada en la Relación de Entidades Paraestatales 2026.
rel-0990,para-active-167,Fideicomiso de los Sistemas Normalizado de Competencia Laboral y de Certificación de Competencia Laboral,sectorización,sec-13,Secretaría de Educación Pública,Relación de las Entidades Paraestatales de la Administración Pública Federal,https://dof.gob.mx/nota_detalle.php?codigo=5796062&fecha=12/08/2026,2026-09-28,Dependencia coordinadora reportada en la Relación de Entidades Paraestatales 2026.
rel-0991,para-active-168,Fideicomiso Fondo Nacional de Fomento Ejidal,sectorización,sec-17,"Secretaría de Desarrollo Agrario, Territorial y Urbano",Relación de las Entidades Paraestatales de la Administración Pública Federal,https://dof.gob.mx/nota_detalle.php?codigo=5796062&fecha=12/08/2026,2026-09-28,Dependencia coordinadora reportada en la Relación de Entidades Paraestatales 2026.
rel-0992,para-active-169,Fideicomiso para la Cineteca Nacional,sectorización,sec-18,Secretaría de Cultura,Relación de las Entidades Paraestatales de la Administración Pública Federal,https://dof.gob.mx/nota_detalle.php?codigo=5796062&fecha=12/08/2026,2026-09-28,Dependencia coordinadora reportada en la Relación de Entidades Paraestatales 2026.
rel-0993,para-active-170,Fondo Nacional para el Fomento de las Artesanías,sectorización,sec-18,Secretaría de Cultura,Relación de las Entidades Paraestatales de la Administración Pública Federal,https://dof.gob.mx/nota_detalle.php?codigo=5796062&fecha=12/08/2026,2026-09-28,Dependencia coordinadora reportada en la Relación de Entidades Paraestatales 2026.
rel-0994,para-active-171,Fondo Nacional de Fomento al Turismo,sectorización,sec-19,Secretaría de Turismo,Relación de las Entidades Paraestatales de la Administración Pública Federal,https://dof.gob.mx/nota_detalle.php?codigo=5796062&fecha=12/08/2026,2026-09-28,Dependencia coordinadora reportada en la Relación de Entidades Paraestatales 2026.
rel-0995,para-active-172,Fondo para el Desarrollo de Recursos Humanos,sectorización,sec-14,"Secretaría de Ciencia, Humanidades, Tecnología e Innovación",Relación de las Entidades Paraestatales de la Administración Pública Federal,https://dof.gob.mx/nota_detalle.php?codigo=5796062&fecha=12/08/2026,2026-09-28,Dependencia coordinadora reportada en la Relación de Entidades Paraestatales 2026.
rel-0996,para-active-173,INFOTEC Centro de Investigación e Innovación en Tecnologías de la Información y Comunicación,sectorización,sec-21,Agencia de Transformación Digital y Telecomunicaciones,Relación de las Entidades Paraestatales de la Administración Pública Federal,https://dof.gob.mx/nota_detalle.php?codigo=5796062&fecha=12/08/2026,2026-09-28,Dependencia coordinadora reportada en la Relación de Entidades Paraestatales 2026.
rel-0997,para-active-174,"Fondo de Garantía y Fomento para la Agricultura, Ganadería y Avicultura",sectorización,sec-5,Secretaría de Hacienda y Crédito Público,Relación de las Entidades Paraestatales de la Administración Pública Federal,https://dof.gob.mx/nota_detalle.php?codigo=5796062&fecha=12/08/2026,2026-09-28,Dependencia coordinadora reportada en la Relación de Entidades Paraestatales 2026.
rel-0998,para-active-175,Fondo de Garantía y Fomento para las Actividades Pesqueras,sectorización,sec-5,Secretaría de Hacienda y Crédito Público,Relación de las Entidades Paraestatales de la Administración Pública Federal,https://dof.gob.mx/nota_detalle.php?codigo=5796062&fecha=12/08/2026,2026-09-28,Dependencia coordinadora reportada en la Relación de Entidades Paraestatales 2026.
rel-0999,para-active-176,Fondo de Operación y Financiamiento Bancario a la Vivienda,sectorización,sec-5,Secretaría de Hacienda y Crédito Público,Relación de las Entidades Paraestatales de la Administración Pública Federal,https://dof.gob.mx/nota_detalle.php?codigo=5796062&fecha=12/08/2026,2026-09-28,Dependencia coordinadora reportada en la Relación de Entidades Paraestatales 2026.
rel-1000,para-active-177,Fondo Especial de Asistencia Técnica y Garantía para Créditos Agropecuarios,sectorización,sec-5,Secretaría de Hacienda y Crédito Público,Relación de las Entidades Paraestatales de la Administración Pública Federal,https://dof.gob.mx/nota_detalle.php?codigo=5796062&fecha=12/08/2026,2026-09-28,Dependencia coordinadora reportada en la Relación de Entidades Paraestatales 2026.
rel-1001,para-active-178,Fondo Especial para Financiamientos Agropecuarios,sectorización,sec-5,Secretaría de Hacienda y Crédito Público,Relación de las Entidades Paraestatales de la Administración Pública Federal,https://dof.gob.mx/nota_detalle.php?codigo=5796062&fecha=12/08/2026,2026-09-28,Dependencia coordinadora reportada en la Relación de Entidades Paraestatales 2026.
rel-1002,para-active-179,Fideicomiso de Fomento Minero,sectorización,sec-9,Secretaría de Economía,Relación de las Entidades Paraestatales de la Administración Pública Federal,https://dof.gob.mx/nota_detalle.php?codigo=5796062&fecha=12/08/2026,2026-09-28,Dependencia coordinadora reportada en la Relación de Entidades Paraestatales 2026.
rel-1003,para-active-180,Comisión Federal de Electricidad,sectorización,sec-8,Secretaría de Energía,Relación de las Entidades Paraestatales de la Administración Pública Federal,https://dof.gob.mx/nota_detalle.php?codigo=5796062&fecha=12/08/2026,2026-09-28,Dependencia coordinadora reportada en la Relación de Entidades Paraestatales 2026.
rel-1004,para-active-181,Petróleos Mexicanos,sectorización,sec-8,Secretaría de Energía,Relación de las Entidades Paraestatales de la Administración Pública Federal,https://dof.gob.mx/nota_detalle.php?codigo=5796062&fecha=12/08/2026,2026-09-28,Dependencia coordinadora reportada en la Relación de Entidades Paraestatales 2026.
rel-1005,para-status-001,"Financiera Nacional de Desarrollo Agropecuario, Rural, Forestal y Pesquero",sectorización,sec-5,Secretaría de Hacienda y Crédito Público,Relación de las Entidades Paraestatales de la Administración Pública Federal,https://dof.gob.mx/nota_detalle.php?codigo=5796062&fecha=12/08/2026,2026-09-28,Dependencia coordinadora reportada en la Relación de Entidades Paraestatales 2026.
rel-1006,para-status-002,Comisión Nacional de las Zonas Áridas,sectorización,sec-10,Secretaría de Agricultura y Desarrollo Rural,Relación de las Entidades Paraestatales de la Administración Pública Federal,https://dof.gob.mx/nota_detalle.php?codigo=5796062&fecha=12/08/2026,2026-09-28,Dependencia coordinadora reportada en la Relación de Entidades Paraestatales 2026.
rel-1007,para-status-003,Seguridad Alimentaria Mexicana,sectorización,sec-10,Secretaría de Agricultura y Desarrollo Rural,Relación de las Entidades Paraestatales de la Administración Pública Federal,https://dof.gob.mx/nota_detalle.php?codigo=5796062&fecha=12/08/2026,2026-09-28,Dependencia coordinadora reportada en la Relación de Entidades Paraestatales 2026.
rel-1008,para-status-004,Ferrocarriles Nacionales de México,sectorización,sec-11,"Secretaría de Infraestructura, Comunicaciones y Transportes",Relación de las Entidades Paraestatales de la Administración Pública Federal,https://dof.gob.mx/nota_detalle.php?codigo=5796062&fecha=12/08/2026,2026-09-28,Dependencia coordinadora reportada en la Relación de Entidades Paraestatales 2026.
rel-1009,para-status-005,Instituto Nacional de la Infraestructura Física Educativa,sectorización,sec-13,Secretaría de Educación Pública,Relación de las Entidades Paraestatales de la Administración Pública Federal,https://dof.gob.mx/nota_detalle.php?codigo=5796062&fecha=12/08/2026,2026-09-28,Dependencia coordinadora reportada en la Relación de Entidades Paraestatales 2026.
rel-1010,para-status-007,"Compañía Mexicana de Exploraciones, S.A. de C.V.",sectorización,sec-8,Secretaría de Energía,Relación de las Entidades Paraestatales de la Administración Pública Federal,https://dof.gob.mx/nota_detalle.php?codigo=5796062&fecha=12/08/2026,2026-09-28,Dependencia coordinadora reportada en la Relación de Entidades Paraestatales 2026.
rel-1011,para-status-008,"Instituto Nacional para el Desarrollo de Capacidades del Sector Rural, A.C.",sectorización,sec-10,Secretaría de Agricultura y Desarrollo Rural,Relación de las Entidades Paraestatales de la Administración Pública Federal,https://dof.gob.mx/nota_detalle.php?codigo=5796062&fecha=12/08/2026,2026-09-28,Dependencia coordinadora reportada en la Relación de Entidades Paraestatales 2026.
rel-1012,para-status-009,"FONATUR Solar, S.A. de C.V.",sectorización,sec-19,Secretaría de Turismo,Relación de las Entidades Paraestatales de la Administración Pública Federal,https://dof.gob.mx/nota_detalle.php?codigo=5796062&fecha=12/08/2026,2026-09-28,Dependencia coordinadora reportada en la Relación de Entidades Paraestatales 2026.
rel-1013,para-status-010,"FONATUR Tren Maya, S.A. de C.V.",sectorización,sec-19,Secretaría de Turismo,Relación de las Entidades Paraestatales de la Administración Pública Federal,https://dof.gob.mx/nota_detalle.php?codigo=5796062&fecha=12/08/2026,2026-09-28,Dependencia coordinadora reportada en la Relación de Entidades Paraestatales 2026.
rel-1014,para-status-011,Fondo de Empresas Expropiadas del Sector Azucarero,sectorización,sec-10,Secretaría de Agricultura y Desarrollo Rural,Relación de las Entidades Paraestatales de la Administración Pública Federal,https://dof.gob.mx/nota_detalle.php?codigo=5796062&fecha=12/08/2026,2026-09-28,Dependencia coordinadora reportada en la Relación de Entidades Paraestatales 2026.
rel-1015,para-status-012,"Aerolínea del Estado Mexicano, S.A. de C.V.",sectorización,sec-2,Secretaría de la Defensa Nacional,Relación de las Entidades Paraestatales de la Administración Pública Federal,https://dof.gob.mx/nota_detalle.php?codigo=5796062&fecha=12/08/2026,2026-09-28,Dependencia coordinadora reportada en la Relación de Entidades Paraestatales 2026.
v120-rel-1016,v120-sec-15-administracion-del-patrimonio-de-la-beneficencia-publica,Administración del Patrimonio de la Beneficencia Pública,jerarquía / adscripción,sec-15,Secretaría de Salud,Acuerdo de adscripción orgánica de la Secretaría de Salud,https://dof.gob.mx/nota_detalle.php?codigo=5753120&fecha=27/03/2025,2026-09-28,"Acuerdo de adscripción Salud, artículo único. "
v120-rel-1017,v120-sec-15-comision-federal-para-la-proteccion-contra-riesgos-sanitarios,Comisión Federal para la Protección contra Riesgos Sanitarios,jerarquía / adscripción,sec-15,Secretaría de Salud,Acuerdo de adscripción orgánica de la Secretaría de Salud,https://dof.gob.mx/nota_detalle.php?codigo=5753120&fecha=27/03/2025,2026-09-28,"Acuerdo de adscripción Salud, artículo único. "
v120-rel-1018,v120-sec-15-comision-nacional-de-arbitraje-medico,Comisión Nacional de Arbitraje Médico,jerarquía / adscripción,sec-15,Secretaría de Salud,Acuerdo de adscripción orgánica de la Secretaría de Salud,https://dof.gob.mx/nota_detalle.php?codigo=5753120&fecha=27/03/2025,2026-09-28,"Acuerdo de adscripción Salud, artículo único. "
v120-rel-1019,v120-sec-15-comision-nacional-de-bioetica,Comisión Nacional de Bioética,jerarquía / adscripción,sec-15,Secretaría de Salud,Acuerdo de adscripción orgánica de la Secretaría de Salud,https://dof.gob.mx/nota_detalle.php?codigo=5753120&fecha=27/03/2025,2026-09-28,"Acuerdo de adscripción Salud, artículo único. "
v120-rel-1020,v120-sec-15-direccion-general-de-comunicacion-social,Dirección General de Comunicación Social,jerarquía / adscripción,sec-15,Secretaría de Salud,Acuerdo de adscripción orgánica de la Secretaría de Salud,https://dof.gob.mx/nota_detalle.php?codigo=5753120&fecha=27/03/2025,2026-09-28,"Acuerdo de adscripción Salud, artículo único. "
v120-rel-1021,v120-sec-15-direccion-general-de-relaciones-internacionales,Dirección General de Relaciones Internacionales,jerarquía / adscripción,sec-15,Secretaría de Salud,Acuerdo de adscripción orgánica de la Secretaría de Salud,https://dof.gob.mx/nota_detalle.php?codigo=5753120&fecha=27/03/2025,2026-09-28,"Acuerdo de adscripción Salud, artículo único. "
v120-rel-1022,v120-sec-15-secretariado-tecnico-del-consejo-nacional-de-salud-para-el-bienestar,Secretariado Técnico del Consejo Nacional de Salud para el Bienestar,jerarquía / adscripción,sec-15,Secretaría de Salud,Acuerdo de adscripción orgánica de la Secretaría de Salud,https://dof.gob.mx/nota_detalle.php?codigo=5753120&fecha=27/03/2025,2026-09-28,"Acuerdo de adscripción Salud, artículo único. "
v120-rel-1023,v120-sal-siscam-unidad-de-acceso-y-abasto-de-insumos-para-la-salud,Unidad de Acceso y Abasto de Insumos para la Salud,jerarquía / adscripción,sal-siscam,Subsecretaría de Integración Sectorial y Coordinación de Servicios de Atención Médica,Acuerdo de adscripción orgánica de la Secretaría de Salud,https://dof.gob.mx/nota_detalle.php?codigo=5753120&fecha=27/03/2025,2026-09-28,"Acuerdo de adscripción Salud, artículo único. "
v120-rel-1024,v120-sal-siscam-unidad-de-analisis-economico-e-investigacion-en-salud,Unidad de Análisis Económico e Investigación en Salud,jerarquía / adscripción,sal-siscam,Subsecretaría de Integración Sectorial y Coordinación de Servicios de Atención Médica,Acuerdo de adscripción orgánica de la Secretaría de Salud,https://dof.gob.mx/nota_detalle.php?codigo=5753120&fecha=27/03/2025,2026-09-28,"Acuerdo de adscripción Salud, artículo único. "
v120-rel-1025,v120-sal-siscam-direccion-general-de-calidad-y-educacion-en-salud,Dirección General de Calidad y Educación en Salud,jerarquía / adscripción,sal-siscam,Subsecretaría de Integración Sectorial y Coordinación de Servicios de Atención Médica,Acuerdo de adscripción orgánica de la Secretaría de Salud,https://dof.gob.mx/nota_detalle.php?codigo=5753120&fecha=27/03/2025,2026-09-28,"Acuerdo de adscripción Salud, artículo único. "
v120-rel-1026,v120-sal-siscam-direccion-general-de-coordinacion-de-servicios-medicos,Dirección General de Coordinación de Servicios Médicos,jerarquía / adscripción,sal-siscam,Subsecretaría de Integración Sectorial y Coordinación de Servicios de Atención Médica,Acuerdo de adscripción orgánica de la Secretaría de Salud,https://dof.gob.mx/nota_detalle.php?codigo=5753120&fecha=27/03/2025,2026-09-28,"Acuerdo de adscripción Salud, artículo único. "
v120-rel-1027,v120-sal-siscam-direccion-general-de-evaluacion-del-desempeno,Dirección General de Evaluación del Desempeño,jerarquía / adscripción,sal-siscam,Subsecretaría de Integración Sectorial y Coordinación de Servicios de Atención Médica,Acuerdo de adscripción orgánica de la Secretaría de Salud,https://dof.gob.mx/nota_detalle.php?codigo=5753120&fecha=27/03/2025,2026-09-28,"Acuerdo de adscripción Salud, artículo único. "
v120-rel-1028,v120-sal-siscam-direccion-general-de-modernizacion-del-sector-salud,Dirección General de Modernización del Sector Salud,jerarquía / adscripción,sal-siscam,Subsecretaría de Integración Sectorial y Coordinación de Servicios de Atención Médica,Acuerdo de adscripción orgánica de la Secretaría de Salud,https://dof.gob.mx/nota_detalle.php?codigo=5753120&fecha=27/03/2025,2026-09-28,"Acuerdo de adscripción Salud, artículo único. "
v120-rel-1029,v120-sal-siscam-direccion-general-de-planeacion-y-desarrollo-en-salud,Dirección General de Planeación y Desarrollo en Salud,jerarquía / adscripción,sal-siscam,Subsecretaría de Integración Sectorial y Coordinación de Servicios de Atención Médica,Acuerdo de adscripción orgánica de la Secretaría de Salud,https://dof.gob.mx/nota_detalle.php?codigo=5753120&fecha=27/03/2025,2026-09-28,"Acuerdo de adscripción Salud, artículo único. "
v120-rel-1030,v120-sal-siscam-direccion-general-de-informacion-en-salud,Dirección General de Información en Salud,jerarquía / adscripción,sal-siscam,Subsecretaría de Integración Sectorial y Coordinación de Servicios de Atención Médica,Acuerdo de adscripción orgánica de la Secretaría de Salud,https://dof.gob.mx/nota_detalle.php?codigo=5753120&fecha=27/03/2025,2026-09-28,"Acuerdo de adscripción Salud, artículo único. "
v120-rel-1031,v120-sal-psbp-centro-nacional-de-equidad-de-genero-salud-sexual-y-reproductiva,"Centro Nacional de Equidad de Género, Salud Sexual y Reproductiva",jerarquía / adscripción,sal-psbp,Subsecretaría de Políticas de Salud y Bienestar Poblacional,Acuerdo de adscripción orgánica de la Secretaría de Salud,https://dof.gob.mx/nota_detalle.php?codigo=5753120&fecha=27/03/2025,2026-09-28,"Acuerdo de adscripción Salud, artículo único. "
v120-rel-1032,v120-sal-psbp-centro-nacional-de-la-transfusion-sanguinea,Centro Nacional de la Transfusión Sanguínea,jerarquía / adscripción,sal-psbp,Subsecretaría de Políticas de Salud y Bienestar Poblacional,Acuerdo de adscripción orgánica de la Secretaría de Salud,https://dof.gob.mx/nota_detalle.php?codigo=5753120&fecha=27/03/2025,2026-09-28,"Acuerdo de adscripción Salud, artículo único. "
v120-rel-1033,v120-sal-psbp-centro-nacional-de-prevencion-y-control-de-enfermedades,Centro Nacional de Prevención y Control de Enfermedades,jerarquía / adscripción,sal-psbp,Subsecretaría de Políticas de Salud y Bienestar Poblacional,Acuerdo de adscripción orgánica de la Secretaría de Salud,https://dof.gob.mx/nota_detalle.php?codigo=5753120&fecha=27/03/2025,2026-09-28,"Acuerdo de adscripción Salud, artículo único. "
v120-rel-1034,v120-sal-psbp-centro-nacional-para-la-prevencion-y-control-del-vih-sida-y-hepatitis,Centro Nacional para la Prevención y Control del VIH/SIDA y Hepatitis,jerarquía / adscripción,sal-psbp,Subsecretaría de Políticas de Salud y Bienestar Poblacional,Acuerdo de adscripción orgánica de la Secretaría de Salud,https://dof.gob.mx/nota_detalle.php?codigo=5753120&fecha=27/03/2025,2026-09-28,"Acuerdo de adscripción Salud, artículo único. "
v120-rel-1035,v120-sal-psbp-centro-nacional-de-trasplantes,Centro Nacional de Trasplantes,jerarquía / adscripción,sal-psbp,Subsecretaría de Políticas de Salud y Bienestar Poblacional,Acuerdo de adscripción orgánica de la Secretaría de Salud,https://dof.gob.mx/nota_detalle.php?codigo=5753120&fecha=27/03/2025,2026-09-28,"Acuerdo de adscripción Salud, artículo único. "
v120-rel-1036,v120-sal-psbp-centro-nacional-para-la-salud-de-la-infancia-y-la-adolescencia,Centro Nacional para la Salud de la Infancia y la Adolescencia,jerarquía / adscripción,sal-psbp,Subsecretaría de Políticas de Salud y Bienestar Poblacional,Acuerdo de adscripción orgánica de la Secretaría de Salud,https://dof.gob.mx/nota_detalle.php?codigo=5753120&fecha=27/03/2025,2026-09-28,"Acuerdo de adscripción Salud, artículo único. "
v120-rel-1037,v120-sal-psbp-comision-nacional-de-salud-mental-y-adicciones,Comisión Nacional de Salud Mental y Adicciones,jerarquía / adscripción,sal-psbp,Subsecretaría de Políticas de Salud y Bienestar Poblacional,Acuerdo de adscripción orgánica de la Secretaría de Salud,https://dof.gob.mx/nota_detalle.php?codigo=5753120&fecha=27/03/2025,2026-09-28,"Acuerdo de adscripción Salud, artículo único. "
v120-rel-1038,v120-sal-psbp-direccion-general-de-epidemiologia,Dirección General de Epidemiología,jerarquía / adscripción,sal-psbp,Subsecretaría de Políticas de Salud y Bienestar Poblacional,Acuerdo de adscripción orgánica de la Secretaría de Salud,https://dof.gob.mx/nota_detalle.php?codigo=5753120&fecha=27/03/2025,2026-09-28,"Acuerdo de adscripción Salud, artículo único. "
v120-rel-1039,v120-sal-psbp-direccion-general-de-politicas-en-salud-publica,Dirección General de Políticas en Salud Pública,jerarquía / adscripción,sal-psbp,Subsecretaría de Políticas de Salud y Bienestar Poblacional,Acuerdo de adscripción orgánica de la Secretaría de Salud,https://dof.gob.mx/nota_detalle.php?codigo=5753120&fecha=27/03/2025,2026-09-28,"Acuerdo de adscripción Salud, artículo único. "
v120-rel-1040,v120-sal-psbp-direccion-general-del-servicio-nacional-de-salud-publica,Dirección General del Servicio Nacional de Salud Pública,jerarquía / adscripción,sal-psbp,Subsecretaría de Políticas de Salud y Bienestar Poblacional,Acuerdo de adscripción orgánica de la Secretaría de Salud,https://dof.gob.mx/nota_detalle.php?codigo=5753120&fecha=27/03/2025,2026-09-28,"Acuerdo de adscripción Salud, artículo único. "
v120-rel-1041,v120-sal-psbp-secretariado-tecnico-del-consejo-nacional-para-la-prevencion-de-accidentes,Secretariado Técnico del Consejo Nacional para la Prevención de Accidentes,jerarquía / adscripción,sal-psbp,Subsecretaría de Políticas de Salud y Bienestar Poblacional,Acuerdo de adscripción orgánica de la Secretaría de Salud,https://dof.gob.mx/nota_detalle.php?codigo=5753120&fecha=27/03/2025,2026-09-28,"Acuerdo de adscripción Salud, artículo único. "
v120-rel-1042,v120-sal-uaf-direccion-general-de-desarrollo-de-la-infraestructura-fisica,Dirección General de Desarrollo de la Infraestructura Física,jerarquía / adscripción,sal-uaf,Unidad de Administración y Finanzas,Acuerdo de adscripción orgánica de la Secretaría de Salud,https://dof.gob.mx/nota_detalle.php?codigo=5753120&fecha=27/03/2025,2026-09-28,"Acuerdo de adscripción Salud, artículo único. "
v120-rel-1043,v120-sal-uaf-direccion-general-de-programacion-y-presupuesto,Dirección General de Programación y Presupuesto,jerarquía / adscripción,sal-uaf,Unidad de Administración y Finanzas,Acuerdo de adscripción orgánica de la Secretaría de Salud,https://dof.gob.mx/nota_detalle.php?codigo=5753120&fecha=27/03/2025,2026-09-28,"Acuerdo de adscripción Salud, artículo único. "
v120-rel-1044,v120-sal-uaf-direccion-general-de-recursos-humanos-y-organizacion,Dirección General de Recursos Humanos y Organización,jerarquía / adscripción,sal-uaf,Unidad de Administración y Finanzas,Acuerdo de adscripción orgánica de la Secretaría de Salud,https://dof.gob.mx/nota_detalle.php?codigo=5753120&fecha=27/03/2025,2026-09-28,"Acuerdo de adscripción Salud, artículo único. "
v120-rel-1045,v120-sal-uaf-direccion-general-de-recursos-materiales-y-servicios-generales,Dirección General de Recursos Materiales y Servicios Generales,jerarquía / adscripción,sal-uaf,Unidad de Administración y Finanzas,Acuerdo de adscripción orgánica de la Secretaría de Salud,https://dof.gob.mx/nota_detalle.php?codigo=5753120&fecha=27/03/2025,2026-09-28,"Acuerdo de adscripción Salud, artículo único. "
v120-rel-1046,v120-sal-uaf-direccion-general-de-tecnologias-de-la-informacion,Dirección General de Tecnologías de la Información,jerarquía / adscripción,sal-uaf,Unidad de Administración y Finanzas,Acuerdo de adscripción orgánica de la Secretaría de Salud,https://dof.gob.mx/nota_detalle.php?codigo=5753120&fecha=27/03/2025,2026-09-28,"Acuerdo de adscripción Salud, artículo único. "
v120-rel-1047,v120-sal-ugaj-direccion-general-de-estudios-legislativos-y-normativa-en-salud,Dirección General de Estudios Legislativos y Normativa en Salud,jerarquía / adscripción,sal-ugaj,Unidad General de Asuntos Jurídicos,Acuerdo de adscripción orgánica de la Secretaría de Salud,https://dof.gob.mx/nota_detalle.php?codigo=5753120&fecha=27/03/2025,2026-09-28,"Acuerdo de adscripción Salud, artículo único. "
v120-rel-1048,v120-sal-ugaj-direccion-general-de-lo-consultivo-convenios-y-contratos,"Dirección General de lo Consultivo, Convenios y Contratos",jerarquía / adscripción,sal-ugaj,Unidad General de Asuntos Jurídicos,Acuerdo de adscripción orgánica de la Secretaría de Salud,https://dof.gob.mx/nota_detalle.php?codigo=5753120&fecha=27/03/2025,2026-09-28,"Acuerdo de adscripción Salud, artículo único. "
v120-rel-1049,v120-sal-ugaj-direccion-general-de-lo-contencioso-y-procedimientos-constitucionales,Dirección General de lo Contencioso y Procedimientos Constitucionales,jerarquía / adscripción,sal-ugaj,Unidad General de Asuntos Jurídicos,Acuerdo de adscripción orgánica de la Secretaría de Salud,https://dof.gob.mx/nota_detalle.php?codigo=5753120&fecha=27/03/2025,2026-09-28,"Acuerdo de adscripción Salud, artículo único. "
v120-rel-1050,v120-sal-ccinshae-direccion-general-de-coordinacion-de-operaciones-y-enlace-sectorial,Dirección General de Coordinación de Operaciones y Enlace Sectorial,jerarquía / adscripción,sal-ccinshae,Comisión Coordinadora de Institutos Nacionales de Salud y Hospitales de Alta Especialidad,Acuerdo de adscripción orgánica de la Secretaría de Salud,https://dof.gob.mx/nota_detalle.php?codigo=5753120&fecha=27/03/2025,2026-09-28,"Acuerdo de adscripción Salud, artículo único. "
v120-rel-1051,v120-sal-ccinshae-direccion-general-de-coordinacion-medica-de-alta-especialidad,Dirección General de Coordinación Médica de Alta Especialidad,jerarquía / adscripción,sal-ccinshae,Comisión Coordinadora de Institutos Nacionales de Salud y Hospitales de Alta Especialidad,Acuerdo de adscripción orgánica de la Secretaría de Salud,https://dof.gob.mx/nota_detalle.php?codigo=5753120&fecha=27/03/2025,2026-09-28,"Acuerdo de adscripción Salud, artículo único. "
v120-rel-1052,v120-sal-ccinshae-direccion-general-de-medicina-traslacional-y-estrategias-de-ensenanza-de-alta-especialidad,Dirección General de Medicina Traslacional y Estrategias de Enseñanza de Alta Especialidad,jerarquía / adscripción,sal-ccinshae,Comisión Coordinadora de Institutos Nacionales de Salud y Hospitales de Alta Especialidad,Acuerdo de adscripción orgánica de la Secretaría de Salud,https://dof.gob.mx/nota_detalle.php?codigo=5753120&fecha=27/03/2025,2026-09-28,"Acuerdo de adscripción Salud, artículo único. "
v120-rel-1053,v120-sal-uaais-direccion-general-de-planeacion-y-optimizacion-de-insumos-para-la-salud,Dirección General de Planeación y Optimización de Insumos para la Salud,jerarquía / adscripción,sal-uaais,Unidad de Acceso y Abasto de Insumos para la Salud,Acuerdo de adscripción orgánica de la Secretaría de Salud,https://dof.gob.mx/nota_detalle.php?codigo=5753120&fecha=27/03/2025,2026-09-28,"Acuerdo de adscripción Salud, artículo único. "
v120-rel-1054,v120-sal-uaeis-direccion-general-de-politicas-de-investigacion-en-salud,Dirección General de Políticas de Investigación en Salud,jerarquía / adscripción,sal-uaeis,Unidad de Análisis Económico e Investigación en Salud,Acuerdo de adscripción orgánica de la Secretaría de Salud,https://dof.gob.mx/nota_detalle.php?codigo=5753120&fecha=27/03/2025,2026-09-28,"Acuerdo de adscripción Salud, artículo único. "
v120-rel-1055,v120-sep-ses-direccion-general-de-educacion-superior-universitaria-e-intercultural,Dirección General de Educación Superior Universitaria e Intercultural,jerarquía / adscripción,sep-ses,Subsecretaría de Educación Superior,Acuerdo número 26/10/25 de adscripción orgánica de la Secretaría de Educación Pública,https://dof.gob.mx/nota_detalle.php?codigo=5771091&fecha=28/10/2025,2026-09-28,"Acuerdo 26/10/25, artículo único, apartado I.1. "
v120-rel-1056,v120-sep-ses-direccion-general-de-universidades-tecnologicas-y-politecnicas,Dirección General de Universidades Tecnológicas y Politécnicas,jerarquía / adscripción,sep-ses,Subsecretaría de Educación Superior,Acuerdo número 26/10/25 de adscripción orgánica de la Secretaría de Educación Pública,https://dof.gob.mx/nota_detalle.php?codigo=5771091&fecha=28/10/2025,2026-09-28,"Acuerdo 26/10/25, artículo único, apartado I.2. "
v120-rel-1057,v120-sep-ses-direccion-general-de-educacion-superior-para-el-magisterio,Dirección General de Educación Superior para el Magisterio,jerarquía / adscripción,sep-ses,Subsecretaría de Educación Superior,Acuerdo número 26/10/25 de adscripción orgánica de la Secretaría de Educación Pública,https://dof.gob.mx/nota_detalle.php?codigo=5771091&fecha=28/10/2025,2026-09-28,"Acuerdo 26/10/25, artículo único, apartado I.3. "
v120-rel-1058,v120-sep-ses-universidad-pedagogica-nacional,Universidad Pedagógica Nacional,jerarquía / adscripción,sep-ses,Subsecretaría de Educación Superior,Acuerdo número 26/10/25 de adscripción orgánica de la Secretaría de Educación Pública,https://dof.gob.mx/nota_detalle.php?codigo=5771091&fecha=28/10/2025,2026-09-28,"Acuerdo 26/10/25, artículo único, apartado I.4. "
v120-rel-1059,v120-sep-ses-universidad-abierta-y-a-distancia-de-mexico,Universidad Abierta y a Distancia de México,jerarquía / adscripción,sep-ses,Subsecretaría de Educación Superior,Acuerdo número 26/10/25 de adscripción orgánica de la Secretaría de Educación Pública,https://dof.gob.mx/nota_detalle.php?codigo=5771091&fecha=28/10/2025,2026-09-28,"Acuerdo 26/10/25, artículo único, apartado I.5. "
v120-rel-1060,v120-sep-ses-tecnologico-nacional-de-mexico,Tecnológico Nacional de México,jerarquía / adscripción,sep-ses,Subsecretaría de Educación Superior,Acuerdo número 26/10/25 de adscripción orgánica de la Secretaría de Educación Pública,https://dof.gob.mx/nota_detalle.php?codigo=5771091&fecha=28/10/2025,2026-09-28,"Acuerdo 26/10/25, artículo único, apartado I.6. "
v120-rel-1061,v120-sep-sems-direccion-general-de-educacion-tecnologica-industrial-y-de-servicios,Dirección General de Educación Tecnológica Industrial y de Servicios,jerarquía / adscripción,sep-sems,Subsecretaría de Educación Media Superior,Acuerdo número 26/10/25 de adscripción orgánica de la Secretaría de Educación Pública,https://dof.gob.mx/nota_detalle.php?codigo=5771091&fecha=28/10/2025,2026-09-28,"Acuerdo 26/10/25, artículo único, apartado II.1. "
v120-rel-1062,v120-sep-sems-direccion-general-de-educacion-tecnologica-agropecuaria-y-ciencias-del-mar,Dirección General de Educación Tecnológica Agropecuaria y Ciencias del Mar,jerarquía / adscripción,sep-sems,Subsecretaría de Educación Media Superior,Acuerdo número 26/10/25 de adscripción orgánica de la Secretaría de Educación Pública,https://dof.gob.mx/nota_detalle.php?codigo=5771091&fecha=28/10/2025,2026-09-28,"Acuerdo 26/10/25, artículo único, apartado II.2. "
v120-rel-1063,v120-sep-sems-direccion-general-de-bachillerato-tecnologico-de-educacion-y-promocion-deportiva,Dirección General de Bachillerato Tecnológico de Educación y Promoción Deportiva,jerarquía / adscripción,sep-sems,Subsecretaría de Educación Media Superior,Acuerdo número 26/10/25 de adscripción orgánica de la Secretaría de Educación Pública,https://dof.gob.mx/nota_detalle.php?codigo=5771091&fecha=28/10/2025,2026-09-28,"Acuerdo 26/10/25, artículo único, apartado II.3. "
v120-rel-1064,v120-sep-sems-direccion-general-del-bachillerato,Dirección General del Bachillerato,jerarquía / adscripción,sep-sems,Subsecretaría de Educación Media Superior,Acuerdo número 26/10/25 de adscripción orgánica de la Secretaría de Educación Pública,https://dof.gob.mx/nota_detalle.php?codigo=5771091&fecha=28/10/2025,2026-09-28,"Acuerdo 26/10/25, artículo único, apartado II.4. "
v120-rel-1065,v120-sep-sems-direccion-general-de-centros-de-formacion-para-el-trabajo,Dirección General de Centros de Formación para el Trabajo,jerarquía / adscripción,sep-sems,Subsecretaría de Educación Media Superior,Acuerdo número 26/10/25 de adscripción orgánica de la Secretaría de Educación Pública,https://dof.gob.mx/nota_detalle.php?codigo=5771091&fecha=28/10/2025,2026-09-28,"Acuerdo 26/10/25, artículo único, apartado II.5. "
v120-rel-1066,v120-sep-seb-direccion-general-de-gestion-escolar-y-enfoque-territorial,Dirección General de Gestión Escolar y Enfoque Territorial,jerarquía / adscripción,sep-seb,Subsecretaría de Educación Básica,Acuerdo número 26/10/25 de adscripción orgánica de la Secretaría de Educación Pública,https://dof.gob.mx/nota_detalle.php?codigo=5771091&fecha=28/10/2025,2026-09-28,"Acuerdo 26/10/25, artículo único, apartado III.1. "
v120-rel-1067,v120-sep-seb-direccion-general-de-desarrollo-curricular-y-politica-de-educacion-inicial,Dirección General de Desarrollo Curricular y Política de Educación Inicial,jerarquía / adscripción,sep-seb,Subsecretaría de Educación Básica,Acuerdo número 26/10/25 de adscripción orgánica de la Secretaría de Educación Pública,https://dof.gob.mx/nota_detalle.php?codigo=5771091&fecha=28/10/2025,2026-09-28,"Acuerdo 26/10/25, artículo único, apartado III.2. "
v120-rel-1068,v120-sep-seb-direccion-general-de-materiales-educativos,Dirección General de Materiales Educativos,jerarquía / adscripción,sep-seb,Subsecretaría de Educación Básica,Acuerdo número 26/10/25 de adscripción orgánica de la Secretaría de Educación Pública,https://dof.gob.mx/nota_detalle.php?codigo=5771091&fecha=28/10/2025,2026-09-28,"Acuerdo 26/10/25, artículo único, apartado III.3. "
v120-rel-1069,v120-sep-seb-direccion-general-de-educacion-indigena-intercultural-y-bilingue,"Dirección General de Educación Indígena, Intercultural y Bilingüe",jerarquía / adscripción,sep-seb,Subsecretaría de Educación Básica,Acuerdo número 26/10/25 de adscripción orgánica de la Secretaría de Educación Pública,https://dof.gob.mx/nota_detalle.php?codigo=5771091&fecha=28/10/2025,2026-09-28,"Acuerdo 26/10/25, artículo único, apartado III.4. "
v120-rel-1070,v120-sep-seb-direccion-general-de-formacion-continua-a-docentes-y-directivos,Dirección General de Formación Continua a Docentes y Directivos,jerarquía / adscripción,sep-seb,Subsecretaría de Educación Básica,Acuerdo número 26/10/25 de adscripción orgánica de la Secretaría de Educación Pública,https://dof.gob.mx/nota_detalle.php?codigo=5771091&fecha=28/10/2025,2026-09-28,"Acuerdo 26/10/25, artículo único, apartado III.5. "
v120-rel-1071,v120-sep-uaf-direccion-general-de-presupuesto-y-recursos-financieros,Dirección General de Presupuesto y Recursos Financieros,jerarquía / adscripción,sep-uaf,Unidad de Administración y Finanzas,Acuerdo número 26/10/25 de adscripción orgánica de la Secretaría de Educación Pública,https://dof.gob.mx/nota_detalle.php?codigo=5771091&fecha=28/10/2025,2026-09-28,"Acuerdo 26/10/25, artículo único, apartado IV.1. "
v120-rel-1072,v120-sep-uaf-direccion-general-de-recursos-humanos-y-organizacion,Dirección General de Recursos Humanos y Organización,jerarquía / adscripción,sep-uaf,Unidad de Administración y Finanzas,Acuerdo número 26/10/25 de adscripción orgánica de la Secretaría de Educación Pública,https://dof.gob.mx/nota_detalle.php?codigo=5771091&fecha=28/10/2025,2026-09-28,"Acuerdo 26/10/25, artículo único, apartado IV.2. "
v120-rel-1073,v120-sep-uaf-direccion-general-de-recursos-materiales-y-servicios,Dirección General de Recursos Materiales y Servicios,jerarquía / adscripción,sep-uaf,Unidad de Administración y Finanzas,Acuerdo número 26/10/25 de adscripción orgánica de la Secretaría de Educación Pública,https://dof.gob.mx/nota_detalle.php?codigo=5771091&fecha=28/10/2025,2026-09-28,"Acuerdo 26/10/25, artículo único, apartado IV.3. "
v120-rel-1074,v120-sep-uaf-direccion-general-de-tecnologias-de-la-informacion-y-comunicaciones,Dirección General de Tecnologías de la Información y Comunicaciones,jerarquía / adscripción,sep-uaf,Unidad de Administración y Finanzas,Acuerdo número 26/10/25 de adscripción orgánica de la Secretaría de Educación Pública,https://dof.gob.mx/nota_detalle.php?codigo=5771091&fecha=28/10/2025,2026-09-28,"Acuerdo 26/10/25, artículo único, apartado IV.4. "
v120-rel-1075,v120-sep-uaf-direccion-general-del-sistema-de-administracion-de-la-nomina-educativa-federalizada,Dirección General del Sistema de Administración de la Nómina Educativa Federalizada,jerarquía / adscripción,sep-uaf,Unidad de Administración y Finanzas,Acuerdo número 26/10/25 de adscripción orgánica de la Secretaría de Educación Pública,https://dof.gob.mx/nota_detalle.php?codigo=5771091&fecha=28/10/2025,2026-09-28,"Acuerdo 26/10/25, artículo único, apartado IV.5. "
v120-rel-1076,v120-sep-jof-direccion-general-de-cooperacion-y-vinculacion-educativa,Dirección General de Cooperación y Vinculación Educativa,jerarquía / adscripción,sep-jof,Jefatura de Oficina de la Secretaría,Acuerdo número 26/10/25 de adscripción orgánica de la Secretaría de Educación Pública,https://dof.gob.mx/nota_detalle.php?codigo=5771091&fecha=28/10/2025,2026-09-28,"Acuerdo 26/10/25, artículo único, apartado V.1. "
v120-rel-1077,v120-sep-jof-direccion-general-de-atencion-ciudadana-concertacion-y-seguimiento-de-instrucciones-presidenciales,"Dirección General de Atención Ciudadana, Concertación y Seguimiento de Instrucciones Presidenciales",jerarquía / adscripción,sep-jof,Jefatura de Oficina de la Secretaría,Acuerdo número 26/10/25 de adscripción orgánica de la Secretaría de Educación Pública,https://dof.gob.mx/nota_detalle.php?codigo=5771091&fecha=28/10/2025,2026-09-28,"Acuerdo 26/10/25, artículo único, apartado V.2. "
v120-rel-1078,v120-sep-jof-coordinacion-general-de-enlace-educativo,Coordinación General de Enlace Educativo,jerarquía / adscripción,sep-jof,Jefatura de Oficina de la Secretaría,Acuerdo número 26/10/25 de adscripción orgánica de la Secretaría de Educación Pública,https://dof.gob.mx/nota_detalle.php?codigo=5771091&fecha=28/10/2025,2026-09-28,"Acuerdo 26/10/25, artículo único, apartado V.3. "
v120-rel-1079,v120-v120-sep-jof-coordinacion-general-de-enlace-educativo-oficinas-de-enlace-educativo,Oficinas de Enlace Educativo,jerarquía / adscripción,v120-sep-jof-coordinacion-general-de-enlace-educativo,Coordinación General de Enlace Educativo,Acuerdo número 26/10/25 de adscripción orgánica de la Secretaría de Educación Pública,https://dof.gob.mx/nota_detalle.php?codigo=5771091&fecha=28/10/2025,2026-09-28,"Acuerdo 26/10/25, artículo único V.3. "
v120-rel-1080,v120-sep-jof-direccion-general-prende-mx,Dirección General @prende.mx,jerarquía / adscripción,sep-jof,Jefatura de Oficina de la Secretaría,Acuerdo número 26/10/25 de adscripción orgánica de la Secretaría de Educación Pública,https://dof.gob.mx/nota_detalle.php?codigo=5771091&fecha=28/10/2025,2026-09-28,"Acuerdo 26/10/25, artículo único, apartado V.4. "
v120-rel-1081,v120-sep-uajr-direccion-general-de-profesiones,Dirección General de Profesiones,jerarquía / adscripción,sep-uajr,Unidad de Asuntos Jurídicos y Regulación,Acuerdo número 26/10/25 de adscripción orgánica de la Secretaría de Educación Pública,https://dof.gob.mx/nota_detalle.php?codigo=5771091&fecha=28/10/2025,2026-09-28,"Acuerdo 26/10/25, artículo único, apartado VI.1. "
v120-rel-1082,v120-sep-uajr-direccion-general-de-asuntos-juridicos-y-transparencia,Dirección General de Asuntos Jurídicos y Transparencia,jerarquía / adscripción,sep-uajr,Unidad de Asuntos Jurídicos y Regulación,Acuerdo número 26/10/25 de adscripción orgánica de la Secretaría de Educación Pública,https://dof.gob.mx/nota_detalle.php?codigo=5771091&fecha=28/10/2025,2026-09-28,"Acuerdo 26/10/25, artículo único, apartado VI.2. "
v120-rel-1083,v120-sep-uajr-direccion-general-de-acreditacion-incorporacion-y-revalidacion,"Dirección General de Acreditación, Incorporación y Revalidación",jerarquía / adscripción,sep-uajr,Unidad de Asuntos Jurídicos y Regulación,Acuerdo número 26/10/25 de adscripción orgánica de la Secretaría de Educación Pública,https://dof.gob.mx/nota_detalle.php?codigo=5771091&fecha=28/10/2025,2026-09-28,"Acuerdo 26/10/25, artículo único, apartado VI.3. "
v120-rel-1084,v120-sep-uajr-direccion-general-de-coordinacion-y-desarrollo-sectorial,Dirección General de Coordinación y Desarrollo Sectorial,jerarquía / adscripción,sep-uajr,Unidad de Asuntos Jurídicos y Regulación,Acuerdo número 26/10/25 de adscripción orgánica de la Secretaría de Educación Pública,https://dof.gob.mx/nota_detalle.php?codigo=5771091&fecha=28/10/2025,2026-09-28,"Acuerdo 26/10/25, artículo único, apartado VI.4. "
v120-rel-1085,v120-sep-uajr-comision-de-apelacion-y-arbitraje-del-deporte,Comisión de Apelación y Arbitraje del Deporte,jerarquía / adscripción,sep-uajr,Unidad de Asuntos Jurídicos y Regulación,Acuerdo número 26/10/25 de adscripción orgánica de la Secretaría de Educación Pública,https://dof.gob.mx/nota_detalle.php?codigo=5771091&fecha=28/10/2025,2026-09-28,"Acuerdo 26/10/25, artículo único, apartado VI.5. "
v120-rel-1086,v120-sep-unem-direccion-general-de-diagnostico-y-seguimiento-de-la-nueva-escuela-mexicana,Dirección General de Diagnóstico y Seguimiento de la Nueva Escuela Mexicana,jerarquía / adscripción,sep-unem,Unidad de la Nueva Escuela Mexicana,Acuerdo número 26/10/25 de adscripción orgánica de la Secretaría de Educación Pública,https://dof.gob.mx/nota_detalle.php?codigo=5771091&fecha=28/10/2025,2026-09-28,"Acuerdo 26/10/25, artículo único, apartado VII.1. "
v120-rel-1087,v120-sep-unem-direccion-general-de-promocion-del-deporte-y-bienestar,Dirección General de Promoción del Deporte y Bienestar,jerarquía / adscripción,sep-unem,Unidad de la Nueva Escuela Mexicana,Acuerdo número 26/10/25 de adscripción orgánica de la Secretaría de Educación Pública,https://dof.gob.mx/nota_detalle.php?codigo=5771091&fecha=28/10/2025,2026-09-28,"Acuerdo 26/10/25, artículo único, apartado VII.2. "
v120-rel-1088,v120-sep-unem-direccion-general-de-promocion-de-la-salud-en-el-entorno-escolar,Dirección General de Promoción de la Salud en el Entorno Escolar,jerarquía / adscripción,sep-unem,Unidad de la Nueva Escuela Mexicana,Acuerdo número 26/10/25 de adscripción orgánica de la Secretaría de Educación Pública,https://dof.gob.mx/nota_detalle.php?codigo=5771091&fecha=28/10/2025,2026-09-28,"Acuerdo 26/10/25, artículo único, apartado VII.3. "
v120-rel-1089,v120-sep-unem-direccion-general-de-promocion-de-la-lectura-y-las-bellas-artes,Dirección General de Promoción de la Lectura y las Bellas Artes,jerarquía / adscripción,sep-unem,Unidad de la Nueva Escuela Mexicana,Acuerdo número 26/10/25 de adscripción orgánica de la Secretaría de Educación Pública,https://dof.gob.mx/nota_detalle.php?codigo=5771091&fecha=28/10/2025,2026-09-28,"Acuerdo 26/10/25, artículo único, apartado VII.4. "
v120-rel-1090,v120-sep-unem-direccion-general-de-planeacion-programacion-y-estadistica-educativa,"Dirección General de Planeación, Programación y Estadística Educativa",jerarquía / adscripción,sep-unem,Unidad de la Nueva Escuela Mexicana,Acuerdo número 26/10/25 de adscripción orgánica de la Secretaría de Educación Pública,https://dof.gob.mx/nota_detalle.php?codigo=5771091&fecha=28/10/2025,2026-09-28,"Acuerdo 26/10/25, artículo único, apartado VII.5. "
v120-rel-1091,v120-sec-13-direccion-general-de-comunicacion-social,Dirección General de Comunicación Social,jerarquía / adscripción,sec-13,Secretaría de Educación Pública,Acuerdo número 26/10/25 de adscripción orgánica de la Secretaría de Educación Pública,https://dof.gob.mx/nota_detalle.php?codigo=5771091&fecha=28/10/2025,2026-09-28,"Acuerdo 26/10/25, artículo único, apartado VIII. "
v120-rel-1092,v120-sec-13-direccion-general-la-escuela-es-nuestra,Dirección General La Escuela es Nuestra,jerarquía / adscripción,sec-13,Secretaría de Educación Pública,Acuerdo número 26/10/25 de adscripción orgánica de la Secretaría de Educación Pública,https://dof.gob.mx/nota_detalle.php?codigo=5771091&fecha=28/10/2025,2026-09-28,"Acuerdo 26/10/25, artículo único, apartado IX. "
v120-rel-1093,v120-sec-13-autoridad-educativa-federal-en-la-ciudad-de-mexico,Autoridad Educativa Federal en la Ciudad de México,jerarquía / adscripción,sec-13,Secretaría de Educación Pública,Acuerdo número 26/10/25 de adscripción orgánica de la Secretaría de Educación Pública,https://dof.gob.mx/nota_detalle.php?codigo=5771091&fecha=28/10/2025,2026-09-28,"Acuerdo 26/10/25, artículo único, apartado X. "
v120-rel-1094,v120-sec-13-instituto-politecnico-nacional,Instituto Politécnico Nacional,jerarquía / adscripción,sec-13,Secretaría de Educación Pública,Acuerdo número 26/10/25 de adscripción orgánica de la Secretaría de Educación Pública,https://dof.gob.mx/nota_detalle.php?codigo=5771091&fecha=28/10/2025,2026-09-28,"Acuerdo 26/10/25, artículo único, apartado XI. "
v120-rel-1095,v120-sec-13-unidad-del-sistema-para-la-carrera-de-las-maestras-y-los-maestros,Unidad del Sistema para la Carrera de las Maestras y los Maestros,jerarquía / adscripción,sec-13,Secretaría de Educación Pública,Acuerdo número 26/10/25 de adscripción orgánica de la Secretaría de Educación Pública,https://dof.gob.mx/nota_detalle.php?codigo=5771091&fecha=28/10/2025,2026-09-28,"Acuerdo 26/10/25, artículo único, apartado XII. "
v120-rel-1096,v120-sec-13-coordinacion-nacional-de-becas-para-el-bienestar-benito-juarez,Coordinación Nacional de Becas para el Bienestar Benito Juárez,jerarquía / adscripción,sec-13,Secretaría de Educación Pública,Acuerdo número 26/10/25 de adscripción orgánica de la Secretaría de Educación Pública,https://dof.gob.mx/nota_detalle.php?codigo=5771091&fecha=28/10/2025,2026-09-28,"Acuerdo 26/10/25, artículo único, apartado XIII. "
v120-rel-1097,tur-innov,Unidad de Innovación Sustentabilidad y Profesionalización Turística,jerarquía / adscripción,sec-19,Secretaría de Turismo,Manual de Organización General de la Secretaría de Turismo,https://dof.gob.mx/nota_detalle.php?codigo=5777508&fecha=30/12/2025,2026-09-28,"Manual de Organización General de Turismo, sección V. "
v120-rel-1098,tur-info,Unidad de Información y Política Turística,jerarquía / adscripción,sec-19,Secretaría de Turismo,Manual de Organización General de la Secretaría de Turismo,https://dof.gob.mx/nota_detalle.php?codigo=5777508&fecha=30/12/2025,2026-09-28,"Manual de Organización General de Turismo, sección V. "
v120-rel-1099,v120-tur-innov-direccion-general-de-innovacion-del-producto-turistico,Dirección General de Innovación del Producto Turístico,jerarquía / adscripción,tur-innov,Unidad de Innovación Sustentabilidad y Profesionalización Turística,Manual de Organización General de la Secretaría de Turismo,https://dof.gob.mx/nota_detalle.php?codigo=5777508&fecha=30/12/2025,2026-09-28,"Manual Turismo 2025, estructura 1.2.1. "
v120-rel-1100,v120-tur-innov-direccion-general-de-gestion-social-de-destinos,Dirección General de Gestión Social de Destinos,jerarquía / adscripción,tur-innov,Unidad de Innovación Sustentabilidad y Profesionalización Turística,Manual de Organización General de la Secretaría de Turismo,https://dof.gob.mx/nota_detalle.php?codigo=5777508&fecha=30/12/2025,2026-09-28,"Manual Turismo 2025, estructura 1.2.2. "
v120-rel-1101,v120-tur-info-direccion-general-de-planeacion,Dirección General de Planeación,jerarquía / adscripción,tur-info,Unidad de Información y Política Turística,Manual de Organización General de la Secretaría de Turismo,https://dof.gob.mx/nota_detalle.php?codigo=5777508&fecha=30/12/2025,2026-09-28,"Manual Turismo 2025, estructura 1.3.1. "
v120-rel-1102,v120-tur-info-direccion-general-de-integracion-de-informacion-sectorial,Dirección General de Integración de Información Sectorial,jerarquía / adscripción,tur-info,Unidad de Información y Política Turística,Manual de Organización General de la Secretaría de Turismo,https://dof.gob.mx/nota_detalle.php?codigo=5777508&fecha=30/12/2025,2026-09-28,"Manual Turismo 2025, estructura 1.3.2. "
v120-rel-1103,v120-tur-info-direccion-general-de-seguimiento-y-evaluacion,Dirección General de Seguimiento y Evaluación,jerarquía / adscripción,tur-info,Unidad de Información y Política Turística,Manual de Organización General de la Secretaría de Turismo,https://dof.gob.mx/nota_detalle.php?codigo=5777508&fecha=30/12/2025,2026-09-28,"Manual Turismo 2025, estructura 1.3.3. "
v120-rel-1104,v120-tur-info-direccion-general-de-politica-turistica,Dirección General de Política Turística,jerarquía / adscripción,tur-info,Unidad de Información y Política Turística,Manual de Organización General de la Secretaría de Turismo,https://dof.gob.mx/nota_detalle.php?codigo=5777508&fecha=30/12/2025,2026-09-28,"Manual Turismo 2025, estructura 1.3.4. "
v120-rel-1105,v120-tur-uaf-direccion-general-de-administracion,Dirección General de Administración,jerarquía / adscripción,tur-uaf,Unidad de Administración y Finanzas,Manual de Organización General de la Secretaría de Turismo,https://dof.gob.mx/nota_detalle.php?codigo=5777508&fecha=30/12/2025,2026-09-28,"Manual Turismo 2025, estructura 1.4.1. "
v120-rel-1106,v120-tur-uaf-direccion-general-de-programacion-y-presupuesto,Dirección General de Programación y Presupuesto,jerarquía / adscripción,tur-uaf,Unidad de Administración y Finanzas,Manual de Organización General de la Secretaría de Turismo,https://dof.gob.mx/nota_detalle.php?codigo=5777508&fecha=30/12/2025,2026-09-28,"Manual Turismo 2025, estructura 1.4.2. "
v120-rel-1107,v120-tur-uaf-direccion-general-de-tecnologias-de-la-informacion-y-comunicacion,Dirección General de Tecnologías de la Información y Comunicación,jerarquía / adscripción,tur-uaf,Unidad de Administración y Finanzas,Manual de Organización General de la Secretaría de Turismo,https://dof.gob.mx/nota_detalle.php?codigo=5777508&fecha=30/12/2025,2026-09-28,"Manual Turismo 2025, estructura 1.4.3. "
v120-rel-1108,v120-sener-h-1,"Unidad de Desarrollo de Modelos Contractuales y de Asignaciones, Proyectos Regulatorios y Argumentación Técnica",jerarquía / adscripción,sener-sh,Subsecretaría de Hidrocarburos,Reglamento Interior de la Secretaría de Energía,https://dof.gob.mx/nota_detalle.php?codigo=5755222&fecha=17/04/2025,2026-09-28,"RI SENER 2025, art. 2 C.1. "
v120-rel-1109,v120-v120-sener-h-1-direccion-general-de-diseno-desarrollo-e-implementacion-de-asignaciones-y-contratos-de-exploracion-y-extraccion,"Dirección General de Diseño, Desarrollo e Implementación de Asignaciones y Contratos de Exploración y Extracción",jerarquía / adscripción,v120-sener-h-1,"Unidad de Desarrollo de Modelos Contractuales y de Asignaciones, Proyectos Regulatorios y Argumentación Técnica",Reglamento Interior de la Secretaría de Energía,https://dof.gob.mx/nota_detalle.php?codigo=5755222&fecha=17/04/2025,2026-09-28,"RI SENER 2025, art. 2 C.1.1. "
v120-rel-1110,v120-v120-sener-h-1-direccion-general-de-proyectos-de-regulacion-normas-oficiales-mexicanas-y-estandares,"Dirección General de Proyectos de Regulación, Normas Oficiales Mexicanas y Estándares",jerarquía / adscripción,v120-sener-h-1,"Unidad de Desarrollo de Modelos Contractuales y de Asignaciones, Proyectos Regulatorios y Argumentación Técnica",Reglamento Interior de la Secretaría de Energía,https://dof.gob.mx/nota_detalle.php?codigo=5755222&fecha=17/04/2025,2026-09-28,"RI SENER 2025, art. 2 C.1.2. "
v120-rel-1111,v120-v120-sener-h-1-direccion-general-de-desarrollo-de-argumentacion-tecnica-para-la-implementacion-de-la-politica-regulatoria-del-sector-hidrocarburos,Dirección General de Desarrollo de Argumentación Técnica para la Implementación de la Política Regulatoria del Sector Hidrocarburos,jerarquía / adscripción,v120-sener-h-1,"Unidad de Desarrollo de Modelos Contractuales y de Asignaciones, Proyectos Regulatorios y Argumentación Técnica",Reglamento Interior de la Secretaría de Energía,https://dof.gob.mx/nota_detalle.php?codigo=5755222&fecha=17/04/2025,2026-09-28,"RI SENER 2025, art. 2 C.1.3. "
v120-rel-1112,v120-sener-h-2,Unidad Técnica de Exploración,jerarquía / adscripción,sener-sh,Subsecretaría de Hidrocarburos,Reglamento Interior de la Secretaría de Energía,https://dof.gob.mx/nota_detalle.php?codigo=5755222&fecha=17/04/2025,2026-09-28,"RI SENER 2025, art. 2 C.2. "
v120-rel-1113,v120-v120-sener-h-2-direccion-general-de-registro-de-recursos-energeticos-y-prospectivos-de-la-nacion,Dirección General de Registro de Recursos Energéticos y Prospectivos de la Nación,jerarquía / adscripción,v120-sener-h-2,Unidad Técnica de Exploración,Reglamento Interior de la Secretaría de Energía,https://dof.gob.mx/nota_detalle.php?codigo=5755222&fecha=17/04/2025,2026-09-28,"RI SENER 2025, art. 2 C.2.1. "
v120-rel-1114,v120-v120-sener-h-2-direccion-general-de-evaluacion-del-potencial-de-hidrocarburos,Dirección General de Evaluación del Potencial de Hidrocarburos,jerarquía / adscripción,v120-sener-h-2,Unidad Técnica de Exploración,Reglamento Interior de la Secretaría de Energía,https://dof.gob.mx/nota_detalle.php?codigo=5755222&fecha=17/04/2025,2026-09-28,"RI SENER 2025, art. 2 C.2.2. "
v120-rel-1115,v120-v120-sener-h-2-direccion-general-de-autorizaciones-de-estudios-y-pozos-exploratorios,Dirección General de Autorizaciones de Estudios y Pozos Exploratorios,jerarquía / adscripción,v120-sener-h-2,Unidad Técnica de Exploración,Reglamento Interior de la Secretaría de Energía,https://dof.gob.mx/nota_detalle.php?codigo=5755222&fecha=17/04/2025,2026-09-28,"RI SENER 2025, art. 2 C.2.3. "
v120-rel-1116,v120-v120-sener-h-2-direccion-general-de-planes-de-exploracion-y-programas-de-evaluacion,Dirección General de Planes de Exploración y Programas de Evaluación,jerarquía / adscripción,v120-sener-h-2,Unidad Técnica de Exploración,Reglamento Interior de la Secretaría de Energía,https://dof.gob.mx/nota_detalle.php?codigo=5755222&fecha=17/04/2025,2026-09-28,"RI SENER 2025, art. 2 C.2.4. "
v120-rel-1117,v120-sener-h-3,Unidad Técnica de Extracción de Hidrocarburos,jerarquía / adscripción,sener-sh,Subsecretaría de Hidrocarburos,Reglamento Interior de la Secretaría de Energía,https://dof.gob.mx/nota_detalle.php?codigo=5755222&fecha=17/04/2025,2026-09-28,"RI SENER 2025, art. 2 C.3. "
v120-rel-1118,v120-v120-sener-h-3-direccion-general-de-medicion-y-balances-de-la-produccion,Dirección General de Medición y Balances de la Producción,jerarquía / adscripción,v120-sener-h-3,Unidad Técnica de Extracción de Hidrocarburos,Reglamento Interior de la Secretaría de Energía,https://dof.gob.mx/nota_detalle.php?codigo=5755222&fecha=17/04/2025,2026-09-28,"RI SENER 2025, art. 2 C.3.1. "
v120-rel-1119,v120-v120-sener-h-3-direccion-general-de-reservas-de-hidrocarburos,Dirección General de Reservas de Hidrocarburos,jerarquía / adscripción,v120-sener-h-3,Unidad Técnica de Extracción de Hidrocarburos,Reglamento Interior de la Secretaría de Energía,https://dof.gob.mx/nota_detalle.php?codigo=5755222&fecha=17/04/2025,2026-09-28,"RI SENER 2025, art. 2 C.3.2. "
v120-rel-1120,v120-v120-sener-h-3-direccion-general-de-planes-y-programas-de-extraccion,Dirección General de Planes y Programas de Extracción,jerarquía / adscripción,v120-sener-h-3,Unidad Técnica de Extracción de Hidrocarburos,Reglamento Interior de la Secretaría de Energía,https://dof.gob.mx/nota_detalle.php?codigo=5755222&fecha=17/04/2025,2026-09-28,"RI SENER 2025, art. 2 C.3.3. "
v120-rel-1121,v120-v120-sener-h-3-direccion-general-de-administracion-de-campos-de-extraccion,Dirección General de Administración de Campos de Extracción,jerarquía / adscripción,v120-sener-h-3,Unidad Técnica de Extracción de Hidrocarburos,Reglamento Interior de la Secretaría de Energía,https://dof.gob.mx/nota_detalle.php?codigo=5755222&fecha=17/04/2025,2026-09-28,"RI SENER 2025, art. 2 C.3.4. "
v120-rel-1122,v120-sener-h-4,Unidad de Políticas de Transformación Industrial,jerarquía / adscripción,sener-sh,Subsecretaría de Hidrocarburos,Reglamento Interior de la Secretaría de Energía,https://dof.gob.mx/nota_detalle.php?codigo=5755222&fecha=17/04/2025,2026-09-28,"RI SENER 2025, art. 2 C.4. "
v120-rel-1123,v120-v120-sener-h-4-direccion-general-de-gas-natural-y-petroquimicos,Dirección General de Gas Natural y Petroquímicos,jerarquía / adscripción,v120-sener-h-4,Unidad de Políticas de Transformación Industrial,Reglamento Interior de la Secretaría de Energía,https://dof.gob.mx/nota_detalle.php?codigo=5755222&fecha=17/04/2025,2026-09-28,"RI SENER 2025, art. 2 C.4.1. "
v120-rel-1124,v120-v120-sener-h-4-direccion-general-de-petroliferos,Dirección General de Petrolíferos,jerarquía / adscripción,v120-sener-h-4,Unidad de Políticas de Transformación Industrial,Reglamento Interior de la Secretaría de Energía,https://dof.gob.mx/nota_detalle.php?codigo=5755222&fecha=17/04/2025,2026-09-28,"RI SENER 2025, art. 2 C.4.2. "
v120-rel-1125,v120-v120-sener-h-4-direccion-general-de-permisos-de-importacion-y-exportacion-de-hidrocarburos-petroquimicos-y-petroliferos,"Dirección General de Permisos de Importación y Exportación de Hidrocarburos, Petroquímicos y Petrolíferos",jerarquía / adscripción,v120-sener-h-4,Unidad de Políticas de Transformación Industrial,Reglamento Interior de la Secretaría de Energía,https://dof.gob.mx/nota_detalle.php?codigo=5755222&fecha=17/04/2025,2026-09-28,"RI SENER 2025, art. 2 C.4.3. "
v120-rel-1126,v120-sener-h-5,"Unidad de Seguimiento y Supervisión de Asignaciones, Contratos y Permisos",jerarquía / adscripción,sener-sh,Subsecretaría de Hidrocarburos,Reglamento Interior de la Secretaría de Energía,https://dof.gob.mx/nota_detalle.php?codigo=5755222&fecha=17/04/2025,2026-09-28,"RI SENER 2025, art. 2 C.5. "
v120-rel-1127,v120-v120-sener-h-5-direccion-general-de-evaluacion-del-cumplimiento-de-obligaciones-de-las-asignaciones-y-contratos,Dirección General de Evaluación del Cumplimiento de Obligaciones de las Asignaciones y Contratos,jerarquía / adscripción,v120-sener-h-5,"Unidad de Seguimiento y Supervisión de Asignaciones, Contratos y Permisos",Reglamento Interior de la Secretaría de Energía,https://dof.gob.mx/nota_detalle.php?codigo=5755222&fecha=17/04/2025,2026-09-28,"RI SENER 2025, art. 2 C.5.1. "
v120-rel-1128,v120-v120-sener-h-5-direccion-general-de-seguimiento-de-asignaciones,Dirección General de Seguimiento de Asignaciones,jerarquía / adscripción,v120-sener-h-5,"Unidad de Seguimiento y Supervisión de Asignaciones, Contratos y Permisos",Reglamento Interior de la Secretaría de Energía,https://dof.gob.mx/nota_detalle.php?codigo=5755222&fecha=17/04/2025,2026-09-28,"RI SENER 2025, art. 2 C.5.2. "
v120-rel-1129,v120-v120-sener-h-5-direccion-general-de-seguimiento-de-contratos,Dirección General de Seguimiento de Contratos,jerarquía / adscripción,v120-sener-h-5,"Unidad de Seguimiento y Supervisión de Asignaciones, Contratos y Permisos",Reglamento Interior de la Secretaría de Energía,https://dof.gob.mx/nota_detalle.php?codigo=5755222&fecha=17/04/2025,2026-09-28,"RI SENER 2025, art. 2 C.5.3. "
v120-rel-1130,v120-v120-sener-h-5-direccion-general-de-supervision-tecnica,Dirección General de Supervisión Técnica,jerarquía / adscripción,v120-sener-h-5,"Unidad de Seguimiento y Supervisión de Asignaciones, Contratos y Permisos",Reglamento Interior de la Secretaría de Energía,https://dof.gob.mx/nota_detalle.php?codigo=5755222&fecha=17/04/2025,2026-09-28,"RI SENER 2025, art. 2 C.5.4. "
v120-rel-1131,v120-sener-uaf-direccion-general-de-programacion-y-presupuesto,Dirección General de Programación y Presupuesto,jerarquía / adscripción,sener-uaf,Unidad de Administración y Finanzas,Reglamento Interior de la Secretaría de Energía,https://dof.gob.mx/nota_detalle.php?codigo=5755222&fecha=17/04/2025,2026-09-28,"RI SENER 2025, art. 2 D.1. "
v120-rel-1132,v120-sener-uaf-direccion-general-de-recursos-humanos,Dirección General de Recursos Humanos,jerarquía / adscripción,sener-uaf,Unidad de Administración y Finanzas,Reglamento Interior de la Secretaría de Energía,https://dof.gob.mx/nota_detalle.php?codigo=5755222&fecha=17/04/2025,2026-09-28,"RI SENER 2025, art. 2 D.2. "
v120-rel-1133,v120-sener-uaf-direccion-general-de-recursos-materiales-y-servicios-generales,Dirección General de Recursos Materiales y Servicios Generales,jerarquía / adscripción,sener-uaf,Unidad de Administración y Finanzas,Reglamento Interior de la Secretaría de Energía,https://dof.gob.mx/nota_detalle.php?codigo=5755222&fecha=17/04/2025,2026-09-28,"RI SENER 2025, art. 2 D.3. "
v120-rel-1134,v120-sener-uaf-direccion-general-de-desarrollo-de-sistemas-infraestructura-y-comunicaciones,"Dirección General de Desarrollo de Sistemas, Infraestructura y Comunicaciones",jerarquía / adscripción,sener-uaf,Unidad de Administración y Finanzas,Reglamento Interior de la Secretaría de Energía,https://dof.gob.mx/nota_detalle.php?codigo=5755222&fecha=17/04/2025,2026-09-28,"RI SENER 2025, art. 2 D.4. "
v120-rel-1135,v120-sener-oficina,Oficina de la persona titular de la Secretaría,jerarquía / adscripción,sec-8,Secretaría de Energía,Reglamento Interior de la Secretaría de Energía,https://dof.gob.mx/nota_detalle.php?codigo=5755222&fecha=17/04/2025,2026-09-28,"RI SENER 2025, art. 2 E. Rúbrica organizativa del reglamento; no se cuenta como secretaría adicional."
v120-rel-1136,v120-v120-sener-oficina-unidad-de-asuntos-juridicos,Unidad de Asuntos Jurídicos,jerarquía / adscripción,v120-sener-oficina,Oficina de la persona titular de la Secretaría,Reglamento Interior de la Secretaría de Energía,https://dof.gob.mx/nota_detalle.php?codigo=5755222&fecha=17/04/2025,2026-09-28,"RI SENER 2025, art. 2 E.1. "
v120-rel-1137,v120-v120-v120-sener-oficina-unidad-de-asuntos-juridicos-direccion-general-de-lo-consultivo,Dirección General de lo Consultivo,jerarquía / adscripción,v120-v120-sener-oficina-unidad-de-asuntos-juridicos,Unidad de Asuntos Jurídicos,Reglamento Interior de la Secretaría de Energía,https://dof.gob.mx/nota_detalle.php?codigo=5755222&fecha=17/04/2025,2026-09-28,"RI SENER 2025, art. 2 E.1.1. "
v120-rel-1138,v120-v120-v120-sener-oficina-unidad-de-asuntos-juridicos-direccion-general-de-normatividad,Dirección General de Normatividad,jerarquía / adscripción,v120-v120-sener-oficina-unidad-de-asuntos-juridicos,Unidad de Asuntos Jurídicos,Reglamento Interior de la Secretaría de Energía,https://dof.gob.mx/nota_detalle.php?codigo=5755222&fecha=17/04/2025,2026-09-28,"RI SENER 2025, art. 2 E.1.2. "
v120-rel-1139,v120-v120-v120-sener-oficina-unidad-de-asuntos-juridicos-direccion-general-de-representacion-legal-y-de-lo-contencioso,Dirección General de Representación Legal y de lo Contencioso,jerarquía / adscripción,v120-v120-sener-oficina-unidad-de-asuntos-juridicos,Unidad de Asuntos Jurídicos,Reglamento Interior de la Secretaría de Energía,https://dof.gob.mx/nota_detalle.php?codigo=5755222&fecha=17/04/2025,2026-09-28,"RI SENER 2025, art. 2 E.1.3. "
v120-rel-1140,v120-v120-sener-oficina-unidad-de-enlace-legislativo,Unidad de Enlace Legislativo,jerarquía / adscripción,v120-sener-oficina,Oficina de la persona titular de la Secretaría,Reglamento Interior de la Secretaría de Energía,https://dof.gob.mx/nota_detalle.php?codigo=5755222&fecha=17/04/2025,2026-09-28,"RI SENER 2025, art. 2 E.2. "
v120-rel-1141,v120-v120-sener-oficina-unidad-de-estrategia-vinculacion-interinstitucional-y-seguimiento-de-proyectos-e-inversiones,"Unidad de Estrategia, Vinculación Interinstitucional y Seguimiento de Proyectos e Inversiones",jerarquía / adscripción,v120-sener-oficina,Oficina de la persona titular de la Secretaría,Reglamento Interior de la Secretaría de Energía,https://dof.gob.mx/nota_detalle.php?codigo=5755222&fecha=17/04/2025,2026-09-28,"RI SENER 2025, art. 2 E.3. "
v120-rel-1142,v120-v120-v120-sener-oficina-unidad-de-estrategia-vinculacion-interinstitucional-y-seguimiento-de-proyectos-e-inversiones-direccion-general-de-evaluacion-analisis-y-seguimiento-de-,"Dirección General de Evaluación, Análisis y Seguimiento de Proyectos",jerarquía / adscripción,v120-v120-sener-oficina-unidad-de-estrategia-vinculacion-interinstitucional-y-seguimiento-de-proyectos-e-inversiones,"Unidad de Estrategia, Vinculación Interinstitucional y Seguimiento de Proyectos e Inversiones",Reglamento Interior de la Secretaría de Energía,https://dof.gob.mx/nota_detalle.php?codigo=5755222&fecha=17/04/2025,2026-09-28,"RI SENER 2025, art. 2 E.3.1. "
v120-rel-1143,v120-v120-v120-sener-oficina-unidad-de-estrategia-vinculacion-interinstitucional-y-seguimiento-de-proyectos-e-inversiones-direccion-general-de-estrategia-y-vinculacion-interinstitu,Dirección General de Estrategia y Vinculación Interinstitucional,jerarquía / adscripción,v120-v120-sener-oficina-unidad-de-estrategia-vinculacion-interinstitucional-y-seguimiento-de-proyectos-e-inversiones,"Unidad de Estrategia, Vinculación Interinstitucional y Seguimiento de Proyectos e Inversiones",Reglamento Interior de la Secretaría de Energía,https://dof.gob.mx/nota_detalle.php?codigo=5755222&fecha=17/04/2025,2026-09-28,"RI SENER 2025, art. 2 E.3.2. "
v120-rel-1144,v120-v120-v120-sener-oficina-unidad-de-estrategia-vinculacion-interinstitucional-y-seguimiento-de-proyectos-e-inversiones-direccion-general-de-innovacion-y-gobierno-agil,Dirección General de Innovación y Gobierno Ágil,jerarquía / adscripción,v120-v120-sener-oficina-unidad-de-estrategia-vinculacion-interinstitucional-y-seguimiento-de-proyectos-e-inversiones,"Unidad de Estrategia, Vinculación Interinstitucional y Seguimiento de Proyectos e Inversiones",Reglamento Interior de la Secretaría de Energía,https://dof.gob.mx/nota_detalle.php?codigo=5755222&fecha=17/04/2025,2026-09-28,"RI SENER 2025, art. 2 E.3.3. "
v120-rel-1145,v120-v120-sener-oficina-direccion-general-de-asuntos-internacionales,Dirección General de Asuntos Internacionales,jerarquía / adscripción,v120-sener-oficina,Oficina de la persona titular de la Secretaría,Reglamento Interior de la Secretaría de Energía,https://dof.gob.mx/nota_detalle.php?codigo=5755222&fecha=17/04/2025,2026-09-28,"RI SENER 2025, art. 2 E.4. "
v120-rel-1146,v120-v120-sener-oficina-direccion-general-de-comunicacion-social,Dirección General de Comunicación Social,jerarquía / adscripción,v120-sener-oficina,Oficina de la persona titular de la Secretaría,Reglamento Interior de la Secretaría de Energía,https://dof.gob.mx/nota_detalle.php?codigo=5755222&fecha=17/04/2025,2026-09-28,"RI SENER 2025, art. 2 E.5. "
v120-rel-1147,v120-v120-sener-oficina-direccion-general-de-impacto-social-consulta-previa-y-ocupacion-superficial,"Dirección General de Impacto Social, Consulta Previa y Ocupación Superficial",jerarquía / adscripción,v120-sener-oficina,Oficina de la persona titular de la Secretaría,Reglamento Interior de la Secretaría de Energía,https://dof.gob.mx/nota_detalle.php?codigo=5755222&fecha=17/04/2025,2026-09-28,"RI SENER 2025, art. 2 E.6. "
v120-rel-1148,v120-v120-sener-oficina-direccion-general-de-transparencia-y-proteccion-de-datos-personales,Dirección General de Transparencia y Protección de Datos Personales,jerarquía / adscripción,v120-sener-oficina,Oficina de la persona titular de la Secretaría,Reglamento Interior de la Secretaría de Energía,https://dof.gob.mx/nota_detalle.php?codigo=5755222&fecha=17/04/2025,2026-09-28,"RI SENER 2025, art. 2 E.7. "
v120-rel-1149,v120-sec-8-comision-nacional-de-seguridad-nuclear-y-salvaguardias,Comisión Nacional de Seguridad Nuclear y Salvaguardias,jerarquía / adscripción,sec-8,Secretaría de Energía,Reglamento Interior de la Secretaría de Energía,https://dof.gob.mx/nota_detalle.php?codigo=5755222&fecha=17/04/2025,2026-09-28,"RI SENER 2025, art. 2 F.1. "
v120-rel-1150,v120-sec-8-comision-nacional-para-el-uso-eficiente-de-la-energia,Comisión Nacional para el Uso Eficiente de la Energía,jerarquía / adscripción,sec-8,Secretaría de Energía,Reglamento Interior de la Secretaría de Energía,https://dof.gob.mx/nota_detalle.php?codigo=5755222&fecha=17/04/2025,2026-09-28,"RI SENER 2025, art. 2 F.2. "
v120-rel-1151,v120-sec-8-comision-nacional-de-energia,Comisión Nacional de Energía,jerarquía / adscripción,sec-8,Secretaría de Energía,Reglamento Interior de la Secretaría de Energía,https://dof.gob.mx/nota_detalle.php?codigo=5755222&fecha=17/04/2025,2026-09-28,"RI SENER 2025, art. 2 F.3. "
v120-rel-1152,v120-sict-dgaf-direccion-ejecutiva-normativa-de-permisos-de-autotransporte-federal,Dirección Ejecutiva Normativa de Permisos de Autotransporte Federal,jerarquía / adscripción,sict-dgaf,Dirección General de Autotransporte Federal,"Reglamento Interior de la Secretaría de Infraestructura, Comunicaciones y Transportes",https://dof.gob.mx/nota_detalle.php?codigo=5790178&fecha=09/06/2026,2026-09-28,"RI SICT 2026, art. 3 A.II. "
v120-rel-1153,v120-sict-dgaf-direccion-ejecutiva-de-asuntos-juridicos,Dirección Ejecutiva de Asuntos Jurídicos,jerarquía / adscripción,sict-dgaf,Dirección General de Autotransporte Federal,"Reglamento Interior de la Secretaría de Infraestructura, Comunicaciones y Transportes",https://dof.gob.mx/nota_detalle.php?codigo=5790178&fecha=09/06/2026,2026-09-28,"RI SICT 2026, art. 3 A.II. "
v120-rel-1154,v120-sict-dgaf-direccion-ejecutiva-de-normas-y-especificaciones-tecnicas-y-de-seguridad-en-el-autotransporte,Dirección Ejecutiva de Normas y Especificaciones Técnicas y de Seguridad en el Autotransporte,jerarquía / adscripción,sict-dgaf,Dirección General de Autotransporte Federal,"Reglamento Interior de la Secretaría de Infraestructura, Comunicaciones y Transportes",https://dof.gob.mx/nota_detalle.php?codigo=5790178&fecha=09/06/2026,2026-09-28,"RI SICT 2026, art. 3 A.II. "
v120-rel-1155,v120-sict-dgaf-direccion-ejecutiva-de-tramites-de-servicios-de-autotransporte-federal,Dirección Ejecutiva de Trámites de Servicios de Autotransporte Federal,jerarquía / adscripción,sict-dgaf,Dirección General de Autotransporte Federal,"Reglamento Interior de la Secretaría de Infraestructura, Comunicaciones y Transportes",https://dof.gob.mx/nota_detalle.php?codigo=5790178&fecha=09/06/2026,2026-09-28,"RI SICT 2026, art. 3 A.II. "
v120-rel-1156,v120-sict-dgaf-direccion-ejecutiva-de-supervision,Dirección Ejecutiva de Supervisión,jerarquía / adscripción,sict-dgaf,Dirección General de Autotransporte Federal,"Reglamento Interior de la Secretaría de Infraestructura, Comunicaciones y Transportes",https://dof.gob.mx/nota_detalle.php?codigo=5790178&fecha=09/06/2026,2026-09-28,"RI SICT 2026, art. 3 A.II. "
v120-rel-1157,v120-sict-dgaf-direccion-ejecutiva-de-planeacion-y-desarrollo,Dirección Ejecutiva de Planeación y Desarrollo,jerarquía / adscripción,sict-dgaf,Dirección General de Autotransporte Federal,"Reglamento Interior de la Secretaría de Infraestructura, Comunicaciones y Transportes",https://dof.gob.mx/nota_detalle.php?codigo=5790178&fecha=09/06/2026,2026-09-28,"RI SICT 2026, art. 3 A.II. "
v120-rel-1158,v120-sict-dgaf-direccion-de-innovacion-tecnologica-y-operacion-de-sistemas,Dirección de Innovación Tecnológica y Operación de Sistemas,jerarquía / adscripción,sict-dgaf,Dirección General de Autotransporte Federal,"Reglamento Interior de la Secretaría de Infraestructura, Comunicaciones y Transportes",https://dof.gob.mx/nota_detalle.php?codigo=5790178&fecha=09/06/2026,2026-09-28,"RI SICT 2026, art. 3 A.II. "
v120-rel-1159,v120-sict-dgpmpt-direccion-ejecutiva-de-supervision-y-verificacion-de-medicina-del-transporte,Dirección Ejecutiva de Supervisión y Verificación de Medicina del Transporte,jerarquía / adscripción,sict-dgpmpt,Dirección General de Protección y Medicina Preventiva en el Transporte,"Reglamento Interior de la Secretaría de Infraestructura, Comunicaciones y Transportes",https://dof.gob.mx/nota_detalle.php?codigo=5790178&fecha=09/06/2026,2026-09-28,"RI SICT 2026, art. 3 A.II. "
v120-rel-1160,v120-sict-subct-coordinacion-de-investigacion-de-accidentes-e-incidentes-de-aviacion-busqueda-y-salvamento,"Coordinación de Investigación de Accidentes e Incidentes de Aviación, Búsqueda y Salvamento",jerarquía / adscripción,sict-subct,Subsecretaría de Comunicaciones y Transportes,"Reglamento Interior de la Secretaría de Infraestructura, Comunicaciones y Transportes",https://dof.gob.mx/nota_detalle.php?codigo=5790178&fecha=09/06/2026,2026-09-28,"RI SICT 2026, art. 3 A.II. "
v120-rel-1161,v120-sict-subct-direccion-ejecutiva-de-proyectos-estrategicos-en-espacios-publicos,Dirección Ejecutiva de Proyectos Estratégicos en Espacios Públicos,jerarquía / adscripción,sict-subct,Subsecretaría de Comunicaciones y Transportes,"Reglamento Interior de la Secretaría de Infraestructura, Comunicaciones y Transportes",https://dof.gob.mx/nota_detalle.php?codigo=5790178&fecha=09/06/2026,2026-09-28,"RI SICT 2026, art. 3 A.II. "
v120-rel-1162,v120-sict-subct-direccion-ejecutiva-de-construcciones-sustentables,Dirección Ejecutiva de Construcciones Sustentables,jerarquía / adscripción,sict-subct,Subsecretaría de Comunicaciones y Transportes,"Reglamento Interior de la Secretaría de Infraestructura, Comunicaciones y Transportes",https://dof.gob.mx/nota_detalle.php?codigo=5790178&fecha=09/06/2026,2026-09-28,"RI SICT 2026, art. 3 A.II. "
v120-rel-1163,v120-sict-ccsict-centros-sict,Centros SICT,jerarquía / adscripción,sict-ccsict,Coordinación de Centros SICT,"Reglamento Interior de la Secretaría de Infraestructura, Comunicaciones y Transportes",https://dof.gob.mx/nota_detalle.php?codigo=5790178&fecha=09/06/2026,2026-09-28,"RI SICT 2026, art. 3 A.III.a. Conjunto de oficinas de representación; fichas por entidad federativa pendientes."
v120-rel-1164,v120-sict-uaf,Unidad de Administración y Finanzas,jerarquía / adscripción,sec-11,"Secretaría de Infraestructura, Comunicaciones y Transportes","Reglamento Interior de la Secretaría de Infraestructura, Comunicaciones y Transportes",https://dof.gob.mx/nota_detalle.php?codigo=5790178&fecha=09/06/2026,2026-09-28,"RI SICT 2026, art. 3 A.IV. "
v120-rel-1165,v120-v120-sict-uaf-direccion-general-de-programacion-y-presupuesto,Dirección General de Programación y Presupuesto,jerarquía / adscripción,v120-sict-uaf,Unidad de Administración y Finanzas,"Reglamento Interior de la Secretaría de Infraestructura, Comunicaciones y Transportes",https://dof.gob.mx/nota_detalle.php?codigo=5790178&fecha=09/06/2026,2026-09-28,"RI SICT 2026, art. 3 A.IV.1. "
v120-rel-1166,v120-v120-v120-sict-uaf-direccion-general-de-programacion-y-presupuesto-direccion-ejecutiva-de-presupuesto-y-contabilidad,Dirección Ejecutiva de Presupuesto y Contabilidad,jerarquía / adscripción,v120-v120-sict-uaf-direccion-general-de-programacion-y-presupuesto,Dirección General de Programación y Presupuesto,"Reglamento Interior de la Secretaría de Infraestructura, Comunicaciones y Transportes",https://dof.gob.mx/nota_detalle.php?codigo=5790178&fecha=09/06/2026,2026-09-28,"RI SICT 2026, art. 3 A.IV.1.1. "
v120-rel-1167,v120-v120-v120-sict-uaf-direccion-general-de-programacion-y-presupuesto-direccion-ejecutiva-de-finanzas,Dirección Ejecutiva de Finanzas,jerarquía / adscripción,v120-v120-sict-uaf-direccion-general-de-programacion-y-presupuesto,Dirección General de Programación y Presupuesto,"Reglamento Interior de la Secretaría de Infraestructura, Comunicaciones y Transportes",https://dof.gob.mx/nota_detalle.php?codigo=5790178&fecha=09/06/2026,2026-09-28,"RI SICT 2026, art. 3 A.IV.1.2. "
v120-rel-1168,v120-v120-sict-uaf-direccion-general-de-recursos-humanos-y-organizacion,Dirección General de Recursos Humanos y Organización,jerarquía / adscripción,v120-sict-uaf,Unidad de Administración y Finanzas,"Reglamento Interior de la Secretaría de Infraestructura, Comunicaciones y Transportes",https://dof.gob.mx/nota_detalle.php?codigo=5790178&fecha=09/06/2026,2026-09-28,"RI SICT 2026, art. 3 A.IV.2. "
v120-rel-1169,v120-v120-v120-sict-uaf-direccion-general-de-recursos-humanos-y-organizacion-direccion-ejecutiva-de-administracion-de-personal,Dirección Ejecutiva de Administración de Personal,jerarquía / adscripción,v120-v120-sict-uaf-direccion-general-de-recursos-humanos-y-organizacion,Dirección General de Recursos Humanos y Organización,"Reglamento Interior de la Secretaría de Infraestructura, Comunicaciones y Transportes",https://dof.gob.mx/nota_detalle.php?codigo=5790178&fecha=09/06/2026,2026-09-28,"RI SICT 2026, art. 3 A.IV.2.1. "
v120-rel-1170,v120-v120-v120-sict-uaf-direccion-general-de-recursos-humanos-y-organizacion-direccion-ejecutiva-de-modernizacion-y-presupuesto-de-servicios-personales,Dirección Ejecutiva de Modernización y Presupuesto de Servicios Personales,jerarquía / adscripción,v120-v120-sict-uaf-direccion-general-de-recursos-humanos-y-organizacion,Dirección General de Recursos Humanos y Organización,"Reglamento Interior de la Secretaría de Infraestructura, Comunicaciones y Transportes",https://dof.gob.mx/nota_detalle.php?codigo=5790178&fecha=09/06/2026,2026-09-28,"RI SICT 2026, art. 3 A.IV.2.2. "
v120-rel-1171,v120-v120-v120-sict-uaf-direccion-general-de-recursos-humanos-y-organizacion-direccion-ejecutiva-de-planeacion-y-desarrollo,Dirección Ejecutiva de Planeación y Desarrollo,jerarquía / adscripción,v120-v120-sict-uaf-direccion-general-de-recursos-humanos-y-organizacion,Dirección General de Recursos Humanos y Organización,"Reglamento Interior de la Secretaría de Infraestructura, Comunicaciones y Transportes",https://dof.gob.mx/nota_detalle.php?codigo=5790178&fecha=09/06/2026,2026-09-28,"RI SICT 2026, art. 3 A.IV.2.3. "
v120-rel-1172,v120-v120-v120-sict-uaf-direccion-general-de-recursos-humanos-y-organizacion-direccion-coordinadora-de-igualdad-de-genero,Dirección Coordinadora de Igualdad de Género,jerarquía / adscripción,v120-v120-sict-uaf-direccion-general-de-recursos-humanos-y-organizacion,Dirección General de Recursos Humanos y Organización,"Reglamento Interior de la Secretaría de Infraestructura, Comunicaciones y Transportes",https://dof.gob.mx/nota_detalle.php?codigo=5790178&fecha=09/06/2026,2026-09-28,"RI SICT 2026, art. 3 A.IV.2.4. "
v120-rel-1173,v120-v120-sict-uaf-direccion-general-de-recursos-materiales-y-servicios-generales,Dirección General de Recursos Materiales y Servicios Generales,jerarquía / adscripción,v120-sict-uaf,Unidad de Administración y Finanzas,"Reglamento Interior de la Secretaría de Infraestructura, Comunicaciones y Transportes",https://dof.gob.mx/nota_detalle.php?codigo=5790178&fecha=09/06/2026,2026-09-28,"RI SICT 2026, art. 3 A.IV.3. "
v120-rel-1174,v120-v120-v120-sict-uaf-direccion-general-de-recursos-materiales-y-servicios-generales-direccion-ejecutiva-de-adquisiciones-y-administracion-inmobiliaria,Dirección Ejecutiva de Adquisiciones y Administración Inmobiliaria,jerarquía / adscripción,v120-v120-sict-uaf-direccion-general-de-recursos-materiales-y-servicios-generales,Dirección General de Recursos Materiales y Servicios Generales,"Reglamento Interior de la Secretaría de Infraestructura, Comunicaciones y Transportes",https://dof.gob.mx/nota_detalle.php?codigo=5790178&fecha=09/06/2026,2026-09-28,"RI SICT 2026, art. 3 A.IV.3.1. "
v120-rel-1175,v120-v120-v120-sict-uaf-direccion-general-de-recursos-materiales-y-servicios-generales-direccion-ejecutiva-de-control-de-bienes-y-servicios,Dirección Ejecutiva de Control de Bienes y Servicios,jerarquía / adscripción,v120-v120-sict-uaf-direccion-general-de-recursos-materiales-y-servicios-generales,Dirección General de Recursos Materiales y Servicios Generales,"Reglamento Interior de la Secretaría de Infraestructura, Comunicaciones y Transportes",https://dof.gob.mx/nota_detalle.php?codigo=5790178&fecha=09/06/2026,2026-09-28,"RI SICT 2026, art. 3 A.IV.3.2. "
v120-rel-1176,v120-v120-sict-uaf-direccion-general-de-tecnologias-de-informacion-y-comunicaciones,Dirección General de Tecnologías de Información y Comunicaciones,jerarquía / adscripción,v120-sict-uaf,Unidad de Administración y Finanzas,"Reglamento Interior de la Secretaría de Infraestructura, Comunicaciones y Transportes",https://dof.gob.mx/nota_detalle.php?codigo=5790178&fecha=09/06/2026,2026-09-28,"RI SICT 2026, art. 3 A.IV.4. "
v120-rel-1177,v120-v120-v120-sict-uaf-direccion-general-de-tecnologias-de-informacion-y-comunicaciones-direccion-ejecutiva-de-estrategia-en-tecnologia-de-informacion-y-comunicaciones,Dirección Ejecutiva de Estrategia en Tecnología de Información y Comunicaciones,jerarquía / adscripción,v120-v120-sict-uaf-direccion-general-de-tecnologias-de-informacion-y-comunicaciones,Dirección General de Tecnologías de Información y Comunicaciones,"Reglamento Interior de la Secretaría de Infraestructura, Comunicaciones y Transportes",https://dof.gob.mx/nota_detalle.php?codigo=5790178&fecha=09/06/2026,2026-09-28,"RI SICT 2026, art. 3 A.IV.4.1. "
v120-rel-1178,v120-v120-v120-sict-uaf-direccion-general-de-tecnologias-de-informacion-y-comunicaciones-direccion-ejecutiva-de-innovacion-y-desarrollo-tecnologico,Dirección Ejecutiva de Innovación y Desarrollo Tecnológico,jerarquía / adscripción,v120-v120-sict-uaf-direccion-general-de-tecnologias-de-informacion-y-comunicaciones,Dirección General de Tecnologías de Información y Comunicaciones,"Reglamento Interior de la Secretaría de Infraestructura, Comunicaciones y Transportes",https://dof.gob.mx/nota_detalle.php?codigo=5790178&fecha=09/06/2026,2026-09-28,"RI SICT 2026, art. 3 A.IV.4.2. "
v120-rel-1179,v120-v120-sict-uaf-direccion-general-de-control-y-seguimiento-de-auditorias,Dirección General de Control y Seguimiento de Auditorías,jerarquía / adscripción,v120-sict-uaf,Unidad de Administración y Finanzas,"Reglamento Interior de la Secretaría de Infraestructura, Comunicaciones y Transportes",https://dof.gob.mx/nota_detalle.php?codigo=5790178&fecha=09/06/2026,2026-09-28,"RI SICT 2026, art. 3 A.IV.5. "
v120-rel-1180,v120-sict-legal,Unidad de Asuntos Jurídicos,jerarquía / adscripción,sec-11,"Secretaría de Infraestructura, Comunicaciones y Transportes","Reglamento Interior de la Secretaría de Infraestructura, Comunicaciones y Transportes",https://dof.gob.mx/nota_detalle.php?codigo=5790178&fecha=09/06/2026,2026-09-28,"RI SICT 2026, art. 3 A.VII. "
v120-rel-1181,v120-v120-sict-legal-direccion-ejecutiva-de-procesos-contenciosos,Dirección Ejecutiva de Procesos Contenciosos,jerarquía / adscripción,v120-sict-legal,Unidad de Asuntos Jurídicos,"Reglamento Interior de la Secretaría de Infraestructura, Comunicaciones y Transportes",https://dof.gob.mx/nota_detalle.php?codigo=5790178&fecha=09/06/2026,2026-09-28,"RI SICT 2026, art. 3 A.VII.1. "
v120-rel-1182,v120-v120-sict-legal-direccion-ejecutiva-de-servicios-legales,Dirección Ejecutiva de Servicios Legales,jerarquía / adscripción,v120-sict-legal,Unidad de Asuntos Jurídicos,"Reglamento Interior de la Secretaría de Infraestructura, Comunicaciones y Transportes",https://dof.gob.mx/nota_detalle.php?codigo=5790178&fecha=09/06/2026,2026-09-28,"RI SICT 2026, art. 3 A.VII.2. "
v120-rel-1183,v120-v120-sict-legal-direccion-ejecutiva-operativa,Dirección Ejecutiva Operativa,jerarquía / adscripción,v120-sict-legal,Unidad de Asuntos Jurídicos,"Reglamento Interior de la Secretaría de Infraestructura, Comunicaciones y Transportes",https://dof.gob.mx/nota_detalle.php?codigo=5790178&fecha=09/06/2026,2026-09-28,"RI SICT 2026, art. 3 A.VII.3. "
v120-rel-1184,v120-v120-sict-legal-direccion-ejecutiva-tecnica,Dirección Ejecutiva Técnica,jerarquía / adscripción,v120-sict-legal,Unidad de Asuntos Jurídicos,"Reglamento Interior de la Secretaría de Infraestructura, Comunicaciones y Transportes",https://dof.gob.mx/nota_detalle.php?codigo=5790178&fecha=09/06/2026,2026-09-28,"RI SICT 2026, art. 3 A.VII.4. "
v120-rel-1185,v120-sec-11-direccion-general-de-comunicacion-social,Dirección General de Comunicación Social,jerarquía / adscripción,sec-11,"Secretaría de Infraestructura, Comunicaciones y Transportes","Reglamento Interior de la Secretaría de Infraestructura, Comunicaciones y Transportes",https://dof.gob.mx/nota_detalle.php?codigo=5790178&fecha=09/06/2026,2026-09-28,"RI SICT 2026, art. 3 A.VIII-X. "
v120-rel-1186,v120-sec-11-direccion-general-de-planeacion,Dirección General de Planeación,jerarquía / adscripción,sec-11,"Secretaría de Infraestructura, Comunicaciones y Transportes","Reglamento Interior de la Secretaría de Infraestructura, Comunicaciones y Transportes",https://dof.gob.mx/nota_detalle.php?codigo=5790178&fecha=09/06/2026,2026-09-28,"RI SICT 2026, art. 3 A.VIII-X. "
v120-rel-1187,v120-sec-11-unidad-de-transparencia,Unidad de Transparencia,jerarquía / adscripción,sec-11,"Secretaría de Infraestructura, Comunicaciones y Transportes","Reglamento Interior de la Secretaría de Infraestructura, Comunicaciones y Transportes",https://dof.gob.mx/nota_detalle.php?codigo=5790178&fecha=09/06/2026,2026-09-28,"RI SICT 2026, art. 3 A.VIII-X. "
v120-rel-1188,sict-artf,Agencia Reguladora del Transporte Ferroviario,sucesión institucional,para-active-030,Agencia de Trenes y Transporte Público Integrado,Decreto de creación de la Agencia de Trenes y Transporte Público Integrado,https://sidof.segob.gob.mx/notas/docFuente/5778237,2026-09-28,"Transitorios cuarto, quinto y décimo tercero del decreto 13-01-2026."
v120-rel-1189,v120-para-active-030-junta-de-gobierno,Junta de Gobierno,jerarquía / adscripción,para-active-030,Agencia de Trenes y Transporte Público Integrado,Estatuto Orgánico de la Agencia de Trenes y Transporte Público Integrado,https://sidof.segob.gob.mx/notas/docFuente/5784030,2026-09-28,"Estatuto ATTRAPI 2026, arts. 6 y 9. "
v120-rel-1190,v120-para-active-030-direccion-general,Dirección General,jerarquía / adscripción,para-active-030,Agencia de Trenes y Transporte Público Integrado,Estatuto Orgánico de la Agencia de Trenes y Transporte Público Integrado,https://sidof.segob.gob.mx/notas/docFuente/5784030,2026-09-28,"Estatuto ATTRAPI 2026, art. 8. "
v120-rel-1191,v120-para-active-030-unidad-de-economia-informacion-y-regulacion-ferroviaria,"Unidad de Economía, Información y Regulación Ferroviaria",jerarquía / adscripción,para-active-030,Agencia de Trenes y Transporte Público Integrado,Estatuto Orgánico de la Agencia de Trenes y Transporte Público Integrado,https://sidof.segob.gob.mx/notas/docFuente/5784030,2026-09-28,"Estatuto ATTRAPI 2026, art. 8. "
v120-rel-1192,v120-para-active-030-unidad-de-verificacion-seguridad-y-registro,"Unidad de Verificación, Seguridad y Registro",jerarquía / adscripción,para-active-030,Agencia de Trenes y Transporte Público Integrado,Estatuto Orgánico de la Agencia de Trenes y Transporte Público Integrado,https://sidof.segob.gob.mx/notas/docFuente/5784030,2026-09-28,"Estatuto ATTRAPI 2026, art. 8. "
v120-rel-1193,v120-para-active-030-unidad-de-planeacion-y-proyectos-de-transporte-publico,Unidad de Planeación y Proyectos de Transporte Público,jerarquía / adscripción,para-active-030,Agencia de Trenes y Transporte Público Integrado,Estatuto Orgánico de la Agencia de Trenes y Transporte Público Integrado,https://sidof.segob.gob.mx/notas/docFuente/5784030,2026-09-28,"Estatuto ATTRAPI 2026, art. 8. "
v120-rel-1194,v120-para-active-030-unidad-de-proyectos-ferroviarios,Unidad de Proyectos Ferroviarios,jerarquía / adscripción,para-active-030,Agencia de Trenes y Transporte Público Integrado,Estatuto Orgánico de la Agencia de Trenes y Transporte Público Integrado,https://sidof.segob.gob.mx/notas/docFuente/5784030,2026-09-28,"Estatuto ATTRAPI 2026, art. 8. "
v120-rel-1195,v120-para-active-030-unidad-de-asuntos-juridicos,Unidad de Asuntos Jurídicos,jerarquía / adscripción,para-active-030,Agencia de Trenes y Transporte Público Integrado,Estatuto Orgánico de la Agencia de Trenes y Transporte Público Integrado,https://sidof.segob.gob.mx/notas/docFuente/5784030,2026-09-28,"Estatuto ATTRAPI 2026, art. 8. "
v120-rel-1196,v120-para-active-030-unidad-de-administracion-y-finanzas,Unidad de Administración y Finanzas,jerarquía / adscripción,para-active-030,Agencia de Trenes y Transporte Público Integrado,Estatuto Orgánico de la Agencia de Trenes y Transporte Público Integrado,https://sidof.segob.gob.mx/notas/docFuente/5784030,2026-09-28,"Estatuto ATTRAPI 2026, art. 8. "
v120-rel-1197,v120-para-active-030-unidad-de-seguimiento-a-proyectos-y-asuntos-estrategicos,Unidad de Seguimiento a Proyectos y Asuntos Estratégicos,jerarquía / adscripción,para-active-030,Agencia de Trenes y Transporte Público Integrado,Estatuto Orgánico de la Agencia de Trenes y Transporte Público Integrado,https://sidof.segob.gob.mx/notas/docFuente/5784030,2026-09-28,"Estatuto ATTRAPI 2026, art. 8. "
v120-rel-1198,v120-para-active-030-unidad-de-ingenieria-ferroviaria,Unidad de Ingeniería Ferroviaria,jerarquía / adscripción,para-active-030,Agencia de Trenes y Transporte Público Integrado,Estatuto Orgánico de la Agencia de Trenes y Transporte Público Integrado,https://sidof.segob.gob.mx/notas/docFuente/5784030,2026-09-28,"Estatuto ATTRAPI 2026, art. 8. "
v120-rel-1199,v120-para-active-030-unidad-de-construccion,Unidad de Construcción,jerarquía / adscripción,para-active-030,Agencia de Trenes y Transporte Público Integrado,Estatuto Orgánico de la Agencia de Trenes y Transporte Público Integrado,https://sidof.segob.gob.mx/notas/docFuente/5784030,2026-09-28,"Estatuto ATTRAPI 2026, art. 8. "
v120-rel-1200,v120-para-active-030-organo-interno-de-control,Órgano Interno de Control,jerarquía / adscripción,para-active-030,Agencia de Trenes y Transporte Público Integrado,Estatuto Orgánico de la Agencia de Trenes y Transporte Público Integrado,https://sidof.segob.gob.mx/notas/docFuente/5784030,2026-09-28,"Estatuto ATTRAPI 2026, capítulo VII. "
v120-rel-1201,v120-pemex-i,Dirección General,jerarquía / adscripción,para-active-181,Petróleos Mexicanos,"Estatuto Orgánico de la Empresa Pública del Estado, Petróleos Mexicanos",https://dof.gob.mx/nota_detalle.php?codigo=5799602&fecha=25/09/2026,2026-09-28,"Estatuto Pemex 2026, art. 27, inciso I. "
v120-rel-1202,v120-pemex-ii,Dirección de Exploración y Extracción,jerarquía / adscripción,para-active-181,Petróleos Mexicanos,"Estatuto Orgánico de la Empresa Pública del Estado, Petróleos Mexicanos",https://dof.gob.mx/nota_detalle.php?codigo=5799602&fecha=25/09/2026,2026-09-28,"Estatuto Pemex 2026, art. 27, inciso II. "
v120-rel-1203,v120-pemex-ii-1,Subdirección de Exploración,jerarquía / adscripción,v120-pemex-ii,Dirección de Exploración y Extracción,"Estatuto Orgánico de la Empresa Pública del Estado, Petróleos Mexicanos",https://dof.gob.mx/nota_detalle.php?codigo=5799602&fecha=25/09/2026,2026-09-28,"Estatuto Pemex 2026, art. 27, inciso II.1. "
v120-rel-1204,v120-pemex-ii-1-a,Gerencia de Estudios Regionales,jerarquía / adscripción,v120-pemex-ii-1,Subdirección de Exploración,"Estatuto Orgánico de la Empresa Pública del Estado, Petróleos Mexicanos",https://dof.gob.mx/nota_detalle.php?codigo=5799602&fecha=25/09/2026,2026-09-28,"Estatuto Pemex 2026, art. 27, inciso II.1.a. "
v120-rel-1205,v120-pemex-ii-1-b,Gerencia de Evaluación de Prospectos,jerarquía / adscripción,v120-pemex-ii-1,Subdirección de Exploración,"Estatuto Orgánico de la Empresa Pública del Estado, Petróleos Mexicanos",https://dof.gob.mx/nota_detalle.php?codigo=5799602&fecha=25/09/2026,2026-09-28,"Estatuto Pemex 2026, art. 27, inciso II.1.b. "
v120-rel-1206,v120-pemex-ii-1-c,Gerencia de Caracterización de Yacimientos,jerarquía / adscripción,v120-pemex-ii-1,Subdirección de Exploración,"Estatuto Orgánico de la Empresa Pública del Estado, Petróleos Mexicanos",https://dof.gob.mx/nota_detalle.php?codigo=5799602&fecha=25/09/2026,2026-09-28,"Estatuto Pemex 2026, art. 27, inciso II.1.c. "
v120-rel-1207,v120-pemex-ii-1-d,Gerencia de Geofísica,jerarquía / adscripción,v120-pemex-ii-1,Subdirección de Exploración,"Estatuto Orgánico de la Empresa Pública del Estado, Petróleos Mexicanos",https://dof.gob.mx/nota_detalle.php?codigo=5799602&fecha=25/09/2026,2026-09-28,"Estatuto Pemex 2026, art. 27, inciso II.1.d. "
v120-rel-1208,v120-pemex-ii-1-e,Gerencia de Programación y Evaluación en Exploración,jerarquía / adscripción,v120-pemex-ii-1,Subdirección de Exploración,"Estatuto Orgánico de la Empresa Pública del Estado, Petróleos Mexicanos",https://dof.gob.mx/nota_detalle.php?codigo=5799602&fecha=25/09/2026,2026-09-28,"Estatuto Pemex 2026, art. 27, inciso II.1.e. "
v120-rel-1209,v120-pemex-ii-1-f,Activo de Exploración Marina Norte,jerarquía / adscripción,v120-pemex-ii-1,Subdirección de Exploración,"Estatuto Orgánico de la Empresa Pública del Estado, Petróleos Mexicanos",https://dof.gob.mx/nota_detalle.php?codigo=5799602&fecha=25/09/2026,2026-09-28,"Estatuto Pemex 2026, art. 27, inciso II.1.f. "
v120-rel-1210,v120-pemex-ii-1-g,Activo de Exploración Terrestre Norte,jerarquía / adscripción,v120-pemex-ii-1,Subdirección de Exploración,"Estatuto Orgánico de la Empresa Pública del Estado, Petróleos Mexicanos",https://dof.gob.mx/nota_detalle.php?codigo=5799602&fecha=25/09/2026,2026-09-28,"Estatuto Pemex 2026, art. 27, inciso II.1.g. "
v120-rel-1211,v120-pemex-ii-1-h,Activo de Exploración Marina Sur,jerarquía / adscripción,v120-pemex-ii-1,Subdirección de Exploración,"Estatuto Orgánico de la Empresa Pública del Estado, Petróleos Mexicanos",https://dof.gob.mx/nota_detalle.php?codigo=5799602&fecha=25/09/2026,2026-09-28,"Estatuto Pemex 2026, art. 27, inciso II.1.h. "
v120-rel-1212,v120-pemex-ii-1-i,Activo de Exploración Terrestre Sur,jerarquía / adscripción,v120-pemex-ii-1,Subdirección de Exploración,"Estatuto Orgánico de la Empresa Pública del Estado, Petróleos Mexicanos",https://dof.gob.mx/nota_detalle.php?codigo=5799602&fecha=25/09/2026,2026-09-28,"Estatuto Pemex 2026, art. 27, inciso II.1.i. "
v120-rel-1213,v120-pemex-ii-2,Subdirección de Exploración y Extracción por Contratos y Asociaciones,jerarquía / adscripción,v120-pemex-ii,Dirección de Exploración y Extracción,"Estatuto Orgánico de la Empresa Pública del Estado, Petróleos Mexicanos",https://dof.gob.mx/nota_detalle.php?codigo=5799602&fecha=25/09/2026,2026-09-28,"Estatuto Pemex 2026, art. 27, inciso II.2. "
v120-rel-1214,v120-pemex-ii-2-a,Gerencia de Gestión y Seguimiento de Contratos y Asociaciones de Exploración y Extracción,jerarquía / adscripción,v120-pemex-ii-2,Subdirección de Exploración y Extracción por Contratos y Asociaciones,"Estatuto Orgánico de la Empresa Pública del Estado, Petróleos Mexicanos",https://dof.gob.mx/nota_detalle.php?codigo=5799602&fecha=25/09/2026,2026-09-28,"Estatuto Pemex 2026, art. 27, inciso II.2.a. "
v120-rel-1215,v120-pemex-ii-2-b,Gerencia de Operación de Contratos y Asociaciones de Exploración,jerarquía / adscripción,v120-pemex-ii-2,Subdirección de Exploración y Extracción por Contratos y Asociaciones,"Estatuto Orgánico de la Empresa Pública del Estado, Petróleos Mexicanos",https://dof.gob.mx/nota_detalle.php?codigo=5799602&fecha=25/09/2026,2026-09-28,"Estatuto Pemex 2026, art. 27, inciso II.2.b. "
v120-rel-1216,v120-pemex-ii-2-c,Gerencia de Operación de Contratos y Asociaciones de Extracción Norte,jerarquía / adscripción,v120-pemex-ii-2,Subdirección de Exploración y Extracción por Contratos y Asociaciones,"Estatuto Orgánico de la Empresa Pública del Estado, Petróleos Mexicanos",https://dof.gob.mx/nota_detalle.php?codigo=5799602&fecha=25/09/2026,2026-09-28,"Estatuto Pemex 2026, art. 27, inciso II.2.c. "
v120-rel-1217,v120-pemex-ii-2-d,Gerencia de Operación de Contratos y Asociaciones de Extracción Sur,jerarquía / adscripción,v120-pemex-ii-2,Subdirección de Exploración y Extracción por Contratos y Asociaciones,"Estatuto Orgánico de la Empresa Pública del Estado, Petróleos Mexicanos",https://dof.gob.mx/nota_detalle.php?codigo=5799602&fecha=25/09/2026,2026-09-28,"Estatuto Pemex 2026, art. 27, inciso II.2.d. "
v120-rel-1218,v120-pemex-ii-3,Subdirección de Extracción Región Marina Noreste,jerarquía / adscripción,v120-pemex-ii,Dirección de Exploración y Extracción,"Estatuto Orgánico de la Empresa Pública del Estado, Petróleos Mexicanos",https://dof.gob.mx/nota_detalle.php?codigo=5799602&fecha=25/09/2026,2026-09-28,"Estatuto Pemex 2026, art. 27, inciso II.3. "
v120-rel-1219,v120-pemex-ii-3-a,Gerencia de Coordinación Operativa RMNE,jerarquía / adscripción,v120-pemex-ii-3,Subdirección de Extracción Región Marina Noreste,"Estatuto Orgánico de la Empresa Pública del Estado, Petróleos Mexicanos",https://dof.gob.mx/nota_detalle.php?codigo=5799602&fecha=25/09/2026,2026-09-28,"Estatuto Pemex 2026, art. 27, inciso II.3.a. "
v120-rel-1220,v120-pemex-ii-3-b,"Gerencia de Mantenimiento, Confiabilidad y Construcción RMNE",jerarquía / adscripción,v120-pemex-ii-3,Subdirección de Extracción Región Marina Noreste,"Estatuto Orgánico de la Empresa Pública del Estado, Petróleos Mexicanos",https://dof.gob.mx/nota_detalle.php?codigo=5799602&fecha=25/09/2026,2026-09-28,"Estatuto Pemex 2026, art. 27, inciso II.3.b. "
v120-rel-1221,v120-pemex-ii-3-c,Gerencia de Programación y Evaluación RMNE,jerarquía / adscripción,v120-pemex-ii-3,Subdirección de Extracción Región Marina Noreste,"Estatuto Orgánico de la Empresa Pública del Estado, Petróleos Mexicanos",https://dof.gob.mx/nota_detalle.php?codigo=5799602&fecha=25/09/2026,2026-09-28,"Estatuto Pemex 2026, art. 27, inciso II.3.c. "
v120-rel-1222,v120-pemex-ii-3-d,Activo de Extracción Cantarell,jerarquía / adscripción,v120-pemex-ii-3,Subdirección de Extracción Región Marina Noreste,"Estatuto Orgánico de la Empresa Pública del Estado, Petróleos Mexicanos",https://dof.gob.mx/nota_detalle.php?codigo=5799602&fecha=25/09/2026,2026-09-28,"Estatuto Pemex 2026, art. 27, inciso II.3.d. "
v120-rel-1223,v120-pemex-ii-3-e,Activo de Extracción Ku-Maloob-Zaap,jerarquía / adscripción,v120-pemex-ii-3,Subdirección de Extracción Región Marina Noreste,"Estatuto Orgánico de la Empresa Pública del Estado, Petróleos Mexicanos",https://dof.gob.mx/nota_detalle.php?codigo=5799602&fecha=25/09/2026,2026-09-28,"Estatuto Pemex 2026, art. 27, inciso II.3.e. "
v120-rel-1224,v120-pemex-ii-4,Subdirección de Extracción Región Marina Suroeste,jerarquía / adscripción,v120-pemex-ii,Dirección de Exploración y Extracción,"Estatuto Orgánico de la Empresa Pública del Estado, Petróleos Mexicanos",https://dof.gob.mx/nota_detalle.php?codigo=5799602&fecha=25/09/2026,2026-09-28,"Estatuto Pemex 2026, art. 27, inciso II.4. "
v120-rel-1225,v120-pemex-ii-4-a,Gerencia de Coordinación Operativa RMSO,jerarquía / adscripción,v120-pemex-ii-4,Subdirección de Extracción Región Marina Suroeste,"Estatuto Orgánico de la Empresa Pública del Estado, Petróleos Mexicanos",https://dof.gob.mx/nota_detalle.php?codigo=5799602&fecha=25/09/2026,2026-09-28,"Estatuto Pemex 2026, art. 27, inciso II.4.a. "
v120-rel-1226,v120-pemex-ii-4-c,"Gerencia de Mantenimiento, Confiabilidad y Construcción RMSO",jerarquía / adscripción,v120-pemex-ii-4,Subdirección de Extracción Región Marina Suroeste,"Estatuto Orgánico de la Empresa Pública del Estado, Petróleos Mexicanos",https://dof.gob.mx/nota_detalle.php?codigo=5799602&fecha=25/09/2026,2026-09-28,"Estatuto Pemex 2026, art. 27, inciso II.4.c. "
v120-rel-1227,v120-pemex-ii-4-d,Gerencia de Programación y Evaluación RMSO,jerarquía / adscripción,v120-pemex-ii-4,Subdirección de Extracción Región Marina Suroeste,"Estatuto Orgánico de la Empresa Pública del Estado, Petróleos Mexicanos",https://dof.gob.mx/nota_detalle.php?codigo=5799602&fecha=25/09/2026,2026-09-28,"Estatuto Pemex 2026, art. 27, inciso II.4.d. "
v120-rel-1228,v120-pemex-ii-4-e,Activo de Extracción Abkatun-Pol-Chuc,jerarquía / adscripción,v120-pemex-ii-4,Subdirección de Extracción Región Marina Suroeste,"Estatuto Orgánico de la Empresa Pública del Estado, Petróleos Mexicanos",https://dof.gob.mx/nota_detalle.php?codigo=5799602&fecha=25/09/2026,2026-09-28,"Estatuto Pemex 2026, art. 27, inciso II.4.e. "
v120-rel-1229,v120-pemex-ii-4-f,Activo de Extracción Litoral de Tabasco,jerarquía / adscripción,v120-pemex-ii-4,Subdirección de Extracción Región Marina Suroeste,"Estatuto Orgánico de la Empresa Pública del Estado, Petróleos Mexicanos",https://dof.gob.mx/nota_detalle.php?codigo=5799602&fecha=25/09/2026,2026-09-28,"Estatuto Pemex 2026, art. 27, inciso II.4.f. "
v120-rel-1230,v120-pemex-ii-5,Subdirección de Extracción Región Terrestre Sur,jerarquía / adscripción,v120-pemex-ii,Dirección de Exploración y Extracción,"Estatuto Orgánico de la Empresa Pública del Estado, Petróleos Mexicanos",https://dof.gob.mx/nota_detalle.php?codigo=5799602&fecha=25/09/2026,2026-09-28,"Estatuto Pemex 2026, art. 27, inciso II.5. "
v120-rel-1231,v120-pemex-ii-5-a,Gerencia de Coordinación Operativa RS,jerarquía / adscripción,v120-pemex-ii-5,Subdirección de Extracción Región Terrestre Sur,"Estatuto Orgánico de la Empresa Pública del Estado, Petróleos Mexicanos",https://dof.gob.mx/nota_detalle.php?codigo=5799602&fecha=25/09/2026,2026-09-28,"Estatuto Pemex 2026, art. 27, inciso II.5.a. "
v120-rel-1232,v120-pemex-ii-5-b,"Gerencia de Mantenimiento, Confiabilidad y Construcción RS",jerarquía / adscripción,v120-pemex-ii-5,Subdirección de Extracción Región Terrestre Sur,"Estatuto Orgánico de la Empresa Pública del Estado, Petróleos Mexicanos",https://dof.gob.mx/nota_detalle.php?codigo=5799602&fecha=25/09/2026,2026-09-28,"Estatuto Pemex 2026, art. 27, inciso II.5.b. "
v120-rel-1233,v120-pemex-ii-5-c,Gerencia de Programación y Evaluación RS,jerarquía / adscripción,v120-pemex-ii-5,Subdirección de Extracción Región Terrestre Sur,"Estatuto Orgánico de la Empresa Pública del Estado, Petróleos Mexicanos",https://dof.gob.mx/nota_detalle.php?codigo=5799602&fecha=25/09/2026,2026-09-28,"Estatuto Pemex 2026, art. 27, inciso II.5.c. "
v120-rel-1234,v120-pemex-ii-5-d,Activo de Extracción Macuspana-Muspac,jerarquía / adscripción,v120-pemex-ii-5,Subdirección de Extracción Región Terrestre Sur,"Estatuto Orgánico de la Empresa Pública del Estado, Petróleos Mexicanos",https://dof.gob.mx/nota_detalle.php?codigo=5799602&fecha=25/09/2026,2026-09-28,"Estatuto Pemex 2026, art. 27, inciso II.5.d. "
v120-rel-1235,v120-pemex-ii-5-e,Activo de Extracción Samaria-Luna,jerarquía / adscripción,v120-pemex-ii-5,Subdirección de Extracción Región Terrestre Sur,"Estatuto Orgánico de la Empresa Pública del Estado, Petróleos Mexicanos",https://dof.gob.mx/nota_detalle.php?codigo=5799602&fecha=25/09/2026,2026-09-28,"Estatuto Pemex 2026, art. 27, inciso II.5.e. "
v120-rel-1236,v120-pemex-ii-5-f,Activo de Extracción Bellota-Jujo,jerarquía / adscripción,v120-pemex-ii-5,Subdirección de Extracción Región Terrestre Sur,"Estatuto Orgánico de la Empresa Pública del Estado, Petróleos Mexicanos",https://dof.gob.mx/nota_detalle.php?codigo=5799602&fecha=25/09/2026,2026-09-28,"Estatuto Pemex 2026, art. 27, inciso II.5.f. "
v120-rel-1237,v120-pemex-ii-5-g,Activo de Extracción Cinco Presidentes,jerarquía / adscripción,v120-pemex-ii-5,Subdirección de Extracción Región Terrestre Sur,"Estatuto Orgánico de la Empresa Pública del Estado, Petróleos Mexicanos",https://dof.gob.mx/nota_detalle.php?codigo=5799602&fecha=25/09/2026,2026-09-28,"Estatuto Pemex 2026, art. 27, inciso II.5.g. "
v120-rel-1238,v120-pemex-ii-6,Subdirección de Extracción Región Terrestre Norte,jerarquía / adscripción,v120-pemex-ii,Dirección de Exploración y Extracción,"Estatuto Orgánico de la Empresa Pública del Estado, Petróleos Mexicanos",https://dof.gob.mx/nota_detalle.php?codigo=5799602&fecha=25/09/2026,2026-09-28,"Estatuto Pemex 2026, art. 27, inciso II.6. "
v120-rel-1239,v120-pemex-ii-6-a,Gerencia de Coordinación Operativa RN,jerarquía / adscripción,v120-pemex-ii-6,Subdirección de Extracción Región Terrestre Norte,"Estatuto Orgánico de la Empresa Pública del Estado, Petróleos Mexicanos",https://dof.gob.mx/nota_detalle.php?codigo=5799602&fecha=25/09/2026,2026-09-28,"Estatuto Pemex 2026, art. 27, inciso II.6.a. "
v120-rel-1240,v120-pemex-ii-6-b,"Gerencia de Mantenimiento, Confiabilidad y Construcción RN",jerarquía / adscripción,v120-pemex-ii-6,Subdirección de Extracción Región Terrestre Norte,"Estatuto Orgánico de la Empresa Pública del Estado, Petróleos Mexicanos",https://dof.gob.mx/nota_detalle.php?codigo=5799602&fecha=25/09/2026,2026-09-28,"Estatuto Pemex 2026, art. 27, inciso II.6.b. "
v120-rel-1241,v120-pemex-ii-6-c,Gerencia de Programación y Evaluación RN,jerarquía / adscripción,v120-pemex-ii-6,Subdirección de Extracción Región Terrestre Norte,"Estatuto Orgánico de la Empresa Pública del Estado, Petróleos Mexicanos",https://dof.gob.mx/nota_detalle.php?codigo=5799602&fecha=25/09/2026,2026-09-28,"Estatuto Pemex 2026, art. 27, inciso II.6.c. "
v120-rel-1242,v120-pemex-ii-6-d,Activo de Extracción Reynosa,jerarquía / adscripción,v120-pemex-ii-6,Subdirección de Extracción Región Terrestre Norte,"Estatuto Orgánico de la Empresa Pública del Estado, Petróleos Mexicanos",https://dof.gob.mx/nota_detalle.php?codigo=5799602&fecha=25/09/2026,2026-09-28,"Estatuto Pemex 2026, art. 27, inciso II.6.d. "
v120-rel-1243,v120-pemex-ii-6-e,Activo de Extracción Poza Rica-Altamira,jerarquía / adscripción,v120-pemex-ii-6,Subdirección de Extracción Región Terrestre Norte,"Estatuto Orgánico de la Empresa Pública del Estado, Petróleos Mexicanos",https://dof.gob.mx/nota_detalle.php?codigo=5799602&fecha=25/09/2026,2026-09-28,"Estatuto Pemex 2026, art. 27, inciso II.6.e. "
v120-rel-1244,v120-pemex-ii-6-f,Activo de Extracción Veracruz,jerarquía / adscripción,v120-pemex-ii-6,Subdirección de Extracción Región Terrestre Norte,"Estatuto Orgánico de la Empresa Pública del Estado, Petróleos Mexicanos",https://dof.gob.mx/nota_detalle.php?codigo=5799602&fecha=25/09/2026,2026-09-28,"Estatuto Pemex 2026, art. 27, inciso II.6.f. "
v120-rel-1245,v120-pemex-ii-7,Subdirección de Mantenimiento Estático y Logística,jerarquía / adscripción,v120-pemex-ii,Dirección de Exploración y Extracción,"Estatuto Orgánico de la Empresa Pública del Estado, Petróleos Mexicanos",https://dof.gob.mx/nota_detalle.php?codigo=5799602&fecha=25/09/2026,2026-09-28,"Estatuto Pemex 2026, art. 27, inciso II.7. "
v120-rel-1246,v120-pemex-ii-7-a,Gerencia de Programación y Evaluación de la Subdirección de Mantenimiento Estático y Logística,jerarquía / adscripción,v120-pemex-ii-7,Subdirección de Mantenimiento Estático y Logística,"Estatuto Orgánico de la Empresa Pública del Estado, Petróleos Mexicanos",https://dof.gob.mx/nota_detalle.php?codigo=5799602&fecha=25/09/2026,2026-09-28,"Estatuto Pemex 2026, art. 27, inciso II.7.a. "
v120-rel-1247,v120-pemex-ii-7-b,Gerencia de Mantenimiento Estático e Infraestructura Complementaria Marina,jerarquía / adscripción,v120-pemex-ii-7,Subdirección de Mantenimiento Estático y Logística,"Estatuto Orgánico de la Empresa Pública del Estado, Petróleos Mexicanos",https://dof.gob.mx/nota_detalle.php?codigo=5799602&fecha=25/09/2026,2026-09-28,"Estatuto Pemex 2026, art. 27, inciso II.7.b. "
v120-rel-1248,v120-pemex-ii-7-c,Gerencia de Servicios de Logística Marina,jerarquía / adscripción,v120-pemex-ii-7,Subdirección de Mantenimiento Estático y Logística,"Estatuto Orgánico de la Empresa Pública del Estado, Petróleos Mexicanos",https://dof.gob.mx/nota_detalle.php?codigo=5799602&fecha=25/09/2026,2026-09-28,"Estatuto Pemex 2026, art. 27, inciso II.7.c. "
v120-rel-1249,v120-pemex-ii-7-d,Gerencia de Mantenimiento Estático e Infraestructura Complementaria Terrestre,jerarquía / adscripción,v120-pemex-ii-7,Subdirección de Mantenimiento Estático y Logística,"Estatuto Orgánico de la Empresa Pública del Estado, Petróleos Mexicanos",https://dof.gob.mx/nota_detalle.php?codigo=5799602&fecha=25/09/2026,2026-09-28,"Estatuto Pemex 2026, art. 27, inciso II.7.d. "
v120-rel-1250,v120-pemex-ii-7-e,Gerencia de Servicios de Logística Terrestre,jerarquía / adscripción,v120-pemex-ii-7,Subdirección de Mantenimiento Estático y Logística,"Estatuto Orgánico de la Empresa Pública del Estado, Petróleos Mexicanos",https://dof.gob.mx/nota_detalle.php?codigo=5799602&fecha=25/09/2026,2026-09-28,"Estatuto Pemex 2026, art. 27, inciso II.7.e. "
v120-rel-1251,v120-pemex-ii-8,Subdirección Técnica de Exploración y Extracción,jerarquía / adscripción,v120-pemex-ii,Dirección de Exploración y Extracción,"Estatuto Orgánico de la Empresa Pública del Estado, Petróleos Mexicanos",https://dof.gob.mx/nota_detalle.php?codigo=5799602&fecha=25/09/2026,2026-09-28,"Estatuto Pemex 2026, art. 27, inciso II.8. "
v120-rel-1252,v120-pemex-ii-8-a,Gerencia de Planes de Extracción,jerarquía / adscripción,v120-pemex-ii-8,Subdirección Técnica de Exploración y Extracción,"Estatuto Orgánico de la Empresa Pública del Estado, Petróleos Mexicanos",https://dof.gob.mx/nota_detalle.php?codigo=5799602&fecha=25/09/2026,2026-09-28,"Estatuto Pemex 2026, art. 27, inciso II.8.a. "
v120-rel-1253,v120-pemex-ii-8-b,Gerencia de Recuperación Avanzada de Hidrocarburos,jerarquía / adscripción,v120-pemex-ii-8,Subdirección Técnica de Exploración y Extracción,"Estatuto Orgánico de la Empresa Pública del Estado, Petróleos Mexicanos",https://dof.gob.mx/nota_detalle.php?codigo=5799602&fecha=25/09/2026,2026-09-28,"Estatuto Pemex 2026, art. 27, inciso II.8.b. "
v120-rel-1254,v120-pemex-ii-8-c,Gerencia de Ingeniería de Intervenciones a Pozos de Exploración,jerarquía / adscripción,v120-pemex-ii-8,Subdirección Técnica de Exploración y Extracción,"Estatuto Orgánico de la Empresa Pública del Estado, Petróleos Mexicanos",https://dof.gob.mx/nota_detalle.php?codigo=5799602&fecha=25/09/2026,2026-09-28,"Estatuto Pemex 2026, art. 27, inciso II.8.c. "
v120-rel-1255,v120-pemex-ii-8-d,Gerencia de Ingeniería de Intervenciones a Pozos de Extracción,jerarquía / adscripción,v120-pemex-ii-8,Subdirección Técnica de Exploración y Extracción,"Estatuto Orgánico de la Empresa Pública del Estado, Petróleos Mexicanos",https://dof.gob.mx/nota_detalle.php?codigo=5799602&fecha=25/09/2026,2026-09-28,"Estatuto Pemex 2026, art. 27, inciso II.8.d. "
v120-rel-1256,v120-pemex-ii-8-e,Gerencia de Aseguramiento Técnico de Exploración y Extracción,jerarquía / adscripción,v120-pemex-ii-8,Subdirección Técnica de Exploración y Extracción,"Estatuto Orgánico de la Empresa Pública del Estado, Petróleos Mexicanos",https://dof.gob.mx/nota_detalle.php?codigo=5799602&fecha=25/09/2026,2026-09-28,"Estatuto Pemex 2026, art. 27, inciso II.8.e. "
v120-rel-1257,v120-pemex-ii-8-f,Gerencia de Recursos y Reservas de Hidrocarburos,jerarquía / adscripción,v120-pemex-ii-8,Subdirección Técnica de Exploración y Extracción,"Estatuto Orgánico de la Empresa Pública del Estado, Petróleos Mexicanos",https://dof.gob.mx/nota_detalle.php?codigo=5799602&fecha=25/09/2026,2026-09-28,"Estatuto Pemex 2026, art. 27, inciso II.8.f. "
v120-rel-1258,v120-pemex-ii-9,Subdirección de Administración de Exploración y Extracción,jerarquía / adscripción,v120-pemex-ii,Dirección de Exploración y Extracción,"Estatuto Orgánico de la Empresa Pública del Estado, Petróleos Mexicanos",https://dof.gob.mx/nota_detalle.php?codigo=5799602&fecha=25/09/2026,2026-09-28,"Estatuto Pemex 2026, art. 27, inciso II.9. "
v120-rel-1259,v120-pemex-ii-9-a,Gerencia de Integración y Optimización de Exploración y Extracción,jerarquía / adscripción,v120-pemex-ii-9,Subdirección de Administración de Exploración y Extracción,"Estatuto Orgánico de la Empresa Pública del Estado, Petróleos Mexicanos",https://dof.gob.mx/nota_detalle.php?codigo=5799602&fecha=25/09/2026,2026-09-28,"Estatuto Pemex 2026, art. 27, inciso II.9.a. "
v120-rel-1260,v120-pemex-ii-9-b,Gerencia de Programación y Evaluación Operativa,jerarquía / adscripción,v120-pemex-ii-9,Subdirección de Administración de Exploración y Extracción,"Estatuto Orgánico de la Empresa Pública del Estado, Petróleos Mexicanos",https://dof.gob.mx/nota_detalle.php?codigo=5799602&fecha=25/09/2026,2026-09-28,"Estatuto Pemex 2026, art. 27, inciso II.9.b. "
v120-rel-1261,v120-pemex-ii-9-c,Gerencia de Seguimiento y Mejora Continua de Costos,jerarquía / adscripción,v120-pemex-ii-9,Subdirección de Administración de Exploración y Extracción,"Estatuto Orgánico de la Empresa Pública del Estado, Petróleos Mexicanos",https://dof.gob.mx/nota_detalle.php?codigo=5799602&fecha=25/09/2026,2026-09-28,"Estatuto Pemex 2026, art. 27, inciso II.9.c. "
v120-rel-1262,v120-pemex-ii-9-d,Gerencia de Cumplimiento de Obligaciones Técnicas para la Exploración y Extracción,jerarquía / adscripción,v120-pemex-ii-9,Subdirección de Administración de Exploración y Extracción,"Estatuto Orgánico de la Empresa Pública del Estado, Petróleos Mexicanos",https://dof.gob.mx/nota_detalle.php?codigo=5799602&fecha=25/09/2026,2026-09-28,"Estatuto Pemex 2026, art. 27, inciso II.9.d. "
v120-rel-1263,v120-pemex-ii-10,"Subdirección de Seguridad, Salud en el Trabajo y Protección Ambiental",jerarquía / adscripción,v120-pemex-ii,Dirección de Exploración y Extracción,"Estatuto Orgánico de la Empresa Pública del Estado, Petróleos Mexicanos",https://dof.gob.mx/nota_detalle.php?codigo=5799602&fecha=25/09/2026,2026-09-28,"Estatuto Pemex 2026, art. 27, inciso II.10. "
v120-rel-1264,v120-pemex-ii-10-a,"Gerencia del Sistema Pemex Seguridad, Salud en el Trabajo y Protección Ambiental",jerarquía / adscripción,v120-pemex-ii-10,"Subdirección de Seguridad, Salud en el Trabajo y Protección Ambiental","Estatuto Orgánico de la Empresa Pública del Estado, Petróleos Mexicanos",https://dof.gob.mx/nota_detalle.php?codigo=5799602&fecha=25/09/2026,2026-09-28,"Estatuto Pemex 2026, art. 27, inciso II.10.a. "
v120-rel-1265,v120-pemex-ii-10-b,"Gerencia de Evaluación, Auditoría y Normatividad",jerarquía / adscripción,v120-pemex-ii-10,"Subdirección de Seguridad, Salud en el Trabajo y Protección Ambiental","Estatuto Orgánico de la Empresa Pública del Estado, Petróleos Mexicanos",https://dof.gob.mx/nota_detalle.php?codigo=5799602&fecha=25/09/2026,2026-09-28,"Estatuto Pemex 2026, art. 27, inciso II.10.b. "
v120-rel-1266,v120-pemex-ii-10-c,"Gerencia de Seguridad, Salud en el Trabajo y Protección Ambiental Región Norte",jerarquía / adscripción,v120-pemex-ii-10,"Subdirección de Seguridad, Salud en el Trabajo y Protección Ambiental","Estatuto Orgánico de la Empresa Pública del Estado, Petróleos Mexicanos",https://dof.gob.mx/nota_detalle.php?codigo=5799602&fecha=25/09/2026,2026-09-28,"Estatuto Pemex 2026, art. 27, inciso II.10.c. "
v120-rel-1267,v120-pemex-ii-10-d,"Gerencia de Seguridad, Salud en el Trabajo y Protección Ambiental Región Sur",jerarquía / adscripción,v120-pemex-ii-10,"Subdirección de Seguridad, Salud en el Trabajo y Protección Ambiental","Estatuto Orgánico de la Empresa Pública del Estado, Petróleos Mexicanos",https://dof.gob.mx/nota_detalle.php?codigo=5799602&fecha=25/09/2026,2026-09-28,"Estatuto Pemex 2026, art. 27, inciso II.10.d. "
v120-rel-1268,v120-pemex-ii-10-e,"Gerencia de Seguridad, Salud en el Trabajo y Protección Ambiental Región Marina",jerarquía / adscripción,v120-pemex-ii-10,"Subdirección de Seguridad, Salud en el Trabajo y Protección Ambiental","Estatuto Orgánico de la Empresa Pública del Estado, Petróleos Mexicanos",https://dof.gob.mx/nota_detalle.php?codigo=5799602&fecha=25/09/2026,2026-09-28,"Estatuto Pemex 2026, art. 27, inciso II.10.e. "
v120-rel-1269,v120-pemex-ii-10-f,"Gerencia de Seguridad, Salud en el Trabajo y Protección Ambiental Perforación",jerarquía / adscripción,v120-pemex-ii-10,"Subdirección de Seguridad, Salud en el Trabajo y Protección Ambiental","Estatuto Orgánico de la Empresa Pública del Estado, Petróleos Mexicanos",https://dof.gob.mx/nota_detalle.php?codigo=5799602&fecha=25/09/2026,2026-09-28,"Estatuto Pemex 2026, art. 27, inciso II.10.f. "
v120-rel-1270,v120-pemex-ii-11,"Subdirección de Diseño, Ingeniería y Ejecución de Proyectos",jerarquía / adscripción,v120-pemex-ii,Dirección de Exploración y Extracción,"Estatuto Orgánico de la Empresa Pública del Estado, Petróleos Mexicanos",https://dof.gob.mx/nota_detalle.php?codigo=5799602&fecha=25/09/2026,2026-09-28,"Estatuto Pemex 2026, art. 27, inciso II.11. "
v120-rel-1271,v120-pemex-ii-11-a,"Gerencia de Programación y Evaluación de la Subdirección de Diseño, Ingeniería y Ejecución de Proyectos",jerarquía / adscripción,v120-pemex-ii-11,"Subdirección de Diseño, Ingeniería y Ejecución de Proyectos","Estatuto Orgánico de la Empresa Pública del Estado, Petróleos Mexicanos",https://dof.gob.mx/nota_detalle.php?codigo=5799602&fecha=25/09/2026,2026-09-28,"Estatuto Pemex 2026, art. 27, inciso II.11.a. "
v120-rel-1272,v120-pemex-ii-11-b,Gerencia de Caracterización y Evaluación de Campos Nuevos,jerarquía / adscripción,v120-pemex-ii-11,"Subdirección de Diseño, Ingeniería y Ejecución de Proyectos","Estatuto Orgánico de la Empresa Pública del Estado, Petróleos Mexicanos",https://dof.gob.mx/nota_detalle.php?codigo=5799602&fecha=25/09/2026,2026-09-28,"Estatuto Pemex 2026, art. 27, inciso II.11.b. "
v120-rel-1273,v120-pemex-ii-11-c,Gerencia de Ejecución y Seguimiento de Pozos de Desarrollo,jerarquía / adscripción,v120-pemex-ii-11,"Subdirección de Diseño, Ingeniería y Ejecución de Proyectos","Estatuto Orgánico de la Empresa Pública del Estado, Petróleos Mexicanos",https://dof.gob.mx/nota_detalle.php?codigo=5799602&fecha=25/09/2026,2026-09-28,"Estatuto Pemex 2026, art. 27, inciso II.11.c. "
v120-rel-1274,v120-pemex-ii-11-d,Gerencia de Supervisión de Proyectos de Infraestructura,jerarquía / adscripción,v120-pemex-ii-11,"Subdirección de Diseño, Ingeniería y Ejecución de Proyectos","Estatuto Orgánico de la Empresa Pública del Estado, Petróleos Mexicanos",https://dof.gob.mx/nota_detalle.php?codigo=5799602&fecha=25/09/2026,2026-09-28,"Estatuto Pemex 2026, art. 27, inciso II.11.d. "
v120-rel-1275,v120-pemex-ii-11-e,Gerencia de Diseño de Proyectos de Exploración y Extracción,jerarquía / adscripción,v120-pemex-ii-11,"Subdirección de Diseño, Ingeniería y Ejecución de Proyectos","Estatuto Orgánico de la Empresa Pública del Estado, Petróleos Mexicanos",https://dof.gob.mx/nota_detalle.php?codigo=5799602&fecha=25/09/2026,2026-09-28,"Estatuto Pemex 2026, art. 27, inciso II.11.e. "
v120-rel-1276,v120-pemex-ii-11-f,Gerencia de Ingeniería de Infraestructura de Exploración y Extracción,jerarquía / adscripción,v120-pemex-ii-11,"Subdirección de Diseño, Ingeniería y Ejecución de Proyectos","Estatuto Orgánico de la Empresa Pública del Estado, Petróleos Mexicanos",https://dof.gob.mx/nota_detalle.php?codigo=5799602&fecha=25/09/2026,2026-09-28,"Estatuto Pemex 2026, art. 27, inciso II.11.f. "
v120-rel-1277,v120-pemex-ii-12,"Subdirección de Perforación, Terminación y Mantenimiento de Pozos",jerarquía / adscripción,v120-pemex-ii,Dirección de Exploración y Extracción,"Estatuto Orgánico de la Empresa Pública del Estado, Petróleos Mexicanos",https://dof.gob.mx/nota_detalle.php?codigo=5799602&fecha=25/09/2026,2026-09-28,"Estatuto Pemex 2026, art. 27, inciso II.12. "
v120-rel-1278,v120-pemex-ii-12-a,"Gerencia de Programación y Evaluación de la Subdirección de Perforación, Terminación y Mantenimiento de Pozos",jerarquía / adscripción,v120-pemex-ii-12,"Subdirección de Perforación, Terminación y Mantenimiento de Pozos","Estatuto Orgánico de la Empresa Pública del Estado, Petróleos Mexicanos",https://dof.gob.mx/nota_detalle.php?codigo=5799602&fecha=25/09/2026,2026-09-28,"Estatuto Pemex 2026, art. 27, inciso II.12.a. "
v120-rel-1279,v120-pemex-ii-12-b,Gerencia de Operación y Mantenimiento de Equipos,jerarquía / adscripción,v120-pemex-ii-12,"Subdirección de Perforación, Terminación y Mantenimiento de Pozos","Estatuto Orgánico de la Empresa Pública del Estado, Petróleos Mexicanos",https://dof.gob.mx/nota_detalle.php?codigo=5799602&fecha=25/09/2026,2026-09-28,"Estatuto Pemex 2026, art. 27, inciso II.12.b. "
v120-rel-1280,v120-pemex-ii-12-c,Gerencia de Perforación y Reparación de Pozos Terrestre Norte,jerarquía / adscripción,v120-pemex-ii-12,"Subdirección de Perforación, Terminación y Mantenimiento de Pozos","Estatuto Orgánico de la Empresa Pública del Estado, Petróleos Mexicanos",https://dof.gob.mx/nota_detalle.php?codigo=5799602&fecha=25/09/2026,2026-09-28,"Estatuto Pemex 2026, art. 27, inciso II.12.c. "
v120-rel-1281,v120-pemex-ii-12-d,Gerencia de Perforación y Reparación de Pozos Terrestre Sur,jerarquía / adscripción,v120-pemex-ii-12,"Subdirección de Perforación, Terminación y Mantenimiento de Pozos","Estatuto Orgánico de la Empresa Pública del Estado, Petróleos Mexicanos",https://dof.gob.mx/nota_detalle.php?codigo=5799602&fecha=25/09/2026,2026-09-28,"Estatuto Pemex 2026, art. 27, inciso II.12.d. "
v120-rel-1282,v120-pemex-ii-12-e,Gerencia de Perforación y Reparación de Pozos Marina,jerarquía / adscripción,v120-pemex-ii-12,"Subdirección de Perforación, Terminación y Mantenimiento de Pozos","Estatuto Orgánico de la Empresa Pública del Estado, Petróleos Mexicanos",https://dof.gob.mx/nota_detalle.php?codigo=5799602&fecha=25/09/2026,2026-09-28,"Estatuto Pemex 2026, art. 27, inciso II.12.e. "
v120-rel-1283,v120-pemex-ii-12-f,Gerencia de Servicios a Pozos,jerarquía / adscripción,v120-pemex-ii-12,"Subdirección de Perforación, Terminación y Mantenimiento de Pozos","Estatuto Orgánico de la Empresa Pública del Estado, Petróleos Mexicanos",https://dof.gob.mx/nota_detalle.php?codigo=5799602&fecha=25/09/2026,2026-09-28,"Estatuto Pemex 2026, art. 27, inciso II.12.f. "
v120-rel-1284,v120-pemex-ii-13,Gerencia de Coordinación de Operaciones de la Dirección de Exploración y Extracción,jerarquía / adscripción,v120-pemex-ii,Dirección de Exploración y Extracción,"Estatuto Orgánico de la Empresa Pública del Estado, Petróleos Mexicanos",https://dof.gob.mx/nota_detalle.php?codigo=5799602&fecha=25/09/2026,2026-09-28,"Estatuto Pemex 2026, art. 27, inciso II.13. "
v120-rel-1285,v120-pemex-iii,Dirección de Procesos Industriales,jerarquía / adscripción,para-active-181,Petróleos Mexicanos,"Estatuto Orgánico de la Empresa Pública del Estado, Petróleos Mexicanos",https://dof.gob.mx/nota_detalle.php?codigo=5799602&fecha=25/09/2026,2026-09-28,"Estatuto Pemex 2026, art. 27, inciso III. "
v120-rel-1286,v120-pemex-iii-1,Subdirección de Producción de Petrolíferos,jerarquía / adscripción,v120-pemex-iii,Dirección de Procesos Industriales,"Estatuto Orgánico de la Empresa Pública del Estado, Petróleos Mexicanos",https://dof.gob.mx/nota_detalle.php?codigo=5799602&fecha=25/09/2026,2026-09-28,"Estatuto Pemex 2026, art. 27, inciso III.1. "
v120-rel-1287,v120-pemex-iii-1-a,Gerencia de Administración de la Producción de Petrolíferos,jerarquía / adscripción,v120-pemex-iii-1,Subdirección de Producción de Petrolíferos,"Estatuto Orgánico de la Empresa Pública del Estado, Petróleos Mexicanos",https://dof.gob.mx/nota_detalle.php?codigo=5799602&fecha=25/09/2026,2026-09-28,"Estatuto Pemex 2026, art. 27, inciso III.1.a. "
v120-rel-1288,v120-pemex-iii-1-b,Gerencia de Ingeniería de Procesos y Mejora Operativa de Petrolíferos,jerarquía / adscripción,v120-pemex-iii-1,Subdirección de Producción de Petrolíferos,"Estatuto Orgánico de la Empresa Pública del Estado, Petróleos Mexicanos",https://dof.gob.mx/nota_detalle.php?codigo=5799602&fecha=25/09/2026,2026-09-28,"Estatuto Pemex 2026, art. 27, inciso III.1.b. "
v120-rel-1289,v120-pemex-iii-1-c,Gerencia de Refinería Salamanca,jerarquía / adscripción,v120-pemex-iii-1,Subdirección de Producción de Petrolíferos,"Estatuto Orgánico de la Empresa Pública del Estado, Petróleos Mexicanos",https://dof.gob.mx/nota_detalle.php?codigo=5799602&fecha=25/09/2026,2026-09-28,"Estatuto Pemex 2026, art. 27, inciso III.1.c. "
v120-rel-1290,v120-pemex-iii-1-d,Gerencia de Refinería Madero,jerarquía / adscripción,v120-pemex-iii-1,Subdirección de Producción de Petrolíferos,"Estatuto Orgánico de la Empresa Pública del Estado, Petróleos Mexicanos",https://dof.gob.mx/nota_detalle.php?codigo=5799602&fecha=25/09/2026,2026-09-28,"Estatuto Pemex 2026, art. 27, inciso III.1.d. "
v120-rel-1291,v120-pemex-iii-1-e,Gerencia de Refinería Cadereyta,jerarquía / adscripción,v120-pemex-iii-1,Subdirección de Producción de Petrolíferos,"Estatuto Orgánico de la Empresa Pública del Estado, Petróleos Mexicanos",https://dof.gob.mx/nota_detalle.php?codigo=5799602&fecha=25/09/2026,2026-09-28,"Estatuto Pemex 2026, art. 27, inciso III.1.e. "
v120-rel-1292,v120-pemex-iii-1-f,Gerencia de Refinería Minatitlán,jerarquía / adscripción,v120-pemex-iii-1,Subdirección de Producción de Petrolíferos,"Estatuto Orgánico de la Empresa Pública del Estado, Petróleos Mexicanos",https://dof.gob.mx/nota_detalle.php?codigo=5799602&fecha=25/09/2026,2026-09-28,"Estatuto Pemex 2026, art. 27, inciso III.1.f. "
v120-rel-1293,v120-pemex-iii-1-g,Gerencia de Refinería Salina Cruz,jerarquía / adscripción,v120-pemex-iii-1,Subdirección de Producción de Petrolíferos,"Estatuto Orgánico de la Empresa Pública del Estado, Petróleos Mexicanos",https://dof.gob.mx/nota_detalle.php?codigo=5799602&fecha=25/09/2026,2026-09-28,"Estatuto Pemex 2026, art. 27, inciso III.1.g. "
v120-rel-1294,v120-pemex-iii-1-h,Gerencia de Refinería Tula,jerarquía / adscripción,v120-pemex-iii-1,Subdirección de Producción de Petrolíferos,"Estatuto Orgánico de la Empresa Pública del Estado, Petróleos Mexicanos",https://dof.gob.mx/nota_detalle.php?codigo=5799602&fecha=25/09/2026,2026-09-28,"Estatuto Pemex 2026, art. 27, inciso III.1.h. "
v120-rel-1295,v120-pemex-iii-1-i,Gerencia de Refinería Olmeca,jerarquía / adscripción,v120-pemex-iii-1,Subdirección de Producción de Petrolíferos,"Estatuto Orgánico de la Empresa Pública del Estado, Petróleos Mexicanos",https://dof.gob.mx/nota_detalle.php?codigo=5799602&fecha=25/09/2026,2026-09-28,"Estatuto Pemex 2026, art. 27, inciso III.1.i. "
v120-rel-1296,v120-pemex-iii-2,Subdirección de Producción de Petroquímica Secundaria,jerarquía / adscripción,v120-pemex-iii,Dirección de Procesos Industriales,"Estatuto Orgánico de la Empresa Pública del Estado, Petróleos Mexicanos",https://dof.gob.mx/nota_detalle.php?codigo=5799602&fecha=25/09/2026,2026-09-28,"Estatuto Pemex 2026, art. 27, inciso III.2. "
v120-rel-1297,v120-pemex-iii-2-a,Gerencia de Administración de la Producción de Petroquímica Secundaria,jerarquía / adscripción,v120-pemex-iii-2,Subdirección de Producción de Petroquímica Secundaria,"Estatuto Orgánico de la Empresa Pública del Estado, Petróleos Mexicanos",https://dof.gob.mx/nota_detalle.php?codigo=5799602&fecha=25/09/2026,2026-09-28,"Estatuto Pemex 2026, art. 27, inciso III.2.a. "
v120-rel-1298,v120-pemex-iii-2-b,Gerencia de Ingeniería de Procesos y Mejora Operativa de Petroquímica Secundaria,jerarquía / adscripción,v120-pemex-iii-2,Subdirección de Producción de Petroquímica Secundaria,"Estatuto Orgánico de la Empresa Pública del Estado, Petróleos Mexicanos",https://dof.gob.mx/nota_detalle.php?codigo=5799602&fecha=25/09/2026,2026-09-28,"Estatuto Pemex 2026, art. 27, inciso III.2.b. "
v120-rel-1299,v120-pemex-iii-2-c,Gerencia de Complejo Petroquímico Cangrejera,jerarquía / adscripción,v120-pemex-iii-2,Subdirección de Producción de Petroquímica Secundaria,"Estatuto Orgánico de la Empresa Pública del Estado, Petróleos Mexicanos",https://dof.gob.mx/nota_detalle.php?codigo=5799602&fecha=25/09/2026,2026-09-28,"Estatuto Pemex 2026, art. 27, inciso III.2.c. "
v120-rel-1300,v120-pemex-iii-2-d,Gerencia de Complejo Petroquímico Morelos,jerarquía / adscripción,v120-pemex-iii-2,Subdirección de Producción de Petroquímica Secundaria,"Estatuto Orgánico de la Empresa Pública del Estado, Petróleos Mexicanos",https://dof.gob.mx/nota_detalle.php?codigo=5799602&fecha=25/09/2026,2026-09-28,"Estatuto Pemex 2026, art. 27, inciso III.2.d. "
v120-rel-1301,v120-pemex-iii-2-e,Gerencia de Complejo Petroquímico Cosoleacaque,jerarquía / adscripción,v120-pemex-iii-2,Subdirección de Producción de Petroquímica Secundaria,"Estatuto Orgánico de la Empresa Pública del Estado, Petróleos Mexicanos",https://dof.gob.mx/nota_detalle.php?codigo=5799602&fecha=25/09/2026,2026-09-28,"Estatuto Pemex 2026, art. 27, inciso III.2.e. "
v120-rel-1302,v120-pemex-iii-3,Subdirección de Planeación y Evaluación Operativa,jerarquía / adscripción,v120-pemex-iii,Dirección de Procesos Industriales,"Estatuto Orgánico de la Empresa Pública del Estado, Petróleos Mexicanos",https://dof.gob.mx/nota_detalle.php?codigo=5799602&fecha=25/09/2026,2026-09-28,"Estatuto Pemex 2026, art. 27, inciso III.3. "
v120-rel-1303,v120-pemex-iii-3-a,Gerencia de Estrategias y Optimización,jerarquía / adscripción,v120-pemex-iii-3,Subdirección de Planeación y Evaluación Operativa,"Estatuto Orgánico de la Empresa Pública del Estado, Petróleos Mexicanos",https://dof.gob.mx/nota_detalle.php?codigo=5799602&fecha=25/09/2026,2026-09-28,"Estatuto Pemex 2026, art. 27, inciso III.3.a. "
v120-rel-1304,v120-pemex-iii-3-b,Gerencia de Coordinación de Operaciones de Procesos Industriales,jerarquía / adscripción,v120-pemex-iii-3,Subdirección de Planeación y Evaluación Operativa,"Estatuto Orgánico de la Empresa Pública del Estado, Petróleos Mexicanos",https://dof.gob.mx/nota_detalle.php?codigo=5799602&fecha=25/09/2026,2026-09-28,"Estatuto Pemex 2026, art. 27, inciso III.3.b. "
v120-rel-1305,v120-pemex-iii-3-c,Gerencia de Análisis y Desempeño Operativo,jerarquía / adscripción,v120-pemex-iii-3,Subdirección de Planeación y Evaluación Operativa,"Estatuto Orgánico de la Empresa Pública del Estado, Petróleos Mexicanos",https://dof.gob.mx/nota_detalle.php?codigo=5799602&fecha=25/09/2026,2026-09-28,"Estatuto Pemex 2026, art. 27, inciso III.3.c. "
v120-rel-1306,v120-pemex-iii-3-d,Gerencia de Evaluación Económica y Financiera,jerarquía / adscripción,v120-pemex-iii-3,Subdirección de Planeación y Evaluación Operativa,"Estatuto Orgánico de la Empresa Pública del Estado, Petróleos Mexicanos",https://dof.gob.mx/nota_detalle.php?codigo=5799602&fecha=25/09/2026,2026-09-28,"Estatuto Pemex 2026, art. 27, inciso III.3.d. "
v120-rel-1307,v120-pemex-iii-3-e,Gerencia de Control y Soporte al Negocio,jerarquía / adscripción,v120-pemex-iii-3,Subdirección de Planeación y Evaluación Operativa,"Estatuto Orgánico de la Empresa Pública del Estado, Petróleos Mexicanos",https://dof.gob.mx/nota_detalle.php?codigo=5799602&fecha=25/09/2026,2026-09-28,"Estatuto Pemex 2026, art. 27, inciso III.3.e. "
v120-rel-1308,v120-pemex-iii-5,Subdirección de Proyectos Industriales,jerarquía / adscripción,v120-pemex-iii,Dirección de Procesos Industriales,"Estatuto Orgánico de la Empresa Pública del Estado, Petróleos Mexicanos",https://dof.gob.mx/nota_detalle.php?codigo=5799602&fecha=25/09/2026,2026-09-28,"Estatuto Pemex 2026, art. 27, inciso III.5. "
v120-rel-1309,v120-pemex-iii-5-a,Gerencia de Proyectos 1,jerarquía / adscripción,v120-pemex-iii-5,Subdirección de Proyectos Industriales,"Estatuto Orgánico de la Empresa Pública del Estado, Petróleos Mexicanos",https://dof.gob.mx/nota_detalle.php?codigo=5799602&fecha=25/09/2026,2026-09-28,"Estatuto Pemex 2026, art. 27, inciso III.5.a. "
v120-rel-1310,v120-pemex-iii-5-b,Gerencia de Proyectos 2,jerarquía / adscripción,v120-pemex-iii-5,Subdirección de Proyectos Industriales,"Estatuto Orgánico de la Empresa Pública del Estado, Petróleos Mexicanos",https://dof.gob.mx/nota_detalle.php?codigo=5799602&fecha=25/09/2026,2026-09-28,"Estatuto Pemex 2026, art. 27, inciso III.5.b. "
v120-rel-1311,v120-pemex-iii-5-c,Gerencia de Ingeniería y Costos,jerarquía / adscripción,v120-pemex-iii-5,Subdirección de Proyectos Industriales,"Estatuto Orgánico de la Empresa Pública del Estado, Petróleos Mexicanos",https://dof.gob.mx/nota_detalle.php?codigo=5799602&fecha=25/09/2026,2026-09-28,"Estatuto Pemex 2026, art. 27, inciso III.5.c. "
v120-rel-1312,v120-pemex-iii-5-d,Gerencia de Seguimiento y Control de Proyectos Petrolíferos,jerarquía / adscripción,v120-pemex-iii-5,Subdirección de Proyectos Industriales,"Estatuto Orgánico de la Empresa Pública del Estado, Petróleos Mexicanos",https://dof.gob.mx/nota_detalle.php?codigo=5799602&fecha=25/09/2026,2026-09-28,"Estatuto Pemex 2026, art. 27, inciso III.5.d. "
v120-rel-1313,v120-pemex-iii-5-e,Gerencia de Seguimiento y Control de Proyectos Petroquímicos,jerarquía / adscripción,v120-pemex-iii-5,Subdirección de Proyectos Industriales,"Estatuto Orgánico de la Empresa Pública del Estado, Petróleos Mexicanos",https://dof.gob.mx/nota_detalle.php?codigo=5799602&fecha=25/09/2026,2026-09-28,"Estatuto Pemex 2026, art. 27, inciso III.5.e. "
v120-rel-1314,v120-pemex-iii-5-f,Gerencia de Administración de Impactos y Normatividad,jerarquía / adscripción,v120-pemex-iii-5,Subdirección de Proyectos Industriales,"Estatuto Orgánico de la Empresa Pública del Estado, Petróleos Mexicanos",https://dof.gob.mx/nota_detalle.php?codigo=5799602&fecha=25/09/2026,2026-09-28,"Estatuto Pemex 2026, art. 27, inciso III.5.f. "
v120-rel-1315,v120-pemex-iii-6,Subdirección de Seguridad Industrial y Protección Ambiental,jerarquía / adscripción,v120-pemex-iii,Dirección de Procesos Industriales,"Estatuto Orgánico de la Empresa Pública del Estado, Petróleos Mexicanos",https://dof.gob.mx/nota_detalle.php?codigo=5799602&fecha=25/09/2026,2026-09-28,"Estatuto Pemex 2026, art. 27, inciso III.6. "
v120-rel-1316,v120-pemex-iii-6-a,"Gerencia de Auditoría y Estándares de Seguridad, Salud en el Trabajo, Protección Ambiental y Confiabilidad de Activos",jerarquía / adscripción,v120-pemex-iii-6,Subdirección de Seguridad Industrial y Protección Ambiental,"Estatuto Orgánico de la Empresa Pública del Estado, Petróleos Mexicanos",https://dof.gob.mx/nota_detalle.php?codigo=5799602&fecha=25/09/2026,2026-09-28,"Estatuto Pemex 2026, art. 27, inciso III.6.a. "
v120-rel-1317,v120-pemex-iii-6-b,Gerencia de Seguridad de los Procesos Petrolíferos,jerarquía / adscripción,v120-pemex-iii-6,Subdirección de Seguridad Industrial y Protección Ambiental,"Estatuto Orgánico de la Empresa Pública del Estado, Petróleos Mexicanos",https://dof.gob.mx/nota_detalle.php?codigo=5799602&fecha=25/09/2026,2026-09-28,"Estatuto Pemex 2026, art. 27, inciso III.6.b. "
v120-rel-1318,v120-pemex-iii-6-c,Gerencia de Seguridad de los Procesos Petroquímicos,jerarquía / adscripción,v120-pemex-iii-6,Subdirección de Seguridad Industrial y Protección Ambiental,"Estatuto Orgánico de la Empresa Pública del Estado, Petróleos Mexicanos",https://dof.gob.mx/nota_detalle.php?codigo=5799602&fecha=25/09/2026,2026-09-28,"Estatuto Pemex 2026, art. 27, inciso III.6.c. "
v120-rel-1319,v120-pemex-iii-6-d,Gerencia de Confiabilidad de Activos de Producción de Petrolíferos,jerarquía / adscripción,v120-pemex-iii-6,Subdirección de Seguridad Industrial y Protección Ambiental,"Estatuto Orgánico de la Empresa Pública del Estado, Petróleos Mexicanos",https://dof.gob.mx/nota_detalle.php?codigo=5799602&fecha=25/09/2026,2026-09-28,"Estatuto Pemex 2026, art. 27, inciso III.6.d. "
v120-rel-1320,v120-pemex-iii-6-e,Gerencia de Confiabilidad de Activos de Producción de Petroquímicos,jerarquía / adscripción,v120-pemex-iii-6,Subdirección de Seguridad Industrial y Protección Ambiental,"Estatuto Orgánico de la Empresa Pública del Estado, Petróleos Mexicanos",https://dof.gob.mx/nota_detalle.php?codigo=5799602&fecha=25/09/2026,2026-09-28,"Estatuto Pemex 2026, art. 27, inciso III.6.e. "
v120-rel-1321,v120-pemex-iii-7,Subdirección de Fertilizantes,jerarquía / adscripción,v120-pemex-iii,Dirección de Procesos Industriales,"Estatuto Orgánico de la Empresa Pública del Estado, Petróleos Mexicanos",https://dof.gob.mx/nota_detalle.php?codigo=5799602&fecha=25/09/2026,2026-09-28,"Estatuto Pemex 2026, art. 27, inciso III.7. "
v120-rel-1322,v120-pemex-iii-7-a,Gerencia Operativa de Fertilizantes,jerarquía / adscripción,v120-pemex-iii-7,Subdirección de Fertilizantes,"Estatuto Orgánico de la Empresa Pública del Estado, Petróleos Mexicanos",https://dof.gob.mx/nota_detalle.php?codigo=5799602&fecha=25/09/2026,2026-09-28,"Estatuto Pemex 2026, art. 27, inciso III.7.a. "
v120-rel-1323,v120-pemex-iii-7-b,Gerencia de Proyectos de Fertilizantes,jerarquía / adscripción,v120-pemex-iii-7,Subdirección de Fertilizantes,"Estatuto Orgánico de la Empresa Pública del Estado, Petróleos Mexicanos",https://dof.gob.mx/nota_detalle.php?codigo=5799602&fecha=25/09/2026,2026-09-28,"Estatuto Pemex 2026, art. 27, inciso III.7.b. "
v120-rel-1324,v120-pemex-iii-7-c,Gerencia de Administración de la Producción de Fertilizantes,jerarquía / adscripción,v120-pemex-iii-7,Subdirección de Fertilizantes,"Estatuto Orgánico de la Empresa Pública del Estado, Petróleos Mexicanos",https://dof.gob.mx/nota_detalle.php?codigo=5799602&fecha=25/09/2026,2026-09-28,"Estatuto Pemex 2026, art. 27, inciso III.7.c. "
v120-rel-1325,v120-pemex-iv,Dirección de Transformación Energética,jerarquía / adscripción,para-active-181,Petróleos Mexicanos,"Estatuto Orgánico de la Empresa Pública del Estado, Petróleos Mexicanos",https://dof.gob.mx/nota_detalle.php?codigo=5799602&fecha=25/09/2026,2026-09-28,"Estatuto Pemex 2026, art. 27, inciso IV. "
v120-rel-1326,v120-pemex-iv-1,Subdirección de Procesos de Gas y Derivados,jerarquía / adscripción,v120-pemex-iv,Dirección de Transformación Energética,"Estatuto Orgánico de la Empresa Pública del Estado, Petróleos Mexicanos",https://dof.gob.mx/nota_detalle.php?codigo=5799602&fecha=25/09/2026,2026-09-28,"Estatuto Pemex 2026, art. 27, inciso IV.1. "
v120-rel-1327,v120-pemex-iv-1-a,Gerencia de Complejo Procesador de Gas Ciudad Pemex,jerarquía / adscripción,v120-pemex-iv-1,Subdirección de Procesos de Gas y Derivados,"Estatuto Orgánico de la Empresa Pública del Estado, Petróleos Mexicanos",https://dof.gob.mx/nota_detalle.php?codigo=5799602&fecha=25/09/2026,2026-09-28,"Estatuto Pemex 2026, art. 27, inciso IV.1.a. "
v120-rel-1328,v120-pemex-iv-1-b,Gerencia de Complejo Procesador de Gas Nuevo Pemex,jerarquía / adscripción,v120-pemex-iv-1,Subdirección de Procesos de Gas y Derivados,"Estatuto Orgánico de la Empresa Pública del Estado, Petróleos Mexicanos",https://dof.gob.mx/nota_detalle.php?codigo=5799602&fecha=25/09/2026,2026-09-28,"Estatuto Pemex 2026, art. 27, inciso IV.1.b. "
v120-rel-1329,v120-pemex-iv-1-c,Gerencia de Complejo Procesador de Gas Cactus,jerarquía / adscripción,v120-pemex-iv-1,Subdirección de Procesos de Gas y Derivados,"Estatuto Orgánico de la Empresa Pública del Estado, Petróleos Mexicanos",https://dof.gob.mx/nota_detalle.php?codigo=5799602&fecha=25/09/2026,2026-09-28,"Estatuto Pemex 2026, art. 27, inciso IV.1.c. "
v120-rel-1330,v120-pemex-iv-1-d,Gerencia de Complejo Procesador de Gas Burgos,jerarquía / adscripción,v120-pemex-iv-1,Subdirección de Procesos de Gas y Derivados,"Estatuto Orgánico de la Empresa Pública del Estado, Petróleos Mexicanos",https://dof.gob.mx/nota_detalle.php?codigo=5799602&fecha=25/09/2026,2026-09-28,"Estatuto Pemex 2026, art. 27, inciso IV.1.d. "
v120-rel-1331,v120-pemex-iv-1-e,Gerencia de Administración de la Producción de la Dirección de Transformación Energética,jerarquía / adscripción,v120-pemex-iv-1,Subdirección de Procesos de Gas y Derivados,"Estatuto Orgánico de la Empresa Pública del Estado, Petróleos Mexicanos",https://dof.gob.mx/nota_detalle.php?codigo=5799602&fecha=25/09/2026,2026-09-28,"Estatuto Pemex 2026, art. 27, inciso IV.1.e. "
v120-rel-1332,v120-pemex-iv-1-f,Gerencia de Confiabilidad de los Activos de Procesos de Gas y Derivados,jerarquía / adscripción,v120-pemex-iv-1,Subdirección de Procesos de Gas y Derivados,"Estatuto Orgánico de la Empresa Pública del Estado, Petróleos Mexicanos",https://dof.gob.mx/nota_detalle.php?codigo=5799602&fecha=25/09/2026,2026-09-28,"Estatuto Pemex 2026, art. 27, inciso IV.1.f. "
v120-rel-1333,v120-pemex-iv-1-g,Gerencia de Ingeniería de Procesos y Mejora Operativa de la Dirección de Transformación Energética,jerarquía / adscripción,v120-pemex-iv-1,Subdirección de Procesos de Gas y Derivados,"Estatuto Orgánico de la Empresa Pública del Estado, Petróleos Mexicanos",https://dof.gob.mx/nota_detalle.php?codigo=5799602&fecha=25/09/2026,2026-09-28,"Estatuto Pemex 2026, art. 27, inciso IV.1.g. "
v120-rel-1334,v120-pemex-iv-1-h,Gerencia de Seguridad de los Procesos de Gas y Derivados,jerarquía / adscripción,v120-pemex-iv-1,Subdirección de Procesos de Gas y Derivados,"Estatuto Orgánico de la Empresa Pública del Estado, Petróleos Mexicanos",https://dof.gob.mx/nota_detalle.php?codigo=5799602&fecha=25/09/2026,2026-09-28,"Estatuto Pemex 2026, art. 27, inciso IV.1.h. "
v120-rel-1335,v120-pemex-iv-2,Subdirección de Electricidad,jerarquía / adscripción,v120-pemex-iv,Dirección de Transformación Energética,"Estatuto Orgánico de la Empresa Pública del Estado, Petróleos Mexicanos",https://dof.gob.mx/nota_detalle.php?codigo=5799602&fecha=25/09/2026,2026-09-28,"Estatuto Pemex 2026, art. 27, inciso IV.2. "
v120-rel-1336,v120-pemex-iv-2-a,Gerencia de Programación Operativa,jerarquía / adscripción,v120-pemex-iv-2,Subdirección de Electricidad,"Estatuto Orgánico de la Empresa Pública del Estado, Petróleos Mexicanos",https://dof.gob.mx/nota_detalle.php?codigo=5799602&fecha=25/09/2026,2026-09-28,"Estatuto Pemex 2026, art. 27, inciso IV.2.a. "
v120-rel-1337,v120-pemex-iv-2-b,Gerencia Operativa de Servicios con Terceros de la Dirección de Transformación Energética,jerarquía / adscripción,v120-pemex-iv-2,Subdirección de Electricidad,"Estatuto Orgánico de la Empresa Pública del Estado, Petróleos Mexicanos",https://dof.gob.mx/nota_detalle.php?codigo=5799602&fecha=25/09/2026,2026-09-28,"Estatuto Pemex 2026, art. 27, inciso IV.2.b. "
v120-rel-1338,v120-pemex-iv-2-c,Gerencia de Proyectos de Cogeneración y Eficiencia Energética,jerarquía / adscripción,v120-pemex-iv-2,Subdirección de Electricidad,"Estatuto Orgánico de la Empresa Pública del Estado, Petróleos Mexicanos",https://dof.gob.mx/nota_detalle.php?codigo=5799602&fecha=25/09/2026,2026-09-28,"Estatuto Pemex 2026, art. 27, inciso IV.2.c. "
v120-rel-1339,v120-pemex-iv-3,Subdirección de Tecnologías y Energías Alternativas,jerarquía / adscripción,v120-pemex-iv,Dirección de Transformación Energética,"Estatuto Orgánico de la Empresa Pública del Estado, Petróleos Mexicanos",https://dof.gob.mx/nota_detalle.php?codigo=5799602&fecha=25/09/2026,2026-09-28,"Estatuto Pemex 2026, art. 27, inciso IV.3. "
v120-rel-1340,v120-pemex-iv-3-a,Gerencia de Aprovechamiento y Desarrollo,jerarquía / adscripción,v120-pemex-iv-3,Subdirección de Tecnologías y Energías Alternativas,"Estatuto Orgánico de la Empresa Pública del Estado, Petróleos Mexicanos",https://dof.gob.mx/nota_detalle.php?codigo=5799602&fecha=25/09/2026,2026-09-28,"Estatuto Pemex 2026, art. 27, inciso IV.3.a. "
v120-rel-1341,v120-pemex-iv-3-b,Gerencia de Proyectos de Energías Alternativas y Economía Circular,jerarquía / adscripción,v120-pemex-iv-3,Subdirección de Tecnologías y Energías Alternativas,"Estatuto Orgánico de la Empresa Pública del Estado, Petróleos Mexicanos",https://dof.gob.mx/nota_detalle.php?codigo=5799602&fecha=25/09/2026,2026-09-28,"Estatuto Pemex 2026, art. 27, inciso IV.3.b. "
v120-rel-1342,v120-pemex-iv-4,Subdirección de Geoenergías,jerarquía / adscripción,v120-pemex-iv,Dirección de Transformación Energética,"Estatuto Orgánico de la Empresa Pública del Estado, Petróleos Mexicanos",https://dof.gob.mx/nota_detalle.php?codigo=5799602&fecha=25/09/2026,2026-09-28,"Estatuto Pemex 2026, art. 27, inciso IV.4. "
v120-rel-1343,v120-pemex-iv-4-a,Gerencia de Aprovechamiento y Desarrollo de Proyectos de Geoenergía,jerarquía / adscripción,v120-pemex-iv-4,Subdirección de Geoenergías,"Estatuto Orgánico de la Empresa Pública del Estado, Petróleos Mexicanos",https://dof.gob.mx/nota_detalle.php?codigo=5799602&fecha=25/09/2026,2026-09-28,"Estatuto Pemex 2026, art. 27, inciso IV.4.a. "
v120-rel-1344,v120-pemex-iv-4-b,Gerencia de Implementación y Operación de Proyectos de Geoenergía,jerarquía / adscripción,v120-pemex-iv-4,Subdirección de Geoenergías,"Estatuto Orgánico de la Empresa Pública del Estado, Petróleos Mexicanos",https://dof.gob.mx/nota_detalle.php?codigo=5799602&fecha=25/09/2026,2026-09-28,"Estatuto Pemex 2026, art. 27, inciso IV.4.b. "
v120-rel-1345,v120-pemex-v,Dirección de Logística,jerarquía / adscripción,para-active-181,Petróleos Mexicanos,"Estatuto Orgánico de la Empresa Pública del Estado, Petróleos Mexicanos",https://dof.gob.mx/nota_detalle.php?codigo=5799602&fecha=25/09/2026,2026-09-28,"Estatuto Pemex 2026, art. 27, inciso V. "
v120-rel-1346,v120-pemex-v-1,Subdirección de Tratamiento y Logística Primaria,jerarquía / adscripción,v120-pemex-v,Dirección de Logística,"Estatuto Orgánico de la Empresa Pública del Estado, Petróleos Mexicanos",https://dof.gob.mx/nota_detalle.php?codigo=5799602&fecha=25/09/2026,2026-09-28,"Estatuto Pemex 2026, art. 27, inciso V.1. "
v120-rel-1347,v120-pemex-v-1-a,Gerencia de Coordinación de Tratamiento y Logística Primaria,jerarquía / adscripción,v120-pemex-v-1,Subdirección de Tratamiento y Logística Primaria,"Estatuto Orgánico de la Empresa Pública del Estado, Petróleos Mexicanos",https://dof.gob.mx/nota_detalle.php?codigo=5799602&fecha=25/09/2026,2026-09-28,"Estatuto Pemex 2026, art. 27, inciso V.1.a. "
v120-rel-1348,v120-pemex-v-1-b,Gerencia de Operaciones de Tratamiento y Logística Primaria Norte,jerarquía / adscripción,v120-pemex-v-1,Subdirección de Tratamiento y Logística Primaria,"Estatuto Orgánico de la Empresa Pública del Estado, Petróleos Mexicanos",https://dof.gob.mx/nota_detalle.php?codigo=5799602&fecha=25/09/2026,2026-09-28,"Estatuto Pemex 2026, art. 27, inciso V.1.b. "
v120-rel-1349,v120-pemex-v-1-c,Gerencia de Operaciones de Tratamiento y Logística Primaria Sur,jerarquía / adscripción,v120-pemex-v-1,Subdirección de Tratamiento y Logística Primaria,"Estatuto Orgánico de la Empresa Pública del Estado, Petróleos Mexicanos",https://dof.gob.mx/nota_detalle.php?codigo=5799602&fecha=25/09/2026,2026-09-28,"Estatuto Pemex 2026, art. 27, inciso V.1.c. "
v120-rel-1350,v120-pemex-v-1-d,Gerencia de Operaciones de Tratamiento y Logística Primaria Marinas,jerarquía / adscripción,v120-pemex-v-1,Subdirección de Tratamiento y Logística Primaria,"Estatuto Orgánico de la Empresa Pública del Estado, Petróleos Mexicanos",https://dof.gob.mx/nota_detalle.php?codigo=5799602&fecha=25/09/2026,2026-09-28,"Estatuto Pemex 2026, art. 27, inciso V.1.d. "
v120-rel-1351,v120-pemex-v-2,Subdirección de Transporte,jerarquía / adscripción,v120-pemex-v,Dirección de Logística,"Estatuto Orgánico de la Empresa Pública del Estado, Petróleos Mexicanos",https://dof.gob.mx/nota_detalle.php?codigo=5799602&fecha=25/09/2026,2026-09-28,"Estatuto Pemex 2026, art. 27, inciso V.2. "
v120-rel-1352,v120-pemex-v-2-a,Gerencia de Coordinación Logística,jerarquía / adscripción,v120-pemex-v-2,Subdirección de Transporte,"Estatuto Orgánico de la Empresa Pública del Estado, Petróleos Mexicanos",https://dof.gob.mx/nota_detalle.php?codigo=5799602&fecha=25/09/2026,2026-09-28,"Estatuto Pemex 2026, art. 27, inciso V.2.a. "
v120-rel-1353,v120-pemex-v-2-b,Gerencia de Transporte Terrestre,jerarquía / adscripción,v120-pemex-v-2,Subdirección de Transporte,"Estatuto Orgánico de la Empresa Pública del Estado, Petróleos Mexicanos",https://dof.gob.mx/nota_detalle.php?codigo=5799602&fecha=25/09/2026,2026-09-28,"Estatuto Pemex 2026, art. 27, inciso V.2.b. "
v120-rel-1354,v120-pemex-v-2-c,"Gerencia de Transporte, Mantenimiento y Servicios de Ductos",jerarquía / adscripción,v120-pemex-v-2,Subdirección de Transporte,"Estatuto Orgánico de la Empresa Pública del Estado, Petróleos Mexicanos",https://dof.gob.mx/nota_detalle.php?codigo=5799602&fecha=25/09/2026,2026-09-28,"Estatuto Pemex 2026, art. 27, inciso V.2.c. "
v120-rel-1355,v120-pemex-v-2-d,Gerencia de Transporte Marítimo,jerarquía / adscripción,v120-pemex-v-2,Subdirección de Transporte,"Estatuto Orgánico de la Empresa Pública del Estado, Petróleos Mexicanos",https://dof.gob.mx/nota_detalle.php?codigo=5799602&fecha=25/09/2026,2026-09-28,"Estatuto Pemex 2026, art. 27, inciso V.2.d. "
v120-rel-1356,v120-pemex-v-2-e,Gerencia Operativa de Servicios con Terceros de la Dirección de Logística,jerarquía / adscripción,v120-pemex-v-2,Subdirección de Transporte,"Estatuto Orgánico de la Empresa Pública del Estado, Petróleos Mexicanos",https://dof.gob.mx/nota_detalle.php?codigo=5799602&fecha=25/09/2026,2026-09-28,"Estatuto Pemex 2026, art. 27, inciso V.2.e. "
v120-rel-1357,v120-pemex-v-3,Subdirección de Almacenamiento,jerarquía / adscripción,v120-pemex-v,Dirección de Logística,"Estatuto Orgánico de la Empresa Pública del Estado, Petróleos Mexicanos",https://dof.gob.mx/nota_detalle.php?codigo=5799602&fecha=25/09/2026,2026-09-28,"Estatuto Pemex 2026, art. 27, inciso V.3. "
v120-rel-1358,v120-pemex-v-3-a,Gerencia de Coordinación de Almacenamiento,jerarquía / adscripción,v120-pemex-v-3,Subdirección de Almacenamiento,"Estatuto Orgánico de la Empresa Pública del Estado, Petróleos Mexicanos",https://dof.gob.mx/nota_detalle.php?codigo=5799602&fecha=25/09/2026,2026-09-28,"Estatuto Pemex 2026, art. 27, inciso V.3.a. "
v120-rel-1359,v120-pemex-v-3-b,Gerencia de Almacenamiento Centro,jerarquía / adscripción,v120-pemex-v-3,Subdirección de Almacenamiento,"Estatuto Orgánico de la Empresa Pública del Estado, Petróleos Mexicanos",https://dof.gob.mx/nota_detalle.php?codigo=5799602&fecha=25/09/2026,2026-09-28,"Estatuto Pemex 2026, art. 27, inciso V.3.b. "
v120-rel-1360,v120-pemex-v-3-c,Gerencia de Almacenamiento Golfo,jerarquía / adscripción,v120-pemex-v-3,Subdirección de Almacenamiento,"Estatuto Orgánico de la Empresa Pública del Estado, Petróleos Mexicanos",https://dof.gob.mx/nota_detalle.php?codigo=5799602&fecha=25/09/2026,2026-09-28,"Estatuto Pemex 2026, art. 27, inciso V.3.c. "
v120-rel-1361,v120-pemex-v-3-d,Gerencia de Almacenamiento Norte,jerarquía / adscripción,v120-pemex-v-3,Subdirección de Almacenamiento,"Estatuto Orgánico de la Empresa Pública del Estado, Petróleos Mexicanos",https://dof.gob.mx/nota_detalle.php?codigo=5799602&fecha=25/09/2026,2026-09-28,"Estatuto Pemex 2026, art. 27, inciso V.3.d. "
v120-rel-1362,v120-pemex-v-3-e,Gerencia de Almacenamiento Pacífico,jerarquía / adscripción,v120-pemex-v-3,Subdirección de Almacenamiento,"Estatuto Orgánico de la Empresa Pública del Estado, Petróleos Mexicanos",https://dof.gob.mx/nota_detalle.php?codigo=5799602&fecha=25/09/2026,2026-09-28,"Estatuto Pemex 2026, art. 27, inciso V.3.e. "
v120-rel-1363,v120-pemex-v-3-f,Gerencia de Almacenamiento y Servicios Portuarios,jerarquía / adscripción,v120-pemex-v-3,Subdirección de Almacenamiento,"Estatuto Orgánico de la Empresa Pública del Estado, Petróleos Mexicanos",https://dof.gob.mx/nota_detalle.php?codigo=5799602&fecha=25/09/2026,2026-09-28,"Estatuto Pemex 2026, art. 27, inciso V.3.f. "
v120-rel-1364,v120-pemex-v-3-g,Gerencia de Operación de Terminales de Gas LP y Petroquímicos,jerarquía / adscripción,v120-pemex-v-3,Subdirección de Almacenamiento,"Estatuto Orgánico de la Empresa Pública del Estado, Petróleos Mexicanos",https://dof.gob.mx/nota_detalle.php?codigo=5799602&fecha=25/09/2026,2026-09-28,"Estatuto Pemex 2026, art. 27, inciso V.3.g. "
v120-rel-1365,v120-pemex-v-5,"Subdirección de Regulación, Medición, Calidad, Balances y Soporte Operativo",jerarquía / adscripción,v120-pemex-v,Dirección de Logística,"Estatuto Orgánico de la Empresa Pública del Estado, Petróleos Mexicanos",https://dof.gob.mx/nota_detalle.php?codigo=5799602&fecha=25/09/2026,2026-09-28,"Estatuto Pemex 2026, art. 27, inciso V.5. "
v120-rel-1366,v120-pemex-v-5-a,Gerencia de Cumplimiento Regulatorio y Soporte Operativo,jerarquía / adscripción,v120-pemex-v-5,"Subdirección de Regulación, Medición, Calidad, Balances y Soporte Operativo","Estatuto Orgánico de la Empresa Pública del Estado, Petróleos Mexicanos",https://dof.gob.mx/nota_detalle.php?codigo=5799602&fecha=25/09/2026,2026-09-28,"Estatuto Pemex 2026, art. 27, inciso V.5.a. "
v120-rel-1367,v120-pemex-v-5-b,Gerencia de Medición,jerarquía / adscripción,v120-pemex-v-5,"Subdirección de Regulación, Medición, Calidad, Balances y Soporte Operativo","Estatuto Orgánico de la Empresa Pública del Estado, Petróleos Mexicanos",https://dof.gob.mx/nota_detalle.php?codigo=5799602&fecha=25/09/2026,2026-09-28,"Estatuto Pemex 2026, art. 27, inciso V.5.b. "
v120-rel-1368,v120-pemex-v-5-c,Gerencia de Calidad,jerarquía / adscripción,v120-pemex-v-5,"Subdirección de Regulación, Medición, Calidad, Balances y Soporte Operativo","Estatuto Orgánico de la Empresa Pública del Estado, Petróleos Mexicanos",https://dof.gob.mx/nota_detalle.php?codigo=5799602&fecha=25/09/2026,2026-09-28,"Estatuto Pemex 2026, art. 27, inciso V.5.c. "
v120-rel-1369,v120-pemex-v-5-d,Gerencia de Balances y Trazabilidad,jerarquía / adscripción,v120-pemex-v-5,"Subdirección de Regulación, Medición, Calidad, Balances y Soporte Operativo","Estatuto Orgánico de la Empresa Pública del Estado, Petróleos Mexicanos",https://dof.gob.mx/nota_detalle.php?codigo=5799602&fecha=25/09/2026,2026-09-28,"Estatuto Pemex 2026, art. 27, inciso V.5.d. "
v120-rel-1370,v120-pemex-v-5-e,Gerencia de Inteligencia Operativa Logística,jerarquía / adscripción,v120-pemex-v-5,"Subdirección de Regulación, Medición, Calidad, Balances y Soporte Operativo","Estatuto Orgánico de la Empresa Pública del Estado, Petróleos Mexicanos",https://dof.gob.mx/nota_detalle.php?codigo=5799602&fecha=25/09/2026,2026-09-28,"Estatuto Pemex 2026, art. 27, inciso V.5.e. "
v120-rel-1371,v120-pemex-v-5-f,"Gerencia de Seguridad, Salud en el Trabajo y Protección Ambiental",jerarquía / adscripción,v120-pemex-v-5,"Subdirección de Regulación, Medición, Calidad, Balances y Soporte Operativo","Estatuto Orgánico de la Empresa Pública del Estado, Petróleos Mexicanos",https://dof.gob.mx/nota_detalle.php?codigo=5799602&fecha=25/09/2026,2026-09-28,"Estatuto Pemex 2026, art. 27, inciso V.5.f. "
v120-rel-1372,v120-pemex-vi,Dirección de Comercialización,jerarquía / adscripción,para-active-181,Petróleos Mexicanos,"Estatuto Orgánico de la Empresa Pública del Estado, Petróleos Mexicanos",https://dof.gob.mx/nota_detalle.php?codigo=5799602&fecha=25/09/2026,2026-09-28,"Estatuto Pemex 2026, art. 27, inciso VI. "
v120-rel-1373,v120-pemex-vi-1,"Subdirección de Estrategia, Precios e Inteligencia Comercial",jerarquía / adscripción,v120-pemex-vi,Dirección de Comercialización,"Estatuto Orgánico de la Empresa Pública del Estado, Petróleos Mexicanos",https://dof.gob.mx/nota_detalle.php?codigo=5799602&fecha=25/09/2026,2026-09-28,"Estatuto Pemex 2026, art. 27, inciso VI.1. "
v120-rel-1374,v120-pemex-vi-1-a,"Gerencia de Estrategia, Inteligencia Comercial, Desarrollo de Clientes y Modelos de Negocio",jerarquía / adscripción,v120-pemex-vi-1,"Subdirección de Estrategia, Precios e Inteligencia Comercial","Estatuto Orgánico de la Empresa Pública del Estado, Petróleos Mexicanos",https://dof.gob.mx/nota_detalle.php?codigo=5799602&fecha=25/09/2026,2026-09-28,"Estatuto Pemex 2026, art. 27, inciso VI.1.a. "
v120-rel-1375,v120-pemex-vi-1-b,Gerencia de Precios de la Dirección de Comercialización,jerarquía / adscripción,v120-pemex-vi-1,"Subdirección de Estrategia, Precios e Inteligencia Comercial","Estatuto Orgánico de la Empresa Pública del Estado, Petróleos Mexicanos",https://dof.gob.mx/nota_detalle.php?codigo=5799602&fecha=25/09/2026,2026-09-28,"Estatuto Pemex 2026, art. 27, inciso VI.1.b. "
v120-rel-1376,v120-pemex-vi-1-c,Gerencia de Soporte Comercial,jerarquía / adscripción,v120-pemex-vi-1,"Subdirección de Estrategia, Precios e Inteligencia Comercial","Estatuto Orgánico de la Empresa Pública del Estado, Petróleos Mexicanos",https://dof.gob.mx/nota_detalle.php?codigo=5799602&fecha=25/09/2026,2026-09-28,"Estatuto Pemex 2026, art. 27, inciso VI.1.c. "
v120-rel-1377,v120-pemex-vi-2,Subdirección de Comercialización de Combustibles de Transporte e Hidrocarburos,jerarquía / adscripción,v120-pemex-vi,Dirección de Comercialización,"Estatuto Orgánico de la Empresa Pública del Estado, Petróleos Mexicanos",https://dof.gob.mx/nota_detalle.php?codigo=5799602&fecha=25/09/2026,2026-09-28,"Estatuto Pemex 2026, art. 27, inciso VI.2. "
v120-rel-1378,v120-pemex-vi-2-a,Gerencia de Comercialización de Hidrocarburos,jerarquía / adscripción,v120-pemex-vi-2,Subdirección de Comercialización de Combustibles de Transporte e Hidrocarburos,"Estatuto Orgánico de la Empresa Pública del Estado, Petróleos Mexicanos",https://dof.gob.mx/nota_detalle.php?codigo=5799602&fecha=25/09/2026,2026-09-28,"Estatuto Pemex 2026, art. 27, inciso VI.2.a. "
v120-rel-1379,v120-pemex-vi-2-b,Gerencia de Operación Comercial de Combustibles de Transporte,jerarquía / adscripción,v120-pemex-vi-2,Subdirección de Comercialización de Combustibles de Transporte e Hidrocarburos,"Estatuto Orgánico de la Empresa Pública del Estado, Petróleos Mexicanos",https://dof.gob.mx/nota_detalle.php?codigo=5799602&fecha=25/09/2026,2026-09-28,"Estatuto Pemex 2026, art. 27, inciso VI.2.b. "
v120-rel-1380,v120-pemex-vi-2-c,Gerencia de Comercialización de Combustibles de Transporte,jerarquía / adscripción,v120-pemex-vi-2,Subdirección de Comercialización de Combustibles de Transporte e Hidrocarburos,"Estatuto Orgánico de la Empresa Pública del Estado, Petróleos Mexicanos",https://dof.gob.mx/nota_detalle.php?codigo=5799602&fecha=25/09/2026,2026-09-28,"Estatuto Pemex 2026, art. 27, inciso VI.2.c. "
v120-rel-1381,v120-pemex-vi-3,Subdirección de Comercialización de Productos y Combustibles Industriales,jerarquía / adscripción,v120-pemex-vi,Dirección de Comercialización,"Estatuto Orgánico de la Empresa Pública del Estado, Petróleos Mexicanos",https://dof.gob.mx/nota_detalle.php?codigo=5799602&fecha=25/09/2026,2026-09-28,"Estatuto Pemex 2026, art. 27, inciso VI.3. "
v120-rel-1382,v120-pemex-vi-3-a,Gerencia de Comercialización de Gas Natural y Etano,jerarquía / adscripción,v120-pemex-vi-3,Subdirección de Comercialización de Productos y Combustibles Industriales,"Estatuto Orgánico de la Empresa Pública del Estado, Petróleos Mexicanos",https://dof.gob.mx/nota_detalle.php?codigo=5799602&fecha=25/09/2026,2026-09-28,"Estatuto Pemex 2026, art. 27, inciso VI.3.a. "
v120-rel-1383,v120-pemex-vi-3-b,Gerencia de Comercialización de Gas Licuado de Petróleo y Residuales,jerarquía / adscripción,v120-pemex-vi-3,Subdirección de Comercialización de Productos y Combustibles Industriales,"Estatuto Orgánico de la Empresa Pública del Estado, Petróleos Mexicanos",https://dof.gob.mx/nota_detalle.php?codigo=5799602&fecha=25/09/2026,2026-09-28,"Estatuto Pemex 2026, art. 27, inciso VI.3.b. "
v120-rel-1384,v120-pemex-vi-3-c,Gerencia de Comercialización de Productos Petroquímicos y Fertilizantes,jerarquía / adscripción,v120-pemex-vi-3,Subdirección de Comercialización de Productos y Combustibles Industriales,"Estatuto Orgánico de la Empresa Pública del Estado, Petróleos Mexicanos",https://dof.gob.mx/nota_detalle.php?codigo=5799602&fecha=25/09/2026,2026-09-28,"Estatuto Pemex 2026, art. 27, inciso VI.3.c. "
v120-rel-1385,v120-pemex-vi-4,"Subdirección de Abasto de Hidrocarburos, Petrolíferos y Petroquímicos",jerarquía / adscripción,v120-pemex-vi,Dirección de Comercialización,"Estatuto Orgánico de la Empresa Pública del Estado, Petróleos Mexicanos",https://dof.gob.mx/nota_detalle.php?codigo=5799602&fecha=25/09/2026,2026-09-28,"Estatuto Pemex 2026, art. 27, inciso VI.4. "
v120-rel-1386,v120-pemex-vi-4-a,"Gerencia de Programación y Coordinación de Hidrocarburos, Petrolíferos y Petroquímicos",jerarquía / adscripción,v120-pemex-vi-4,"Subdirección de Abasto de Hidrocarburos, Petrolíferos y Petroquímicos","Estatuto Orgánico de la Empresa Pública del Estado, Petróleos Mexicanos",https://dof.gob.mx/nota_detalle.php?codigo=5799602&fecha=25/09/2026,2026-09-28,"Estatuto Pemex 2026, art. 27, inciso VI.4.a. "
v120-rel-1387,v120-pemex-vi-4-b,"Gerencia Operativa de Hidrocarburos, Petrolíferos y Petroquímicos",jerarquía / adscripción,v120-pemex-vi-4,"Subdirección de Abasto de Hidrocarburos, Petrolíferos y Petroquímicos","Estatuto Orgánico de la Empresa Pública del Estado, Petróleos Mexicanos",https://dof.gob.mx/nota_detalle.php?codigo=5799602&fecha=25/09/2026,2026-09-28,"Estatuto Pemex 2026, art. 27, inciso VI.4.b. "
v120-rel-1388,v120-pemex-vi-4-c,Gerencia de Operación de Importaciones y Exportaciones,jerarquía / adscripción,v120-pemex-vi-4,"Subdirección de Abasto de Hidrocarburos, Petrolíferos y Petroquímicos","Estatuto Orgánico de la Empresa Pública del Estado, Petróleos Mexicanos",https://dof.gob.mx/nota_detalle.php?codigo=5799602&fecha=25/09/2026,2026-09-28,"Estatuto Pemex 2026, art. 27, inciso VI.4.c. "
v120-rel-1389,v120-pemex-vii,Dirección de Finanzas,jerarquía / adscripción,para-active-181,Petróleos Mexicanos,"Estatuto Orgánico de la Empresa Pública del Estado, Petróleos Mexicanos",https://dof.gob.mx/nota_detalle.php?codigo=5799602&fecha=25/09/2026,2026-09-28,"Estatuto Pemex 2026, art. 27, inciso VII. "
v120-rel-1390,v120-pemex-vii-1,Subdirección de Presupuesto,jerarquía / adscripción,v120-pemex-vii,Dirección de Finanzas,"Estatuto Orgánico de la Empresa Pública del Estado, Petróleos Mexicanos",https://dof.gob.mx/nota_detalle.php?codigo=5799602&fecha=25/09/2026,2026-09-28,"Estatuto Pemex 2026, art. 27, inciso VII.1. "
v120-rel-1391,v120-pemex-vii-1-a,"Coordinación de Operación Presupuestal del Segmento "" A """,jerarquía / adscripción,v120-pemex-vii-1,Subdirección de Presupuesto,"Estatuto Orgánico de la Empresa Pública del Estado, Petróleos Mexicanos",https://dof.gob.mx/nota_detalle.php?codigo=5799602&fecha=25/09/2026,2026-09-28,"Estatuto Pemex 2026, art. 27, inciso VII.1.a. "
v120-rel-1392,v120-pemex-vii-1-a-i,"Gerencia de Seguimiento Presupuestal "" A """,jerarquía / adscripción,v120-pemex-vii-1-a,"Coordinación de Operación Presupuestal del Segmento "" A ""","Estatuto Orgánico de la Empresa Pública del Estado, Petróleos Mexicanos",https://dof.gob.mx/nota_detalle.php?codigo=5799602&fecha=25/09/2026,2026-09-28,"Estatuto Pemex 2026, art. 27, inciso VII.1.a.i. "
v120-rel-1393,v120-pemex-vii-1-a-ii,"Gerencia de Formulación y Operación Presupuestal "" A """,jerarquía / adscripción,v120-pemex-vii-1-a,"Coordinación de Operación Presupuestal del Segmento "" A ""","Estatuto Orgánico de la Empresa Pública del Estado, Petróleos Mexicanos",https://dof.gob.mx/nota_detalle.php?codigo=5799602&fecha=25/09/2026,2026-09-28,"Estatuto Pemex 2026, art. 27, inciso VII.1.a.ii. "
v120-rel-1394,v120-pemex-vii-1-a-iii,Gerencia de Contratos y Seguimiento Operativo,jerarquía / adscripción,v120-pemex-vii-1-a,"Coordinación de Operación Presupuestal del Segmento "" A ""","Estatuto Orgánico de la Empresa Pública del Estado, Petróleos Mexicanos",https://dof.gob.mx/nota_detalle.php?codigo=5799602&fecha=25/09/2026,2026-09-28,"Estatuto Pemex 2026, art. 27, inciso VII.1.a.iii. "
v120-rel-1395,v120-pemex-vii-1-b,"Coordinación de Operación Presupuestal del Segmento "" B """,jerarquía / adscripción,v120-pemex-vii-1,Subdirección de Presupuesto,"Estatuto Orgánico de la Empresa Pública del Estado, Petróleos Mexicanos",https://dof.gob.mx/nota_detalle.php?codigo=5799602&fecha=25/09/2026,2026-09-28,"Estatuto Pemex 2026, art. 27, inciso VII.1.b. "
v120-rel-1396,v120-pemex-vii-1-b-i,"Gerencia de Seguimiento Presupuestal "" B """,jerarquía / adscripción,v120-pemex-vii-1-b,"Coordinación de Operación Presupuestal del Segmento "" B ""","Estatuto Orgánico de la Empresa Pública del Estado, Petróleos Mexicanos",https://dof.gob.mx/nota_detalle.php?codigo=5799602&fecha=25/09/2026,2026-09-28,"Estatuto Pemex 2026, art. 27, inciso VII.1.b.i. "
v120-rel-1397,v120-pemex-vii-1-b-ii,"Gerencia de Formulación y Operación Presupuestal "" B """,jerarquía / adscripción,v120-pemex-vii-1-b,"Coordinación de Operación Presupuestal del Segmento "" B ""","Estatuto Orgánico de la Empresa Pública del Estado, Petróleos Mexicanos",https://dof.gob.mx/nota_detalle.php?codigo=5799602&fecha=25/09/2026,2026-09-28,"Estatuto Pemex 2026, art. 27, inciso VII.1.b.ii. "
v120-rel-1398,v120-pemex-vii-1-c,"Coordinación de Operación Presupuestal del Segmento "" C """,jerarquía / adscripción,v120-pemex-vii-1,Subdirección de Presupuesto,"Estatuto Orgánico de la Empresa Pública del Estado, Petróleos Mexicanos",https://dof.gob.mx/nota_detalle.php?codigo=5799602&fecha=25/09/2026,2026-09-28,"Estatuto Pemex 2026, art. 27, inciso VII.1.c. "
v120-rel-1399,v120-pemex-vii-1-c-i,"Gerencia de Seguimiento Presupuestal "" C """,jerarquía / adscripción,v120-pemex-vii-1-c,"Coordinación de Operación Presupuestal del Segmento "" C ""","Estatuto Orgánico de la Empresa Pública del Estado, Petróleos Mexicanos",https://dof.gob.mx/nota_detalle.php?codigo=5799602&fecha=25/09/2026,2026-09-28,"Estatuto Pemex 2026, art. 27, inciso VII.1.c.i. "
v120-rel-1400,v120-pemex-vii-1-c-ii,"Gerencia de Formulación y Operación Presupuestal "" C """,jerarquía / adscripción,v120-pemex-vii-1-c,"Coordinación de Operación Presupuestal del Segmento "" C ""","Estatuto Orgánico de la Empresa Pública del Estado, Petróleos Mexicanos",https://dof.gob.mx/nota_detalle.php?codigo=5799602&fecha=25/09/2026,2026-09-28,"Estatuto Pemex 2026, art. 27, inciso VII.1.c.ii. "
v120-rel-1401,v120-pemex-vii-1-d,Gerencia de Programación Presupuestal,jerarquía / adscripción,v120-pemex-vii-1,Subdirección de Presupuesto,"Estatuto Orgánico de la Empresa Pública del Estado, Petróleos Mexicanos",https://dof.gob.mx/nota_detalle.php?codigo=5799602&fecha=25/09/2026,2026-09-28,"Estatuto Pemex 2026, art. 27, inciso VII.1.d. "
v120-rel-1402,v120-pemex-vii-1-e,Gerencia de Control Presupuestario,jerarquía / adscripción,v120-pemex-vii-1,Subdirección de Presupuesto,"Estatuto Orgánico de la Empresa Pública del Estado, Petróleos Mexicanos",https://dof.gob.mx/nota_detalle.php?codigo=5799602&fecha=25/09/2026,2026-09-28,"Estatuto Pemex 2026, art. 27, inciso VII.1.e. "
v120-rel-1403,v120-pemex-vii-1-f,Gerencia de Gestión Presupuestal,jerarquía / adscripción,v120-pemex-vii-1,Subdirección de Presupuesto,"Estatuto Orgánico de la Empresa Pública del Estado, Petróleos Mexicanos",https://dof.gob.mx/nota_detalle.php?codigo=5799602&fecha=25/09/2026,2026-09-28,"Estatuto Pemex 2026, art. 27, inciso VII.1.f. "
v120-rel-1404,v120-pemex-vii-2,Subdirección de Contabilidad y Fiscal,jerarquía / adscripción,v120-pemex-vii,Dirección de Finanzas,"Estatuto Orgánico de la Empresa Pública del Estado, Petróleos Mexicanos",https://dof.gob.mx/nota_detalle.php?codigo=5799602&fecha=25/09/2026,2026-09-28,"Estatuto Pemex 2026, art. 27, inciso VII.2. "
v120-rel-1405,v120-pemex-vii-2-a,Gerencia de Contabilidad Central,jerarquía / adscripción,v120-pemex-vii-2,Subdirección de Contabilidad y Fiscal,"Estatuto Orgánico de la Empresa Pública del Estado, Petróleos Mexicanos",https://dof.gob.mx/nota_detalle.php?codigo=5799602&fecha=25/09/2026,2026-09-28,"Estatuto Pemex 2026, art. 27, inciso VII.2.a. "
v120-rel-1406,v120-pemex-vii-2-b,Gerencia Fiscal,jerarquía / adscripción,v120-pemex-vii-2,Subdirección de Contabilidad y Fiscal,"Estatuto Orgánico de la Empresa Pública del Estado, Petróleos Mexicanos",https://dof.gob.mx/nota_detalle.php?codigo=5799602&fecha=25/09/2026,2026-09-28,"Estatuto Pemex 2026, art. 27, inciso VII.2.b. "
v120-rel-1407,v120-pemex-vii-2-c,Gerencia de Contabilidad para Segmentos,jerarquía / adscripción,v120-pemex-vii-2,Subdirección de Contabilidad y Fiscal,"Estatuto Orgánico de la Empresa Pública del Estado, Petróleos Mexicanos",https://dof.gob.mx/nota_detalle.php?codigo=5799602&fecha=25/09/2026,2026-09-28,"Estatuto Pemex 2026, art. 27, inciso VII.2.c. "
v120-rel-1408,v120-pemex-vii-2-d,Gerencia de Contabilidad de Costos,jerarquía / adscripción,v120-pemex-vii-2,Subdirección de Contabilidad y Fiscal,"Estatuto Orgánico de la Empresa Pública del Estado, Petróleos Mexicanos",https://dof.gob.mx/nota_detalle.php?codigo=5799602&fecha=25/09/2026,2026-09-28,"Estatuto Pemex 2026, art. 27, inciso VII.2.d. "
v120-rel-1409,v120-pemex-vii-3,Subdirección de Tesorería,jerarquía / adscripción,v120-pemex-vii,Dirección de Finanzas,"Estatuto Orgánico de la Empresa Pública del Estado, Petróleos Mexicanos",https://dof.gob.mx/nota_detalle.php?codigo=5799602&fecha=25/09/2026,2026-09-28,"Estatuto Pemex 2026, art. 27, inciso VII.3. "
v120-rel-1410,v120-pemex-vii-3-a,Gerencia de Financiamientos e Inversiones,jerarquía / adscripción,v120-pemex-vii-3,Subdirección de Tesorería,"Estatuto Orgánico de la Empresa Pública del Estado, Petróleos Mexicanos",https://dof.gob.mx/nota_detalle.php?codigo=5799602&fecha=25/09/2026,2026-09-28,"Estatuto Pemex 2026, art. 27, inciso VII.3.a. "
v120-rel-1411,v120-pemex-vii-3-b,Gerencia de Procesos de Tesorería,jerarquía / adscripción,v120-pemex-vii-3,Subdirección de Tesorería,"Estatuto Orgánico de la Empresa Pública del Estado, Petróleos Mexicanos",https://dof.gob.mx/nota_detalle.php?codigo=5799602&fecha=25/09/2026,2026-09-28,"Estatuto Pemex 2026, art. 27, inciso VII.3.b. "
v120-rel-1412,v120-pemex-vii-3-c,Gerencia de Operaciones de Tesorería,jerarquía / adscripción,v120-pemex-vii-3,Subdirección de Tesorería,"Estatuto Orgánico de la Empresa Pública del Estado, Petróleos Mexicanos",https://dof.gob.mx/nota_detalle.php?codigo=5799602&fecha=25/09/2026,2026-09-28,"Estatuto Pemex 2026, art. 27, inciso VII.3.c. "
v120-rel-1413,v120-pemex-vii-4,"Subdirección de Administración de Riesgos, Aseguramiento y Análisis Económico Financiero",jerarquía / adscripción,v120-pemex-vii,Dirección de Finanzas,"Estatuto Orgánico de la Empresa Pública del Estado, Petróleos Mexicanos",https://dof.gob.mx/nota_detalle.php?codigo=5799602&fecha=25/09/2026,2026-09-28,"Estatuto Pemex 2026, art. 27, inciso VII.4. "
v120-rel-1414,v120-pemex-vii-4-a,Gerencia de Seguros y Fianzas,jerarquía / adscripción,v120-pemex-vii-4,"Subdirección de Administración de Riesgos, Aseguramiento y Análisis Económico Financiero","Estatuto Orgánico de la Empresa Pública del Estado, Petróleos Mexicanos",https://dof.gob.mx/nota_detalle.php?codigo=5799602&fecha=25/09/2026,2026-09-28,"Estatuto Pemex 2026, art. 27, inciso VII.4.a. "
v120-rel-1415,v120-pemex-vii-4-b,Gerencia de Reaseguro,jerarquía / adscripción,v120-pemex-vii-4,"Subdirección de Administración de Riesgos, Aseguramiento y Análisis Económico Financiero","Estatuto Orgánico de la Empresa Pública del Estado, Petróleos Mexicanos",https://dof.gob.mx/nota_detalle.php?codigo=5799602&fecha=25/09/2026,2026-09-28,"Estatuto Pemex 2026, art. 27, inciso VII.4.b. "
v120-rel-1416,v120-pemex-vii-4-c,Gerencia de Administración de Riesgos,jerarquía / adscripción,v120-pemex-vii-4,"Subdirección de Administración de Riesgos, Aseguramiento y Análisis Económico Financiero","Estatuto Orgánico de la Empresa Pública del Estado, Petróleos Mexicanos",https://dof.gob.mx/nota_detalle.php?codigo=5799602&fecha=25/09/2026,2026-09-28,"Estatuto Pemex 2026, art. 27, inciso VII.4.c. "
v120-rel-1417,v120-pemex-vii-4-d,Gerencia de Análisis Económico Financiero,jerarquía / adscripción,v120-pemex-vii-4,"Subdirección de Administración de Riesgos, Aseguramiento y Análisis Económico Financiero","Estatuto Orgánico de la Empresa Pública del Estado, Petróleos Mexicanos",https://dof.gob.mx/nota_detalle.php?codigo=5799602&fecha=25/09/2026,2026-09-28,"Estatuto Pemex 2026, art. 27, inciso VII.4.d. "
v120-rel-1418,v120-pemex-vii-4-e,Gerencia de Evaluación y Seguimiento de Inversiones,jerarquía / adscripción,v120-pemex-vii-4,"Subdirección de Administración de Riesgos, Aseguramiento y Análisis Económico Financiero","Estatuto Orgánico de la Empresa Pública del Estado, Petróleos Mexicanos",https://dof.gob.mx/nota_detalle.php?codigo=5799602&fecha=25/09/2026,2026-09-28,"Estatuto Pemex 2026, art. 27, inciso VII.4.e. "
v120-rel-1419,v120-pemex-vii-4-f,Gerencia de Precios de la Dirección de Finanzas,jerarquía / adscripción,v120-pemex-vii-4,"Subdirección de Administración de Riesgos, Aseguramiento y Análisis Económico Financiero","Estatuto Orgánico de la Empresa Pública del Estado, Petróleos Mexicanos",https://dof.gob.mx/nota_detalle.php?codigo=5799602&fecha=25/09/2026,2026-09-28,"Estatuto Pemex 2026, art. 27, inciso VII.4.f. "
v120-rel-1420,v120-pemex-vii-5,Subdirección de Coordinación Financiera y Seguimiento a Empresas Filiales,jerarquía / adscripción,v120-pemex-vii,Dirección de Finanzas,"Estatuto Orgánico de la Empresa Pública del Estado, Petróleos Mexicanos",https://dof.gob.mx/nota_detalle.php?codigo=5799602&fecha=25/09/2026,2026-09-28,"Estatuto Pemex 2026, art. 27, inciso VII.5. "
v120-rel-1421,v120-pemex-vii-5-a,Gerencia de Evaluación y Control de Ingresos,jerarquía / adscripción,v120-pemex-vii-5,Subdirección de Coordinación Financiera y Seguimiento a Empresas Filiales,"Estatuto Orgánico de la Empresa Pública del Estado, Petróleos Mexicanos",https://dof.gob.mx/nota_detalle.php?codigo=5799602&fecha=25/09/2026,2026-09-28,"Estatuto Pemex 2026, art. 27, inciso VII.5.a. "
v120-rel-1422,v120-pemex-vii-5-b,Gerencia de Seguimiento a Empresas Filiales,jerarquía / adscripción,v120-pemex-vii-5,Subdirección de Coordinación Financiera y Seguimiento a Empresas Filiales,"Estatuto Orgánico de la Empresa Pública del Estado, Petróleos Mexicanos",https://dof.gob.mx/nota_detalle.php?codigo=5799602&fecha=25/09/2026,2026-09-28,"Estatuto Pemex 2026, art. 27, inciso VII.5.b. "
v120-rel-1423,v120-pemex-vii-5-c,Gerencia de Gestión y Control Financiero,jerarquía / adscripción,v120-pemex-vii-5,Subdirección de Coordinación Financiera y Seguimiento a Empresas Filiales,"Estatuto Orgánico de la Empresa Pública del Estado, Petróleos Mexicanos",https://dof.gob.mx/nota_detalle.php?codigo=5799602&fecha=25/09/2026,2026-09-28,"Estatuto Pemex 2026, art. 27, inciso VII.5.c. "
v120-rel-1424,v120-pemex-viii,Dirección de Administración y Servicios,jerarquía / adscripción,para-active-181,Petróleos Mexicanos,"Estatuto Orgánico de la Empresa Pública del Estado, Petróleos Mexicanos",https://dof.gob.mx/nota_detalle.php?codigo=5799602&fecha=25/09/2026,2026-09-28,"Estatuto Pemex 2026, art. 27, inciso VIII. "
v120-rel-1425,v120-pemex-viii-1,Subdirección de Abastecimiento,jerarquía / adscripción,v120-pemex-viii,Dirección de Administración y Servicios,"Estatuto Orgánico de la Empresa Pública del Estado, Petróleos Mexicanos",https://dof.gob.mx/nota_detalle.php?codigo=5799602&fecha=25/09/2026,2026-09-28,"Estatuto Pemex 2026, art. 27, inciso VIII.1. "
v120-rel-1426,v120-pemex-viii-1-a,Coordinación de Abastecimiento para Servicios de Soporte y Control de Almacenes,jerarquía / adscripción,v120-pemex-viii-1,Subdirección de Abastecimiento,"Estatuto Orgánico de la Empresa Pública del Estado, Petróleos Mexicanos",https://dof.gob.mx/nota_detalle.php?codigo=5799602&fecha=25/09/2026,2026-09-28,"Estatuto Pemex 2026, art. 27, inciso VIII.1.a. "
v120-rel-1427,v120-pemex-viii-1-a-i,Gerencia de Contrataciones para Servicios de Soporte,jerarquía / adscripción,v120-pemex-viii-1-a,Coordinación de Abastecimiento para Servicios de Soporte y Control de Almacenes,"Estatuto Orgánico de la Empresa Pública del Estado, Petróleos Mexicanos",https://dof.gob.mx/nota_detalle.php?codigo=5799602&fecha=25/09/2026,2026-09-28,"Estatuto Pemex 2026, art. 27, inciso VIII.1.a.i. "
v120-rel-1428,v120-pemex-viii-1-a-ii,Gerencia de Administración y Control de Almacenes de Bienes de Consumo,jerarquía / adscripción,v120-pemex-viii-1-a,Coordinación de Abastecimiento para Servicios de Soporte y Control de Almacenes,"Estatuto Orgánico de la Empresa Pública del Estado, Petróleos Mexicanos",https://dof.gob.mx/nota_detalle.php?codigo=5799602&fecha=25/09/2026,2026-09-28,"Estatuto Pemex 2026, art. 27, inciso VIII.1.a.ii. "
v120-rel-1429,v120-pemex-viii-1-b,"Coordinación de Análisis, Estrategias Contractuales y Relación con Proveedores y Contratistas",jerarquía / adscripción,v120-pemex-viii-1,Subdirección de Abastecimiento,"Estatuto Orgánico de la Empresa Pública del Estado, Petróleos Mexicanos",https://dof.gob.mx/nota_detalle.php?codigo=5799602&fecha=25/09/2026,2026-09-28,"Estatuto Pemex 2026, art. 27, inciso VIII.1.b. "
v120-rel-1430,v120-pemex-viii-1-b-i,"Gerencia de Alianzas Contractuales, Abastecimiento Estratégico y Estándares Técnicos",jerarquía / adscripción,v120-pemex-viii-1-b,"Coordinación de Análisis, Estrategias Contractuales y Relación con Proveedores y Contratistas","Estatuto Orgánico de la Empresa Pública del Estado, Petróleos Mexicanos",https://dof.gob.mx/nota_detalle.php?codigo=5799602&fecha=25/09/2026,2026-09-28,"Estatuto Pemex 2026, art. 27, inciso VIII.1.b.i. "
v120-rel-1431,v120-pemex-viii-1-b-ii,"Gerencia de Evaluación, Vinculación y Desarrollo de Proveedores y Contratistas",jerarquía / adscripción,v120-pemex-viii-1-b,"Coordinación de Análisis, Estrategias Contractuales y Relación con Proveedores y Contratistas","Estatuto Orgánico de la Empresa Pública del Estado, Petróleos Mexicanos",https://dof.gob.mx/nota_detalle.php?codigo=5799602&fecha=25/09/2026,2026-09-28,"Estatuto Pemex 2026, art. 27, inciso VIII.1.b.ii. "
v120-rel-1432,v120-pemex-viii-1-b-iii,Gerencia de Ingeniería de Costos,jerarquía / adscripción,v120-pemex-viii-1-b,"Coordinación de Análisis, Estrategias Contractuales y Relación con Proveedores y Contratistas","Estatuto Orgánico de la Empresa Pública del Estado, Petróleos Mexicanos",https://dof.gob.mx/nota_detalle.php?codigo=5799602&fecha=25/09/2026,2026-09-28,"Estatuto Pemex 2026, art. 27, inciso VIII.1.b.iii. "
v120-rel-1433,v120-pemex-viii-1-b-iv,Gerencia de Análisis de Mercado,jerarquía / adscripción,v120-pemex-viii-1-b,"Coordinación de Análisis, Estrategias Contractuales y Relación con Proveedores y Contratistas","Estatuto Orgánico de la Empresa Pública del Estado, Petróleos Mexicanos",https://dof.gob.mx/nota_detalle.php?codigo=5799602&fecha=25/09/2026,2026-09-28,"Estatuto Pemex 2026, art. 27, inciso VIII.1.b.iv. "
v120-rel-1434,v120-pemex-viii-1-c,Coordinación de Abastecimiento para Exploración y Extracción,jerarquía / adscripción,v120-pemex-viii-1,Subdirección de Abastecimiento,"Estatuto Orgánico de la Empresa Pública del Estado, Petróleos Mexicanos",https://dof.gob.mx/nota_detalle.php?codigo=5799602&fecha=25/09/2026,2026-09-28,"Estatuto Pemex 2026, art. 27, inciso VIII.1.c. "
v120-rel-1435,v120-pemex-viii-1-c-i,"Gerencia de Contrataciones para Mantenimiento, Confiabilidad y Logística Marina",jerarquía / adscripción,v120-pemex-viii-1-c,Coordinación de Abastecimiento para Exploración y Extracción,"Estatuto Orgánico de la Empresa Pública del Estado, Petróleos Mexicanos",https://dof.gob.mx/nota_detalle.php?codigo=5799602&fecha=25/09/2026,2026-09-28,"Estatuto Pemex 2026, art. 27, inciso VIII.1.c.i. "
v120-rel-1436,v120-pemex-viii-1-c-ii,Gerencia de Contrataciones para Exploración y Extracción,jerarquía / adscripción,v120-pemex-viii-1-c,Coordinación de Abastecimiento para Exploración y Extracción,"Estatuto Orgánico de la Empresa Pública del Estado, Petróleos Mexicanos",https://dof.gob.mx/nota_detalle.php?codigo=5799602&fecha=25/09/2026,2026-09-28,"Estatuto Pemex 2026, art. 27, inciso VIII.1.c.ii. "
v120-rel-1437,v120-pemex-viii-1-d,"Coordinación de Abastecimiento para Procesos Industriales, Transformación Energética y Logística",jerarquía / adscripción,v120-pemex-viii-1,Subdirección de Abastecimiento,"Estatuto Orgánico de la Empresa Pública del Estado, Petróleos Mexicanos",https://dof.gob.mx/nota_detalle.php?codigo=5799602&fecha=25/09/2026,2026-09-28,"Estatuto Pemex 2026, art. 27, inciso VIII.1.d. "
v120-rel-1438,v120-pemex-viii-1-d-i,Gerencia de Contrataciones para Procesos Industriales,jerarquía / adscripción,v120-pemex-viii-1-d,"Coordinación de Abastecimiento para Procesos Industriales, Transformación Energética y Logística","Estatuto Orgánico de la Empresa Pública del Estado, Petróleos Mexicanos",https://dof.gob.mx/nota_detalle.php?codigo=5799602&fecha=25/09/2026,2026-09-28,"Estatuto Pemex 2026, art. 27, inciso VIII.1.d.i. "
v120-rel-1439,v120-pemex-viii-1-d-ii,Gerencia de Contrataciones para Transformación Energética y Logística,jerarquía / adscripción,v120-pemex-viii-1-d,"Coordinación de Abastecimiento para Procesos Industriales, Transformación Energética y Logística","Estatuto Orgánico de la Empresa Pública del Estado, Petróleos Mexicanos",https://dof.gob.mx/nota_detalle.php?codigo=5799602&fecha=25/09/2026,2026-09-28,"Estatuto Pemex 2026, art. 27, inciso VIII.1.d.ii. "
v120-rel-1440,v120-pemex-viii-1-e,"Gerencia de Mejora del Proceso, Vinculación y Planeación",jerarquía / adscripción,v120-pemex-viii-1,Subdirección de Abastecimiento,"Estatuto Orgánico de la Empresa Pública del Estado, Petróleos Mexicanos",https://dof.gob.mx/nota_detalle.php?codigo=5799602&fecha=25/09/2026,2026-09-28,"Estatuto Pemex 2026, art. 27, inciso VIII.1.e. "
v120-rel-1441,v120-pemex-viii-2,Subdirección de Capital Humano,jerarquía / adscripción,v120-pemex-viii,Dirección de Administración y Servicios,"Estatuto Orgánico de la Empresa Pública del Estado, Petróleos Mexicanos",https://dof.gob.mx/nota_detalle.php?codigo=5799602&fecha=25/09/2026,2026-09-28,"Estatuto Pemex 2026, art. 27, inciso VIII.2. "
v120-rel-1442,v120-pemex-viii-2-a,Coordinación de Relaciones Laborales,jerarquía / adscripción,v120-pemex-viii-2,Subdirección de Capital Humano,"Estatuto Orgánico de la Empresa Pública del Estado, Petróleos Mexicanos",https://dof.gob.mx/nota_detalle.php?codigo=5799602&fecha=25/09/2026,2026-09-28,"Estatuto Pemex 2026, art. 27, inciso VIII.2.a. "
v120-rel-1443,v120-pemex-viii-2-a-i,Gerencia Regional de Relaciones Laborales Sureste,jerarquía / adscripción,v120-pemex-viii-2-a,Coordinación de Relaciones Laborales,"Estatuto Orgánico de la Empresa Pública del Estado, Petróleos Mexicanos",https://dof.gob.mx/nota_detalle.php?codigo=5799602&fecha=25/09/2026,2026-09-28,"Estatuto Pemex 2026, art. 27, inciso VIII.2.a.i. "
v120-rel-1444,v120-pemex-viii-2-a-ii,Gerencia Regional de Relaciones Laborales Sur,jerarquía / adscripción,v120-pemex-viii-2-a,Coordinación de Relaciones Laborales,"Estatuto Orgánico de la Empresa Pública del Estado, Petróleos Mexicanos",https://dof.gob.mx/nota_detalle.php?codigo=5799602&fecha=25/09/2026,2026-09-28,"Estatuto Pemex 2026, art. 27, inciso VIII.2.a.ii. "
v120-rel-1445,v120-pemex-viii-2-a-iii,Gerencia Regional de Relaciones Laborales Altiplano,jerarquía / adscripción,v120-pemex-viii-2-a,Coordinación de Relaciones Laborales,"Estatuto Orgánico de la Empresa Pública del Estado, Petróleos Mexicanos",https://dof.gob.mx/nota_detalle.php?codigo=5799602&fecha=25/09/2026,2026-09-28,"Estatuto Pemex 2026, art. 27, inciso VIII.2.a.iii. "
v120-rel-1446,v120-pemex-viii-2-a-iv,Gerencia Regional de Relaciones Laborales Norte,jerarquía / adscripción,v120-pemex-viii-2-a,Coordinación de Relaciones Laborales,"Estatuto Orgánico de la Empresa Pública del Estado, Petróleos Mexicanos",https://dof.gob.mx/nota_detalle.php?codigo=5799602&fecha=25/09/2026,2026-09-28,"Estatuto Pemex 2026, art. 27, inciso VIII.2.a.iv. "
v120-rel-1447,v120-pemex-viii-2-b,"Coordinación de Nómina, Capacitación y Movimientos de Personal",jerarquía / adscripción,v120-pemex-viii-2,Subdirección de Capital Humano,"Estatuto Orgánico de la Empresa Pública del Estado, Petróleos Mexicanos",https://dof.gob.mx/nota_detalle.php?codigo=5799602&fecha=25/09/2026,2026-09-28,"Estatuto Pemex 2026, art. 27, inciso VIII.2.b. "
v120-rel-1448,v120-pemex-viii-2-b-i,Gerencia de Nómina y Prestaciones Económicas,jerarquía / adscripción,v120-pemex-viii-2-b,"Coordinación de Nómina, Capacitación y Movimientos de Personal","Estatuto Orgánico de la Empresa Pública del Estado, Petróleos Mexicanos",https://dof.gob.mx/nota_detalle.php?codigo=5799602&fecha=25/09/2026,2026-09-28,"Estatuto Pemex 2026, art. 27, inciso VIII.2.b.i. "
v120-rel-1449,v120-pemex-viii-2-b-ii,Gerencia de Ingresos y Movimientos de Personal,jerarquía / adscripción,v120-pemex-viii-2-b,"Coordinación de Nómina, Capacitación y Movimientos de Personal","Estatuto Orgánico de la Empresa Pública del Estado, Petróleos Mexicanos",https://dof.gob.mx/nota_detalle.php?codigo=5799602&fecha=25/09/2026,2026-09-28,"Estatuto Pemex 2026, art. 27, inciso VIII.2.b.ii. "
v120-rel-1450,v120-pemex-viii-2-b-iii,"Gerencia de Capacitación, Desempeño y Servicios al Personal",jerarquía / adscripción,v120-pemex-viii-2-b,"Coordinación de Nómina, Capacitación y Movimientos de Personal","Estatuto Orgánico de la Empresa Pública del Estado, Petróleos Mexicanos",https://dof.gob.mx/nota_detalle.php?codigo=5799602&fecha=25/09/2026,2026-09-28,"Estatuto Pemex 2026, art. 27, inciso VIII.2.b.iii. "
v120-rel-1451,v120-pemex-viii-2-c,Gerencia de Organización e Integración de Estructuras,jerarquía / adscripción,v120-pemex-viii-2,Subdirección de Capital Humano,"Estatuto Orgánico de la Empresa Pública del Estado, Petróleos Mexicanos",https://dof.gob.mx/nota_detalle.php?codigo=5799602&fecha=25/09/2026,2026-09-28,"Estatuto Pemex 2026, art. 27, inciso VIII.2.c. "
v120-rel-1452,v120-pemex-viii-2-d,Gerencia de Asuntos Internos,jerarquía / adscripción,v120-pemex-viii-2,Subdirección de Capital Humano,"Estatuto Orgánico de la Empresa Pública del Estado, Petróleos Mexicanos",https://dof.gob.mx/nota_detalle.php?codigo=5799602&fecha=25/09/2026,2026-09-28,"Estatuto Pemex 2026, art. 27, inciso VIII.2.d. "
v120-rel-1453,v120-pemex-viii-3,Subdirección de Servicios de Salud,jerarquía / adscripción,v120-pemex-viii,Dirección de Administración y Servicios,"Estatuto Orgánico de la Empresa Pública del Estado, Petróleos Mexicanos",https://dof.gob.mx/nota_detalle.php?codigo=5799602&fecha=25/09/2026,2026-09-28,"Estatuto Pemex 2026, art. 27, inciso VIII.3. "
v120-rel-1454,v120-pemex-viii-3-a,Gerencia de Atención Médica,jerarquía / adscripción,v120-pemex-viii-3,Subdirección de Servicios de Salud,"Estatuto Orgánico de la Empresa Pública del Estado, Petróleos Mexicanos",https://dof.gob.mx/nota_detalle.php?codigo=5799602&fecha=25/09/2026,2026-09-28,"Estatuto Pemex 2026, art. 27, inciso VIII.3.a. "
v120-rel-1455,v120-pemex-viii-3-b,Gerencia de Programas y Políticas de Salud Pública,jerarquía / adscripción,v120-pemex-viii-3,Subdirección de Servicios de Salud,"Estatuto Orgánico de la Empresa Pública del Estado, Petróleos Mexicanos",https://dof.gob.mx/nota_detalle.php?codigo=5799602&fecha=25/09/2026,2026-09-28,"Estatuto Pemex 2026, art. 27, inciso VIII.3.b. "
v120-rel-1456,v120-pemex-viii-3-c,Gerencia de Administración de Servicios de Salud,jerarquía / adscripción,v120-pemex-viii-3,Subdirección de Servicios de Salud,"Estatuto Orgánico de la Empresa Pública del Estado, Petróleos Mexicanos",https://dof.gob.mx/nota_detalle.php?codigo=5799602&fecha=25/09/2026,2026-09-28,"Estatuto Pemex 2026, art. 27, inciso VIII.3.c. "
v120-rel-1457,v120-pemex-viii-4,Subdirección de Servicios y Administración de Bienes,jerarquía / adscripción,v120-pemex-viii,Dirección de Administración y Servicios,"Estatuto Orgánico de la Empresa Pública del Estado, Petróleos Mexicanos",https://dof.gob.mx/nota_detalle.php?codigo=5799602&fecha=25/09/2026,2026-09-28,"Estatuto Pemex 2026, art. 27, inciso VIII.4. "
v120-rel-1458,v120-pemex-viii-4-a,Gerencia de Servicios Generales,jerarquía / adscripción,v120-pemex-viii-4,Subdirección de Servicios y Administración de Bienes,"Estatuto Orgánico de la Empresa Pública del Estado, Petróleos Mexicanos",https://dof.gob.mx/nota_detalle.php?codigo=5799602&fecha=25/09/2026,2026-09-28,"Estatuto Pemex 2026, art. 27, inciso VIII.4.a. "
v120-rel-1459,v120-pemex-viii-4-b,Gerencia de Administración Patrimonial,jerarquía / adscripción,v120-pemex-viii-4,Subdirección de Servicios y Administración de Bienes,"Estatuto Orgánico de la Empresa Pública del Estado, Petróleos Mexicanos",https://dof.gob.mx/nota_detalle.php?codigo=5799602&fecha=25/09/2026,2026-09-28,"Estatuto Pemex 2026, art. 27, inciso VIII.4.b. "
v120-rel-1460,v120-pemex-viii-4-c,Gerencia de Obra y Mantenimiento Centro-Norte,jerarquía / adscripción,v120-pemex-viii-4,Subdirección de Servicios y Administración de Bienes,"Estatuto Orgánico de la Empresa Pública del Estado, Petróleos Mexicanos",https://dof.gob.mx/nota_detalle.php?codigo=5799602&fecha=25/09/2026,2026-09-28,"Estatuto Pemex 2026, art. 27, inciso VIII.4.c. "
v120-rel-1461,v120-pemex-viii-4-d,Gerencia de Obra y Mantenimiento Sureste-Marina,jerarquía / adscripción,v120-pemex-viii-4,Subdirección de Servicios y Administración de Bienes,"Estatuto Orgánico de la Empresa Pública del Estado, Petróleos Mexicanos",https://dof.gob.mx/nota_detalle.php?codigo=5799602&fecha=25/09/2026,2026-09-28,"Estatuto Pemex 2026, art. 27, inciso VIII.4.d. "
v120-rel-1462,v120-pemex-viii-5,Subdirección de Tecnologías de la Información y Comunicaciones,jerarquía / adscripción,v120-pemex-viii,Dirección de Administración y Servicios,"Estatuto Orgánico de la Empresa Pública del Estado, Petróleos Mexicanos",https://dof.gob.mx/nota_detalle.php?codigo=5799602&fecha=25/09/2026,2026-09-28,"Estatuto Pemex 2026, art. 27, inciso VIII.5. "
v120-rel-1463,v120-pemex-viii-5-a,Coordinación de Soluciones y Servicios de Negocio,jerarquía / adscripción,v120-pemex-viii-5,Subdirección de Tecnologías de la Información y Comunicaciones,"Estatuto Orgánico de la Empresa Pública del Estado, Petróleos Mexicanos",https://dof.gob.mx/nota_detalle.php?codigo=5799602&fecha=25/09/2026,2026-09-28,"Estatuto Pemex 2026, art. 27, inciso VIII.5.a. "
v120-rel-1464,v120-pemex-viii-5-a-i,Gerencia de Soluciones Empresariales,jerarquía / adscripción,v120-pemex-viii-5-a,Coordinación de Soluciones y Servicios de Negocio,"Estatuto Orgánico de la Empresa Pública del Estado, Petróleos Mexicanos",https://dof.gob.mx/nota_detalle.php?codigo=5799602&fecha=25/09/2026,2026-09-28,"Estatuto Pemex 2026, art. 27, inciso VIII.5.a.i. "
v120-rel-1465,v120-pemex-viii-5-a-ii,Gerencia de Desarrollo e Integración de Soluciones de Negocio,jerarquía / adscripción,v120-pemex-viii-5-a,Coordinación de Soluciones y Servicios de Negocio,"Estatuto Orgánico de la Empresa Pública del Estado, Petróleos Mexicanos",https://dof.gob.mx/nota_detalle.php?codigo=5799602&fecha=25/09/2026,2026-09-28,"Estatuto Pemex 2026, art. 27, inciso VIII.5.a.ii. "
v120-rel-1466,v120-pemex-viii-5-a-iii,Gerencia de Soluciones Tecnológicas para Procesos Sustantivos,jerarquía / adscripción,v120-pemex-viii-5-a,Coordinación de Soluciones y Servicios de Negocio,"Estatuto Orgánico de la Empresa Pública del Estado, Petróleos Mexicanos",https://dof.gob.mx/nota_detalle.php?codigo=5799602&fecha=25/09/2026,2026-09-28,"Estatuto Pemex 2026, art. 27, inciso VIII.5.a.iii. "
v120-rel-1467,v120-pemex-viii-5-b,Coordinación de Servicios de Tecnologías de la Información y Comunicaciones,jerarquía / adscripción,v120-pemex-viii-5,Subdirección de Tecnologías de la Información y Comunicaciones,"Estatuto Orgánico de la Empresa Pública del Estado, Petróleos Mexicanos",https://dof.gob.mx/nota_detalle.php?codigo=5799602&fecha=25/09/2026,2026-09-28,"Estatuto Pemex 2026, art. 27, inciso VIII.5.b. "
v120-rel-1468,v120-pemex-viii-5-b-i,Gerencia de Servicios Digitales,jerarquía / adscripción,v120-pemex-viii-5-b,Coordinación de Servicios de Tecnologías de la Información y Comunicaciones,"Estatuto Orgánico de la Empresa Pública del Estado, Petróleos Mexicanos",https://dof.gob.mx/nota_detalle.php?codigo=5799602&fecha=25/09/2026,2026-09-28,"Estatuto Pemex 2026, art. 27, inciso VIII.5.b.i. "
v120-rel-1469,v120-pemex-viii-5-b-ii,Gerencia de Seguridad de la Información,jerarquía / adscripción,v120-pemex-viii-5-b,Coordinación de Servicios de Tecnologías de la Información y Comunicaciones,"Estatuto Orgánico de la Empresa Pública del Estado, Petróleos Mexicanos",https://dof.gob.mx/nota_detalle.php?codigo=5799602&fecha=25/09/2026,2026-09-28,"Estatuto Pemex 2026, art. 27, inciso VIII.5.b.ii. "
v120-rel-1470,v120-pemex-viii-5-b-iii,Gerencia de Servicios e Infraestructura de Comunicaciones,jerarquía / adscripción,v120-pemex-viii-5-b,Coordinación de Servicios de Tecnologías de la Información y Comunicaciones,"Estatuto Orgánico de la Empresa Pública del Estado, Petróleos Mexicanos",https://dof.gob.mx/nota_detalle.php?codigo=5799602&fecha=25/09/2026,2026-09-28,"Estatuto Pemex 2026, art. 27, inciso VIII.5.b.iii. "
v120-rel-1471,v120-pemex-viii-5-b-iv,Gerencia de Soporte Operativo y Entrega de Servicios de Tecnologías de la Información y Comunicaciones,jerarquía / adscripción,v120-pemex-viii-5-b,Coordinación de Servicios de Tecnologías de la Información y Comunicaciones,"Estatuto Orgánico de la Empresa Pública del Estado, Petróleos Mexicanos",https://dof.gob.mx/nota_detalle.php?codigo=5799602&fecha=25/09/2026,2026-09-28,"Estatuto Pemex 2026, art. 27, inciso VIII.5.b.iv. "
v120-rel-1472,v120-pemex-viii-5-c,Gerencia de Innovación y Gobierno Digital,jerarquía / adscripción,v120-pemex-viii-5,Subdirección de Tecnologías de la Información y Comunicaciones,"Estatuto Orgánico de la Empresa Pública del Estado, Petróleos Mexicanos",https://dof.gob.mx/nota_detalle.php?codigo=5799602&fecha=25/09/2026,2026-09-28,"Estatuto Pemex 2026, art. 27, inciso VIII.5.c. "
v120-rel-1473,v120-pemex-viii-5-d,Gerencia de Seguimiento Estratégico y Cumplimiento Normativo,jerarquía / adscripción,v120-pemex-viii-5,Subdirección de Tecnologías de la Información y Comunicaciones,"Estatuto Orgánico de la Empresa Pública del Estado, Petróleos Mexicanos",https://dof.gob.mx/nota_detalle.php?codigo=5799602&fecha=25/09/2026,2026-09-28,"Estatuto Pemex 2026, art. 27, inciso VIII.5.d. "
v120-rel-1474,v120-pemex-viii-6,Coordinación de Control y Soporte de Administración y Servicios,jerarquía / adscripción,v120-pemex-viii,Dirección de Administración y Servicios,"Estatuto Orgánico de la Empresa Pública del Estado, Petróleos Mexicanos",https://dof.gob.mx/nota_detalle.php?codigo=5799602&fecha=25/09/2026,2026-09-28,"Estatuto Pemex 2026, art. 27, inciso VIII.6. "
v120-rel-1475,v120-pemex-viii-7,Gerencia de Responsabilidad Social,jerarquía / adscripción,v120-pemex-viii,Dirección de Administración y Servicios,"Estatuto Orgánico de la Empresa Pública del Estado, Petróleos Mexicanos",https://dof.gob.mx/nota_detalle.php?codigo=5799602&fecha=25/09/2026,2026-09-28,"Estatuto Pemex 2026, art. 27, inciso VIII.7. "
v120-rel-1476,v120-pemex-viii-8,Gerencia de Inclusión y Derechos Humanos,jerarquía / adscripción,v120-pemex-viii,Dirección de Administración y Servicios,"Estatuto Orgánico de la Empresa Pública del Estado, Petróleos Mexicanos",https://dof.gob.mx/nota_detalle.php?codigo=5799602&fecha=25/09/2026,2026-09-28,"Estatuto Pemex 2026, art. 27, inciso VIII.8. "
v120-rel-1477,v120-pemex-viii-9,Gerencia de Enlace Legislativo,jerarquía / adscripción,v120-pemex-viii,Dirección de Administración y Servicios,"Estatuto Orgánico de la Empresa Pública del Estado, Petróleos Mexicanos",https://dof.gob.mx/nota_detalle.php?codigo=5799602&fecha=25/09/2026,2026-09-28,"Estatuto Pemex 2026, art. 27, inciso VIII.9. "
v120-rel-1478,v120-pemex-viii-10,Gerencia de Enlace para el Consejo de Administración,jerarquía / adscripción,v120-pemex-viii,Dirección de Administración y Servicios,"Estatuto Orgánico de la Empresa Pública del Estado, Petróleos Mexicanos",https://dof.gob.mx/nota_detalle.php?codigo=5799602&fecha=25/09/2026,2026-09-28,"Estatuto Pemex 2026, art. 27, inciso VIII.10. "
v120-rel-1479,v120-pemex-viii-11,Gerencia de Comunicación y Mercadotecnia,jerarquía / adscripción,v120-pemex-viii,Dirección de Administración y Servicios,"Estatuto Orgánico de la Empresa Pública del Estado, Petróleos Mexicanos",https://dof.gob.mx/nota_detalle.php?codigo=5799602&fecha=25/09/2026,2026-09-28,"Estatuto Pemex 2026, art. 27, inciso VIII.11. "
v120-rel-1480,v120-pemex-ix,Dirección Jurídica,jerarquía / adscripción,para-active-181,Petróleos Mexicanos,"Estatuto Orgánico de la Empresa Pública del Estado, Petróleos Mexicanos",https://dof.gob.mx/nota_detalle.php?codigo=5799602&fecha=25/09/2026,2026-09-28,"Estatuto Pemex 2026, art. 27, inciso IX. "
v120-rel-1481,v120-pemex-ix-1,Subdirección Jurídica Consultiva y de Contratos,jerarquía / adscripción,v120-pemex-ix,Dirección Jurídica,"Estatuto Orgánico de la Empresa Pública del Estado, Petróleos Mexicanos",https://dof.gob.mx/nota_detalle.php?codigo=5799602&fecha=25/09/2026,2026-09-28,"Estatuto Pemex 2026, art. 27, inciso IX.1. "
v120-rel-1482,v120-pemex-ix-1-a,Gerencia Jurídica de Contratos de Exploración y Extracción,jerarquía / adscripción,v120-pemex-ix-1,Subdirección Jurídica Consultiva y de Contratos,"Estatuto Orgánico de la Empresa Pública del Estado, Petróleos Mexicanos",https://dof.gob.mx/nota_detalle.php?codigo=5799602&fecha=25/09/2026,2026-09-28,"Estatuto Pemex 2026, art. 27, inciso IX.1.a. "
v120-rel-1483,v120-pemex-ix-1-b,Gerencia Jurídica de Contratos,jerarquía / adscripción,v120-pemex-ix-1,Subdirección Jurídica Consultiva y de Contratos,"Estatuto Orgánico de la Empresa Pública del Estado, Petróleos Mexicanos",https://dof.gob.mx/nota_detalle.php?codigo=5799602&fecha=25/09/2026,2026-09-28,"Estatuto Pemex 2026, art. 27, inciso IX.1.b. "
v120-rel-1484,v120-pemex-ix-1-c,Gerencia Jurídica de Asuntos Consultivos y Patrimoniales,jerarquía / adscripción,v120-pemex-ix-1,Subdirección Jurídica Consultiva y de Contratos,"Estatuto Orgánico de la Empresa Pública del Estado, Petróleos Mexicanos",https://dof.gob.mx/nota_detalle.php?codigo=5799602&fecha=25/09/2026,2026-09-28,"Estatuto Pemex 2026, art. 27, inciso IX.1.c. "
v120-rel-1485,v120-pemex-ix-1-d,Gerencia Jurídica de Asuntos Financieros y Mercantiles,jerarquía / adscripción,v120-pemex-ix-1,Subdirección Jurídica Consultiva y de Contratos,"Estatuto Orgánico de la Empresa Pública del Estado, Petróleos Mexicanos",https://dof.gob.mx/nota_detalle.php?codigo=5799602&fecha=25/09/2026,2026-09-28,"Estatuto Pemex 2026, art. 27, inciso IX.1.d. "
v120-rel-1486,v120-pemex-ix-2,Subdirección Jurídica de Asuntos Especiales,jerarquía / adscripción,v120-pemex-ix,Dirección Jurídica,"Estatuto Orgánico de la Empresa Pública del Estado, Petróleos Mexicanos",https://dof.gob.mx/nota_detalle.php?codigo=5799602&fecha=25/09/2026,2026-09-28,"Estatuto Pemex 2026, art. 27, inciso IX.2. "
v120-rel-1487,v120-pemex-ix-2-a,Gerencia Jurídica de Cumplimiento Legal,jerarquía / adscripción,v120-pemex-ix-2,Subdirección Jurídica de Asuntos Especiales,"Estatuto Orgánico de la Empresa Pública del Estado, Petróleos Mexicanos",https://dof.gob.mx/nota_detalle.php?codigo=5799602&fecha=25/09/2026,2026-09-28,"Estatuto Pemex 2026, art. 27, inciso IX.2.a. "
v120-rel-1488,v120-pemex-ix-2-b,Gerencia Jurídica Normativa,jerarquía / adscripción,v120-pemex-ix-2,Subdirección Jurídica de Asuntos Especiales,"Estatuto Orgánico de la Empresa Pública del Estado, Petróleos Mexicanos",https://dof.gob.mx/nota_detalle.php?codigo=5799602&fecha=25/09/2026,2026-09-28,"Estatuto Pemex 2026, art. 27, inciso IX.2.b. "
v120-rel-1489,v120-pemex-ix-2-c,Gerencia Jurídica de Visitaduría y Estadística,jerarquía / adscripción,v120-pemex-ix-2,Subdirección Jurídica de Asuntos Especiales,"Estatuto Orgánico de la Empresa Pública del Estado, Petróleos Mexicanos",https://dof.gob.mx/nota_detalle.php?codigo=5799602&fecha=25/09/2026,2026-09-28,"Estatuto Pemex 2026, art. 27, inciso IX.2.c. "
v120-rel-1490,v120-pemex-ix-2-d,Gerencia de Servicios Jurídicos,jerarquía / adscripción,v120-pemex-ix-2,Subdirección Jurídica de Asuntos Especiales,"Estatuto Orgánico de la Empresa Pública del Estado, Petróleos Mexicanos",https://dof.gob.mx/nota_detalle.php?codigo=5799602&fecha=25/09/2026,2026-09-28,"Estatuto Pemex 2026, art. 27, inciso IX.2.d. "
v120-rel-1491,v120-pemex-ix-3,Subdirección Jurídica Contenciosa,jerarquía / adscripción,v120-pemex-ix,Dirección Jurídica,"Estatuto Orgánico de la Empresa Pública del Estado, Petróleos Mexicanos",https://dof.gob.mx/nota_detalle.php?codigo=5799602&fecha=25/09/2026,2026-09-28,"Estatuto Pemex 2026, art. 27, inciso IX.3. "
v120-rel-1492,v120-pemex-ix-3-a,Gerencia Jurídica Contenciosa de Derecho Privado,jerarquía / adscripción,v120-pemex-ix-3,Subdirección Jurídica Contenciosa,"Estatuto Orgánico de la Empresa Pública del Estado, Petróleos Mexicanos",https://dof.gob.mx/nota_detalle.php?codigo=5799602&fecha=25/09/2026,2026-09-28,"Estatuto Pemex 2026, art. 27, inciso IX.3.a. "
v120-rel-1493,v120-pemex-ix-3-b,Gerencia Jurídica Contenciosa Administrativa,jerarquía / adscripción,v120-pemex-ix-3,Subdirección Jurídica Contenciosa,"Estatuto Orgánico de la Empresa Pública del Estado, Petróleos Mexicanos",https://dof.gob.mx/nota_detalle.php?codigo=5799602&fecha=25/09/2026,2026-09-28,"Estatuto Pemex 2026, art. 27, inciso IX.3.b. "
v120-rel-1494,v120-pemex-ix-3-c,Gerencia Jurídica Contenciosa Laboral,jerarquía / adscripción,v120-pemex-ix-3,Subdirección Jurídica Contenciosa,"Estatuto Orgánico de la Empresa Pública del Estado, Petróleos Mexicanos",https://dof.gob.mx/nota_detalle.php?codigo=5799602&fecha=25/09/2026,2026-09-28,"Estatuto Pemex 2026, art. 27, inciso IX.3.c. "
v120-rel-1495,v120-pemex-ix-3-d,Gerencia Jurídica Contenciosa Penal,jerarquía / adscripción,v120-pemex-ix-3,Subdirección Jurídica Contenciosa,"Estatuto Orgánico de la Empresa Pública del Estado, Petróleos Mexicanos",https://dof.gob.mx/nota_detalle.php?codigo=5799602&fecha=25/09/2026,2026-09-28,"Estatuto Pemex 2026, art. 27, inciso IX.3.d. "
v120-rel-1496,v120-pemex-ix-3-e,Gerencia Jurídica Regional,jerarquía / adscripción,v120-pemex-ix-3,Subdirección Jurídica Contenciosa,"Estatuto Orgánico de la Empresa Pública del Estado, Petróleos Mexicanos",https://dof.gob.mx/nota_detalle.php?codigo=5799602&fecha=25/09/2026,2026-09-28,"Estatuto Pemex 2026, art. 27, inciso IX.3.e. "
v120-rel-1497,v120-pemex-x,"Dirección de Planeación, Coordinación, Desempeño y Sostenibilidad",jerarquía / adscripción,para-active-181,Petróleos Mexicanos,"Estatuto Orgánico de la Empresa Pública del Estado, Petróleos Mexicanos",https://dof.gob.mx/nota_detalle.php?codigo=5799602&fecha=25/09/2026,2026-09-28,"Estatuto Pemex 2026, art. 27, inciso X. "
v120-rel-1498,v120-pemex-x-1,Subdirección de Planeación Estratégica y Análisis Regulatorio,jerarquía / adscripción,v120-pemex-x,"Dirección de Planeación, Coordinación, Desempeño y Sostenibilidad","Estatuto Orgánico de la Empresa Pública del Estado, Petróleos Mexicanos",https://dof.gob.mx/nota_detalle.php?codigo=5799602&fecha=25/09/2026,2026-09-28,"Estatuto Pemex 2026, art. 27, inciso X.1. "
v120-rel-1499,v120-pemex-x-1-a,Gerencia de Planeación Estratégica,jerarquía / adscripción,v120-pemex-x-1,Subdirección de Planeación Estratégica y Análisis Regulatorio,"Estatuto Orgánico de la Empresa Pública del Estado, Petróleos Mexicanos",https://dof.gob.mx/nota_detalle.php?codigo=5799602&fecha=25/09/2026,2026-09-28,"Estatuto Pemex 2026, art. 27, inciso X.1.a. "
v120-rel-1500,v120-pemex-x-1-b,Gerencia de Análisis Regulatorio,jerarquía / adscripción,v120-pemex-x-1,Subdirección de Planeación Estratégica y Análisis Regulatorio,"Estatuto Orgánico de la Empresa Pública del Estado, Petróleos Mexicanos",https://dof.gob.mx/nota_detalle.php?codigo=5799602&fecha=25/09/2026,2026-09-28,"Estatuto Pemex 2026, art. 27, inciso X.1.b. "
v120-rel-1501,v120-pemex-x-1-c,Gerencia de Costos Operativos,jerarquía / adscripción,v120-pemex-x-1,Subdirección de Planeación Estratégica y Análisis Regulatorio,"Estatuto Orgánico de la Empresa Pública del Estado, Petróleos Mexicanos",https://dof.gob.mx/nota_detalle.php?codigo=5799602&fecha=25/09/2026,2026-09-28,"Estatuto Pemex 2026, art. 27, inciso X.1.c. "
v120-rel-1502,v120-pemex-x-2,Subdirección de Ejecución de la Estrategia de Inversiones,jerarquía / adscripción,v120-pemex-x,"Dirección de Planeación, Coordinación, Desempeño y Sostenibilidad","Estatuto Orgánico de la Empresa Pública del Estado, Petróleos Mexicanos",https://dof.gob.mx/nota_detalle.php?codigo=5799602&fecha=25/09/2026,2026-09-28,"Estatuto Pemex 2026, art. 27, inciso X.2. "
v120-rel-1503,v120-pemex-x-2-a,Gerencia de Administración y Seguimiento de Inversiones,jerarquía / adscripción,v120-pemex-x-2,Subdirección de Ejecución de la Estrategia de Inversiones,"Estatuto Orgánico de la Empresa Pública del Estado, Petróleos Mexicanos",https://dof.gob.mx/nota_detalle.php?codigo=5799602&fecha=25/09/2026,2026-09-28,"Estatuto Pemex 2026, art. 27, inciso X.2.a. "
v120-rel-1504,v120-pemex-x-2-b,Gerencia de Proyectos Desarrollados con Terceros para Exploración y Extracción,jerarquía / adscripción,v120-pemex-x-2,Subdirección de Ejecución de la Estrategia de Inversiones,"Estatuto Orgánico de la Empresa Pública del Estado, Petróleos Mexicanos",https://dof.gob.mx/nota_detalle.php?codigo=5799602&fecha=25/09/2026,2026-09-28,"Estatuto Pemex 2026, art. 27, inciso X.2.b. "
v120-rel-1505,v120-pemex-x-2-c,Gerencia de Análisis de Ingeniería de Inversiones,jerarquía / adscripción,v120-pemex-x-2,Subdirección de Ejecución de la Estrategia de Inversiones,"Estatuto Orgánico de la Empresa Pública del Estado, Petróleos Mexicanos",https://dof.gob.mx/nota_detalle.php?codigo=5799602&fecha=25/09/2026,2026-09-28,"Estatuto Pemex 2026, art. 27, inciso X.2.c. "
v120-rel-1506,v120-pemex-x-2-d,"Gerencia de Proyectos Desarrollados con Terceros para Procesos Industriales, Logística y Transformación Energética",jerarquía / adscripción,v120-pemex-x-2,Subdirección de Ejecución de la Estrategia de Inversiones,"Estatuto Orgánico de la Empresa Pública del Estado, Petróleos Mexicanos",https://dof.gob.mx/nota_detalle.php?codigo=5799602&fecha=25/09/2026,2026-09-28,"Estatuto Pemex 2026, art. 27, inciso X.2.d. "
v120-rel-1507,v120-pemex-x-3,"Subdirección de Programación, Coordinación, Evaluación e Información Institucional",jerarquía / adscripción,v120-pemex-x,"Dirección de Planeación, Coordinación, Desempeño y Sostenibilidad","Estatuto Orgánico de la Empresa Pública del Estado, Petróleos Mexicanos",https://dof.gob.mx/nota_detalle.php?codigo=5799602&fecha=25/09/2026,2026-09-28,"Estatuto Pemex 2026, art. 27, inciso X.3. "
v120-rel-1508,v120-pemex-x-3-a,Gerencia de Programación de Operaciones y Optimización Integral,jerarquía / adscripción,v120-pemex-x-3,"Subdirección de Programación, Coordinación, Evaluación e Información Institucional","Estatuto Orgánico de la Empresa Pública del Estado, Petróleos Mexicanos",https://dof.gob.mx/nota_detalle.php?codigo=5799602&fecha=25/09/2026,2026-09-28,"Estatuto Pemex 2026, art. 27, inciso X.3.a. "
v120-rel-1509,v120-pemex-x-3-b,Gerencia de Coordinación Operativa,jerarquía / adscripción,v120-pemex-x-3,"Subdirección de Programación, Coordinación, Evaluación e Información Institucional","Estatuto Orgánico de la Empresa Pública del Estado, Petróleos Mexicanos",https://dof.gob.mx/nota_detalle.php?codigo=5799602&fecha=25/09/2026,2026-09-28,"Estatuto Pemex 2026, art. 27, inciso X.3.b. "
v120-rel-1510,v120-pemex-x-3-c,Gerencia de Integración de la Información Institucional,jerarquía / adscripción,v120-pemex-x-3,"Subdirección de Programación, Coordinación, Evaluación e Información Institucional","Estatuto Orgánico de la Empresa Pública del Estado, Petróleos Mexicanos",https://dof.gob.mx/nota_detalle.php?codigo=5799602&fecha=25/09/2026,2026-09-28,"Estatuto Pemex 2026, art. 27, inciso X.3.c. "
v120-rel-1511,v120-pemex-x-3-d,Gerencia de Análisis y Evaluación del Desempeño,jerarquía / adscripción,v120-pemex-x-3,"Subdirección de Programación, Coordinación, Evaluación e Información Institucional","Estatuto Orgánico de la Empresa Pública del Estado, Petróleos Mexicanos",https://dof.gob.mx/nota_detalle.php?codigo=5799602&fecha=25/09/2026,2026-09-28,"Estatuto Pemex 2026, art. 27, inciso X.3.d. "
v120-rel-1512,v120-pemex-x-4,"Subdirección de Seguridad, Salud, Gestión Ambiental, Energética y Confiabilidad",jerarquía / adscripción,v120-pemex-x,"Dirección de Planeación, Coordinación, Desempeño y Sostenibilidad","Estatuto Orgánico de la Empresa Pública del Estado, Petróleos Mexicanos",https://dof.gob.mx/nota_detalle.php?codigo=5799602&fecha=25/09/2026,2026-09-28,"Estatuto Pemex 2026, art. 27, inciso X.4. "
v120-rel-1513,v120-pemex-x-4-a,Gerencia de Mejora de Procesos Institucionales,jerarquía / adscripción,v120-pemex-x-4,"Subdirección de Seguridad, Salud, Gestión Ambiental, Energética y Confiabilidad","Estatuto Orgánico de la Empresa Pública del Estado, Petróleos Mexicanos",https://dof.gob.mx/nota_detalle.php?codigo=5799602&fecha=25/09/2026,2026-09-28,"Estatuto Pemex 2026, art. 27, inciso X.4.a. "
v120-rel-1514,v120-pemex-x-4-b,"Gerencia de Gestión Ambiental, Energética y Cambio Climático",jerarquía / adscripción,v120-pemex-x-4,"Subdirección de Seguridad, Salud, Gestión Ambiental, Energética y Confiabilidad","Estatuto Orgánico de la Empresa Pública del Estado, Petróleos Mexicanos",https://dof.gob.mx/nota_detalle.php?codigo=5799602&fecha=25/09/2026,2026-09-28,"Estatuto Pemex 2026, art. 27, inciso X.4.b. "
v120-rel-1515,v120-pemex-x-4-c,Gerencia de Seguridad Industrial y Salud en el Trabajo,jerarquía / adscripción,v120-pemex-x-4,"Subdirección de Seguridad, Salud, Gestión Ambiental, Energética y Confiabilidad","Estatuto Orgánico de la Empresa Pública del Estado, Petróleos Mexicanos",https://dof.gob.mx/nota_detalle.php?codigo=5799602&fecha=25/09/2026,2026-09-28,"Estatuto Pemex 2026, art. 27, inciso X.4.c. "
v120-rel-1516,v120-pemex-x-4-d,Gerencia de Confiabilidad Operacional y Gestión del Mantenimiento,jerarquía / adscripción,v120-pemex-x-4,"Subdirección de Seguridad, Salud, Gestión Ambiental, Energética y Confiabilidad","Estatuto Orgánico de la Empresa Pública del Estado, Petróleos Mexicanos",https://dof.gob.mx/nota_detalle.php?codigo=5799602&fecha=25/09/2026,2026-09-28,"Estatuto Pemex 2026, art. 27, inciso X.4.d. "
v120-rel-1517,v120-pemex-x-6,Gerencia de Sostenibilidad,jerarquía / adscripción,v120-pemex-x,"Dirección de Planeación, Coordinación, Desempeño y Sostenibilidad","Estatuto Orgánico de la Empresa Pública del Estado, Petróleos Mexicanos",https://dof.gob.mx/nota_detalle.php?codigo=5799602&fecha=25/09/2026,2026-09-28,"Estatuto Pemex 2026, art. 27, inciso X.6. "
v120-rel-1518,v120-pemex-x-bis,Subdirección de Salvaguardia Estratégica,jerarquía / adscripción,para-active-181,Petróleos Mexicanos,"Estatuto Orgánico de la Empresa Pública del Estado, Petróleos Mexicanos",https://dof.gob.mx/nota_detalle.php?codigo=5799602&fecha=25/09/2026,2026-09-28,"Estatuto Pemex 2026, art. 27, inciso X Bis. "
v120-rel-1519,v120-pemex-x-bis-1,Gerencia de Estrategia y Sistemas de Seguridad y Monitoreo,jerarquía / adscripción,v120-pemex-x-bis,Subdirección de Salvaguardia Estratégica,"Estatuto Orgánico de la Empresa Pública del Estado, Petróleos Mexicanos",https://dof.gob.mx/nota_detalle.php?codigo=5799602&fecha=25/09/2026,2026-09-28,"Estatuto Pemex 2026, art. 27, inciso X Bis.1. "
v120-rel-1520,v120-pemex-x-bis-2,Gerencia de Seguridad Física,jerarquía / adscripción,v120-pemex-x-bis,Subdirección de Salvaguardia Estratégica,"Estatuto Orgánico de la Empresa Pública del Estado, Petróleos Mexicanos",https://dof.gob.mx/nota_detalle.php?codigo=5799602&fecha=25/09/2026,2026-09-28,"Estatuto Pemex 2026, art. 27, inciso X Bis.2. "
v120-rel-1521,v120-pemex-x-bis-3,Gerencia de Gestión Técnica de Salvaguardia Estratégica,jerarquía / adscripción,v120-pemex-x-bis,Subdirección de Salvaguardia Estratégica,"Estatuto Orgánico de la Empresa Pública del Estado, Petróleos Mexicanos",https://dof.gob.mx/nota_detalle.php?codigo=5799602&fecha=25/09/2026,2026-09-28,"Estatuto Pemex 2026, art. 27, inciso X Bis.3. "
v120-rel-1522,v120-pemex-x-ter,Gerencia de Control Interno Institucional,jerarquía / adscripción,para-active-181,Petróleos Mexicanos,"Estatuto Orgánico de la Empresa Pública del Estado, Petróleos Mexicanos",https://dof.gob.mx/nota_detalle.php?codigo=5799602&fecha=25/09/2026,2026-09-28,"Estatuto Pemex 2026, art. 27, inciso X Ter. "
v120-rel-1523,v120-pemex-xi,Auditoría Interna,jerarquía / adscripción,para-active-181,Petróleos Mexicanos,"Estatuto Orgánico de la Empresa Pública del Estado, Petróleos Mexicanos",https://dof.gob.mx/nota_detalle.php?codigo=5799602&fecha=25/09/2026,2026-09-28,"Estatuto Pemex 2026, art. 27, inciso XI. "
v120-rel-1524,v120-pemex-xi-1,Gerencia de Auditoría a Pemex,jerarquía / adscripción,v120-pemex-xi,Auditoría Interna,"Estatuto Orgánico de la Empresa Pública del Estado, Petróleos Mexicanos",https://dof.gob.mx/nota_detalle.php?codigo=5799602&fecha=25/09/2026,2026-09-28,"Estatuto Pemex 2026, art. 27, inciso XI.1. "
v120-rel-1525,v120-pemex-xi-2,Gerencia de Auditoría a Filiales y Legalidad,jerarquía / adscripción,v120-pemex-xi,Auditoría Interna,"Estatuto Orgánico de la Empresa Pública del Estado, Petróleos Mexicanos",https://dof.gob.mx/nota_detalle.php?codigo=5799602&fecha=25/09/2026,2026-09-28,"Estatuto Pemex 2026, art. 27, inciso XI.2. "
v120-rel-1526,v120-pemex-xi-3,Gerencia de Auditoría a Exploración y Extracción,jerarquía / adscripción,v120-pemex-xi,Auditoría Interna,"Estatuto Orgánico de la Empresa Pública del Estado, Petróleos Mexicanos",https://dof.gob.mx/nota_detalle.php?codigo=5799602&fecha=25/09/2026,2026-09-28,"Estatuto Pemex 2026, art. 27, inciso XI.3. "
v120-rel-1527,v120-pemex-xi-4,"Gerencia de Auditoría a Procesos Industriales, Transformación Energética, Comercialización y Logística",jerarquía / adscripción,v120-pemex-xi,Auditoría Interna,"Estatuto Orgánico de la Empresa Pública del Estado, Petróleos Mexicanos",https://dof.gob.mx/nota_detalle.php?codigo=5799602&fecha=25/09/2026,2026-09-28,"Estatuto Pemex 2026, art. 27, inciso XI.4. "
v120-rel-1528,v120-pemex-xi-5,Gerencia de Auditoría a Tecnologías de la Información y Comunicaciones y Enlace con Instancias Revisoras,jerarquía / adscripción,v120-pemex-xi,Auditoría Interna,"Estatuto Orgánico de la Empresa Pública del Estado, Petróleos Mexicanos",https://dof.gob.mx/nota_detalle.php?codigo=5799602&fecha=25/09/2026,2026-09-28,"Estatuto Pemex 2026, art. 27, inciso XI.5. "
v120-rel-1529,v120-cfe-direccion-general,Dirección General,jerarquía / adscripción,para-active-180,Comisión Federal de Electricidad,"Estatuto Orgánico de la Empresa Pública del Estado, Comisión Federal de Electricidad",https://dof.gob.mx/nota_detalle_popup.php?codigo=5758999,2026-09-28,"Estatuto CFE 2025, art. 4. "
v120-rel-1530,v120-cfe-direccion-de-operacion,Dirección de Operación,jerarquía / adscripción,para-active-180,Comisión Federal de Electricidad,"Estatuto Orgánico de la Empresa Pública del Estado, Comisión Federal de Electricidad",https://dof.gob.mx/nota_detalle_popup.php?codigo=5758999,2026-09-28,"Estatuto CFE 2025, art. 4. "
v120-rel-1531,v120-cfe-direccion-de-servicios-especializados-y-estrategia-comercial,Dirección de Servicios Especializados y Estrategia Comercial,jerarquía / adscripción,para-active-180,Comisión Federal de Electricidad,"Estatuto Orgánico de la Empresa Pública del Estado, Comisión Federal de Electricidad",https://dof.gob.mx/nota_detalle_popup.php?codigo=5758999,2026-09-28,"Estatuto CFE 2025, art. 4. "
v120-rel-1532,v120-cfe-direccion-de-finanzas,Dirección de Finanzas,jerarquía / adscripción,para-active-180,Comisión Federal de Electricidad,"Estatuto Orgánico de la Empresa Pública del Estado, Comisión Federal de Electricidad",https://dof.gob.mx/nota_detalle_popup.php?codigo=5758999,2026-09-28,"Estatuto CFE 2025, art. 4. "
v120-rel-1533,v120-cfe-direccion-de-administracion,Dirección de Administración,jerarquía / adscripción,para-active-180,Comisión Federal de Electricidad,"Estatuto Orgánico de la Empresa Pública del Estado, Comisión Federal de Electricidad",https://dof.gob.mx/nota_detalle_popup.php?codigo=5758999,2026-09-28,"Estatuto CFE 2025, art. 4. "
v120-rel-1534,v120-cfe-direccion-de-ingenieria-y-proyectos-de-infraestructura,Dirección de Ingeniería y Proyectos de Infraestructura,jerarquía / adscripción,para-active-180,Comisión Federal de Electricidad,"Estatuto Orgánico de la Empresa Pública del Estado, Comisión Federal de Electricidad",https://dof.gob.mx/nota_detalle_popup.php?codigo=5758999,2026-09-28,"Estatuto CFE 2025, art. 4. "
v120-rel-1535,v120-cfe-direccion-de-planeacion,Dirección de Planeación,jerarquía / adscripción,para-active-180,Comisión Federal de Electricidad,"Estatuto Orgánico de la Empresa Pública del Estado, Comisión Federal de Electricidad",https://dof.gob.mx/nota_detalle_popup.php?codigo=5758999,2026-09-28,"Estatuto CFE 2025, art. 4. "
v120-rel-1536,v120-cfe-direccion-juridica,Dirección Jurídica,jerarquía / adscripción,para-active-180,Comisión Federal de Electricidad,"Estatuto Orgánico de la Empresa Pública del Estado, Comisión Federal de Electricidad",https://dof.gob.mx/nota_detalle_popup.php?codigo=5758999,2026-09-28,"Estatuto CFE 2025, art. 4. "
v120-rel-1537,v120-cfe-consejo,Consejo de Administración,jerarquía / adscripción,para-active-180,Comisión Federal de Electricidad,"Estatuto Orgánico de la Empresa Pública del Estado, Comisión Federal de Electricidad",https://dof.gob.mx/nota_detalle_popup.php?codigo=5758999,2026-09-28,"Estatuto CFE 2025, art. 4. "
v120-rel-1538,v120-cfe-auditoria,Auditoría Interna,jerarquía / adscripción,para-active-180,Comisión Federal de Electricidad,"Estatuto Orgánico de la Empresa Pública del Estado, Comisión Federal de Electricidad",https://dof.gob.mx/nota_detalle_popup.php?codigo=5758999,2026-09-28,"Estatuto CFE 2025, arts. 4 y 12. "
v120-rel-1539,v120-cfe-14-i,Coordinación de Control Interno,jerarquía / adscripción,v120-cfe-direccion-general,Dirección General,"Estatuto Orgánico de la Empresa Pública del Estado, Comisión Federal de Electricidad",https://dof.gob.mx/nota_detalle_popup.php?codigo=5758999,2026-09-28,"Estatuto CFE 2025, art. 14, fracción I. "
v120-rel-1540,v120-cfe-14-ii,Coordinación de Comunicación,jerarquía / adscripción,v120-cfe-direccion-general,Dirección General,"Estatuto Orgánico de la Empresa Pública del Estado, Comisión Federal de Electricidad",https://dof.gob.mx/nota_detalle_popup.php?codigo=5758999,2026-09-28,"Estatuto CFE 2025, art. 14, fracción II. "
v120-rel-1541,v120-cfe-14-iii,Coordinación de Relaciones Interinstitucionales y Justicia Energética,jerarquía / adscripción,v120-cfe-direccion-general,Dirección General,"Estatuto Orgánico de la Empresa Pública del Estado, Comisión Federal de Electricidad",https://dof.gob.mx/nota_detalle_popup.php?codigo=5758999,2026-09-28,"Estatuto CFE 2025, art. 14, fracción III. "
v120-rel-1542,v120-cfe-14-iv,Coordinación Nuclear,jerarquía / adscripción,v120-cfe-direccion-general,Dirección General,"Estatuto Orgánico de la Empresa Pública del Estado, Comisión Federal de Electricidad",https://dof.gob.mx/nota_detalle_popup.php?codigo=5758999,2026-09-28,"Estatuto CFE 2025, art. 14, fracción IV. "
v120-rel-1543,v120-cfe-14-v,Coordinación de Contratos de Producción Externa de Energía,jerarquía / adscripción,v120-cfe-direccion-general,Dirección General,"Estatuto Orgánico de la Empresa Pública del Estado, Comisión Federal de Electricidad",https://dof.gob.mx/nota_detalle_popup.php?codigo=5758999,2026-09-28,"Estatuto CFE 2025, art. 14, fracción V. "
v120-rel-1544,v120-cfe-15-i,Subdirección de Generación,jerarquía / adscripción,v120-cfe-direccion-de-operacion,Dirección de Operación,"Estatuto Orgánico de la Empresa Pública del Estado, Comisión Federal de Electricidad",https://dof.gob.mx/nota_detalle_popup.php?codigo=5758999,2026-09-28,"Estatuto CFE 2025, art. 15, fracción I. "
v120-rel-1545,v120-cfe-15-i-i,Coordinación Nacional de Generación Termoeléctrica y Energías Intermitentes,jerarquía / adscripción,v120-cfe-15-i,Subdirección de Generación,"Estatuto Orgánico de la Empresa Pública del Estado, Comisión Federal de Electricidad",https://dof.gob.mx/nota_detalle_popup.php?codigo=5758999,2026-09-28,"Estatuto CFE 2025, art. 15, fracción I.I. "
v120-rel-1546,v120-cfe-15-i-ii,Coordinación Nacional de Generación Hidroeléctrica,jerarquía / adscripción,v120-cfe-15-i,Subdirección de Generación,"Estatuto Orgánico de la Empresa Pública del Estado, Comisión Federal de Electricidad",https://dof.gob.mx/nota_detalle_popup.php?codigo=5758999,2026-09-28,"Estatuto CFE 2025, art. 15, fracción I.II. "
v120-rel-1547,v120-cfe-15-i-iii,Coordinación de Energéticos y Gestión de la Energía,jerarquía / adscripción,v120-cfe-15-i,Subdirección de Generación,"Estatuto Orgánico de la Empresa Pública del Estado, Comisión Federal de Electricidad",https://dof.gob.mx/nota_detalle_popup.php?codigo=5758999,2026-09-28,"Estatuto CFE 2025, art. 15, fracción I.III. "
v120-rel-1548,v120-cfe-15-i-iv,Coordinación Regional de Producción Central,jerarquía / adscripción,v120-cfe-15-i,Subdirección de Generación,"Estatuto Orgánico de la Empresa Pública del Estado, Comisión Federal de Electricidad",https://dof.gob.mx/nota_detalle_popup.php?codigo=5758999,2026-09-28,"Estatuto CFE 2025, art. 15, fracción I.IV. "
v120-rel-1549,v120-cfe-15-i-v,Coordinación Regional de Producción Occidente,jerarquía / adscripción,v120-cfe-15-i,Subdirección de Generación,"Estatuto Orgánico de la Empresa Pública del Estado, Comisión Federal de Electricidad",https://dof.gob.mx/nota_detalle_popup.php?codigo=5758999,2026-09-28,"Estatuto CFE 2025, art. 15, fracción I.V. "
v120-rel-1550,v120-cfe-15-i-vi,Coordinación Regional de Producción Noroeste,jerarquía / adscripción,v120-cfe-15-i,Subdirección de Generación,"Estatuto Orgánico de la Empresa Pública del Estado, Comisión Federal de Electricidad",https://dof.gob.mx/nota_detalle_popup.php?codigo=5758999,2026-09-28,"Estatuto CFE 2025, art. 15, fracción I.VI. "
v120-rel-1551,v120-cfe-15-i-vii,Coordinación Regional de Producción Norte,jerarquía / adscripción,v120-cfe-15-i,Subdirección de Generación,"Estatuto Orgánico de la Empresa Pública del Estado, Comisión Federal de Electricidad",https://dof.gob.mx/nota_detalle_popup.php?codigo=5758999,2026-09-28,"Estatuto CFE 2025, art. 15, fracción I.VII. "
v120-rel-1552,v120-cfe-15-i-viii,Coordinación Regional de Producción Sureste,jerarquía / adscripción,v120-cfe-15-i,Subdirección de Generación,"Estatuto Orgánico de la Empresa Pública del Estado, Comisión Federal de Electricidad",https://dof.gob.mx/nota_detalle_popup.php?codigo=5758999,2026-09-28,"Estatuto CFE 2025, art. 15, fracción I.VIII. "
v120-rel-1553,v120-cfe-15-ii,Subdirección de Transmisión,jerarquía / adscripción,v120-cfe-direccion-de-operacion,Dirección de Operación,"Estatuto Orgánico de la Empresa Pública del Estado, Comisión Federal de Electricidad",https://dof.gob.mx/nota_detalle_popup.php?codigo=5758999,2026-09-28,"Estatuto CFE 2025, art. 15, fracción II. "
v120-rel-1554,v120-cfe-15-ii-i,Coordinación de Redes de Transporte Eléctrico,jerarquía / adscripción,v120-cfe-15-ii,Subdirección de Transmisión,"Estatuto Orgánico de la Empresa Pública del Estado, Comisión Federal de Electricidad",https://dof.gob.mx/nota_detalle_popup.php?codigo=5758999,2026-09-28,"Estatuto CFE 2025, art. 15, fracción II.I. "
v120-rel-1555,v120-cfe-15-ii-ii,Coordinación de Mantenimiento de Equipo de Subestaciones,jerarquía / adscripción,v120-cfe-15-ii,Subdirección de Transmisión,"Estatuto Orgánico de la Empresa Pública del Estado, Comisión Federal de Electricidad",https://dof.gob.mx/nota_detalle_popup.php?codigo=5758999,2026-09-28,"Estatuto CFE 2025, art. 15, fracción II.II. "
v120-rel-1556,v120-cfe-15-ii-iii,Coordinación de Monitoreo y Operación de Activos,jerarquía / adscripción,v120-cfe-15-ii,Subdirección de Transmisión,"Estatuto Orgánico de la Empresa Pública del Estado, Comisión Federal de Electricidad",https://dof.gob.mx/nota_detalle_popup.php?codigo=5758999,2026-09-28,"Estatuto CFE 2025, art. 15, fracción II.III. "
v120-rel-1557,v120-cfe-15-iii,Subdirección de Distribución,jerarquía / adscripción,v120-cfe-direccion-de-operacion,Dirección de Operación,"Estatuto Orgánico de la Empresa Pública del Estado, Comisión Federal de Electricidad",https://dof.gob.mx/nota_detalle_popup.php?codigo=5758999,2026-09-28,"Estatuto CFE 2025, art. 15, fracción III. "
v120-rel-1558,v120-cfe-15-iii-i,Coordinación de Distribución,jerarquía / adscripción,v120-cfe-15-iii,Subdirección de Distribución,"Estatuto Orgánico de la Empresa Pública del Estado, Comisión Federal de Electricidad",https://dof.gob.mx/nota_detalle_popup.php?codigo=5758999,2026-09-28,"Estatuto CFE 2025, art. 15, fracción III.I. "
v120-rel-1559,v120-cfe-15-iii-ii,Coordinación Comercial,jerarquía / adscripción,v120-cfe-15-iii,Subdirección de Distribución,"Estatuto Orgánico de la Empresa Pública del Estado, Comisión Federal de Electricidad",https://dof.gob.mx/nota_detalle_popup.php?codigo=5758999,2026-09-28,"Estatuto CFE 2025, art. 15, fracción III.II. "
v120-rel-1560,v120-cfe-15-iv,Subdirección de Seguridad Física,jerarquía / adscripción,v120-cfe-direccion-de-operacion,Dirección de Operación,"Estatuto Orgánico de la Empresa Pública del Estado, Comisión Federal de Electricidad",https://dof.gob.mx/nota_detalle_popup.php?codigo=5758999,2026-09-28,"Estatuto CFE 2025, art. 15, fracción IV. "
v120-rel-1561,v120-cfe-15-v,Coordinación de Mercado Eléctrico Mayorista,jerarquía / adscripción,v120-cfe-direccion-de-operacion,Dirección de Operación,"Estatuto Orgánico de la Empresa Pública del Estado, Comisión Federal de Electricidad",https://dof.gob.mx/nota_detalle_popup.php?codigo=5758999,2026-09-28,"Estatuto CFE 2025, art. 15, fracción V. "
v120-rel-1562,v120-cfe-15-vi,Coordinación Técnica,jerarquía / adscripción,v120-cfe-direccion-de-operacion,Dirección de Operación,"Estatuto Orgánico de la Empresa Pública del Estado, Comisión Federal de Electricidad",https://dof.gob.mx/nota_detalle_popup.php?codigo=5758999,2026-09-28,"Estatuto CFE 2025, art. 15, fracción VI. "
v120-rel-1563,v120-cfe-16-i,Subdirección de Estrategia Comercial,jerarquía / adscripción,v120-cfe-direccion-de-servicios-especializados-y-estrategia-comercial,Dirección de Servicios Especializados y Estrategia Comercial,"Estatuto Orgánico de la Empresa Pública del Estado, Comisión Federal de Electricidad",https://dof.gob.mx/nota_detalle_popup.php?codigo=5758999,2026-09-28,"Estatuto CFE 2025, art. 16, fracción I. "
v120-rel-1564,v120-cfe-16-ii,Subdirección de Servicios Especializados y Nuevos Productos,jerarquía / adscripción,v120-cfe-direccion-de-servicios-especializados-y-estrategia-comercial,Dirección de Servicios Especializados y Estrategia Comercial,"Estatuto Orgánico de la Empresa Pública del Estado, Comisión Federal de Electricidad",https://dof.gob.mx/nota_detalle_popup.php?codigo=5758999,2026-09-28,"Estatuto CFE 2025, art. 16, fracción II. "
v120-rel-1565,v120-cfe-16-ii-i,Coordinación de Servicios Especializados,jerarquía / adscripción,v120-cfe-16-ii,Subdirección de Servicios Especializados y Nuevos Productos,"Estatuto Orgánico de la Empresa Pública del Estado, Comisión Federal de Electricidad",https://dof.gob.mx/nota_detalle_popup.php?codigo=5758999,2026-09-28,"Estatuto CFE 2025, art. 16, fracción II.I. "
v120-rel-1566,v120-cfe-16-ii-ii,Coordinación TELECOM,jerarquía / adscripción,v120-cfe-16-ii,Subdirección de Servicios Especializados y Nuevos Productos,"Estatuto Orgánico de la Empresa Pública del Estado, Comisión Federal de Electricidad",https://dof.gob.mx/nota_detalle_popup.php?codigo=5758999,2026-09-28,"Estatuto CFE 2025, art. 16, fracción II.II. "
v120-rel-1567,v120-cfe-17-i,Subdirección de Operación Financiera,jerarquía / adscripción,v120-cfe-direccion-de-finanzas,Dirección de Finanzas,"Estatuto Orgánico de la Empresa Pública del Estado, Comisión Federal de Electricidad",https://dof.gob.mx/nota_detalle_popup.php?codigo=5758999,2026-09-28,"Estatuto CFE 2025, art. 17, fracción I. "
v120-rel-1568,v120-cfe-17-ii,Subdirección de Control Financiero,jerarquía / adscripción,v120-cfe-direccion-de-finanzas,Dirección de Finanzas,"Estatuto Orgánico de la Empresa Pública del Estado, Comisión Federal de Electricidad",https://dof.gob.mx/nota_detalle_popup.php?codigo=5758999,2026-09-28,"Estatuto CFE 2025, art. 17, fracción II. "
v120-rel-1569,v120-cfe-17-iii,Subdirección de Financiamiento y Coberturas,jerarquía / adscripción,v120-cfe-direccion-de-finanzas,Dirección de Finanzas,"Estatuto Orgánico de la Empresa Pública del Estado, Comisión Federal de Electricidad",https://dof.gob.mx/nota_detalle_popup.php?codigo=5758999,2026-09-28,"Estatuto CFE 2025, art. 17, fracción III. "
v120-rel-1570,v120-cfe-17-iv,Subdirección de Evaluación de Proyectos de Inversión,jerarquía / adscripción,v120-cfe-direccion-de-finanzas,Dirección de Finanzas,"Estatuto Orgánico de la Empresa Pública del Estado, Comisión Federal de Electricidad",https://dof.gob.mx/nota_detalle_popup.php?codigo=5758999,2026-09-28,"Estatuto CFE 2025, art. 17, fracción IV. "
v120-rel-1571,v120-cfe-18-i,Subdirección de Contratación y Servicios,jerarquía / adscripción,v120-cfe-direccion-de-administracion,Dirección de Administración,"Estatuto Orgánico de la Empresa Pública del Estado, Comisión Federal de Electricidad",https://dof.gob.mx/nota_detalle_popup.php?codigo=5758999,2026-09-28,"Estatuto CFE 2025, art. 18, fracción I. "
v120-rel-1572,v120-cfe-18-i-i,Coordinación de Administración y Servicios,jerarquía / adscripción,v120-cfe-18-i,Subdirección de Contratación y Servicios,"Estatuto Orgánico de la Empresa Pública del Estado, Comisión Federal de Electricidad",https://dof.gob.mx/nota_detalle_popup.php?codigo=5758999,2026-09-28,"Estatuto CFE 2025, art. 18, fracción I.I. "
v120-rel-1573,v120-cfe-18-i-ii,Coordinación de Contratación de Obras y Servicios Relacionados,jerarquía / adscripción,v120-cfe-18-i,Subdirección de Contratación y Servicios,"Estatuto Orgánico de la Empresa Pública del Estado, Comisión Federal de Electricidad",https://dof.gob.mx/nota_detalle_popup.php?codigo=5758999,2026-09-28,"Estatuto CFE 2025, art. 18, fracción I.II. "
v120-rel-1574,v120-cfe-18-ii,Subdirección de Recursos Humanos,jerarquía / adscripción,v120-cfe-direccion-de-administracion,Dirección de Administración,"Estatuto Orgánico de la Empresa Pública del Estado, Comisión Federal de Electricidad",https://dof.gob.mx/nota_detalle_popup.php?codigo=5758999,2026-09-28,"Estatuto CFE 2025, art. 18, fracción II. "
v120-rel-1575,v120-cfe-18-ii-i,Coordinación de Desarrollo del Capital Humano,jerarquía / adscripción,v120-cfe-18-ii,Subdirección de Recursos Humanos,"Estatuto Orgánico de la Empresa Pública del Estado, Comisión Federal de Electricidad",https://dof.gob.mx/nota_detalle_popup.php?codigo=5758999,2026-09-28,"Estatuto CFE 2025, art. 18, fracción II.I. "
v120-rel-1576,v120-cfe-18-iii,Subdirección de Transformación Digital,jerarquía / adscripción,v120-cfe-direccion-de-administracion,Dirección de Administración,"Estatuto Orgánico de la Empresa Pública del Estado, Comisión Federal de Electricidad",https://dof.gob.mx/nota_detalle_popup.php?codigo=5758999,2026-09-28,"Estatuto CFE 2025, art. 18, fracción III. "
v120-rel-1577,v120-cfe-18-iv,Coordinación del Patrimonio y Aseguramiento de Activos,jerarquía / adscripción,v120-cfe-direccion-de-administracion,Dirección de Administración,"Estatuto Orgánico de la Empresa Pública del Estado, Comisión Federal de Electricidad",https://dof.gob.mx/nota_detalle_popup.php?codigo=5758999,2026-09-28,"Estatuto CFE 2025, art. 18, fracción IV. "
v120-rel-1578,v120-cfe-19-i,Subdirección de Desarrollo y Evaluación de Proyectos,jerarquía / adscripción,v120-cfe-direccion-de-ingenieria-y-proyectos-de-infraestructura,Dirección de Ingeniería y Proyectos de Infraestructura,"Estatuto Orgánico de la Empresa Pública del Estado, Comisión Federal de Electricidad",https://dof.gob.mx/nota_detalle_popup.php?codigo=5758999,2026-09-28,"Estatuto CFE 2025, art. 19, fracción I. "
v120-rel-1579,v120-cfe-19-i-i,Coordinación de Desarrollo de Proyectos,jerarquía / adscripción,v120-cfe-19-i,Subdirección de Desarrollo y Evaluación de Proyectos,"Estatuto Orgánico de la Empresa Pública del Estado, Comisión Federal de Electricidad",https://dof.gob.mx/nota_detalle_popup.php?codigo=5758999,2026-09-28,"Estatuto CFE 2025, art. 19, fracción I.I. "
v120-rel-1580,v120-cfe-19-i-ii,Coordinación de Estudios de Ingeniería Civil y Protección Ambiental,jerarquía / adscripción,v120-cfe-19-i,Subdirección de Desarrollo y Evaluación de Proyectos,"Estatuto Orgánico de la Empresa Pública del Estado, Comisión Federal de Electricidad",https://dof.gob.mx/nota_detalle_popup.php?codigo=5758999,2026-09-28,"Estatuto CFE 2025, art. 19, fracción I.II. "
v120-rel-1581,v120-cfe-19-ii,Subdirección de Ingeniería y Administración de la Construcción,jerarquía / adscripción,v120-cfe-direccion-de-ingenieria-y-proyectos-de-infraestructura,Dirección de Ingeniería y Proyectos de Infraestructura,"Estatuto Orgánico de la Empresa Pública del Estado, Comisión Federal de Electricidad",https://dof.gob.mx/nota_detalle_popup.php?codigo=5758999,2026-09-28,"Estatuto CFE 2025, art. 19, fracción II. "
v120-rel-1582,v120-cfe-19-ii-i,Coordinación de Proyectos de Energías Limpias,jerarquía / adscripción,v120-cfe-19-ii,Subdirección de Ingeniería y Administración de la Construcción,"Estatuto Orgánico de la Empresa Pública del Estado, Comisión Federal de Electricidad",https://dof.gob.mx/nota_detalle_popup.php?codigo=5758999,2026-09-28,"Estatuto CFE 2025, art. 19, fracción II.I. "
v120-rel-1583,v120-cfe-19-ii-ii,Coordinación de Proyectos Termoeléctricos,jerarquía / adscripción,v120-cfe-19-ii,Subdirección de Ingeniería y Administración de la Construcción,"Estatuto Orgánico de la Empresa Pública del Estado, Comisión Federal de Electricidad",https://dof.gob.mx/nota_detalle_popup.php?codigo=5758999,2026-09-28,"Estatuto CFE 2025, art. 19, fracción II.II. "
v120-rel-1584,v120-cfe-19-ii-iii,Coordinación de Proyectos de Transmisión y Transformación,jerarquía / adscripción,v120-cfe-19-ii,Subdirección de Ingeniería y Administración de la Construcción,"Estatuto Orgánico de la Empresa Pública del Estado, Comisión Federal de Electricidad",https://dof.gob.mx/nota_detalle_popup.php?codigo=5758999,2026-09-28,"Estatuto CFE 2025, art. 19, fracción II.III. "
v120-rel-1585,v120-cfe-20-i,Coordinación de Estudios Económicos,jerarquía / adscripción,v120-cfe-direccion-de-planeacion,Dirección de Planeación,"Estatuto Orgánico de la Empresa Pública del Estado, Comisión Federal de Electricidad",https://dof.gob.mx/nota_detalle_popup.php?codigo=5758999,2026-09-28,"Estatuto CFE 2025, art. 20, fracción I. "
v120-rel-1586,v120-cfe-20-ii,Coordinación de Vinculación,jerarquía / adscripción,v120-cfe-direccion-de-planeacion,Dirección de Planeación,"Estatuto Orgánico de la Empresa Pública del Estado, Comisión Federal de Electricidad",https://dof.gob.mx/nota_detalle_popup.php?codigo=5758999,2026-09-28,"Estatuto CFE 2025, art. 20, fracción II. "
v120-rel-1587,v120-cfe-20-iii,Coordinación de Evaluación,jerarquía / adscripción,v120-cfe-direccion-de-planeacion,Dirección de Planeación,"Estatuto Orgánico de la Empresa Pública del Estado, Comisión Federal de Electricidad",https://dof.gob.mx/nota_detalle_popup.php?codigo=5758999,2026-09-28,"Estatuto CFE 2025, art. 20, fracción III. "
v120-rel-1588,v120-cfe-20-iv,Coordinación de Sostenibilidad y Transición Energética,jerarquía / adscripción,v120-cfe-direccion-de-planeacion,Dirección de Planeación,"Estatuto Orgánico de la Empresa Pública del Estado, Comisión Federal de Electricidad",https://dof.gob.mx/nota_detalle_popup.php?codigo=5758999,2026-09-28,"Estatuto CFE 2025, art. 20, fracción IV. "
v120-rel-1589,v120-cfe-21-i,Coordinación de Asuntos Contenciosos,jerarquía / adscripción,v120-cfe-direccion-juridica,Dirección Jurídica,"Estatuto Orgánico de la Empresa Pública del Estado, Comisión Federal de Electricidad",https://dof.gob.mx/nota_detalle_popup.php?codigo=5758999,2026-09-28,"Estatuto CFE 2025, art. 21, fracción I. "
v120-rel-1590,v120-cfe-21-ii,Coordinación de Estrategia Legal y Asuntos Consultivos,jerarquía / adscripción,v120-cfe-direccion-juridica,Dirección Jurídica,"Estatuto Orgánico de la Empresa Pública del Estado, Comisión Federal de Electricidad",https://dof.gob.mx/nota_detalle_popup.php?codigo=5758999,2026-09-28,"Estatuto CFE 2025, art. 21, fracción II. "
v120-rel-1591,v120-cfe-21-iii,Coordinación de Proyectos y Derechos Inmobiliarios,jerarquía / adscripción,v120-cfe-direccion-juridica,Dirección Jurídica,"Estatuto Orgánico de la Empresa Pública del Estado, Comisión Federal de Electricidad",https://dof.gob.mx/nota_detalle_popup.php?codigo=5758999,2026-09-28,"Estatuto CFE 2025, art. 21, fracción III. "
v120-rel-1592,v120-cfe-filial-1,CFE Calificados S.A. de C.V.,filial,para-active-180,Comisión Federal de Electricidad,"Estatuto Orgánico de la Empresa Pública del Estado, Comisión Federal de Electricidad",https://dof.gob.mx/nota_detalle_popup.php?codigo=5758999,2026-09-28,"Estatuto CFE 2025, art. 4 E.1. Empresa filial de CFE; clasificación distinta de las 181 entidades de la relación paraestatal 2026."
v120-rel-1593,v120-cfe-filial-2,CFEnergía S.A. de C.V.,filial,para-active-180,Comisión Federal de Electricidad,"Estatuto Orgánico de la Empresa Pública del Estado, Comisión Federal de Electricidad",https://dof.gob.mx/nota_detalle_popup.php?codigo=5758999,2026-09-28,"Estatuto CFE 2025, art. 4 E.2. Empresa filial de CFE; clasificación distinta de las 181 entidades de la relación paraestatal 2026."
v120-rel-1594,v120-cfe-filial-3,CFE International LLC,filial,para-active-180,Comisión Federal de Electricidad,"Estatuto Orgánico de la Empresa Pública del Estado, Comisión Federal de Electricidad",https://dof.gob.mx/nota_detalle_popup.php?codigo=5758999,2026-09-28,"Estatuto CFE 2025, art. 4 E.3. Empresa filial de CFE; clasificación distinta de las 181 entidades de la relación paraestatal 2026."
v120-rel-1595,v120-cfe-filial-4,CFE Intermediación de Contratos Legados S.A. de C.V.,filial,para-active-180,Comisión Federal de Electricidad,"Estatuto Orgánico de la Empresa Pública del Estado, Comisión Federal de Electricidad",https://dof.gob.mx/nota_detalle_popup.php?codigo=5758999,2026-09-28,"Estatuto CFE 2025, art. 4 E.4. Empresa filial de CFE; clasificación distinta de las 181 entidades de la relación paraestatal 2026."
v120-rel-1596,v120-cfe-filial-5,CFE Capital S. de R.L. de C.V.,filial,para-active-180,Comisión Federal de Electricidad,"Estatuto Orgánico de la Empresa Pública del Estado, Comisión Federal de Electricidad",https://dof.gob.mx/nota_detalle_popup.php?codigo=5758999,2026-09-28,"Estatuto CFE 2025, art. 4 E.5. Empresa filial de CFE; clasificación distinta de las 181 entidades de la relación paraestatal 2026."
v120-rel-1597,v120-para-active-069-asamblea-general,Asamblea General,jerarquía / adscripción,para-active-069,Instituto Mexicano del Seguro Social,Estructura Orgánica del Instituto Mexicano del Seguro Social,https://www.imss.gob.mx/node/101786,2026-09-28,"Estructura orgánica del IMSS, apartados Órganos superiores / Secretaría General / Órgano Interno de Control. "
v120-rel-1598,v120-para-active-069-consejo-tecnico,Consejo Técnico,jerarquía / adscripción,para-active-069,Instituto Mexicano del Seguro Social,Estructura Orgánica del Instituto Mexicano del Seguro Social,https://www.imss.gob.mx/node/101786,2026-09-28,"Estructura orgánica del IMSS, apartados Órganos superiores / Secretaría General / Órgano Interno de Control. "
v120-rel-1599,v120-para-active-069-comision-de-vigilancia,Comisión de Vigilancia,jerarquía / adscripción,para-active-069,Instituto Mexicano del Seguro Social,Estructura Orgánica del Instituto Mexicano del Seguro Social,https://www.imss.gob.mx/node/101786,2026-09-28,"Estructura orgánica del IMSS, apartados Órganos superiores / Secretaría General / Órgano Interno de Control. "
v120-rel-1600,v120-para-active-069-direccion-general,Dirección General,jerarquía / adscripción,para-active-069,Instituto Mexicano del Seguro Social,Estructura Orgánica del Instituto Mexicano del Seguro Social,https://www.imss.gob.mx/node/101786,2026-09-28,"Estructura orgánica del IMSS, apartados Órganos superiores / Secretaría General / Órgano Interno de Control. "
v120-rel-1601,v120-para-active-069-secretaria-general,Secretaría General,jerarquía / adscripción,para-active-069,Instituto Mexicano del Seguro Social,Estructura Orgánica del Instituto Mexicano del Seguro Social,https://www.imss.gob.mx/node/101786,2026-09-28,"Estructura orgánica del IMSS, apartados Órganos superiores / Secretaría General / Órgano Interno de Control. "
v120-rel-1602,v120-para-active-069-organo-interno-de-control,Órgano Interno de Control,jerarquía / adscripción,para-active-069,Instituto Mexicano del Seguro Social,Estructura Orgánica del Instituto Mexicano del Seguro Social,https://www.imss.gob.mx/node/101786,2026-09-28,"Estructura orgánica del IMSS, apartados Órganos superiores / Secretaría General / Órgano Interno de Control. "
v120-rel-1603,v120-para-active-069-direccion-de-prestaciones-medicas,Dirección de Prestaciones Médicas,jerarquía / adscripción,para-active-069,Instituto Mexicano del Seguro Social,Estructura Orgánica del Instituto Mexicano del Seguro Social,https://www.imss.gob.mx/node/101786,2026-09-28,"Estructura orgánica del IMSS, Direcciones normativas. "
v120-rel-1604,v120-para-active-069-direccion-de-prestaciones-economicas-y-sociales,Dirección de Prestaciones Económicas y Sociales,jerarquía / adscripción,para-active-069,Instituto Mexicano del Seguro Social,Estructura Orgánica del Instituto Mexicano del Seguro Social,https://www.imss.gob.mx/node/101786,2026-09-28,"Estructura orgánica del IMSS, Direcciones normativas. "
v120-rel-1605,v120-para-active-069-direccion-de-incorporacion-y-recaudacion,Dirección de Incorporación y Recaudación,jerarquía / adscripción,para-active-069,Instituto Mexicano del Seguro Social,Estructura Orgánica del Instituto Mexicano del Seguro Social,https://www.imss.gob.mx/node/101786,2026-09-28,"Estructura orgánica del IMSS, Direcciones normativas. "
v120-rel-1606,v120-para-active-069-direccion-juridica,Dirección Jurídica,jerarquía / adscripción,para-active-069,Instituto Mexicano del Seguro Social,Estructura Orgánica del Instituto Mexicano del Seguro Social,https://www.imss.gob.mx/node/101786,2026-09-28,"Estructura orgánica del IMSS, Direcciones normativas. "
v120-rel-1607,v120-para-active-069-direccion-de-finanzas,Dirección de Finanzas,jerarquía / adscripción,para-active-069,Instituto Mexicano del Seguro Social,Estructura Orgánica del Instituto Mexicano del Seguro Social,https://www.imss.gob.mx/node/101786,2026-09-28,"Estructura orgánica del IMSS, Direcciones normativas. "
v120-rel-1608,v120-para-active-069-direccion-de-administracion,Dirección de Administración,jerarquía / adscripción,para-active-069,Instituto Mexicano del Seguro Social,Estructura Orgánica del Instituto Mexicano del Seguro Social,https://www.imss.gob.mx/node/101786,2026-09-28,"Estructura orgánica del IMSS, Direcciones normativas. "
v120-rel-1609,v120-para-active-069-direccion-de-operacion-y-evaluacion,Dirección de Operación y Evaluación,jerarquía / adscripción,para-active-069,Instituto Mexicano del Seguro Social,Estructura Orgánica del Instituto Mexicano del Seguro Social,https://www.imss.gob.mx/node/101786,2026-09-28,"Estructura orgánica del IMSS, Direcciones normativas. "
v120-rel-1610,v120-para-active-069-direccion-de-planeacion-para-la-transformacion-institucional,Dirección de Planeación para la Transformación Institucional,jerarquía / adscripción,para-active-069,Instituto Mexicano del Seguro Social,Estructura Orgánica del Instituto Mexicano del Seguro Social,https://www.imss.gob.mx/node/101786,2026-09-28,"Estructura orgánica del IMSS, Direcciones normativas. "
v120-rel-1611,v120-para-active-069-direccion-de-innovacion-y-desarrollo-tecnologico,Dirección de Innovación y Desarrollo Tecnológico,jerarquía / adscripción,para-active-069,Instituto Mexicano del Seguro Social,Estructura Orgánica del Instituto Mexicano del Seguro Social,https://www.imss.gob.mx/node/101786,2026-09-28,"Estructura orgánica del IMSS, Direcciones normativas. "
v120-rel-1612,v120-para-active-069-organos-de-operacion-administrativa-desconcentrada,Órganos de Operación Administrativa Desconcentrada,jerarquía / adscripción,para-active-069,Instituto Mexicano del Seguro Social,Estructura Orgánica del Instituto Mexicano del Seguro Social,https://www.imss.gob.mx/node/101786,2026-09-28,"Estructura orgánica del IMSS, ÓOADS y UMAES. Agrupación agregada; no representa una oficina individual ni cuenta todas sus sedes."
v120-rel-1613,v120-para-active-069-unidades-medicas-de-alta-especialidad,Unidades Médicas de Alta Especialidad,jerarquía / adscripción,para-active-069,Instituto Mexicano del Seguro Social,Estructura Orgánica del Instituto Mexicano del Seguro Social,https://www.imss.gob.mx/node/101786,2026-09-28,"Estructura orgánica del IMSS, ÓOADS y UMAES. Agrupación agregada; no representa una oficina individual ni cuenta todas sus sedes."
v120-rel-1614,v120-para-active-067-junta-directiva,Junta Directiva,jerarquía / adscripción,para-active-067,Instituto de Seguridad y Servicios Sociales de los Trabajadores del Estado,Estatuto Orgánico del Instituto de Seguridad y Servicios Sociales de los Trabajadores del Estado,https://dof.gob.mx/nota_detalle.php?codigo=5676519&fecha=06/01/2023,2026-09-28,"Estatuto ISSSTE 2023, arts. 3 y 4. "
v120-rel-1615,v120-para-active-067-direccion-general,Dirección General,jerarquía / adscripción,para-active-067,Instituto de Seguridad y Servicios Sociales de los Trabajadores del Estado,Estatuto Orgánico del Instituto de Seguridad y Servicios Sociales de los Trabajadores del Estado,https://dof.gob.mx/nota_detalle.php?codigo=5676519&fecha=06/01/2023,2026-09-28,"Estatuto ISSSTE 2023, arts. 3 y 4. "
v120-rel-1616,v120-para-active-067-comision-de-vigilancia,Comisión de Vigilancia,jerarquía / adscripción,para-active-067,Instituto de Seguridad y Servicios Sociales de los Trabajadores del Estado,Estatuto Orgánico del Instituto de Seguridad y Servicios Sociales de los Trabajadores del Estado,https://dof.gob.mx/nota_detalle.php?codigo=5676519&fecha=06/01/2023,2026-09-28,"Estatuto ISSSTE 2023, arts. 3 y 4. "
v120-rel-1617,v120-para-active-067-direccion-medica,Dirección Médica,jerarquía / adscripción,para-active-067,Instituto de Seguridad y Servicios Sociales de los Trabajadores del Estado,Estatuto Orgánico del Instituto de Seguridad y Servicios Sociales de los Trabajadores del Estado,https://dof.gob.mx/nota_detalle.php?codigo=5676519&fecha=06/01/2023,2026-09-28,"Estatuto ISSSTE 2023, arts. 3 y 4. "
v120-rel-1618,v120-para-active-067-direccion-de-prestaciones-economicas-sociales-y-culturales,"Dirección de Prestaciones Económicas, Sociales y Culturales",jerarquía / adscripción,para-active-067,Instituto de Seguridad y Servicios Sociales de los Trabajadores del Estado,Estatuto Orgánico del Instituto de Seguridad y Servicios Sociales de los Trabajadores del Estado,https://dof.gob.mx/nota_detalle.php?codigo=5676519&fecha=06/01/2023,2026-09-28,"Estatuto ISSSTE 2023, arts. 3 y 4. "
v120-rel-1619,v120-para-active-067-direccion-de-incorporacion-recaudacion-e-inversiones,"Dirección de Incorporación, Recaudación e Inversiones",jerarquía / adscripción,para-active-067,Instituto de Seguridad y Servicios Sociales de los Trabajadores del Estado,Estatuto Orgánico del Instituto de Seguridad y Servicios Sociales de los Trabajadores del Estado,https://dof.gob.mx/nota_detalle.php?codigo=5676519&fecha=06/01/2023,2026-09-28,"Estatuto ISSSTE 2023, arts. 3 y 4. "
v120-rel-1620,v120-para-active-067-direccion-estrategica-de-informacion-supervision-y-evaluacion,"Dirección Estratégica de Información, Supervisión y Evaluación",jerarquía / adscripción,para-active-067,Instituto de Seguridad y Servicios Sociales de los Trabajadores del Estado,Estatuto Orgánico del Instituto de Seguridad y Servicios Sociales de los Trabajadores del Estado,https://dof.gob.mx/nota_detalle.php?codigo=5676519&fecha=06/01/2023,2026-09-28,"Estatuto ISSSTE 2023, arts. 3 y 4. "
v120-rel-1621,v120-para-active-067-direccion-de-oficinas-de-representacion,Dirección de Oficinas de Representación,jerarquía / adscripción,para-active-067,Instituto de Seguridad y Servicios Sociales de los Trabajadores del Estado,Estatuto Orgánico del Instituto de Seguridad y Servicios Sociales de los Trabajadores del Estado,https://dof.gob.mx/nota_detalle.php?codigo=5676519&fecha=06/01/2023,2026-09-28,"Estatuto ISSSTE 2023, arts. 3 y 4. "
v120-rel-1622,v120-para-active-067-direccion-juridica,Dirección Jurídica,jerarquía / adscripción,para-active-067,Instituto de Seguridad y Servicios Sociales de los Trabajadores del Estado,Estatuto Orgánico del Instituto de Seguridad y Servicios Sociales de los Trabajadores del Estado,https://dof.gob.mx/nota_detalle.php?codigo=5676519&fecha=06/01/2023,2026-09-28,"Estatuto ISSSTE 2023, arts. 3 y 4. "
v120-rel-1623,v120-para-active-067-direccion-de-administracion-y-finanzas,Dirección de Administración y Finanzas,jerarquía / adscripción,para-active-067,Instituto de Seguridad y Servicios Sociales de los Trabajadores del Estado,Estatuto Orgánico del Instituto de Seguridad y Servicios Sociales de los Trabajadores del Estado,https://dof.gob.mx/nota_detalle.php?codigo=5676519&fecha=06/01/2023,2026-09-28,"Estatuto ISSSTE 2023, arts. 3 y 4. "
v120-rel-1624,v120-para-active-067-superissste,SUPERISSSTE,jerarquía / adscripción,para-active-067,Instituto de Seguridad y Servicios Sociales de los Trabajadores del Estado,Estatuto Orgánico del Instituto de Seguridad y Servicios Sociales de los Trabajadores del Estado,https://dof.gob.mx/nota_detalle.php?codigo=5676519&fecha=06/01/2023,2026-09-28,"Estatuto ISSSTE 2023, arts. 3 y 4. "
v120-rel-1625,v120-para-active-067-fovissste,FOVISSSTE,jerarquía / adscripción,para-active-067,Instituto de Seguridad y Servicios Sociales de los Trabajadores del Estado,Estatuto Orgánico del Instituto de Seguridad y Servicios Sociales de los Trabajadores del Estado,https://dof.gob.mx/nota_detalle.php?codigo=5676519&fecha=06/01/2023,2026-09-28,"Estatuto ISSSTE 2023, arts. 3 y 4. "
v120-rel-1626,v120-para-active-067-pensionissste,PENSIONISSSTE,jerarquía / adscripción,para-active-067,Instituto de Seguridad y Servicios Sociales de los Trabajadores del Estado,Estatuto Orgánico del Instituto de Seguridad y Servicios Sociales de los Trabajadores del Estado,https://dof.gob.mx/nota_detalle.php?codigo=5676519&fecha=06/01/2023,2026-09-28,"Estatuto ISSSTE 2023, arts. 3 y 4. "
v120-rel-1627,v120-para-active-067-organo-interno-de-control,Órgano Interno de Control,jerarquía / adscripción,para-active-067,Instituto de Seguridad y Servicios Sociales de los Trabajadores del Estado,Estatuto Orgánico del Instituto de Seguridad y Servicios Sociales de los Trabajadores del Estado,https://dof.gob.mx/nota_detalle.php?codigo=5676519&fecha=06/01/2023,2026-09-28,"Estatuto ISSSTE 2023, arts. 3 y 4. "
v120-rel-1628,v120-para-active-073-junta-de-gobierno,Junta de Gobierno,jerarquía / adscripción,para-active-073,Servicios de Salud del Instituto Mexicano del Seguro Social para el Bienestar (IMSS-BIENESTAR),Modificación al Estatuto Orgánico de IMSS-BIENESTAR de 25-09-2025,https://dof.gob.mx/2025/IMSS-BIENESTAR/MODIFICACIONESTATUTO_25_09_2025.pdf,2026-09-28,"Estatuto IMSS-BIENESTAR 2025, arts. 9-12. "
v120-rel-1629,v120-para-active-073-direccion-general,Dirección General,jerarquía / adscripción,para-active-073,Servicios de Salud del Instituto Mexicano del Seguro Social para el Bienestar (IMSS-BIENESTAR),Modificación al Estatuto Orgánico de IMSS-BIENESTAR de 25-09-2025,https://dof.gob.mx/2025/IMSS-BIENESTAR/MODIFICACIONESTATUTO_25_09_2025.pdf,2026-09-28,"Estatuto IMSS-BIENESTAR 2025, art. 17. "
v120-rel-1630,v120-para-active-073-unidad-de-atencion-a-la-salud,Unidad de Atención a la Salud,jerarquía / adscripción,para-active-073,Servicios de Salud del Instituto Mexicano del Seguro Social para el Bienestar (IMSS-BIENESTAR),Estatuto Orgánico integrado de IMSS-BIENESTAR (hasta 02-04-2025),https://cdn.imssbienestar.gob.mx/ssib/assets/docs/infra_equipamiento/normatividad_interna/ESTATUTO_ORGANICO_IMSS_BIENESTAR_INTEGRADO.pdf,2026-09-28,"Estatuto IMSS-BIENESTAR 2025, art. 21. "
v120-rel-1631,v120-v120-para-active-073-unidad-de-atencion-a-la-salud-coordinacion-de-unidades-de-primer-nivel,Coordinación de Unidades de Primer Nivel,jerarquía / adscripción,v120-para-active-073-unidad-de-atencion-a-la-salud,Unidad de Atención a la Salud,Estatuto Orgánico integrado de IMSS-BIENESTAR (hasta 02-04-2025),https://cdn.imssbienestar.gob.mx/ssib/assets/docs/infra_equipamiento/normatividad_interna/ESTATUTO_ORGANICO_IMSS_BIENESTAR_INTEGRADO.pdf,2026-09-28,"Estatuto IMSS-BIENESTAR 2025, art. 21. "
v120-rel-1632,v120-v120-para-active-073-unidad-de-atencion-a-la-salud-coordinacion-de-unidades-de-segundo-nivel,Coordinación de Unidades de Segundo Nivel,jerarquía / adscripción,v120-para-active-073-unidad-de-atencion-a-la-salud,Unidad de Atención a la Salud,Estatuto Orgánico integrado de IMSS-BIENESTAR (hasta 02-04-2025),https://cdn.imssbienestar.gob.mx/ssib/assets/docs/infra_equipamiento/normatividad_interna/ESTATUTO_ORGANICO_IMSS_BIENESTAR_INTEGRADO.pdf,2026-09-28,"Estatuto IMSS-BIENESTAR 2025, art. 21. "
v120-rel-1633,v120-v120-para-active-073-unidad-de-atencion-a-la-salud-coordinacion-de-hospitales-de-alta-especialidad-y-programas-especiales,Coordinación de Hospitales de Alta Especialidad y Programas Especiales,jerarquía / adscripción,v120-para-active-073-unidad-de-atencion-a-la-salud,Unidad de Atención a la Salud,Estatuto Orgánico integrado de IMSS-BIENESTAR (hasta 02-04-2025),https://cdn.imssbienestar.gob.mx/ssib/assets/docs/infra_equipamiento/normatividad_interna/ESTATUTO_ORGANICO_IMSS_BIENESTAR_INTEGRADO.pdf,2026-09-28,"Estatuto IMSS-BIENESTAR 2025, art. 21. "
v120-rel-1634,v120-v120-para-active-073-unidad-de-atencion-a-la-salud-coordinacion-de-enfermeria,Coordinación de Enfermería,jerarquía / adscripción,v120-para-active-073-unidad-de-atencion-a-la-salud,Unidad de Atención a la Salud,Estatuto Orgánico integrado de IMSS-BIENESTAR (hasta 02-04-2025),https://cdn.imssbienestar.gob.mx/ssib/assets/docs/infra_equipamiento/normatividad_interna/ESTATUTO_ORGANICO_IMSS_BIENESTAR_INTEGRADO.pdf,2026-09-28,"Estatuto IMSS-BIENESTAR 2025, art. 21. "
v120-rel-1635,v120-v120-para-active-073-unidad-de-atencion-a-la-salud-coordinacion-de-supervision,Coordinación de Supervisión,jerarquía / adscripción,v120-para-active-073-unidad-de-atencion-a-la-salud,Unidad de Atención a la Salud,Estatuto Orgánico integrado de IMSS-BIENESTAR (hasta 02-04-2025),https://cdn.imssbienestar.gob.mx/ssib/assets/docs/infra_equipamiento/normatividad_interna/ESTATUTO_ORGANICO_IMSS_BIENESTAR_INTEGRADO.pdf,2026-09-28,"Estatuto IMSS-BIENESTAR 2025, art. 21. "
v120-rel-1636,v120-v120-para-active-073-unidad-de-atencion-a-la-salud-coordinacion-de-epidemiologia,Coordinación de Epidemiología,jerarquía / adscripción,v120-para-active-073-unidad-de-atencion-a-la-salud,Unidad de Atención a la Salud,Estatuto Orgánico integrado de IMSS-BIENESTAR (hasta 02-04-2025),https://cdn.imssbienestar.gob.mx/ssib/assets/docs/infra_equipamiento/normatividad_interna/ESTATUTO_ORGANICO_IMSS_BIENESTAR_INTEGRADO.pdf,2026-09-28,"Estatuto IMSS-BIENESTAR 2025, art. 21. "
v120-rel-1637,v120-v120-para-active-073-unidad-de-atencion-a-la-salud-coordinacion-de-educacion-e-investigacion,Coordinación de Educación e Investigación,jerarquía / adscripción,v120-para-active-073-unidad-de-atencion-a-la-salud,Unidad de Atención a la Salud,Estatuto Orgánico integrado de IMSS-BIENESTAR (hasta 02-04-2025),https://cdn.imssbienestar.gob.mx/ssib/assets/docs/infra_equipamiento/normatividad_interna/ESTATUTO_ORGANICO_IMSS_BIENESTAR_INTEGRADO.pdf,2026-09-28,"Estatuto IMSS-BIENESTAR 2025, art. 21. "
v120-rel-1638,v120-v120-para-active-073-unidad-de-atencion-a-la-salud-coordinacion-de-programas-preventivos,Coordinación de Programas Preventivos,jerarquía / adscripción,v120-para-active-073-unidad-de-atencion-a-la-salud,Unidad de Atención a la Salud,Estatuto Orgánico integrado de IMSS-BIENESTAR (hasta 02-04-2025),https://cdn.imssbienestar.gob.mx/ssib/assets/docs/infra_equipamiento/normatividad_interna/ESTATUTO_ORGANICO_IMSS_BIENESTAR_INTEGRADO.pdf,2026-09-28,"Estatuto IMSS-BIENESTAR 2025, art. 21. "
v120-rel-1639,v120-v120-para-active-073-unidad-de-atencion-a-la-salud-coordinacion-de-normatividad-y-planeacion-medica,Coordinación de Normatividad y Planeación Médica,jerarquía / adscripción,v120-para-active-073-unidad-de-atencion-a-la-salud,Unidad de Atención a la Salud,Estatuto Orgánico integrado de IMSS-BIENESTAR (hasta 02-04-2025),https://cdn.imssbienestar.gob.mx/ssib/assets/docs/infra_equipamiento/normatividad_interna/ESTATUTO_ORGANICO_IMSS_BIENESTAR_INTEGRADO.pdf,2026-09-28,"Estatuto IMSS-BIENESTAR 2025, art. 21. "
v120-rel-1640,v120-v120-para-active-073-unidad-de-atencion-a-la-salud-coordinaciones-de-los-hospitales-regionales-de-alta-especialidad,Coordinaciones de los Hospitales Regionales de Alta Especialidad,jerarquía / adscripción,v120-para-active-073-unidad-de-atencion-a-la-salud,Unidad de Atención a la Salud,Estatuto Orgánico integrado de IMSS-BIENESTAR (hasta 02-04-2025),https://cdn.imssbienestar.gob.mx/ssib/assets/docs/infra_equipamiento/normatividad_interna/ESTATUTO_ORGANICO_IMSS_BIENESTAR_INTEGRADO.pdf,2026-09-28,"Estatuto IMSS-BIENESTAR 2025, art. 21. "
v120-rel-1641,v120-para-active-073-unidad-de-administracion-y-finanzas,Unidad de Administración y Finanzas,jerarquía / adscripción,para-active-073,Servicios de Salud del Instituto Mexicano del Seguro Social para el Bienestar (IMSS-BIENESTAR),Estatuto Orgánico integrado de IMSS-BIENESTAR (hasta 02-04-2025),https://cdn.imssbienestar.gob.mx/ssib/assets/docs/infra_equipamiento/normatividad_interna/ESTATUTO_ORGANICO_IMSS_BIENESTAR_INTEGRADO.pdf,2026-09-28,"Estatuto IMSS-BIENESTAR 2025, art. 21. "
v120-rel-1642,v120-v120-para-active-073-unidad-de-administracion-y-finanzas-coordinacion-de-finanzas,Coordinación de Finanzas,jerarquía / adscripción,v120-para-active-073-unidad-de-administracion-y-finanzas,Unidad de Administración y Finanzas,Estatuto Orgánico integrado de IMSS-BIENESTAR (hasta 02-04-2025),https://cdn.imssbienestar.gob.mx/ssib/assets/docs/infra_equipamiento/normatividad_interna/ESTATUTO_ORGANICO_IMSS_BIENESTAR_INTEGRADO.pdf,2026-09-28,"Estatuto IMSS-BIENESTAR 2025, art. 21. "
v120-rel-1643,v120-v120-para-active-073-unidad-de-administracion-y-finanzas-coordinacion-de-servicios-generales,Coordinación de Servicios Generales,jerarquía / adscripción,v120-para-active-073-unidad-de-administracion-y-finanzas,Unidad de Administración y Finanzas,Estatuto Orgánico integrado de IMSS-BIENESTAR (hasta 02-04-2025),https://cdn.imssbienestar.gob.mx/ssib/assets/docs/infra_equipamiento/normatividad_interna/ESTATUTO_ORGANICO_IMSS_BIENESTAR_INTEGRADO.pdf,2026-09-28,"Estatuto IMSS-BIENESTAR 2025, art. 21. "
v120-rel-1644,v120-v120-para-active-073-unidad-de-administracion-y-finanzas-coordinacion-de-recursos-humanos,Coordinación de Recursos Humanos,jerarquía / adscripción,v120-para-active-073-unidad-de-administracion-y-finanzas,Unidad de Administración y Finanzas,Estatuto Orgánico integrado de IMSS-BIENESTAR (hasta 02-04-2025),https://cdn.imssbienestar.gob.mx/ssib/assets/docs/infra_equipamiento/normatividad_interna/ESTATUTO_ORGANICO_IMSS_BIENESTAR_INTEGRADO.pdf,2026-09-28,"Estatuto IMSS-BIENESTAR 2025, art. 21. "
v120-rel-1645,v120-v120-para-active-073-unidad-de-administracion-y-finanzas-coordinacion-de-tecnologias-de-la-informacion,Coordinación de Tecnologías de la Información,jerarquía / adscripción,v120-para-active-073-unidad-de-administracion-y-finanzas,Unidad de Administración y Finanzas,Estatuto Orgánico integrado de IMSS-BIENESTAR (hasta 02-04-2025),https://cdn.imssbienestar.gob.mx/ssib/assets/docs/infra_equipamiento/normatividad_interna/ESTATUTO_ORGANICO_IMSS_BIENESTAR_INTEGRADO.pdf,2026-09-28,"Estatuto IMSS-BIENESTAR 2025, art. 21. "
v120-rel-1646,v120-v120-para-active-073-unidad-de-administracion-y-finanzas-coordinacion-de-recursos-materiales,Coordinación de Recursos Materiales,jerarquía / adscripción,v120-para-active-073-unidad-de-administracion-y-finanzas,Unidad de Administración y Finanzas,Estatuto Orgánico integrado de IMSS-BIENESTAR (hasta 02-04-2025),https://cdn.imssbienestar.gob.mx/ssib/assets/docs/infra_equipamiento/normatividad_interna/ESTATUTO_ORGANICO_IMSS_BIENESTAR_INTEGRADO.pdf,2026-09-28,"Estatuto IMSS-BIENESTAR 2025, art. 21. "
v120-rel-1647,v120-v120-para-active-073-unidad-de-administracion-y-finanzas-coordinacion-de-operacion-regional,Coordinación de Operación Regional,jerarquía / adscripción,v120-para-active-073-unidad-de-administracion-y-finanzas,Unidad de Administración y Finanzas,Estatuto Orgánico integrado de IMSS-BIENESTAR (hasta 02-04-2025),https://cdn.imssbienestar.gob.mx/ssib/assets/docs/infra_equipamiento/normatividad_interna/ESTATUTO_ORGANICO_IMSS_BIENESTAR_INTEGRADO.pdf,2026-09-28,"Estatuto IMSS-BIENESTAR 2025, art. 21. "
v120-rel-1648,v120-v120-para-active-073-unidad-de-administracion-y-finanzas-coordinacion-de-relaciones-laborales,Coordinación de Relaciones Laborales,jerarquía / adscripción,v120-para-active-073-unidad-de-administracion-y-finanzas,Unidad de Administración y Finanzas,Estatuto Orgánico integrado de IMSS-BIENESTAR (hasta 02-04-2025),https://cdn.imssbienestar.gob.mx/ssib/assets/docs/infra_equipamiento/normatividad_interna/ESTATUTO_ORGANICO_IMSS_BIENESTAR_INTEGRADO.pdf,2026-09-28,"Estatuto IMSS-BIENESTAR 2025, art. 21. "
v120-rel-1649,v120-para-active-073-unidad-de-infraestructura,Unidad de Infraestructura,jerarquía / adscripción,para-active-073,Servicios de Salud del Instituto Mexicano del Seguro Social para el Bienestar (IMSS-BIENESTAR),Estatuto Orgánico integrado de IMSS-BIENESTAR (hasta 02-04-2025),https://cdn.imssbienestar.gob.mx/ssib/assets/docs/infra_equipamiento/normatividad_interna/ESTATUTO_ORGANICO_IMSS_BIENESTAR_INTEGRADO.pdf,2026-09-28,"Estatuto IMSS-BIENESTAR 2025, art. 21. "
v120-rel-1650,v120-v120-para-active-073-unidad-de-infraestructura-coordinacion-de-proyectos-y-construccion-de-obras,Coordinación de Proyectos y Construcción de Obras,jerarquía / adscripción,v120-para-active-073-unidad-de-infraestructura,Unidad de Infraestructura,Estatuto Orgánico integrado de IMSS-BIENESTAR (hasta 02-04-2025),https://cdn.imssbienestar.gob.mx/ssib/assets/docs/infra_equipamiento/normatividad_interna/ESTATUTO_ORGANICO_IMSS_BIENESTAR_INTEGRADO.pdf,2026-09-28,"Estatuto IMSS-BIENESTAR 2025, art. 21. "
v120-rel-1651,v120-v120-para-active-073-unidad-de-infraestructura-coordinacion-de-equipamiento-para-establecimientos-de-salud,Coordinación de Equipamiento para Establecimientos de Salud,jerarquía / adscripción,v120-para-active-073-unidad-de-infraestructura,Unidad de Infraestructura,Estatuto Orgánico integrado de IMSS-BIENESTAR (hasta 02-04-2025),https://cdn.imssbienestar.gob.mx/ssib/assets/docs/infra_equipamiento/normatividad_interna/ESTATUTO_ORGANICO_IMSS_BIENESTAR_INTEGRADO.pdf,2026-09-28,"Estatuto IMSS-BIENESTAR 2025, art. 21. "
v120-rel-1652,v120-v120-para-active-073-unidad-de-infraestructura-coordinacion-de-conservacion-y-mantenimiento-de-infraestructura,Coordinación de Conservación y Mantenimiento de Infraestructura,jerarquía / adscripción,v120-para-active-073-unidad-de-infraestructura,Unidad de Infraestructura,Estatuto Orgánico integrado de IMSS-BIENESTAR (hasta 02-04-2025),https://cdn.imssbienestar.gob.mx/ssib/assets/docs/infra_equipamiento/normatividad_interna/ESTATUTO_ORGANICO_IMSS_BIENESTAR_INTEGRADO.pdf,2026-09-28,"Estatuto IMSS-BIENESTAR 2025, art. 21. "
v120-rel-1653,v120-v120-para-active-073-unidad-de-infraestructura-coordinacion-de-evaluacion-y-seguimiento-de-infraestructura-operativa,Coordinación de Evaluación y Seguimiento de Infraestructura Operativa,jerarquía / adscripción,v120-para-active-073-unidad-de-infraestructura,Unidad de Infraestructura,Estatuto Orgánico integrado de IMSS-BIENESTAR (hasta 02-04-2025),https://cdn.imssbienestar.gob.mx/ssib/assets/docs/infra_equipamiento/normatividad_interna/ESTATUTO_ORGANICO_IMSS_BIENESTAR_INTEGRADO.pdf,2026-09-28,"Estatuto IMSS-BIENESTAR 2025, art. 21. "
v120-rel-1654,v120-para-active-073-unidad-juridica,Unidad Jurídica,jerarquía / adscripción,para-active-073,Servicios de Salud del Instituto Mexicano del Seguro Social para el Bienestar (IMSS-BIENESTAR),Estatuto Orgánico integrado de IMSS-BIENESTAR (hasta 02-04-2025),https://cdn.imssbienestar.gob.mx/ssib/assets/docs/infra_equipamiento/normatividad_interna/ESTATUTO_ORGANICO_IMSS_BIENESTAR_INTEGRADO.pdf,2026-09-28,"Estatuto IMSS-BIENESTAR 2025, art. 21. "
v120-rel-1655,v120-v120-para-active-073-unidad-juridica-coordinacion-de-regularizacion-inmobiliaria,Coordinación de Regularización Inmobiliaria,jerarquía / adscripción,v120-para-active-073-unidad-juridica,Unidad Jurídica,Estatuto Orgánico integrado de IMSS-BIENESTAR (hasta 02-04-2025),https://cdn.imssbienestar.gob.mx/ssib/assets/docs/infra_equipamiento/normatividad_interna/ESTATUTO_ORGANICO_IMSS_BIENESTAR_INTEGRADO.pdf,2026-09-28,"Estatuto IMSS-BIENESTAR 2025, art. 21. "
v120-rel-1656,v120-v120-para-active-073-unidad-juridica-coordinacion-de-asuntos-consultivos-y-normativos,Coordinación de Asuntos Consultivos y Normativos,jerarquía / adscripción,v120-para-active-073-unidad-juridica,Unidad Jurídica,Estatuto Orgánico integrado de IMSS-BIENESTAR (hasta 02-04-2025),https://cdn.imssbienestar.gob.mx/ssib/assets/docs/infra_equipamiento/normatividad_interna/ESTATUTO_ORGANICO_IMSS_BIENESTAR_INTEGRADO.pdf,2026-09-28,"Estatuto IMSS-BIENESTAR 2025, art. 21. "
v120-rel-1657,v120-v120-para-active-073-unidad-juridica-coordinacion-de-lo-contencioso,Coordinación de lo Contencioso,jerarquía / adscripción,v120-para-active-073-unidad-juridica,Unidad Jurídica,Estatuto Orgánico integrado de IMSS-BIENESTAR (hasta 02-04-2025),https://cdn.imssbienestar.gob.mx/ssib/assets/docs/infra_equipamiento/normatividad_interna/ESTATUTO_ORGANICO_IMSS_BIENESTAR_INTEGRADO.pdf,2026-09-28,"Estatuto IMSS-BIENESTAR 2025, art. 21. "
v120-rel-1658,v120-v120-para-active-073-unidad-juridica-coordinacion-de-convenios-y-contratos,Coordinación de Convenios y Contratos,jerarquía / adscripción,v120-para-active-073-unidad-juridica,Unidad Jurídica,Estatuto Orgánico integrado de IMSS-BIENESTAR (hasta 02-04-2025),https://cdn.imssbienestar.gob.mx/ssib/assets/docs/infra_equipamiento/normatividad_interna/ESTATUTO_ORGANICO_IMSS_BIENESTAR_INTEGRADO.pdf,2026-09-28,"Estatuto IMSS-BIENESTAR 2025, art. 21. "
v120-rel-1659,v120-para-active-073-unidad-de-planeacion-estrategica-y-coordinaciones-estatales,Unidad de Planeación Estratégica y Coordinaciones Estatales,jerarquía / adscripción,para-active-073,Servicios de Salud del Instituto Mexicano del Seguro Social para el Bienestar (IMSS-BIENESTAR),Estatuto Orgánico integrado de IMSS-BIENESTAR (hasta 02-04-2025),https://cdn.imssbienestar.gob.mx/ssib/assets/docs/infra_equipamiento/normatividad_interna/ESTATUTO_ORGANICO_IMSS_BIENESTAR_INTEGRADO.pdf,2026-09-28,"Estatuto IMSS-BIENESTAR 2025, art. 21. "
v120-rel-1660,v120-v120-para-active-073-unidad-de-planeacion-estrategica-y-coordinaciones-estatales-coordinacion-de-planeacion-estrategica,Coordinación de Planeación Estratégica,jerarquía / adscripción,v120-para-active-073-unidad-de-planeacion-estrategica-y-coordinaciones-estatales,Unidad de Planeación Estratégica y Coordinaciones Estatales,Estatuto Orgánico integrado de IMSS-BIENESTAR (hasta 02-04-2025),https://cdn.imssbienestar.gob.mx/ssib/assets/docs/infra_equipamiento/normatividad_interna/ESTATUTO_ORGANICO_IMSS_BIENESTAR_INTEGRADO.pdf,2026-09-28,"Estatuto IMSS-BIENESTAR 2025, art. 21. "
v120-rel-1661,v120-v120-para-active-073-unidad-de-planeacion-estrategica-y-coordinaciones-estatales-coordinacion-de-vinculacion-estatal,Coordinación de Vinculación Estatal,jerarquía / adscripción,v120-para-active-073-unidad-de-planeacion-estrategica-y-coordinaciones-estatales,Unidad de Planeación Estratégica y Coordinaciones Estatales,Estatuto Orgánico integrado de IMSS-BIENESTAR (hasta 02-04-2025),https://cdn.imssbienestar.gob.mx/ssib/assets/docs/infra_equipamiento/normatividad_interna/ESTATUTO_ORGANICO_IMSS_BIENESTAR_INTEGRADO.pdf,2026-09-28,"Estatuto IMSS-BIENESTAR 2025, art. 21. "
v120-rel-1662,v120-v120-para-active-073-unidad-de-planeacion-estrategica-y-coordinaciones-estatales-coordinacion-de-padron-de-beneficiarios,Coordinación de Padrón de Beneficiarios,jerarquía / adscripción,v120-para-active-073-unidad-de-planeacion-estrategica-y-coordinaciones-estatales,Unidad de Planeación Estratégica y Coordinaciones Estatales,Estatuto Orgánico integrado de IMSS-BIENESTAR (hasta 02-04-2025),https://cdn.imssbienestar.gob.mx/ssib/assets/docs/infra_equipamiento/normatividad_interna/ESTATUTO_ORGANICO_IMSS_BIENESTAR_INTEGRADO.pdf,2026-09-28,"Estatuto IMSS-BIENESTAR 2025, art. 21. "
v120-rel-1663,v120-v120-para-active-073-unidad-de-planeacion-estrategica-y-coordinaciones-estatales-coordinaciones-estatales,Coordinaciones Estatales,jerarquía / adscripción,v120-para-active-073-unidad-de-planeacion-estrategica-y-coordinaciones-estatales,Unidad de Planeación Estratégica y Coordinaciones Estatales,Estatuto Orgánico integrado de IMSS-BIENESTAR (hasta 02-04-2025),https://cdn.imssbienestar.gob.mx/ssib/assets/docs/infra_equipamiento/normatividad_interna/ESTATUTO_ORGANICO_IMSS_BIENESTAR_INTEGRADO.pdf,2026-09-28,"Estatuto IMSS-BIENESTAR 2025, art. 21. "
v120-rel-1664,v120-para-active-073-coordinacion-de-accion-comunitaria,Coordinación de Acción Comunitaria,jerarquía / adscripción,para-active-073,Servicios de Salud del Instituto Mexicano del Seguro Social para el Bienestar (IMSS-BIENESTAR),Estatuto Orgánico integrado de IMSS-BIENESTAR (hasta 02-04-2025),https://cdn.imssbienestar.gob.mx/ssib/assets/docs/infra_equipamiento/normatividad_interna/ESTATUTO_ORGANICO_IMSS_BIENESTAR_INTEGRADO.pdf,2026-09-28,"Estatuto IMSS-BIENESTAR 2025, art. 21. "
v120-rel-1665,v120-para-active-073-coordinacion-de-transparencia-y-vinculacion,Coordinación de Transparencia y Vinculación,jerarquía / adscripción,para-active-073,Servicios de Salud del Instituto Mexicano del Seguro Social para el Bienestar (IMSS-BIENESTAR),Estatuto Orgánico integrado de IMSS-BIENESTAR (hasta 02-04-2025),https://cdn.imssbienestar.gob.mx/ssib/assets/docs/infra_equipamiento/normatividad_interna/ESTATUTO_ORGANICO_IMSS_BIENESTAR_INTEGRADO.pdf,2026-09-28,"Estatuto IMSS-BIENESTAR 2025, art. 21. "
v120-rel-1666,v120-para-active-073-coordinacion-de-calidad-e-informacion-estrategica,Coordinación de Calidad e Información Estratégica,jerarquía / adscripción,para-active-073,Servicios de Salud del Instituto Mexicano del Seguro Social para el Bienestar (IMSS-BIENESTAR),Estatuto Orgánico integrado de IMSS-BIENESTAR (hasta 02-04-2025),https://cdn.imssbienestar.gob.mx/ssib/assets/docs/infra_equipamiento/normatividad_interna/ESTATUTO_ORGANICO_IMSS_BIENESTAR_INTEGRADO.pdf,2026-09-28,"Estatuto IMSS-BIENESTAR 2025, art. 21. "
v120-rel-1667,v120-para-active-073-organo-interno-de-control,Órgano Interno de Control,jerarquía / adscripción,para-active-073,Servicios de Salud del Instituto Mexicano del Seguro Social para el Bienestar (IMSS-BIENESTAR),Modificación al Estatuto Orgánico de IMSS-BIENESTAR de 25-09-2025,https://dof.gob.mx/2025/IMSS-BIENESTAR/MODIFICACIONESTATUTO_25_09_2025.pdf,2026-09-28,"Estatuto IMSS-BIENESTAR 2025, art. 21. "
v120-rel-1668,v120-v120-v120-para-active-073-unidad-juridica-coordinacion-de-lo-contencioso-division-de-lo-laboral-civil-y-mercantil,"División de lo Laboral, Civil y Mercantil",jerarquía / adscripción,v120-v120-para-active-073-unidad-juridica-coordinacion-de-lo-contencioso,Coordinación de lo Contencioso,Estatuto Orgánico integrado de IMSS-BIENESTAR (hasta 02-04-2025),https://cdn.imssbienestar.gob.mx/ssib/assets/docs/infra_equipamiento/normatividad_interna/ESTATUTO_ORGANICO_IMSS_BIENESTAR_INTEGRADO.pdf,2026-09-28,"Estatuto IMSS-BIENESTAR 2025, art. 21 IV.c. "
v120-rel-1669,v120-v120-v120-para-active-073-unidad-juridica-coordinacion-de-lo-contencioso-division-de-amparo-y-procedimientos-penales,División de Amparo y Procedimientos Penales,jerarquía / adscripción,v120-v120-para-active-073-unidad-juridica-coordinacion-de-lo-contencioso,Coordinación de lo Contencioso,Estatuto Orgánico integrado de IMSS-BIENESTAR (hasta 02-04-2025),https://cdn.imssbienestar.gob.mx/ssib/assets/docs/infra_equipamiento/normatividad_interna/ESTATUTO_ORGANICO_IMSS_BIENESTAR_INTEGRADO.pdf,2026-09-28,"Estatuto IMSS-BIENESTAR 2025, art. 21 IV.c. "
v120-rel-1670,v120-v120-v120-para-active-073-unidad-juridica-coordinacion-de-lo-contencioso-division-de-procedimientos-juridicos,División de Procedimientos Jurídicos,jerarquía / adscripción,v120-v120-para-active-073-unidad-juridica-coordinacion-de-lo-contencioso,Coordinación de lo Contencioso,Estatuto Orgánico integrado de IMSS-BIENESTAR (hasta 02-04-2025),https://cdn.imssbienestar.gob.mx/ssib/assets/docs/infra_equipamiento/normatividad_interna/ESTATUTO_ORGANICO_IMSS_BIENESTAR_INTEGRADO.pdf,2026-09-28,"Estatuto IMSS-BIENESTAR 2025, art. 21 IV.c. "
v120-rel-1671,v120-v120-v120-para-active-073-unidad-juridica-coordinacion-de-lo-contencioso-division-de-colaboracion-en-asuntos-contenciosos-a-coordinaciones-estatales,División de Colaboración en Asuntos Contenciosos a Coordinaciones Estatales,jerarquía / adscripción,v120-v120-para-active-073-unidad-juridica-coordinacion-de-lo-contencioso,Coordinación de lo Contencioso,Estatuto Orgánico integrado de IMSS-BIENESTAR (hasta 02-04-2025),https://cdn.imssbienestar.gob.mx/ssib/assets/docs/infra_equipamiento/normatividad_interna/ESTATUTO_ORGANICO_IMSS_BIENESTAR_INTEGRADO.pdf,2026-09-28,"Estatuto IMSS-BIENESTAR 2025, art. 21 IV.c. "
v120-rel-1672,v120-v120-v120-para-active-073-unidad-de-planeacion-estrategica-y-coordinaciones-estatales-coordinaciones-estatales-jefatura-de-servicios-de-atencion-a-la-salud,Jefatura de Servicios de Atención a la Salud,jerarquía / adscripción,v120-v120-para-active-073-unidad-de-planeacion-estrategica-y-coordinaciones-estatales-coordinaciones-estatales,Coordinaciones Estatales,Estatuto Orgánico integrado de IMSS-BIENESTAR (hasta 02-04-2025),https://cdn.imssbienestar.gob.mx/ssib/assets/docs/infra_equipamiento/normatividad_interna/ESTATUTO_ORGANICO_IMSS_BIENESTAR_INTEGRADO.pdf,2026-09-28,"Estatuto IMSS-BIENESTAR 2025, art. 21 V.d. Modelo orgánico genérico de las Coordinaciones Estatales, no ficha de una entidad federativa específica."
v120-rel-1673,v120-v120-v120-para-active-073-unidad-de-planeacion-estrategica-y-coordinaciones-estatales-coordinaciones-estatales-jefatura-de-servicios-administrativos-y-finanzas,Jefatura de Servicios Administrativos y Finanzas,jerarquía / adscripción,v120-v120-para-active-073-unidad-de-planeacion-estrategica-y-coordinaciones-estatales-coordinaciones-estatales,Coordinaciones Estatales,Estatuto Orgánico integrado de IMSS-BIENESTAR (hasta 02-04-2025),https://cdn.imssbienestar.gob.mx/ssib/assets/docs/infra_equipamiento/normatividad_interna/ESTATUTO_ORGANICO_IMSS_BIENESTAR_INTEGRADO.pdf,2026-09-28,"Estatuto IMSS-BIENESTAR 2025, art. 21 V.d. Modelo orgánico genérico de las Coordinaciones Estatales, no ficha de una entidad federativa específica."
v120-rel-1674,v120-v120-v120-para-active-073-unidad-de-planeacion-estrategica-y-coordinaciones-estatales-coordinaciones-estatales-jefatura-de-servicios-juridicos,Jefatura de Servicios Jurídicos,jerarquía / adscripción,v120-v120-para-active-073-unidad-de-planeacion-estrategica-y-coordinaciones-estatales-coordinaciones-estatales,Coordinaciones Estatales,Estatuto Orgánico integrado de IMSS-BIENESTAR (hasta 02-04-2025),https://cdn.imssbienestar.gob.mx/ssib/assets/docs/infra_equipamiento/normatividad_interna/ESTATUTO_ORGANICO_IMSS_BIENESTAR_INTEGRADO.pdf,2026-09-28,"Estatuto IMSS-BIENESTAR 2025, art. 21 V.d. Modelo orgánico genérico de las Coordinaciones Estatales, no ficha de una entidad federativa específica."
v120-rel-1675,v120-v120-v120-para-active-073-unidad-de-planeacion-estrategica-y-coordinaciones-estatales-coordinaciones-estatales-departamento-de-accion-comunitaria,Departamento de Acción Comunitaria,jerarquía / adscripción,v120-v120-para-active-073-unidad-de-planeacion-estrategica-y-coordinaciones-estatales-coordinaciones-estatales,Coordinaciones Estatales,Estatuto Orgánico integrado de IMSS-BIENESTAR (hasta 02-04-2025),https://cdn.imssbienestar.gob.mx/ssib/assets/docs/infra_equipamiento/normatividad_interna/ESTATUTO_ORGANICO_IMSS_BIENESTAR_INTEGRADO.pdf,2026-09-28,"Estatuto IMSS-BIENESTAR 2025, art. 21 V.d. Modelo orgánico genérico de las Coordinaciones Estatales, no ficha de una entidad federativa específica."
v120-rel-1676,v120-v120-v120-para-active-073-unidad-de-planeacion-estrategica-y-coordinaciones-estatales-coordinaciones-estatales-departamento-de-planeacion-estrategica,Departamento de Planeación Estratégica,jerarquía / adscripción,v120-v120-para-active-073-unidad-de-planeacion-estrategica-y-coordinaciones-estatales-coordinaciones-estatales,Coordinaciones Estatales,Estatuto Orgánico integrado de IMSS-BIENESTAR (hasta 02-04-2025),https://cdn.imssbienestar.gob.mx/ssib/assets/docs/infra_equipamiento/normatividad_interna/ESTATUTO_ORGANICO_IMSS_BIENESTAR_INTEGRADO.pdf,2026-09-28,"Estatuto IMSS-BIENESTAR 2025, art. 21 V.d. Modelo orgánico genérico de las Coordinaciones Estatales, no ficha de una entidad federativa específica."
v120-rel-1677,v120-v120-para-active-073-organo-interno-de-control-area-de-auditoria,Área de Auditoría,jerarquía / adscripción,v120-para-active-073-organo-interno-de-control,Órgano Interno de Control,Modificación al Estatuto Orgánico de IMSS-BIENESTAR de 25-09-2025,https://dof.gob.mx/2025/IMSS-BIENESTAR/MODIFICACIONESTATUTO_25_09_2025.pdf,2026-09-28,"Modificación septiembre 2025, art. 59. "
v120-rel-1678,v120-v120-para-active-073-organo-interno-de-control-area-de-denuncias-e-investigaciones,Área de Denuncias e Investigaciones,jerarquía / adscripción,v120-para-active-073-organo-interno-de-control,Órgano Interno de Control,Modificación al Estatuto Orgánico de IMSS-BIENESTAR de 25-09-2025,https://dof.gob.mx/2025/IMSS-BIENESTAR/MODIFICACIONESTATUTO_25_09_2025.pdf,2026-09-28,"Modificación septiembre 2025, art. 59. "
v120-rel-1679,v120-v120-para-active-073-organo-interno-de-control-area-de-responsabilidades,Área de Responsabilidades,jerarquía / adscripción,v120-para-active-073-organo-interno-de-control,Órgano Interno de Control,Modificación al Estatuto Orgánico de IMSS-BIENESTAR de 25-09-2025,https://dof.gob.mx/2025/IMSS-BIENESTAR/MODIFICACIONESTATUTO_25_09_2025.pdf,2026-09-28,"Modificación septiembre 2025, art. 59. "
v120-rel-1680,v120-sabg-upsp-direccion-general-de-organizacion-y-remuneraciones-de-la-administracion-publica-federal-a,Dirección General de Organización y Remuneraciones de la Administración Pública Federal A,jerarquía / adscripción,sabg-upsp,Unidad de Políticas para el Servicio Público,Reglamento Interior de la Secretaría Anticorrupción y Buen Gobierno,https://dof.gob.mx/nota_detalle.php?codigo=5746534&fecha=31/12/2024,2026-09-28,"RI SABG, art. 2 A; reforma 21-03-2025 cuando corresponde. "
v120-rel-1681,v120-sabg-upsp-direccion-general-de-organizacion-y-remuneraciones-de-la-administracion-publica-federal-b,Dirección General de Organización y Remuneraciones de la Administración Pública Federal B,jerarquía / adscripción,sabg-upsp,Unidad de Políticas para el Servicio Público,Reglamento Interior de la Secretaría Anticorrupción y Buen Gobierno,https://dof.gob.mx/nota_detalle.php?codigo=5746534&fecha=31/12/2024,2026-09-28,"RI SABG, art. 2 A; reforma 21-03-2025 cuando corresponde. "
v120-rel-1682,v120-sabg-upsp-direccion-general-de-gestion-para-los-servidores-publicos-al-servicio-de-la-sociedad,Dirección General de Gestión para los Servidores Públicos al Servicio de la Sociedad,jerarquía / adscripción,sabg-upsp,Unidad de Políticas para el Servicio Público,Reglamento Interior de la Secretaría Anticorrupción y Buen Gobierno,https://dof.gob.mx/nota_detalle.php?codigo=5746534&fecha=31/12/2024,2026-09-28,"RI SABG, art. 2 A; reforma 21-03-2025 cuando corresponde. "
v120-rel-1683,v120-sabg-upsp-direccion-general-de-evaluacion-de-confianza,Dirección General de Evaluación de Confianza,jerarquía / adscripción,sabg-upsp,Unidad de Políticas para el Servicio Público,Reforma del Reglamento Interior SABG y Reglamento Interior de Transparencia para el Pueblo,https://dof.gob.mx/nota_detalle.php?codigo=5752650&fecha=21/03/2025,2026-09-28,"RI SABG, art. 2 A; reforma 21-03-2025 cuando corresponde. "
v120-rel-1684,v120-sabg-cgbg-direccion-general-de-prevencion-de-la-corrupcion-y-mejora-continua-1,Dirección General de Prevención de la Corrupción y Mejora Continua 1,jerarquía / adscripción,sabg-cgbg,Coordinación General de Buen Gobierno,Reglamento Interior de la Secretaría Anticorrupción y Buen Gobierno,https://dof.gob.mx/nota_detalle.php?codigo=5746534&fecha=31/12/2024,2026-09-28,"RI SABG, art. 2 A; reforma 21-03-2025 cuando corresponde. "
v120-rel-1685,v120-sabg-cgbg-direccion-general-de-prevencion-de-la-corrupcion-y-mejora-continua-2,Dirección General de Prevención de la Corrupción y Mejora Continua 2,jerarquía / adscripción,sabg-cgbg,Coordinación General de Buen Gobierno,Reglamento Interior de la Secretaría Anticorrupción y Buen Gobierno,https://dof.gob.mx/nota_detalle.php?codigo=5746534&fecha=31/12/2024,2026-09-28,"RI SABG, art. 2 A; reforma 21-03-2025 cuando corresponde. "
v120-rel-1686,v120-sabg-cgbg-direccion-general-de-prevencion-de-la-corrupcion-y-mejora-continua-3,Dirección General de Prevención de la Corrupción y Mejora Continua 3,jerarquía / adscripción,sabg-cgbg,Coordinación General de Buen Gobierno,Reglamento Interior de la Secretaría Anticorrupción y Buen Gobierno,https://dof.gob.mx/nota_detalle.php?codigo=5746534&fecha=31/12/2024,2026-09-28,"RI SABG, art. 2 A; reforma 21-03-2025 cuando corresponde. "
v120-rel-1687,v120-sabg-cgbg-direccion-general-de-prevencion-de-la-corrupcion-y-mejora-continua-4,Dirección General de Prevención de la Corrupción y Mejora Continua 4,jerarquía / adscripción,sabg-cgbg,Coordinación General de Buen Gobierno,Reglamento Interior de la Secretaría Anticorrupción y Buen Gobierno,https://dof.gob.mx/nota_detalle.php?codigo=5746534&fecha=31/12/2024,2026-09-28,"RI SABG, art. 2 A; reforma 21-03-2025 cuando corresponde. "
v120-rel-1688,v120-sabg-ucp-direccion-general-de-politica-de-contrataciones-publicas,Dirección General de Política de Contrataciones Públicas,jerarquía / adscripción,sabg-ucp,Unidad de Contrataciones Públicas,Reglamento Interior de la Secretaría Anticorrupción y Buen Gobierno,https://dof.gob.mx/nota_detalle.php?codigo=5746534&fecha=31/12/2024,2026-09-28,"RI SABG, art. 2 A; reforma 21-03-2025 cuando corresponde. "
v120-rel-1689,v120-sabg-ucp-direccion-general-de-normatividad-de-contrataciones-publicas,Dirección General de Normatividad de Contrataciones Públicas,jerarquía / adscripción,sabg-ucp,Unidad de Contrataciones Públicas,Reglamento Interior de la Secretaría Anticorrupción y Buen Gobierno,https://dof.gob.mx/nota_detalle.php?codigo=5746534&fecha=31/12/2024,2026-09-28,"RI SABG, art. 2 A; reforma 21-03-2025 cuando corresponde. "
v120-rel-1690,v120-sabg-ucp-direccion-general-de-controversias-y-sanciones-en-contrataciones-publicas,Dirección General de Controversias y Sanciones en Contrataciones Públicas,jerarquía / adscripción,sabg-ucp,Unidad de Contrataciones Públicas,Reglamento Interior de la Secretaría Anticorrupción y Buen Gobierno,https://dof.gob.mx/nota_detalle.php?codigo=5746534&fecha=31/12/2024,2026-09-28,"RI SABG, art. 2 A; reforma 21-03-2025 cuando corresponde. "
v120-rel-1691,v120-sabg-upsrrc-direccion-general-de-participacion-social-y-formacion-civica,Dirección General de Participación Social y Formación Cívica,jerarquía / adscripción,sabg-upsrrc,Unidad de Participación Social y Responsabilidad Compartida,Reglamento Interior de la Secretaría Anticorrupción y Buen Gobierno,https://dof.gob.mx/nota_detalle.php?codigo=5746534&fecha=31/12/2024,2026-09-28,"RI SABG, art. 2 A; reforma 21-03-2025 cuando corresponde. "
v120-rel-1692,v120-sabg-upsrrc-direccion-general-de-vinculacion-con-el-sector-privado,Dirección General de Vinculación con el Sector Privado,jerarquía / adscripción,sabg-upsrrc,Unidad de Participación Social y Responsabilidad Compartida,Reglamento Interior de la Secretaría Anticorrupción y Buen Gobierno,https://dof.gob.mx/nota_detalle.php?codigo=5746534&fecha=31/12/2024,2026-09-28,"RI SABG, art. 2 A; reforma 21-03-2025 cuando corresponde. "
v120-rel-1693,v120-sabg-upsrrc-direccion-general-de-monitoreo-de-calidad-y-atencion-al-publico,Dirección General de Monitoreo de Calidad y Atención al Público,jerarquía / adscripción,sabg-upsrrc,Unidad de Participación Social y Responsabilidad Compartida,Reglamento Interior de la Secretaría Anticorrupción y Buen Gobierno,https://dof.gob.mx/nota_detalle.php?codigo=5746534&fecha=31/12/2024,2026-09-28,"RI SABG, art. 2 A; reforma 21-03-2025 cuando corresponde. "
v120-rel-1694,v120-sabg-upsrrc-direccion-general-de-cooperacion-tecnica,Dirección General de Cooperación Técnica,jerarquía / adscripción,sabg-upsrrc,Unidad de Participación Social y Responsabilidad Compartida,Reforma del Reglamento Interior SABG y Reglamento Interior de Transparencia para el Pueblo,https://dof.gob.mx/nota_detalle.php?codigo=5752650&fecha=21/03/2025,2026-09-28,"RI SABG, art. 2 A; reforma 21-03-2025 cuando corresponde. "
v120-rel-1695,v120-sabg-uigp-direccion-general-de-innovacion-en-contrataciones-publicas,Dirección General de Innovación en Contrataciones Públicas,jerarquía / adscripción,sabg-uigp,Unidad de Innovación de la Gestión Pública,Reglamento Interior de la Secretaría Anticorrupción y Buen Gobierno,https://dof.gob.mx/nota_detalle.php?codigo=5746534&fecha=31/12/2024,2026-09-28,"RI SABG, art. 2 A; reforma 21-03-2025 cuando corresponde. "
v120-rel-1696,v120-sabg-uigp-direccion-general-de-plataformas-para-la-integridad-y-transparencia,Dirección General de Plataformas para la Integridad y Transparencia,jerarquía / adscripción,sabg-uigp,Unidad de Innovación de la Gestión Pública,Reglamento Interior de la Secretaría Anticorrupción y Buen Gobierno,https://dof.gob.mx/nota_detalle.php?codigo=5746534&fecha=31/12/2024,2026-09-28,"RI SABG, art. 2 A; reforma 21-03-2025 cuando corresponde. "
v120-rel-1697,v120-sabg-uigp-direccion-general-de-datos-y-transparencia-proactiva,Dirección General de Datos y Transparencia Proactiva,jerarquía / adscripción,sabg-uigp,Unidad de Innovación de la Gestión Pública,Reforma del Reglamento Interior SABG y Reglamento Interior de Transparencia para el Pueblo,https://dof.gob.mx/nota_detalle.php?codigo=5752650&fecha=21/03/2025,2026-09-28,"RI SABG, art. 2 A; reforma 21-03-2025 cuando corresponde. "
v120-rel-1698,v120-sabg-updp-direccion-general-de-normatividad-y-prevencion,Dirección General de Normatividad y Prevención,jerarquía / adscripción,sabg-updp,Unidad de Protección de Datos Personales,Reforma del Reglamento Interior SABG y Reglamento Interior de Transparencia para el Pueblo,https://dof.gob.mx/nota_detalle.php?codigo=5752650&fecha=21/03/2025,2026-09-28,"RI SABG, art. 2 A; reforma 21-03-2025 cuando corresponde. "
v120-rel-1699,v120-sabg-updp-direccion-general-de-datos-personales-en-el-sector-publico,Dirección General de Datos Personales en el Sector Público,jerarquía / adscripción,sabg-updp,Unidad de Protección de Datos Personales,Reforma del Reglamento Interior SABG y Reglamento Interior de Transparencia para el Pueblo,https://dof.gob.mx/nota_detalle.php?codigo=5752650&fecha=21/03/2025,2026-09-28,"RI SABG, art. 2 A; reforma 21-03-2025 cuando corresponde. "
v120-rel-1700,v120-sabg-updp-direccion-general-de-datos-personales-en-el-sector-privado,Dirección General de Datos Personales en el Sector Privado,jerarquía / adscripción,sabg-updp,Unidad de Protección de Datos Personales,Reforma del Reglamento Interior SABG y Reglamento Interior de Transparencia para el Pueblo,https://dof.gob.mx/nota_detalle.php?codigo=5752650&fecha=21/03/2025,2026-09-28,"RI SABG, art. 2 A; reforma 21-03-2025 cuando corresponde. "
v120-rel-1701,v120-sabg-uplan-direccion-general-de-planeacion,Dirección General de Planeación,jerarquía / adscripción,sabg-uplan,Unidad de Planeación,Reglamento Interior de la Secretaría Anticorrupción y Buen Gobierno,https://dof.gob.mx/nota_detalle.php?codigo=5746534&fecha=31/12/2024,2026-09-28,"RI SABG, art. 2 A; reforma 21-03-2025 cuando corresponde. "
v120-rel-1702,v120-sabg-uplan-direccion-general-de-planeacion-estrategica-y-regional,Dirección General de Planeación Estratégica y Regional,jerarquía / adscripción,sabg-uplan,Unidad de Planeación,Reglamento Interior de la Secretaría Anticorrupción y Buen Gobierno,https://dof.gob.mx/nota_detalle.php?codigo=5746534&fecha=31/12/2024,2026-09-28,"RI SABG, art. 2 A; reforma 21-03-2025 cuando corresponde. "
v120-rel-1703,v120-sabg-cgoic-unidad-de-vigilancia-1,Unidad de Vigilancia 1,jerarquía / adscripción,sabg-cgoic,Coordinación General de Órganos Internos de Control,Reglamento Interior de la Secretaría Anticorrupción y Buen Gobierno,https://dof.gob.mx/nota_detalle.php?codigo=5746534&fecha=31/12/2024,2026-09-28,"RI SABG, art. 2 A; reforma 21-03-2025 cuando corresponde. "
v120-rel-1704,v120-sabg-cgoic-unidad-de-vigilancia-2,Unidad de Vigilancia 2,jerarquía / adscripción,sabg-cgoic,Coordinación General de Órganos Internos de Control,Reglamento Interior de la Secretaría Anticorrupción y Buen Gobierno,https://dof.gob.mx/nota_detalle.php?codigo=5746534&fecha=31/12/2024,2026-09-28,"RI SABG, art. 2 A; reforma 21-03-2025 cuando corresponde. "
v120-rel-1705,v120-sabg-cgoic-unidad-de-vigilancia-3,Unidad de Vigilancia 3,jerarquía / adscripción,sabg-cgoic,Coordinación General de Órganos Internos de Control,Reglamento Interior de la Secretaría Anticorrupción y Buen Gobierno,https://dof.gob.mx/nota_detalle.php?codigo=5746534&fecha=31/12/2024,2026-09-28,"RI SABG, art. 2 A; reforma 21-03-2025 cuando corresponde. "
v120-rel-1706,v120-sabg-cgoic-unidad-de-vigilancia-4,Unidad de Vigilancia 4,jerarquía / adscripción,sabg-cgoic,Coordinación General de Órganos Internos de Control,Reglamento Interior de la Secretaría Anticorrupción y Buen Gobierno,https://dof.gob.mx/nota_detalle.php?codigo=5746534&fecha=31/12/2024,2026-09-28,"RI SABG, art. 2 A; reforma 21-03-2025 cuando corresponde. "
v120-rel-1707,v120-sabg-uacg-direccion-general-de-auditoria-gubernamental,Dirección General de Auditoría Gubernamental,jerarquía / adscripción,sabg-uacg,Unidad de Auditoría y Control Gubernamental,Reglamento Interior de la Secretaría Anticorrupción y Buen Gobierno,https://dof.gob.mx/nota_detalle.php?codigo=5746534&fecha=31/12/2024,2026-09-28,"RI SABG, art. 2 A; reforma 21-03-2025 cuando corresponde. "
v120-rel-1708,v120-sabg-uacg-direccion-general-de-auditoria-a-contrataciones-publicas,Dirección General de Auditoría a Contrataciones Públicas,jerarquía / adscripción,sabg-uacg,Unidad de Auditoría y Control Gubernamental,Reglamento Interior de la Secretaría Anticorrupción y Buen Gobierno,https://dof.gob.mx/nota_detalle.php?codigo=5746534&fecha=31/12/2024,2026-09-28,"RI SABG, art. 2 A; reforma 21-03-2025 cuando corresponde. "
v120-rel-1709,v120-sabg-uacg-direccion-general-de-fiscalizacion-regional,Dirección General de Fiscalización Regional,jerarquía / adscripción,sabg-uacg,Unidad de Auditoría y Control Gubernamental,Reglamento Interior de la Secretaría Anticorrupción y Buen Gobierno,https://dof.gob.mx/nota_detalle.php?codigo=5746534&fecha=31/12/2024,2026-09-28,"RI SABG, art. 2 A; reforma 21-03-2025 cuando corresponde. "
v120-rel-1710,v120-sabg-uacg-direccion-general-de-coordinacion-con-otros-organos-de-fiscalizacion,Dirección General de Coordinación con otros Órganos de Fiscalización,jerarquía / adscripción,sabg-uacg,Unidad de Auditoría y Control Gubernamental,Reglamento Interior de la Secretaría Anticorrupción y Buen Gobierno,https://dof.gob.mx/nota_detalle.php?codigo=5746534&fecha=31/12/2024,2026-09-28,"RI SABG, art. 2 A; reforma 21-03-2025 cuando corresponde. "
v120-rel-1711,v120-sabg-uacg-direccion-general-anticorrupcion,Dirección General Anticorrupción,jerarquía / adscripción,sabg-uacg,Unidad de Auditoría y Control Gubernamental,Reglamento Interior de la Secretaría Anticorrupción y Buen Gobierno,https://dof.gob.mx/nota_detalle.php?codigo=5746534&fecha=31/12/2024,2026-09-28,"RI SABG, art. 2 A; reforma 21-03-2025 cuando corresponde. "
v120-rel-1712,v120-sabg-uci-direccion-general-de-seguimiento-patrimonial,Dirección General de Seguimiento Patrimonial,jerarquía / adscripción,sabg-uci,Unidad de Combate a la Impunidad,Reglamento Interior de la Secretaría Anticorrupción y Buen Gobierno,https://dof.gob.mx/nota_detalle.php?codigo=5746534&fecha=31/12/2024,2026-09-28,"RI SABG, art. 2 A; reforma 21-03-2025 cuando corresponde. "
v120-rel-1713,v120-sabg-uci-direccion-general-de-investigacion,Dirección General de Investigación,jerarquía / adscripción,sabg-uci,Unidad de Combate a la Impunidad,Reglamento Interior de la Secretaría Anticorrupción y Buen Gobierno,https://dof.gob.mx/nota_detalle.php?codigo=5746534&fecha=31/12/2024,2026-09-28,"RI SABG, art. 2 A; reforma 21-03-2025 cuando corresponde. "
v120-rel-1714,v120-sabg-uci-direccion-general-de-procedimientos-y-resoluciones,Dirección General de Procedimientos y Resoluciones,jerarquía / adscripción,sabg-uci,Unidad de Combate a la Impunidad,Reglamento Interior de la Secretaría Anticorrupción y Buen Gobierno,https://dof.gob.mx/nota_detalle.php?codigo=5746534&fecha=31/12/2024,2026-09-28,"RI SABG, art. 2 A; reforma 21-03-2025 cuando corresponde. "
v120-rel-1715,v120-sabg-uci-direccion-general-de-asuntos-penales-estrategicos,Dirección General de Asuntos Penales Estratégicos,jerarquía / adscripción,sabg-uci,Unidad de Combate a la Impunidad,Reglamento Interior de la Secretaría Anticorrupción y Buen Gobierno,https://dof.gob.mx/nota_detalle.php?codigo=5746534&fecha=31/12/2024,2026-09-28,"RI SABG, art. 2 A; reforma 21-03-2025 cuando corresponde. "
v120-rel-1716,v120-sabg-uaj-direccion-general-de-normatividad-y-consulta,Dirección General de Normatividad y Consulta,jerarquía / adscripción,sabg-uaj,Unidad de Asuntos Jurídicos,Reglamento Interior de la Secretaría Anticorrupción y Buen Gobierno,https://dof.gob.mx/nota_detalle.php?codigo=5746534&fecha=31/12/2024,2026-09-28,"RI SABG, art. 2 A; reforma 21-03-2025 cuando corresponde. "
v120-rel-1717,v120-sabg-uaj-direccion-general-juridica,Dirección General Jurídica,jerarquía / adscripción,sabg-uaj,Unidad de Asuntos Jurídicos,Reglamento Interior de la Secretaría Anticorrupción y Buen Gobierno,https://dof.gob.mx/nota_detalle.php?codigo=5746534&fecha=31/12/2024,2026-09-28,"RI SABG, art. 2 A; reforma 21-03-2025 cuando corresponde. "
v120-rel-1718,v120-sabg-uta-coordinacion-de-comunicacion-social,Coordinación de Comunicación Social,jerarquía / adscripción,sabg-uta,Unidad Técnica de Apoyo,Reglamento Interior de la Secretaría Anticorrupción y Buen Gobierno,https://dof.gob.mx/nota_detalle.php?codigo=5746534&fecha=31/12/2024,2026-09-28,"RI SABG, art. 2 A; reforma 21-03-2025 cuando corresponde. "
v120-rel-1719,v120-sabg-uta-coordinacion-de-enlace-legislativo,Coordinación de Enlace Legislativo,jerarquía / adscripción,sabg-uta,Unidad Técnica de Apoyo,Reglamento Interior de la Secretaría Anticorrupción y Buen Gobierno,https://dof.gob.mx/nota_detalle.php?codigo=5746534&fecha=31/12/2024,2026-09-28,"RI SABG, art. 2 A; reforma 21-03-2025 cuando corresponde. "
v120-rel-1720,v120-sabg-uaf-direccion-general-de-presupuesto-y-recursos-financieros,Dirección General de Presupuesto y Recursos Financieros,jerarquía / adscripción,sabg-uaf,Unidad de Administración y Finanzas,Reglamento Interior de la Secretaría Anticorrupción y Buen Gobierno,https://dof.gob.mx/nota_detalle.php?codigo=5746534&fecha=31/12/2024,2026-09-28,"RI SABG, art. 2 A; reforma 21-03-2025 cuando corresponde. "
v120-rel-1721,v120-sabg-uaf-direccion-general-de-recursos-humanos-y-organizacion,Dirección General de Recursos Humanos y Organización,jerarquía / adscripción,sabg-uaf,Unidad de Administración y Finanzas,Reglamento Interior de la Secretaría Anticorrupción y Buen Gobierno,https://dof.gob.mx/nota_detalle.php?codigo=5746534&fecha=31/12/2024,2026-09-28,"RI SABG, art. 2 A; reforma 21-03-2025 cuando corresponde. "
v120-rel-1722,v120-sabg-uaf-direccion-general-de-recursos-materiales-y-servicios-generales,Dirección General de Recursos Materiales y Servicios Generales,jerarquía / adscripción,sabg-uaf,Unidad de Administración y Finanzas,Reglamento Interior de la Secretaría Anticorrupción y Buen Gobierno,https://dof.gob.mx/nota_detalle.php?codigo=5746534&fecha=31/12/2024,2026-09-28,"RI SABG, art. 2 A; reforma 21-03-2025 cuando corresponde. "
v120-rel-1723,v120-sabg-uaf-direccion-general-de-tecnologias-de-la-informacion-y-comunicaciones,Dirección General de Tecnologías de la Información y Comunicaciones,jerarquía / adscripción,sabg-uaf,Unidad de Administración y Finanzas,Reglamento Interior de la Secretaría Anticorrupción y Buen Gobierno,https://dof.gob.mx/nota_detalle.php?codigo=5746534&fecha=31/12/2024,2026-09-28,"RI SABG, art. 2 A; reforma 21-03-2025 cuando corresponde. "
v120-rel-1724,v120-v120-sabg-uci-direccion-general-de-investigacion-coordinacion-de-denuncias-y-atencion-ciudadana,Coordinación de Denuncias y Atención Ciudadana,jerarquía / adscripción,v120-sabg-uci-direccion-general-de-investigacion,Dirección General de Investigación,Reglamento Interior de la Secretaría Anticorrupción y Buen Gobierno,https://dof.gob.mx/nota_detalle.php?codigo=5746534&fecha=31/12/2024,2026-09-28,"RI SABG 2024, art. 2 A.III. "
v120-rel-1725,v120-v120-sabg-uci-direccion-general-de-procedimientos-y-resoluciones-coordinacion-de-registro-patrimonial,Coordinación de Registro Patrimonial,jerarquía / adscripción,v120-sabg-uci-direccion-general-de-procedimientos-y-resoluciones,Dirección General de Procedimientos y Resoluciones,Reglamento Interior de la Secretaría Anticorrupción y Buen Gobierno,https://dof.gob.mx/nota_detalle.php?codigo=5746534&fecha=31/12/2024,2026-09-28,"RI SABG 2024, art. 2 A.III. "
v120-rel-1726,v120-sec-12-organo-interno-de-control-de-la-secretaria,Órgano Interno de Control de la Secretaría,jerarquía / adscripción,sec-12,Secretaría Anticorrupción y Buen Gobierno,Reforma del Reglamento Interior SABG y Reglamento Interior de Transparencia para el Pueblo,https://dof.gob.mx/nota_detalle.php?codigo=5752650&fecha=21/03/2025,2026-09-28,"RI SABG, art. 2 C, reforma marzo 2025. "
v120-rel-1727,v120-v120-sec-12-organo-interno-de-control-de-la-secretaria-area-de-auditoria,Área de Auditoría,jerarquía / adscripción,v120-sec-12-organo-interno-de-control-de-la-secretaria,Órgano Interno de Control de la Secretaría,Reforma del Reglamento Interior SABG y Reglamento Interior de Transparencia para el Pueblo,https://dof.gob.mx/nota_detalle.php?codigo=5752650&fecha=21/03/2025,2026-09-28,"RI SABG, art. 2 C, reforma marzo 2025. "
v120-rel-1728,v120-v120-sec-12-organo-interno-de-control-de-la-secretaria-area-de-denuncias-e-investigaciones,Área de Denuncias e Investigaciones,jerarquía / adscripción,v120-sec-12-organo-interno-de-control-de-la-secretaria,Órgano Interno de Control de la Secretaría,Reforma del Reglamento Interior SABG y Reglamento Interior de Transparencia para el Pueblo,https://dof.gob.mx/nota_detalle.php?codigo=5752650&fecha=21/03/2025,2026-09-28,"RI SABG, art. 2 C, reforma marzo 2025. "
v120-rel-1729,v120-v120-sec-12-organo-interno-de-control-de-la-secretaria-area-de-responsabilidades,Área de Responsabilidades,jerarquía / adscripción,v120-sec-12-organo-interno-de-control-de-la-secretaria,Órgano Interno de Control de la Secretaría,Reforma del Reglamento Interior SABG y Reglamento Interior de Transparencia para el Pueblo,https://dof.gob.mx/nota_detalle.php?codigo=5752650&fecha=21/03/2025,2026-09-28,"RI SABG, art. 2 C, reforma marzo 2025. "
v120-rel-1730,v120-v120-sec-12-organo-interno-de-control-de-la-secretaria-oficina-de-representacion,Oficina de Representación,jerarquía / adscripción,v120-sec-12-organo-interno-de-control-de-la-secretaria,Órgano Interno de Control de la Secretaría,Reforma del Reglamento Interior SABG y Reglamento Interior de Transparencia para el Pueblo,https://dof.gob.mx/nota_detalle.php?codigo=5752650&fecha=21/03/2025,2026-09-28,"RI SABG, art. 2 C, reforma marzo 2025. "
v120-rel-1731,v120-sabg-tpp-direccion-general-de-politicas-vinculacion-y-capacitacion,"Dirección General de Políticas, Vinculación y Capacitación",jerarquía / adscripción,sabg-tpp,Transparencia para el Pueblo,Reforma del Reglamento Interior SABG y Reglamento Interior de Transparencia para el Pueblo,https://dof.gob.mx/nota_detalle.php?codigo=5752650&fecha=21/03/2025,2026-09-28,"RI de Transparencia para el Pueblo, art. 2. "
v120-rel-1732,v120-sabg-tpp-direccion-general-de-obligaciones-de-transparencia,Dirección General de Obligaciones de Transparencia,jerarquía / adscripción,sabg-tpp,Transparencia para el Pueblo,Reforma del Reglamento Interior SABG y Reglamento Interior de Transparencia para el Pueblo,https://dof.gob.mx/nota_detalle.php?codigo=5752650&fecha=21/03/2025,2026-09-28,"RI de Transparencia para el Pueblo, art. 2. "
v120-rel-1733,v120-sabg-tpp-direccion-general-de-recursos-de-revision-y-de-inconformidad,Dirección General de Recursos de Revisión y de Inconformidad,jerarquía / adscripción,sabg-tpp,Transparencia para el Pueblo,Reforma del Reglamento Interior SABG y Reglamento Interior de Transparencia para el Pueblo,https://dof.gob.mx/nota_detalle.php?codigo=5752650&fecha=21/03/2025,2026-09-28,"RI de Transparencia para el Pueblo, art. 2. "
v120-rel-1734,v120-sabg-tpp-direccion-general-del-sistema-nacional-de-acceso-a-la-informacion-publica,Dirección General del Sistema Nacional de Acceso a la Información Pública,jerarquía / adscripción,sabg-tpp,Transparencia para el Pueblo,Reforma del Reglamento Interior SABG y Reglamento Interior de Transparencia para el Pueblo,https://dof.gob.mx/nota_detalle.php?codigo=5752650&fecha=21/03/2025,2026-09-28,"RI de Transparencia para el Pueblo, art. 2. "
v120-rel-1735,v120-sabg-tpp-direccion-general-de-asuntos-internacionales-e-informacion,Dirección General de Asuntos Internacionales e Información,jerarquía / adscripción,sabg-tpp,Transparencia para el Pueblo,Reforma del Reglamento Interior SABG y Reglamento Interior de Transparencia para el Pueblo,https://dof.gob.mx/nota_detalle.php?codigo=5752650&fecha=21/03/2025,2026-09-28,"RI de Transparencia para el Pueblo, art. 2. "
v120-rel-1736,v120-sabg-tpp-direccion-general-juridica,Dirección General Jurídica,jerarquía / adscripción,sabg-tpp,Transparencia para el Pueblo,Reforma del Reglamento Interior SABG y Reglamento Interior de Transparencia para el Pueblo,https://dof.gob.mx/nota_detalle.php?codigo=5752650&fecha=21/03/2025,2026-09-28,"RI de Transparencia para el Pueblo, art. 2. "
v120-rel-1737,v120-sabg-tpp-direccion-de-administracion-y-finanzas,Dirección de Administración y Finanzas,jerarquía / adscripción,sabg-tpp,Transparencia para el Pueblo,Reforma del Reglamento Interior SABG y Reglamento Interior de Transparencia para el Pueblo,https://dof.gob.mx/nota_detalle.php?codigo=5752650&fecha=21/03/2025,2026-09-28,"RI de Transparencia para el Pueblo, art. 2. "
v120-rel-1738,v120-sec-17-direccion-general-de-resoluciones-presidenciales-y-expropiaciones,Dirección General de Resoluciones Presidenciales y Expropiaciones,jerarquía / adscripción,sec-17,"Secretaría de Desarrollo Agrario, Territorial y Urbano","Reglamento Interior de la Secretaría de Desarrollo Agrario, Territorial y Urbano",https://www.dof.gob.mx/nota_detalle.php?codigo=5747317&fecha=17/01/2025,2026-09-28,"RI SEDATU 2025, art. 2 A.III. Adscripción específica a subsecretaría o unidad superior por verificar."
v120-rel-1739,v120-sec-17-direccion-general-de-terrenos-nacionales,Dirección General de Terrenos Nacionales,jerarquía / adscripción,sec-17,"Secretaría de Desarrollo Agrario, Territorial y Urbano","Reglamento Interior de la Secretaría de Desarrollo Agrario, Territorial y Urbano",https://www.dof.gob.mx/nota_detalle.php?codigo=5747317&fecha=17/01/2025,2026-09-28,"RI SEDATU 2025, art. 2 A.III. Adscripción específica a subsecretaría o unidad superior por verificar."
v120-rel-1740,v120-sec-17-direccion-general-de-concertacion-agraria-y-mediacion,Dirección General de Concertación Agraria y Mediación,jerarquía / adscripción,sec-17,"Secretaría de Desarrollo Agrario, Territorial y Urbano","Reglamento Interior de la Secretaría de Desarrollo Agrario, Territorial y Urbano",https://www.dof.gob.mx/nota_detalle.php?codigo=5747317&fecha=17/01/2025,2026-09-28,"RI SEDATU 2025, art. 2 A.III. Adscripción específica a subsecretaría o unidad superior por verificar."
v120-rel-1741,v120-sec-17-direccion-general-de-vinculacion-del-sector-agrario,Dirección General de Vinculación del Sector Agrario,jerarquía / adscripción,sec-17,"Secretaría de Desarrollo Agrario, Territorial y Urbano","Reglamento Interior de la Secretaría de Desarrollo Agrario, Territorial y Urbano",https://www.dof.gob.mx/nota_detalle.php?codigo=5747317&fecha=17/01/2025,2026-09-28,"RI SEDATU 2025, art. 2 A.III. Adscripción específica a subsecretaría o unidad superior por verificar."
v120-rel-1742,v120-sec-17-direccion-general-de-igualdad-de-genero-en-la-propiedad-social,Dirección General de Igualdad de Género en la Propiedad Social,jerarquía / adscripción,sec-17,"Secretaría de Desarrollo Agrario, Territorial y Urbano","Reglamento Interior de la Secretaría de Desarrollo Agrario, Territorial y Urbano",https://www.dof.gob.mx/nota_detalle.php?codigo=5747317&fecha=17/01/2025,2026-09-28,"RI SEDATU 2025, art. 2 A.III. Adscripción específica a subsecretaría o unidad superior por verificar."
v120-rel-1743,v120-sec-17-direccion-general-de-ordenamiento-metropolitano-y-regional,Dirección General de Ordenamiento Metropolitano y Regional,jerarquía / adscripción,sec-17,"Secretaría de Desarrollo Agrario, Territorial y Urbano","Reglamento Interior de la Secretaría de Desarrollo Agrario, Territorial y Urbano",https://www.dof.gob.mx/nota_detalle.php?codigo=5747317&fecha=17/01/2025,2026-09-28,"RI SEDATU 2025, art. 2 A.III. Adscripción específica a subsecretaría o unidad superior por verificar."
v120-rel-1744,v120-sec-17-direccion-general-de-politica-de-vivienda,Dirección General de Política de Vivienda,jerarquía / adscripción,sec-17,"Secretaría de Desarrollo Agrario, Territorial y Urbano","Reglamento Interior de la Secretaría de Desarrollo Agrario, Territorial y Urbano",https://www.dof.gob.mx/nota_detalle.php?codigo=5747317&fecha=17/01/2025,2026-09-28,"RI SEDATU 2025, art. 2 A.III. Adscripción específica a subsecretaría o unidad superior por verificar."
v120-rel-1745,v120-sec-17-direccion-general-de-programacion-y-presupuesto,Dirección General de Programación y Presupuesto,jerarquía / adscripción,sec-17,"Secretaría de Desarrollo Agrario, Territorial y Urbano","Reglamento Interior de la Secretaría de Desarrollo Agrario, Territorial y Urbano",https://www.dof.gob.mx/nota_detalle.php?codigo=5747317&fecha=17/01/2025,2026-09-28,"RI SEDATU 2025, art. 2 A.III. Adscripción específica a subsecretaría o unidad superior por verificar."
v120-rel-1746,v120-sec-17-direccion-general-de-capital-humano-y-desarrollo-organizacional,Dirección General de Capital Humano y Desarrollo Organizacional,jerarquía / adscripción,sec-17,"Secretaría de Desarrollo Agrario, Territorial y Urbano","Reglamento Interior de la Secretaría de Desarrollo Agrario, Territorial y Urbano",https://www.dof.gob.mx/nota_detalle.php?codigo=5747317&fecha=17/01/2025,2026-09-28,"RI SEDATU 2025, art. 2 A.III. Adscripción específica a subsecretaría o unidad superior por verificar."
v120-rel-1747,v120-sec-17-direccion-general-de-recursos-materiales-y-servicios-generales,Dirección General de Recursos Materiales y Servicios Generales,jerarquía / adscripción,sec-17,"Secretaría de Desarrollo Agrario, Territorial y Urbano","Reglamento Interior de la Secretaría de Desarrollo Agrario, Territorial y Urbano",https://www.dof.gob.mx/nota_detalle.php?codigo=5747317&fecha=17/01/2025,2026-09-28,"RI SEDATU 2025, art. 2 A.III. Adscripción específica a subsecretaría o unidad superior por verificar."
v120-rel-1748,v120-sec-17-direccion-general-de-tecnologias-de-la-informacion-y-comunicaciones,Dirección General de Tecnologías de la Información y Comunicaciones,jerarquía / adscripción,sec-17,"Secretaría de Desarrollo Agrario, Territorial y Urbano","Reglamento Interior de la Secretaría de Desarrollo Agrario, Territorial y Urbano",https://www.dof.gob.mx/nota_detalle.php?codigo=5747317&fecha=17/01/2025,2026-09-28,"RI SEDATU 2025, art. 2 A.III. Adscripción específica a subsecretaría o unidad superior por verificar."
v120-rel-1749,v120-sec-17-coordinacion-de-amparos-y-ejecutorias,Coordinación de Amparos y Ejecutorias,jerarquía / adscripción,sec-17,"Secretaría de Desarrollo Agrario, Territorial y Urbano","Reglamento Interior de la Secretaría de Desarrollo Agrario, Territorial y Urbano",https://www.dof.gob.mx/nota_detalle.php?codigo=5747317&fecha=17/01/2025,2026-09-28,"RI SEDATU 2025, art. 2 A.IV. Adscripción específica a la Unidad de Asuntos Jurídicos por verificar."
v120-rel-1750,v120-sec-17-coordinacion-de-lo-contencioso,Coordinación de lo Contencioso,jerarquía / adscripción,sec-17,"Secretaría de Desarrollo Agrario, Territorial y Urbano","Reglamento Interior de la Secretaría de Desarrollo Agrario, Territorial y Urbano",https://www.dof.gob.mx/nota_detalle.php?codigo=5747317&fecha=17/01/2025,2026-09-28,"RI SEDATU 2025, art. 2 A.IV. Adscripción específica a la Unidad de Asuntos Jurídicos por verificar."
v120-rel-1751,v120-sec-17-coordinacion-de-legislacion-consulta-y-pago-de-predios,"Coordinación de Legislación, Consulta y Pago de Predios",jerarquía / adscripción,sec-17,"Secretaría de Desarrollo Agrario, Territorial y Urbano","Reglamento Interior de la Secretaría de Desarrollo Agrario, Territorial y Urbano",https://www.dof.gob.mx/nota_detalle.php?codigo=5747317&fecha=17/01/2025,2026-09-28,"RI SEDATU 2025, art. 2 A.IV. Adscripción específica a la Unidad de Asuntos Jurídicos por verificar."
v120-rel-1752,v120-sec-17-oficinas-de-representacion-en-las-entidades-federativas-o-regiones,Oficinas de Representación en las entidades federativas o regiones,jerarquía / adscripción,sec-17,"Secretaría de Desarrollo Agrario, Territorial y Urbano","Reglamento Interior de la Secretaría de Desarrollo Agrario, Territorial y Urbano",https://www.dof.gob.mx/nota_detalle.php?codigo=5747317&fecha=17/01/2025,2026-09-28,"RI SEDATU 2025, art. 2 A.V. Red territorial agregada; no equivale a fichas individuales por estado."
v120-rel-1753,v120-sec-10-unidad-de-administracion-y-finanzas,Unidad de Administración y Finanzas,jerarquía / adscripción,sec-10,Secretaría de Agricultura y Desarrollo Rural,Reglamento Interior de la Secretaría de Agricultura y Desarrollo Rural,https://sidof.segob.gob.mx/notas/docFuente/5777652,2026-09-28,"RI SADER 2025, art. 2 A.III. "
v120-rel-1754,v120-v120-sec-10-unidad-de-administracion-y-finanzas-direccion-general-de-programacion-presupuesto-y-finanzas,"Dirección General de Programación, Presupuesto y Finanzas",jerarquía / adscripción,v120-sec-10-unidad-de-administracion-y-finanzas,Unidad de Administración y Finanzas,Reglamento Interior de la Secretaría de Agricultura y Desarrollo Rural,https://sidof.segob.gob.mx/notas/docFuente/5777652,2026-09-28,"RI SADER 2025, art. 2 A.III. "
v120-rel-1755,v120-v120-sec-10-unidad-de-administracion-y-finanzas-direccion-general-de-capital-humano-y-desarrollo-organizacional,Dirección General de Capital Humano y Desarrollo Organizacional,jerarquía / adscripción,v120-sec-10-unidad-de-administracion-y-finanzas,Unidad de Administración y Finanzas,Reglamento Interior de la Secretaría de Agricultura y Desarrollo Rural,https://sidof.segob.gob.mx/notas/docFuente/5777652,2026-09-28,"RI SADER 2025, art. 2 A.III. "
v120-rel-1756,v120-v120-sec-10-unidad-de-administracion-y-finanzas-direccion-general-de-recursos-materiales-inmuebles-y-servicios,"Dirección General de Recursos Materiales, Inmuebles y Servicios",jerarquía / adscripción,v120-sec-10-unidad-de-administracion-y-finanzas,Unidad de Administración y Finanzas,Reglamento Interior de la Secretaría de Agricultura y Desarrollo Rural,https://sidof.segob.gob.mx/notas/docFuente/5777652,2026-09-28,"RI SADER 2025, art. 2 A.III. "
v120-rel-1757,v120-v120-sec-10-unidad-de-administracion-y-finanzas-direccion-general-de-tecnologias-de-la-informacion-y-comunicaciones,Dirección General de Tecnologías de la Información y Comunicaciones,jerarquía / adscripción,v120-sec-10-unidad-de-administracion-y-finanzas,Unidad de Administración y Finanzas,Reglamento Interior de la Secretaría de Agricultura y Desarrollo Rural,https://sidof.segob.gob.mx/notas/docFuente/5777652,2026-09-28,"RI SADER 2025, art. 2 A.III. "
v120-rel-1758,v120-sec-10-unidad-de-asuntos-juridicos,Unidad de Asuntos Jurídicos,jerarquía / adscripción,sec-10,Secretaría de Agricultura y Desarrollo Rural,Reglamento Interior de la Secretaría de Agricultura y Desarrollo Rural,https://sidof.segob.gob.mx/notas/docFuente/5777652,2026-09-28,"RI SADER 2025, art. 2 A.IV. "
v120-rel-1759,v120-v120-sec-10-unidad-de-asuntos-juridicos-coordinacion-de-legislacion-y-consulta,Coordinación de Legislación y Consulta,jerarquía / adscripción,v120-sec-10-unidad-de-asuntos-juridicos,Unidad de Asuntos Jurídicos,Reglamento Interior de la Secretaría de Agricultura y Desarrollo Rural,https://sidof.segob.gob.mx/notas/docFuente/5777652,2026-09-28,"RI SADER 2025, art. 2 A.IV. "
v120-rel-1760,v120-v120-sec-10-unidad-de-asuntos-juridicos-coordinacion-de-lo-contencioso,Coordinación de lo Contencioso,jerarquía / adscripción,v120-sec-10-unidad-de-asuntos-juridicos,Unidad de Asuntos Jurídicos,Reglamento Interior de la Secretaría de Agricultura y Desarrollo Rural,https://sidof.segob.gob.mx/notas/docFuente/5777652,2026-09-28,"RI SADER 2025, art. 2 A.IV. "
v120-rel-1761,v120-sec-10-direccion-general-del-servicio-de-informacion-agroalimentaria-y-pesquera,Dirección General del Servicio de Información Agroalimentaria y Pesquera,jerarquía / adscripción,sec-10,Secretaría de Agricultura y Desarrollo Rural,Reglamento Interior de la Secretaría de Agricultura y Desarrollo Rural,https://sidof.segob.gob.mx/notas/docFuente/5777652,2026-09-28,"RI SADER 2025, arts. 2 A.V-IX y 4. "
v120-rel-1762,v120-sec-10-direccion-general-de-planeacion-y-evaluacion-de-politicas-y-programas,Dirección General de Planeación y Evaluación de Políticas y Programas,jerarquía / adscripción,sec-10,Secretaría de Agricultura y Desarrollo Rural,Reglamento Interior de la Secretaría de Agricultura y Desarrollo Rural,https://sidof.segob.gob.mx/notas/docFuente/5777652,2026-09-28,"RI SADER 2025, arts. 2 A.V-IX y 4. "
v120-rel-1763,v120-sec-10-coordinacion-de-asuntos-internacionales,Coordinación de Asuntos Internacionales,jerarquía / adscripción,sec-10,Secretaría de Agricultura y Desarrollo Rural,Reglamento Interior de la Secretaría de Agricultura y Desarrollo Rural,https://sidof.segob.gob.mx/notas/docFuente/5777652,2026-09-28,"RI SADER 2025, arts. 2 A.V-IX y 4. "
v120-rel-1764,v120-sec-10-coordinacion-de-atencion-legislativa,Coordinación de Atención Legislativa,jerarquía / adscripción,sec-10,Secretaría de Agricultura y Desarrollo Rural,Reglamento Interior de la Secretaría de Agricultura y Desarrollo Rural,https://sidof.segob.gob.mx/notas/docFuente/5777652,2026-09-28,"RI SADER 2025, arts. 2 A.V-IX y 4. "
v120-rel-1765,v120-sec-10-coordinacion-de-comunicacion-social,Coordinación de Comunicación Social,jerarquía / adscripción,sec-10,Secretaría de Agricultura y Desarrollo Rural,Reglamento Interior de la Secretaría de Agricultura y Desarrollo Rural,https://sidof.segob.gob.mx/notas/docFuente/5777652,2026-09-28,"RI SADER 2025, arts. 2 A.V-IX y 4. "
v120-rel-1766,v120-sec-10-jefatura-de-oficina,Jefatura de Oficina,jerarquía / adscripción,sec-10,Secretaría de Agricultura y Desarrollo Rural,Reglamento Interior de la Secretaría de Agricultura y Desarrollo Rural,https://sidof.segob.gob.mx/notas/docFuente/5777652,2026-09-28,"RI SADER 2025, arts. 2 A.V-IX y 4. "
v120-rel-1767,v120-sec-10-colegio-superior-agropecuario-del-estado-de-guerrero,Colegio Superior Agropecuario del Estado de Guerrero,jerarquía / adscripción,sec-10,Secretaría de Agricultura y Desarrollo Rural,Reglamento Interior de la Secretaría de Agricultura y Desarrollo Rural,https://sidof.segob.gob.mx/notas/docFuente/5777652,2026-09-28,"RI SADER 2025, art. 2 B. "
v120-rel-1768,v120-sec-10-comision-nacional-de-acuacultura-y-pesca,Comisión Nacional de Acuacultura y Pesca,jerarquía / adscripción,sec-10,Secretaría de Agricultura y Desarrollo Rural,Reglamento Interior de la Secretaría de Agricultura y Desarrollo Rural,https://sidof.segob.gob.mx/notas/docFuente/5777652,2026-09-28,"RI SADER 2025, art. 2 B. "
v120-rel-1769,v120-sec-10-servicio-nacional-de-inspeccion-y-certificacion-de-semillas,Servicio Nacional de Inspección y Certificación de Semillas,jerarquía / adscripción,sec-10,Secretaría de Agricultura y Desarrollo Rural,Reglamento Interior de la Secretaría de Agricultura y Desarrollo Rural,https://sidof.segob.gob.mx/notas/docFuente/5777652,2026-09-28,"RI SADER 2025, art. 2 B. "
v120-rel-1770,v120-sec-10-servicio-nacional-de-sanidad-inocuidad-y-calidad-agroalimentaria,"Servicio Nacional de Sanidad, Inocuidad y Calidad Agroalimentaria",jerarquía / adscripción,sec-10,Secretaría de Agricultura y Desarrollo Rural,Reglamento Interior de la Secretaría de Agricultura y Desarrollo Rural,https://sidof.segob.gob.mx/notas/docFuente/5777652,2026-09-28,"RI SADER 2025, art. 2 B. "
